mtllib Web_Soup_Mesh_VegBowl.mtl
o Web_Soup_Mesh_VegBowl
usemtl mat_Web_Soup_Mesh_VegBowl
o m_plated_fish_prawn_01.003
v -0.099580 0.197476 -0.312777
v -0.100209 0.190343 -0.280487
v -0.118468 0.193472 -0.277560
v -0.117223 0.200532 -0.312702
v -0.113945 0.179674 -0.244856
v -0.095940 0.174903 -0.249140
v -0.106925 0.166472 -0.220070
v -0.091082 0.161723 -0.225624
v -0.092642 0.152850 -0.196715
v -0.083534 0.144759 -0.201702
v -0.114632 0.195317 -0.323569
v -0.103757 0.192478 -0.325233
v -0.087671 0.181113 -0.317943
v -0.100497 0.183774 -0.326941
v -0.111851 0.186688 -0.328450
v -0.073510 0.167380 -0.283894
v -0.078121 0.167965 -0.313587
v -0.066446 0.157783 -0.315789
v -0.072607 0.158024 -0.257486
v -0.070992 0.142909 -0.226887
v -0.065234 0.129812 -0.205759
v -0.054614 0.147363 -0.310361
v -0.053633 0.144728 -0.323536
v -0.063955 0.149705 -0.330346
v -0.055827 0.142039 -0.278933
v -0.051812 0.132646 -0.325618
v -0.050074 0.127891 -0.312705
v -0.059025 0.138675 -0.333021
v -0.052367 0.121918 -0.279275
v -0.056238 0.138414 -0.259810
v -0.052979 0.116993 -0.260081
v -0.053653 0.110907 -0.236355
v -0.055513 0.127028 -0.232675
v -0.053871 0.101895 -0.212376
v -0.055219 0.116526 -0.208384
v -0.044499 0.106442 -0.194700
v -0.056858 0.091206 -0.205778
v -0.053952 0.088341 -0.202706
v -0.053982 0.087174 -0.198657
v -0.044541 0.103711 -0.191326
v -0.048871 0.121130 -0.184943
v -0.055775 0.131168 -0.174429
v -0.065937 0.139687 -0.162576
v -0.054466 0.127813 -0.171051
v -0.064040 0.136301 -0.159293
v -0.048038 0.117925 -0.181537
v -0.117725 0.151302 -0.180136
v -0.114760 0.151531 -0.181996
v -0.113347 0.148730 -0.171982
v -0.115626 0.149349 -0.174363
v -0.129111 0.161110 -0.209550
v -0.118030 0.147794 -0.178065
v -0.130173 0.156785 -0.209716
v -0.137524 0.171027 -0.236342
v -0.138163 0.166529 -0.236302
v -0.143518 0.179175 -0.275440
v -0.144034 0.174665 -0.274627
v -0.148618 0.179134 -0.310313
v -0.148660 0.174812 -0.309143
v -0.144773 0.175489 -0.319110
v -0.145346 0.171932 -0.316116
v -0.125280 0.175702 -0.327843
v -0.126744 0.171584 -0.326317
v -0.110195 0.167478 -0.327572
v -0.112645 0.164022 -0.326266
v -0.102858 0.160177 -0.324809
v -0.105785 0.156942 -0.324324
v -0.095106 0.154705 -0.323105
v -0.094769 0.149396 -0.324040
v -0.141658 0.180236 -0.275598
v -0.145803 0.181052 -0.310527
v -0.142202 0.177180 -0.319491
v -0.087671 0.181113 -0.317943
v -0.100497 0.183774 -0.326941
v -0.111851 0.186688 -0.328450
v -0.078121 0.167965 -0.313587
v -0.118468 0.193472 -0.277560
v -0.113945 0.179674 -0.244856
v -0.135754 0.171676 -0.236982
v -0.126493 0.161743 -0.210792
v -0.092642 0.152850 -0.196715
v -0.106925 0.166472 -0.220070
v -0.117223 0.200532 -0.312702
v -0.114632 0.195317 -0.323569
v -0.065937 0.139687 -0.162576
v -0.088668 0.143320 -0.146325
v -0.064040 0.136301 -0.159293
v -0.085613 0.143975 -0.143263
v -0.094769 0.149396 -0.324040
v -0.089523 0.144725 -0.324542
v -0.087152 0.147943 -0.326448
v -0.095106 0.154705 -0.323105
v -0.078760 0.141495 -0.334339
v -0.081165 0.138651 -0.331887
v -0.067013 0.131412 -0.336471
v -0.070183 0.129317 -0.334124
v -0.058314 0.122271 -0.329021
v -0.062437 0.121075 -0.327637
v -0.056476 0.117403 -0.315542
v -0.060870 0.116894 -0.316604
v -0.059324 0.112085 -0.281311
v -0.063646 0.111486 -0.281727
v -0.060486 0.108108 -0.260378
v -0.064827 0.107705 -0.260863
v -0.060790 0.102720 -0.236896
v -0.065167 0.102368 -0.236528
v -0.059918 0.096112 -0.213819
v -0.064457 0.096134 -0.214115
v -0.056858 0.091206 -0.205778
v -0.063737 0.087741 -0.202793
v -0.051812 0.132646 -0.325618
v -0.059025 0.138675 -0.333021
v -0.063955 0.149705 -0.330346
v -0.066446 0.157783 -0.315789
v -0.078121 0.167965 -0.313587
v -0.053871 0.101895 -0.212376
v -0.053653 0.110907 -0.236355
v -0.062405 0.086844 -0.202288
v -0.053952 0.088341 -0.202706
v -0.059727 0.085203 -0.197572
v -0.053982 0.087174 -0.198657
v -0.050074 0.127891 -0.312705
v -0.052367 0.121918 -0.279275
v -0.052979 0.116993 -0.260081
v -0.065167 0.102368 -0.236528
v -0.064827 0.107705 -0.260863
v -0.144034 0.174665 -0.274627
v -0.138163 0.166529 -0.236302
v -0.064457 0.096134 -0.214115
v -0.130173 0.156785 -0.209716
v -0.118030 0.147794 -0.178065
v -0.063737 0.087741 -0.202793
v -0.148660 0.174812 -0.309143
v -0.063646 0.111486 -0.281727
v -0.145346 0.171932 -0.316116
v -0.060870 0.116894 -0.316604
v -0.089523 0.144725 -0.324542
v -0.094769 0.149396 -0.324040
v -0.105785 0.156942 -0.324324
v -0.126744 0.171584 -0.326317
v -0.112645 0.164022 -0.326266
v -0.062437 0.121075 -0.327637
v -0.081165 0.138651 -0.331887
v -0.070183 0.129317 -0.334124
v -0.106799 0.091962 -0.160411
v -0.062405 0.086844 -0.202288
v -0.102627 0.089211 -0.155916
v -0.059727 0.085203 -0.197572
v -0.117765 0.147240 -0.176365
v -0.117765 0.147240 -0.176365
v -0.055968 0.124101 -0.168591
v -0.064765 0.131570 -0.157352
v -0.064040 0.136301 -0.159293
v -0.054466 0.127813 -0.171051
v -0.098946 0.091587 -0.152362
v -0.084695 0.138264 -0.141834
v -0.046638 0.102124 -0.188217
v -0.057432 0.086970 -0.193886
v -0.059727 0.085203 -0.197572
v -0.102627 0.089211 -0.155916
v -0.054729 0.088096 -0.194852
v -0.049830 0.114838 -0.178868
v -0.048038 0.117925 -0.181537
v -0.085613 0.143975 -0.143263
v -0.044541 0.103711 -0.191326
v -0.053982 0.087174 -0.198657
v -0.249654 0.210133 -0.165758
v -0.249019 0.211648 -0.183589
v -0.214597 0.201579 -0.183389
v -0.218088 0.200286 -0.165007
v -0.183277 0.185522 -0.176935
v -0.188258 0.182689 -0.158702
v -0.159837 0.170935 -0.168235
v -0.166045 0.168045 -0.152188
v -0.137981 0.156674 -0.152299
v -0.143796 0.149841 -0.142666
v -0.260336 0.207606 -0.180832
v -0.262421 0.205860 -0.169800
v -0.256405 0.195344 -0.152645
v -0.264923 0.197642 -0.165863
v -0.265984 0.199687 -0.177454
v -0.223902 0.180064 -0.136563
v -0.253355 0.182745 -0.141922
v -0.256618 0.173822 -0.129489
v -0.198414 0.168635 -0.134241
v -0.169255 0.151196 -0.130625
v -0.149428 0.136913 -0.123278
v -0.252305 0.164037 -0.116695
v -0.265671 0.162612 -0.115815
v -0.271854 0.167239 -0.126680
v -0.221433 0.156006 -0.116700
v -0.268812 0.150948 -0.113036
v -0.256386 0.145291 -0.110594
v -0.275549 0.156936 -0.120906
v -0.223558 0.136356 -0.111571
v -0.202687 0.150765 -0.116344
v -0.204849 0.129802 -0.111303
v -0.181724 0.121709 -0.110891
v -0.176644 0.137244 -0.114011
v -0.158606 0.110728 -0.109774
v -0.153352 0.124803 -0.112249
v -0.140766 0.114561 -0.100393
v -0.152900 0.099307 -0.111692
v -0.150133 0.096454 -0.108481
v -0.146200 0.094952 -0.108317
v -0.137639 0.111563 -0.100125
v -0.129713 0.127949 -0.105747
v -0.118261 0.136438 -0.113215
v -0.105552 0.143028 -0.123767
v -0.115206 0.132936 -0.111547
v -0.102604 0.139554 -0.121514
v -0.126609 0.124551 -0.104565
v -0.121174 0.151593 -0.176756
v -0.115626 0.149349 -0.174363
v -0.113347 0.148730 -0.171982
v -0.123058 0.152230 -0.173867
v -0.149443 0.162825 -0.189633
v -0.119407 0.147910 -0.176716
v -0.149960 0.158454 -0.190331
v -0.175139 0.174200 -0.199493
v -0.175475 0.169676 -0.199749
v -0.213288 0.185059 -0.207090
v -0.212856 0.180470 -0.207206
v -0.247945 0.187511 -0.213008
v -0.247149 0.183119 -0.212658
v -0.257086 0.184961 -0.209084
v -0.254399 0.181130 -0.209283
v -0.266096 0.187579 -0.189894
v -0.264905 0.183237 -0.190969
v -0.266786 0.180685 -0.174169
v -0.265740 0.176934 -0.176287
v -0.264784 0.173833 -0.166180
v -0.264528 0.170330 -0.168812
v -0.263686 0.168923 -0.157957
v -0.265079 0.163759 -0.157198
v -0.213385 0.186286 -0.205330
v -0.248041 0.189675 -0.210371
v -0.257363 0.186893 -0.206674
v -0.256405 0.195344 -0.152645
v -0.264923 0.197642 -0.165863
v -0.265984 0.199687 -0.177454
v -0.253355 0.182745 -0.141922
v -0.214597 0.201579 -0.183389
v -0.183277 0.185522 -0.176935
v -0.175751 0.175050 -0.197799
v -0.150670 0.163782 -0.187108
v -0.137981 0.156674 -0.152299
v -0.159837 0.170935 -0.168235
v -0.249019 0.211648 -0.183589
v -0.260336 0.207606 -0.180832
v -0.105552 0.143028 -0.123767
v -0.088668 0.143320 -0.146325
v -0.102604 0.139554 -0.121514
v -0.085613 0.143975 -0.143263
v -0.265079 0.163759 -0.157198
v -0.263686 0.168923 -0.157957
v -0.267731 0.163173 -0.149545
v -0.266068 0.159615 -0.151592
v -0.276286 0.158155 -0.140835
v -0.274047 0.154918 -0.142933
v -0.279473 0.149331 -0.128336
v -0.277261 0.146783 -0.131262
v -0.272982 0.140376 -0.118723
v -0.271637 0.138718 -0.122697
v -0.260003 0.134569 -0.116159
v -0.261031 0.133776 -0.120518
v -0.226311 0.126168 -0.117723
v -0.226705 0.125238 -0.121989
v -0.205780 0.120362 -0.118042
v -0.206225 0.119630 -0.122345
v -0.182844 0.113014 -0.117326
v -0.182435 0.112258 -0.121648
v -0.160438 0.104590 -0.115346
v -0.160654 0.104247 -0.119877
v -0.152900 0.099307 -0.111692
v -0.150107 0.095025 -0.118181
v -0.268812 0.150948 -0.113036
v -0.275549 0.156936 -0.120906
v -0.271854 0.167239 -0.126680
v -0.256618 0.173822 -0.129489
v -0.253355 0.182745 -0.141922
v -0.158606 0.110728 -0.109774
v -0.181724 0.121709 -0.110891
v -0.149704 0.094207 -0.116767
v -0.150133 0.096454 -0.108481
v -0.145193 0.092410 -0.113847
v -0.146200 0.094952 -0.108317
v -0.256386 0.145291 -0.110594
v -0.223558 0.136356 -0.111571
v -0.204849 0.129802 -0.111303
v -0.182435 0.112258 -0.121648
v -0.175475 0.169676 -0.199749
v -0.212856 0.180470 -0.207206
v -0.206225 0.119630 -0.122345
v -0.160654 0.104247 -0.119877
v -0.149960 0.158454 -0.190331
v -0.119407 0.147910 -0.176716
v -0.150107 0.095025 -0.118181
v -0.247149 0.183119 -0.212658
v -0.226705 0.125238 -0.121989
v -0.254399 0.181130 -0.209283
v -0.261031 0.133776 -0.120518
v -0.266068 0.159615 -0.151592
v -0.265079 0.163759 -0.157198
v -0.264528 0.170330 -0.168812
v -0.264905 0.183237 -0.190969
v -0.265740 0.176934 -0.176287
v -0.271637 0.138718 -0.122697
v -0.274047 0.154918 -0.142933
v -0.277261 0.146783 -0.131262
v -0.149704 0.094207 -0.116767
v -0.117765 0.147240 -0.176365
v -0.106799 0.091962 -0.160411
v -0.102627 0.089211 -0.155916
v -0.145193 0.092410 -0.113847
v -0.117765 0.147240 -0.176365
v -0.113049 0.128915 -0.112672
v -0.115206 0.132936 -0.111547
v -0.102604 0.139554 -0.121514
v -0.101064 0.134631 -0.121792
v -0.098946 0.091587 -0.152362
v -0.084695 0.138264 -0.141834
v -0.134642 0.109547 -0.102005
v -0.141407 0.094052 -0.111621
v -0.145193 0.092410 -0.113847
v -0.102627 0.089211 -0.155916
v -0.142318 0.095484 -0.109046
v -0.124184 0.121109 -0.106028
v -0.126609 0.124551 -0.104565
v -0.085613 0.143975 -0.143263
v -0.137639 0.111563 -0.100125
v -0.146200 0.094952 -0.108317
v -0.174960 0.183236 0.228608
v -0.167932 0.196405 0.214833
v -0.140170 0.200366 0.223401
v -0.138756 0.187874 0.244643
v -0.150998 0.212356 0.185480
v -0.131004 0.209816 0.192378
v -0.127873 0.210840 0.151058
v -0.113426 0.210628 0.155423
v -0.107543 0.203627 0.224744
v -0.109945 0.193382 0.242178
v -0.099869 0.206032 0.194917
v -0.086841 0.202754 0.165534
v -0.087080 0.199503 0.119428
v -0.063370 0.191003 0.133967
v -0.101074 0.200597 0.113233
v -0.064579 0.183160 0.180394
v -0.040689 0.173162 0.147162
v -0.075576 0.189019 0.211993
v -0.085035 0.188561 0.233293
v -0.053622 0.172352 0.199102
v -0.059656 0.170347 0.215780
v -0.044272 0.164609 0.176952
v -0.031184 0.154106 0.153245
v -0.034005 0.133807 0.177361
v -0.023287 0.127245 0.157615
v -0.041856 0.138718 0.197130
v -0.055028 0.142790 0.220241
v -0.083605 0.184916 0.119430
v -0.096931 0.187081 0.110285
v -0.062641 0.179544 0.130863
v -0.044613 0.165010 0.143059
v -0.036569 0.146415 0.148333
v -0.029725 0.124223 0.153003
v -0.072208 0.159397 0.237811
v -0.055028 0.142790 0.220241
v -0.091604 0.172812 0.248852
v -0.118696 0.180266 0.254237
v -0.138756 0.187874 0.244643
v -0.042439 0.111918 0.203203
v -0.054029 0.119419 0.228257
v -0.054029 0.119419 0.228257
v -0.076786 0.126953 0.245401
v -0.179849 0.142523 0.245861
v -0.141906 0.143173 0.261390
v -0.143236 0.139813 0.260672
v -0.179375 0.138935 0.246019
v -0.101581 0.137119 0.260625
v -0.043426 0.108207 0.202312
v -0.037700 0.103183 0.181144
v -0.036482 0.106774 0.181684
v -0.027671 0.102803 0.161625
v -0.033552 0.102415 0.155253
v -0.035046 0.099453 0.155490
v -0.029811 0.099947 0.162378
v -0.102334 0.133446 0.260181
v -0.077294 0.123273 0.244878
v -0.055167 0.115971 0.228405
v -0.055167 0.115971 0.228405
v -0.179375 0.138935 0.246019
v -0.143236 0.139813 0.260672
v -0.142819 0.137571 0.257888
v -0.177542 0.136591 0.243833
v -0.088439 0.092441 0.120518
v -0.102352 0.131061 0.257050
v -0.077787 0.120968 0.241510
v -0.058014 0.114338 0.226619
v -0.045636 0.106081 0.198657
v -0.040045 0.101377 0.178702
v -0.038103 0.097336 0.155523
v -0.033760 0.099523 0.163125
v -0.029811 0.099947 0.162378
v -0.035046 0.099453 0.155490
v -0.037700 0.103183 0.181144
v -0.043426 0.108207 0.202312
v -0.055167 0.115971 0.228405
v -0.077294 0.123273 0.244878
v -0.102334 0.133446 0.260181
v -0.179849 0.142523 0.245861
v -0.088439 0.092441 0.120518
v -0.038103 0.097336 0.155523
v -0.035046 0.099453 0.155490
v -0.088689 0.095231 0.120217
v -0.088975 0.098411 0.119873
v -0.033552 0.102415 0.155253
v -0.029725 0.124223 0.153003
v -0.036569 0.146415 0.148333
v -0.062641 0.179544 0.130863
v -0.096931 0.187081 0.110285
v -0.083605 0.184916 0.119430
v -0.044613 0.165010 0.143059
v -0.174960 0.183236 0.228608
v -0.203625 0.177391 0.201524
v -0.186626 0.192859 0.192521
v -0.167932 0.196405 0.214833
v -0.150998 0.212356 0.185480
v -0.163933 0.204495 0.170490
v -0.127873 0.210840 0.151058
v -0.137015 0.206816 0.139743
v -0.200385 0.188623 0.163030
v -0.213048 0.176720 0.173644
v -0.176684 0.193619 0.143857
v -0.154074 0.191888 0.120844
v -0.111516 0.195554 0.103185
v -0.131405 0.180009 0.088743
v -0.101074 0.200597 0.113233
v -0.171286 0.165916 0.109464
v -0.147648 0.155877 0.076066
v -0.197207 0.169363 0.131143
v -0.212968 0.167886 0.148255
v -0.189820 0.150342 0.108570
v -0.202296 0.147296 0.120966
v -0.171444 0.144057 0.092420
v -0.152406 0.134516 0.072668
v -0.168754 0.112032 0.087792
v -0.153311 0.106233 0.071186
v -0.184893 0.115603 0.102051
v -0.201946 0.119047 0.122583
v -0.109566 0.180720 0.102174
v -0.096931 0.187081 0.110285
v -0.126336 0.169251 0.088525
v -0.140714 0.149480 0.079179
v -0.144312 0.129003 0.076714
v -0.146135 0.105410 0.075624
v -0.215287 0.136275 0.142705
v -0.201946 0.119047 0.122583
v -0.221210 0.151867 0.162701
v -0.217909 0.164233 0.188289
v -0.203625 0.177391 0.201524
v -0.204422 0.095115 0.128289
v -0.213358 0.104882 0.154620
v -0.179849 0.142523 0.245861
v -0.207808 0.132523 0.217585
v -0.205935 0.129680 0.218995
v -0.179375 0.138935 0.246019
v -0.220397 0.117918 0.181647
v -0.203384 0.092019 0.129884
v -0.211890 0.101522 0.155410
v -0.218914 0.114606 0.182690
v -0.179375 0.138935 0.246019
v -0.177542 0.136591 0.243833
v -0.203072 0.127834 0.217838
v -0.205935 0.129680 0.218995
v -0.088439 0.092441 0.120518
v -0.215546 0.112768 0.181809
v -0.208154 0.099900 0.154854
v -0.200375 0.091331 0.131990
v -0.177720 0.084736 0.110860
v -0.160639 0.081889 0.098542
v -0.139462 0.080956 0.088149
v -0.148402 0.080996 0.086921
v -0.149250 0.080646 0.082986
v -0.141006 0.082329 0.085058
v -0.164098 0.082757 0.097126
v -0.182300 0.085765 0.110001
v -0.203384 0.092019 0.129884
v -0.211890 0.101522 0.155410
v -0.218914 0.114606 0.182690
v -0.165819 0.085873 0.095711
v -0.149972 0.083039 0.080330
v -0.184281 0.088996 0.108919
v -0.204422 0.095115 0.128289
v -0.141984 0.084892 0.083176
v -0.141006 0.082329 0.085058
v -0.149250 0.080646 0.082986
v -0.164098 0.082757 0.097126
v -0.182300 0.085765 0.110001
v -0.203384 0.092019 0.129884
v -0.179849 0.142523 0.245861
v -0.088439 0.092441 0.120518
v -0.088689 0.095231 0.120217
v -0.141006 0.082329 0.085058
v -0.139462 0.080956 0.088149
v -0.088975 0.098411 0.119873
v -0.141984 0.084892 0.083176
v -0.146135 0.105410 0.075624
v -0.144312 0.129003 0.076714
v -0.126336 0.169251 0.088525
v -0.096931 0.187081 0.110285
v -0.109566 0.180720 0.102174
v -0.140714 0.149480 0.079179
v 0.226331 0.152410 0.110162
v 0.227452 0.143952 0.142133
v 0.222543 0.149292 0.142761
v 0.221488 0.157270 0.112595
v 0.226696 0.134358 0.139830
v 0.225560 0.142926 0.107443
v 0.215281 0.162472 0.080640
v 0.221488 0.157270 0.112595
v 0.211062 0.166764 0.084740
v 0.214366 0.153119 0.077536
v 0.195380 0.173157 0.056455
v 0.211062 0.166764 0.084740
v 0.192285 0.176845 0.061921
v 0.194207 0.163941 0.053038
v 0.168581 0.183416 0.039978
v 0.192285 0.176845 0.061921
v 0.166999 0.186524 0.046374
v 0.167059 0.174333 0.036347
v 0.191363 0.153087 0.050730
v 0.164370 0.163419 0.034134
v 0.161048 0.158560 0.038338
v 0.186565 0.148793 0.054026
v 0.211404 0.142328 0.075087
v 0.186565 0.148793 0.054026
v 0.205509 0.138622 0.077050
v 0.222535 0.132194 0.104821
v 0.205509 0.138622 0.077050
v 0.216029 0.129042 0.105157
v 0.216029 0.129042 0.105157
v 0.217098 0.120990 0.135597
v 0.214683 0.117611 0.168537
v 0.217098 0.120990 0.135597
v 0.208605 0.115257 0.165386
v 0.217661 0.128257 0.171527
v 0.218533 0.137929 0.173426
v 0.214130 0.143609 0.172284
v 0.222543 0.149292 0.142761
v 0.166999 0.186524 0.046374
v 0.137677 0.194855 0.039619
v 0.137504 0.192244 0.032821
v 0.168581 0.183416 0.039978
v 0.167059 0.174333 0.036347
v 0.135580 0.183276 0.029097
v 0.105191 0.198781 0.035681
v 0.137677 0.194855 0.039619
v 0.107190 0.201021 0.042320
v 0.102847 0.189897 0.031995
v 0.074806 0.202384 0.048283
v 0.107190 0.201021 0.042320
v 0.078521 0.204421 0.054210
v 0.072069 0.193546 0.044760
v 0.049325 0.202700 0.069391
v 0.078521 0.204421 0.054210
v 0.054479 0.204720 0.074126
v 0.046256 0.193868 0.066142
v 0.031239 0.199700 0.096940
v 0.054479 0.204720 0.074126
v 0.037413 0.201889 0.100117
v 0.027935 0.190829 0.094048
v 0.044261 0.182843 0.063758
v 0.026046 0.179822 0.091502
v 0.030295 0.174064 0.092568
v 0.047512 0.176919 0.066341
v 0.069925 0.182523 0.042499
v 0.047512 0.176919 0.066341
v 0.071773 0.176618 0.046246
v 0.100526 0.178895 0.029806
v 0.071773 0.176618 0.046246
v 0.100699 0.173188 0.034247
v 0.133070 0.172312 0.026924
v 0.100699 0.173188 0.034247
v 0.131463 0.166965 0.031523
v 0.164370 0.163419 0.034134
v 0.131463 0.166965 0.031523
v 0.161048 0.158560 0.038338
v 0.037413 0.201889 0.100117
v 0.028999 0.196206 0.129642
v 0.022320 0.193676 0.128231
v 0.031239 0.199700 0.096940
v 0.027935 0.190829 0.094048
v 0.018899 0.184728 0.125745
v 0.023441 0.185219 0.160203
v 0.028999 0.196206 0.129642
v 0.030058 0.188227 0.159809
v 0.020036 0.176161 0.158132
v 0.034491 0.175157 0.189726
v 0.030058 0.188227 0.159809
v 0.040485 0.178733 0.187664
v 0.031230 0.165969 0.188038
v 0.054392 0.164472 0.213911
v 0.040485 0.178733 0.187664
v 0.059259 0.168653 0.210481
v 0.051388 0.155147 0.212536
v 0.081191 0.154214 0.230387
v 0.059259 0.168653 0.210481
v 0.084546 0.158974 0.226027
v 0.078536 0.144755 0.229228
v 0.049365 0.144346 0.209311
v 0.076356 0.134015 0.225906
v 0.077853 0.130761 0.219614
v 0.052339 0.140527 0.203927
v 0.029323 0.155105 0.184954
v 0.052339 0.140527 0.203927
v 0.033393 0.150698 0.180904
v 0.018192 0.165239 0.155220
v 0.033393 0.150698 0.180904
v 0.022872 0.160278 0.152798
v 0.017063 0.173756 0.123018
v 0.022872 0.160278 0.152798
v 0.021804 0.168328 0.122360
v 0.026046 0.179822 0.091502
v 0.021804 0.168328 0.122360
v 0.030295 0.174064 0.092568
v 0.084546 0.158974 0.226027
v 0.113868 0.150644 0.232780
v 0.112269 0.145383 0.237545
v 0.081191 0.154214 0.230387
v 0.078536 0.144755 0.229228
v 0.110015 0.135811 0.236479
v 0.144581 0.138848 0.234683
v 0.113868 0.150644 0.232780
v 0.144354 0.144477 0.230080
v 0.142747 0.129190 0.233580
v 0.174965 0.135245 0.222082
v 0.144354 0.144477 0.230080
v 0.173022 0.141078 0.218191
v 0.173527 0.125540 0.220814
v 0.200447 0.134928 0.200974
v 0.173022 0.141078 0.218191
v 0.197065 0.140779 0.198276
v 0.199341 0.125219 0.199434
v 0.218533 0.137929 0.173426
v 0.197065 0.140779 0.198276
v 0.214130 0.143609 0.172284
v 0.217661 0.128257 0.171527
v 0.196467 0.114591 0.196283
v 0.214683 0.117611 0.168537
v 0.208605 0.115257 0.165386
v 0.191387 0.112401 0.191613
v 0.170802 0.114910 0.217542
v 0.191387 0.112401 0.191613
v 0.167127 0.112703 0.211708
v 0.140200 0.118539 0.230234
v 0.167127 0.112703 0.211708
v 0.138200 0.116133 0.223704
v 0.107656 0.125122 0.233115
v 0.138200 0.116133 0.223704
v 0.107439 0.122355 0.226428
v 0.076356 0.134015 0.225906
v 0.107439 0.122355 0.226428
v 0.077853 0.130761 0.219614
v 0.161048 0.158560 0.038338
v 0.131463 0.166965 0.031523
v 0.119450 0.144660 0.128978
v 0.100699 0.173188 0.034247
v 0.071773 0.176618 0.046246
v 0.047512 0.176919 0.066341
v 0.030295 0.174064 0.092568
v 0.021804 0.168328 0.122360
v 0.022872 0.160278 0.152798
v 0.033393 0.150698 0.180904
v 0.052339 0.140527 0.203927
v 0.077853 0.130761 0.219614
v 0.107439 0.122355 0.226428
v 0.186565 0.148793 0.054026
v 0.205509 0.138622 0.077050
v 0.216029 0.129042 0.105157
v 0.217098 0.120990 0.135597
v 0.208605 0.115257 0.165386
v 0.191387 0.112401 0.191613
v 0.167127 0.112703 0.211708
v 0.138200 0.116133 0.223704
v 0.030058 0.188227 0.159809
v 0.028999 0.196206 0.129642
v 0.125772 0.172749 0.136202
v 0.037413 0.201889 0.100117
v 0.054479 0.204720 0.074126
v 0.078521 0.204421 0.054210
v 0.107190 0.201021 0.042320
v 0.137677 0.194855 0.039619
v 0.166999 0.186524 0.046374
v 0.192285 0.176845 0.061921
v 0.211062 0.166764 0.084740
v 0.221488 0.157270 0.112595
v 0.222543 0.149292 0.142761
v 0.040485 0.178733 0.187664
v 0.059259 0.168653 0.210481
v 0.084546 0.158974 0.226027
v 0.113868 0.150644 0.232780
v 0.144354 0.144477 0.230080
v 0.173022 0.141078 0.218191
v 0.197065 0.140779 0.198276
v 0.214130 0.143609 0.172284
v 0.278601 0.136939 -0.065052
v 0.279041 0.141402 -0.032318
v 0.274338 0.146711 -0.033910
v 0.273924 0.142499 -0.064795
v 0.277952 0.131704 -0.030778
v 0.277505 0.127182 -0.063939
v 0.268285 0.135198 -0.096392
v 0.273924 0.142499 -0.064795
v 0.264192 0.140855 -0.094365
v 0.267055 0.125418 -0.095686
v 0.249103 0.136350 -0.123272
v 0.264192 0.140855 -0.094365
v 0.246092 0.141942 -0.119728
v 0.247625 0.126584 -0.122914
v 0.222936 0.140282 -0.143058
v 0.246092 0.141942 -0.119728
v 0.221403 0.145651 -0.138396
v 0.221117 0.130567 -0.142957
v 0.244405 0.115786 -0.120948
v 0.218049 0.119746 -0.140876
v 0.214504 0.116986 -0.135220
v 0.239419 0.113243 -0.116382
v 0.263723 0.114628 -0.093878
v 0.239419 0.113243 -0.116382
v 0.257680 0.112147 -0.090793
v 0.274112 0.116382 -0.062313
v 0.257680 0.112147 -0.090793
v 0.267500 0.113806 -0.060954
v 0.274557 0.120878 -0.029343
v 0.267500 0.113806 -0.060954
v 0.267921 0.118055 -0.029789
v 0.265014 0.127675 0.001803
v 0.267921 0.118055 -0.029789
v 0.258896 0.124480 -0.000348
v 0.268352 0.138540 0.000548
v 0.269565 0.148150 -0.001392
v 0.265398 0.153078 -0.004732
v 0.274338 0.146711 -0.033910
v 0.221403 0.145651 -0.138396
v 0.192536 0.151620 -0.148545
v 0.192342 0.146608 -0.153812
v 0.222936 0.140282 -0.143058
v 0.221117 0.130567 -0.142957
v 0.190127 0.136975 -0.153852
v 0.160316 0.154710 -0.154487
v 0.192536 0.151620 -0.148545
v 0.162321 0.159264 -0.149180
v 0.157685 0.145181 -0.154534
v 0.129995 0.163795 -0.145011
v 0.162321 0.159264 -0.149180
v 0.133711 0.167836 -0.140239
v 0.126970 0.154385 -0.144936
v 0.104346 0.172973 -0.126314
v 0.133711 0.167836 -0.140239
v 0.109511 0.176496 -0.122598
v 0.100988 0.163682 -0.125996
v 0.085878 0.181346 -0.100226
v 0.109511 0.176496 -0.122598
v 0.092085 0.184396 -0.097984
v 0.082281 0.172164 -0.099570
v 0.098610 0.152671 -0.124012
v 0.080011 0.161105 -0.097739
v 0.084022 0.156081 -0.094442
v 0.101602 0.148109 -0.119279
v 0.124442 0.143426 -0.142843
v 0.101602 0.148109 -0.119279
v 0.126022 0.139371 -0.137079
v 0.154981 0.134277 -0.152387
v 0.126022 0.139371 -0.137079
v 0.154888 0.130723 -0.146101
v 0.187235 0.126116 -0.151709
v 0.154888 0.130723 -0.146101
v 0.185379 0.123009 -0.145460
v 0.218049 0.119746 -0.140876
v 0.185379 0.123009 -0.145460
v 0.214504 0.116986 -0.135220
v 0.092085 0.184396 -0.097984
v 0.083146 0.190764 -0.068805
v 0.076402 0.188094 -0.069301
v 0.085878 0.181346 -0.100226
v 0.082281 0.172164 -0.099570
v 0.072681 0.179001 -0.068244
v 0.076843 0.192558 -0.036566
v 0.083146 0.190764 -0.068805
v 0.083563 0.194975 -0.037919
v 0.073129 0.183522 -0.035083
v 0.087158 0.194298 -0.005225
v 0.083563 0.194975 -0.037919
v 0.093296 0.196618 -0.008349
v 0.083578 0.185286 -0.003336
v 0.106341 0.193147 0.021655
v 0.093296 0.196618 -0.008349
v 0.111393 0.195532 0.017010
v 0.103008 0.184120 0.023891
v 0.132508 0.189215 0.041440
v 0.111393 0.195532 0.017010
v 0.136083 0.191823 0.035679
v 0.129516 0.180138 0.043934
v 0.100620 0.172994 0.025013
v 0.126974 0.169036 0.044940
v 0.128416 0.163575 0.040427
v 0.103503 0.167317 0.021591
v 0.081301 0.174153 -0.002058
v 0.103503 0.167317 0.021591
v 0.085241 0.168413 -0.003998
v 0.070911 0.172399 -0.033622
v 0.085241 0.168413 -0.003998
v 0.075420 0.166755 -0.033835
v 0.070466 0.167903 -0.066593
v 0.075420 0.166755 -0.033835
v 0.075000 0.162507 -0.065000
v 0.080011 0.161105 -0.097739
v 0.075000 0.162507 -0.065000
v 0.084022 0.156081 -0.094442
v 0.136083 0.191823 0.035679
v 0.164949 0.185854 0.045826
v 0.163102 0.182889 0.052196
v 0.132508 0.189215 0.041440
v 0.129516 0.180138 0.043934
v 0.160506 0.173730 0.054829
v 0.195127 0.174787 0.052869
v 0.164949 0.185854 0.045826
v 0.195165 0.178209 0.046462
v 0.192948 0.165522 0.055512
v 0.225449 0.165702 0.043394
v 0.195165 0.178209 0.046462
v 0.223774 0.169639 0.037521
v 0.223663 0.156320 0.045913
v 0.251098 0.156524 0.024696
v 0.223774 0.169639 0.037521
v 0.247974 0.160978 0.019882
v 0.249646 0.147022 0.026975
v 0.269565 0.148150 -0.001392
v 0.247974 0.160978 0.019882
v 0.265398 0.153078 -0.004732
v 0.268352 0.138540 0.000548
v 0.246414 0.136109 0.028077
v 0.265014 0.127675 0.001803
v 0.258896 0.124480 -0.000348
v 0.241315 0.132452 0.024488
v 0.220581 0.145354 0.046908
v 0.241315 0.132452 0.024488
v 0.216897 0.141190 0.042287
v 0.190043 0.154504 0.056451
v 0.216897 0.141190 0.042287
v 0.188030 0.149839 0.051307
v 0.157788 0.162664 0.055773
v 0.188030 0.149839 0.051307
v 0.157542 0.157552 0.050667
v 0.126974 0.169036 0.044940
v 0.157542 0.157552 0.050667
v 0.128416 0.163575 0.040427
v 0.214504 0.116986 -0.135220
v 0.185379 0.123009 -0.145460
v 0.171459 0.140281 -0.047395
v 0.154888 0.130723 -0.146101
v 0.126022 0.139371 -0.137079
v 0.101602 0.148109 -0.119279
v 0.084022 0.156081 -0.094442
v 0.075000 0.162507 -0.065000
v 0.075420 0.166755 -0.033835
v 0.085241 0.168413 -0.003998
v 0.103503 0.167317 0.021591
v 0.128416 0.163575 0.040427
v 0.157542 0.157552 0.050667
v 0.239419 0.113243 -0.116382
v 0.257680 0.112147 -0.090793
v 0.267500 0.113806 -0.060954
v 0.267921 0.118055 -0.029789
v 0.258896 0.124480 -0.000348
v 0.241315 0.132452 0.024488
v 0.216897 0.141190 0.042287
v 0.188030 0.149839 0.051307
v 0.083563 0.194975 -0.037919
v 0.083146 0.190764 -0.068805
v 0.178741 0.168737 -0.051358
v 0.092085 0.184396 -0.097984
v 0.109511 0.176496 -0.122598
v 0.133711 0.167836 -0.140239
v 0.162321 0.159264 -0.149180
v 0.192536 0.151620 -0.148545
v 0.221403 0.145651 -0.138396
v 0.246092 0.141942 -0.119728
v 0.264192 0.140855 -0.094365
v 0.273924 0.142499 -0.064795
v 0.274338 0.146711 -0.033910
v 0.093296 0.196618 -0.008349
v 0.111393 0.195532 0.017010
v 0.136083 0.191823 0.035679
v 0.164949 0.185854 0.045826
v 0.195165 0.178209 0.046462
v 0.223774 0.169639 0.037521
v 0.247974 0.160978 0.019882
v 0.265398 0.153078 -0.004732
v 0.000000 0.114932 -0.327435
v -0.063879 0.114932 -0.321143
v -0.125304 0.114932 -0.302510
v -0.181913 0.114932 -0.272252
v -0.231531 0.114932 -0.231531
v -0.272252 0.114932 -0.181913
v -0.302510 0.114932 -0.125304
v -0.321143 0.114932 -0.063879
v -0.327435 0.114932 0.000000
v -0.321143 0.114932 0.063879
v -0.302510 0.114932 0.125304
v -0.272252 0.114932 0.181913
v -0.231531 0.114932 0.231531
v -0.181913 0.114932 0.272252
v -0.125304 0.114932 0.302510
v -0.063879 0.114932 0.321143
v -0.000000 0.114932 0.327435
v 0.063879 0.114932 0.321143
v 0.125304 0.114932 0.302510
v 0.181913 0.114932 0.272252
v 0.231531 0.114932 0.231531
v 0.272252 0.114932 0.181913
v 0.302510 0.114932 0.125304
v 0.321143 0.114932 0.063879
v 0.327435 0.114932 -0.000000
v 0.321143 0.114932 -0.063879
v 0.302510 0.114932 -0.125304
v 0.272252 0.114932 -0.181913
v 0.231531 0.114932 -0.231531
v 0.181913 0.114932 -0.272252
v 0.125304 0.114932 -0.302510
v 0.063879 0.114932 -0.321143
v -0.027154 0.141287 -0.136512
v 0.000000 0.141287 -0.139187
v -0.053264 0.141287 -0.128592
v -0.077328 0.141287 -0.115730
v -0.098420 0.141287 -0.098420
v -0.115730 0.141287 -0.077328
v -0.128592 0.141287 -0.053264
v -0.136512 0.141287 -0.027154
v -0.139187 0.141287 0.000000
v -0.136512 0.141287 0.027154
v -0.128592 0.141287 0.053264
v -0.115730 0.141287 0.077328
v -0.098420 0.141287 0.098420
v -0.077328 0.141287 0.115730
v -0.053264 0.141287 0.128592
v -0.027154 0.141287 0.136512
v -0.000000 0.141287 0.139187
v 0.027154 0.141287 0.136512
v 0.053264 0.141287 0.128592
v 0.077328 0.141287 0.115730
v 0.098420 0.141287 0.098420
v 0.115730 0.141287 0.077328
v 0.128592 0.141287 0.053264
v 0.136512 0.141287 0.027154
v 0.139187 0.141287 0.000000
v 0.136512 0.141287 -0.027154
v 0.128592 0.141287 -0.053264
v 0.115730 0.141287 -0.077328
v 0.098420 0.141287 -0.098420
v 0.077328 0.141287 -0.115730
v 0.053264 0.141287 -0.128592
v 0.027154 0.141287 -0.136512
v -0.046498 0.133119 -0.233763
v 0.000000 0.133119 -0.238342
v -0.091210 0.133119 -0.220199
v -0.132416 0.133119 -0.198174
v -0.168533 0.133119 -0.168533
v -0.198174 0.133119 -0.132416
v -0.220199 0.133119 -0.091210
v -0.233763 0.133119 -0.046498
v -0.238342 0.133119 0.000000
v -0.233763 0.133119 0.046498
v -0.220199 0.133119 0.091210
v -0.198174 0.133119 0.132416
v -0.168533 0.133119 0.168533
v -0.132416 0.133119 0.198174
v -0.091210 0.133119 0.220199
v -0.046498 0.133119 0.233763
v -0.000000 0.133119 0.238342
v 0.046498 0.133119 0.233763
v 0.091210 0.133119 0.220199
v 0.132416 0.133119 0.198174
v 0.168533 0.133119 0.168533
v 0.198174 0.133119 0.132416
v 0.220199 0.133119 0.091210
v 0.233763 0.133119 0.046498
v 0.238342 0.133119 0.000000
v 0.233763 0.133119 -0.046498
v 0.220199 0.133119 -0.091210
v 0.198174 0.133119 -0.132416
v 0.168533 0.133119 -0.168533
v 0.132416 0.133119 -0.198174
v 0.091210 0.133119 -0.220199
v 0.046498 0.133119 -0.233763
v 0.033912 0.157912 -0.222759
v 0.034809 0.156232 -0.228160
v 0.113661 0.151071 -0.191310
v 0.110805 0.152796 -0.187037
v -0.031133 0.153030 -0.161956
v -0.025638 0.156710 -0.199395
v -0.016106 0.157854 -0.212531
v -0.022124 0.147864 -0.112682
v -0.002651 0.144200 -0.080249
v -0.036363 0.150867 -0.161877
v -0.027014 0.145575 -0.111060
v -0.030323 0.154838 -0.202623
v -0.019921 0.156079 -0.216919
v -0.006864 0.141811 -0.077607
v 0.204057 0.136001 -0.081967
v 0.101766 0.128033 0.016477
v 0.207649 0.134210 -0.085416
v 0.098435 0.125580 0.019863
v 0.106346 0.125065 0.019874
v 0.103996 0.123464 0.022341
v 0.209886 0.131803 -0.079864
v 0.207315 0.133028 -0.077319
v 0.113661 0.151071 -0.191310
v 0.034809 0.156232 -0.228160
v 0.035582 0.151309 -0.230284
v 0.115010 0.146241 -0.193099
v 0.038592 0.118712 -0.228705
v 0.115951 0.119971 -0.192991
v 0.041820 0.098664 -0.226184
v 0.117543 0.094171 -0.191015
v -0.013098 0.098520 -0.216554
v -0.015670 0.109985 -0.217449
v -0.021053 0.151091 -0.218734
v -0.019921 0.156079 -0.216919
v 0.042305 0.093988 -0.223822
v 0.116638 0.089318 -0.189146
v -0.010827 0.093966 -0.214725
v 0.208154 0.105691 -0.089156
v 0.206366 0.078229 -0.090662
v 0.209001 0.129411 -0.087197
v 0.207649 0.134210 -0.085416
v 0.210872 0.128360 -0.081230
v 0.209886 0.131803 -0.079864
v 0.204598 0.073407 -0.089674
v 0.208272 0.078176 -0.084623
v 0.210043 0.105179 -0.083155
v 0.206972 0.074575 -0.083828
v -0.022713 0.090443 -0.114699
v -0.021622 0.088944 -0.114759
v -0.030280 0.093584 -0.163635
v -0.030918 0.096234 -0.163574
v -0.028563 0.140418 -0.110684
v -0.038036 0.145736 -0.161982
v -0.027014 0.145575 -0.111060
v -0.036363 0.150867 -0.161877
v -0.027379 0.089199 -0.163778
v -0.018890 0.084402 -0.115763
v -0.002236 0.085115 -0.082543
v 0.000230 0.080795 -0.084160
v -0.004161 0.087402 -0.082462
v -0.008174 0.136645 -0.076931
v -0.006864 0.141811 -0.077607
v -0.020917 0.092830 -0.201650
v -0.023574 0.097318 -0.202966
v -0.010827 0.093966 -0.214725
v -0.013098 0.098520 -0.216554
v -0.025568 0.105381 -0.203531
v -0.015670 0.109985 -0.217449
v -0.031793 0.149812 -0.204003
v -0.021053 0.151091 -0.218734
v -0.019921 0.156079 -0.216919
v -0.030323 0.154838 -0.202623
v 0.096688 0.070874 0.010483
v 0.097184 0.120441 0.020574
v 0.098435 0.125580 0.019863
v 0.103996 0.123464 0.022341
v 0.103073 0.119803 0.022846
v 0.102588 0.071173 0.012935
v 0.096688 0.070874 0.010483
v 0.099597 0.065151 0.006762
v 0.102588 0.071173 0.012935
v 0.104844 0.066802 0.010041
v 0.116638 0.089318 -0.189146
v 0.042305 0.093988 -0.223822
v 0.041963 0.091770 -0.219002
v 0.113784 0.087091 -0.185270
v -0.007079 0.091838 -0.210723
v -0.010827 0.093966 -0.214725
v -0.020917 0.092830 -0.201650
v -0.016325 0.090804 -0.198708
v -0.027379 0.089199 -0.163778
v -0.022203 0.087432 -0.163874
v -0.018890 0.084402 -0.115763
v -0.014045 0.082637 -0.117378
v 0.000230 0.080795 -0.084160
v 0.004552 0.079257 -0.086929
v 0.155077 0.067648 -0.042349
v 0.200925 0.071239 -0.086637
v 0.104054 0.064110 0.001983
v 0.099597 0.065151 0.006762
v 0.204598 0.073407 -0.089674
v 0.204242 0.073093 -0.081461
v 0.206972 0.074575 -0.083828
v 0.108657 0.065985 0.005970
v 0.159093 0.069569 -0.037793
v 0.104844 0.066802 0.010041
v 0.208004 0.126884 -0.075399
v 0.209886 0.131803 -0.079864
v 0.210872 0.128360 -0.081230
v 0.207315 0.133028 -0.077319
v 0.106346 0.125065 0.019874
v 0.108903 0.119161 0.020180
v 0.103996 0.123464 0.022341
v 0.207376 0.104917 -0.077440
v 0.205388 0.078747 -0.078551
v 0.160837 0.075213 -0.035415
v 0.109647 0.072224 0.009605
v 0.159093 0.069569 -0.037793
v 0.108657 0.065985 0.005970
v 0.103073 0.119803 0.022846
v 0.104844 0.066802 0.010041
v 0.102588 0.071173 0.012935
v 0.210043 0.105179 -0.083155
v 0.208272 0.078176 -0.084623
v 0.206972 0.074575 -0.083828
v 0.204242 0.073093 -0.081461
v -0.049746 0.111109 -0.018367
v -0.057351 0.136627 -0.023963
v -0.082867 0.122968 -0.061097
v -0.079203 0.098589 -0.057570
v -0.057220 0.073331 -0.001571
v -0.082541 0.069246 -0.047159
v -0.082937 0.147875 -0.039558
v -0.065289 0.157898 -0.012673
v -0.088405 0.172741 -0.005464
v -0.104386 0.162673 -0.033824
v -0.096432 0.138379 -0.059909
v -0.117621 0.152068 -0.052940
v -0.137112 0.136550 -0.081287
v -0.116809 0.122573 -0.087711
v -0.104083 0.107642 -0.087187
v -0.096868 0.090842 -0.083815
v -0.099616 0.065682 -0.074582
v -0.157063 0.117654 -0.104502
v -0.135527 0.101429 -0.110453
v -0.125234 0.092933 -0.111085
v -0.118029 0.079017 -0.106417
v -0.115488 0.059537 -0.097830
v -0.111175 0.046498 -0.064679
v -0.094240 0.048639 -0.035326
v -0.070373 0.053256 0.007659
v -0.122842 0.042236 -0.088479
v -0.097265 0.046540 -0.033410
v -0.073451 0.051193 0.009502
v -0.113041 0.044527 -0.060400
v -0.125533 0.039853 -0.086290
v -0.057397 0.057357 0.032954
v -0.045022 0.075860 0.023333
v -0.034082 0.108058 0.011582
v -0.033570 0.122667 0.008069
v -0.033498 0.107071 0.019323
v -0.032910 0.124789 0.014747
v -0.042186 0.146751 0.005156
v -0.056214 0.163905 0.006661
v -0.041290 0.147279 0.012070
v -0.055128 0.163894 0.013503
v -0.079091 0.179596 0.009160
v -0.076749 0.179716 0.015925
v -0.044306 0.077910 0.029947
v -0.056169 0.060333 0.039119
v -0.058351 0.058924 0.040479
v -0.060668 0.055231 0.034987
v -0.157063 0.117654 -0.104502
v -0.164129 0.107823 -0.106680
v -0.144138 0.091284 -0.112100
v -0.135527 0.101429 -0.110453
v -0.137260 0.084617 -0.112125
v -0.125234 0.092933 -0.111085
v -0.132708 0.075966 -0.108212
v -0.118029 0.079017 -0.106417
v -0.127391 0.059313 -0.102448
v -0.115488 0.059537 -0.097830
v -0.131046 0.046237 -0.096119
v -0.122842 0.042236 -0.088479
v -0.133049 0.043448 -0.093613
v -0.125533 0.039853 -0.086290
v -0.178076 0.071918 -0.079201
v -0.177384 0.074519 -0.082145
v -0.221710 0.104679 -0.065772
v -0.222346 0.101009 -0.063724
v -0.224276 0.107620 -0.054527
v -0.216047 0.124357 -0.064172
v -0.214577 0.115515 -0.073265
v -0.202583 0.133521 -0.078116
v -0.201405 0.120248 -0.085218
v -0.190656 0.135104 -0.089188
v -0.194411 0.121456 -0.092996
v -0.180025 0.130112 -0.095559
v -0.186645 0.118684 -0.097872
v -0.157063 0.117654 -0.104502
v -0.164129 0.107823 -0.106680
v -0.224496 0.103644 -0.053166
v -0.177384 0.074519 -0.082145
v -0.144138 0.091284 -0.112100
v -0.164129 0.107823 -0.106680
v -0.170428 0.091578 -0.094215
v -0.132708 0.075966 -0.108212
v -0.137260 0.084617 -0.112125
v -0.131046 0.046237 -0.096119
v -0.127391 0.059313 -0.102448
v -0.177384 0.074519 -0.082145
v -0.129262 0.040538 -0.084505
v -0.134363 0.043052 -0.089241
v -0.177527 0.070801 -0.075411
v -0.175622 0.070421 -0.068988
v -0.125533 0.039853 -0.086290
v -0.113041 0.044527 -0.060400
v -0.113794 0.046060 -0.053135
v -0.097265 0.046540 -0.033410
v -0.100811 0.047518 -0.031487
v -0.073451 0.051193 0.009502
v -0.077076 0.052133 0.011267
v -0.133049 0.043448 -0.093613
v -0.178076 0.071918 -0.079201
v -0.117712 0.094629 0.057405
v -0.064550 0.056229 0.036795
v -0.060668 0.055231 0.034987
v -0.060925 0.059620 0.041684
v -0.058351 0.058924 0.040479
v -0.113861 0.098146 0.062141
v -0.055128 0.163894 0.013503
v -0.041290 0.147279 0.012070
v -0.044813 0.144759 0.017702
v -0.057738 0.160400 0.018902
v -0.110173 0.104122 0.061649
v -0.077821 0.175199 0.021420
v -0.038713 0.105961 0.025461
v -0.058417 0.065886 0.042379
v -0.048202 0.081680 0.034395
v -0.037633 0.125283 0.020158
v -0.032910 0.124789 0.014747
v -0.033498 0.107071 0.019323
v -0.076749 0.179716 0.015925
v -0.044306 0.077910 0.029947
v -0.056169 0.060333 0.039119
v -0.058351 0.058924 0.040479
v -0.060925 0.059620 0.041684
v -0.113861 0.098146 0.062141
v -0.158031 0.180910 0.017877
v -0.176668 0.161414 -0.024948
v -0.156505 0.170435 -0.036450
v -0.136595 0.187708 0.002561
v -0.180243 0.152632 0.039607
v -0.195837 0.142277 -0.009238
v -0.126023 0.175648 -0.025136
v -0.111240 0.187518 0.002707
v -0.088405 0.172741 -0.005464
v -0.104386 0.162673 -0.033824
v -0.138782 0.165678 -0.045734
v -0.117621 0.152068 -0.052940
v -0.137112 0.136550 -0.081287
v -0.158003 0.149127 -0.073923
v -0.174311 0.152911 -0.063681
v -0.189243 0.150387 -0.052895
v -0.205581 0.133988 -0.039114
v -0.157063 0.117654 -0.104502
v -0.180025 0.130112 -0.095559
v -0.190656 0.135104 -0.089188
v -0.202583 0.133521 -0.078116
v -0.216047 0.124357 -0.064172
v -0.213858 0.112687 -0.030310
v -0.204425 0.119665 0.001553
v -0.189073 0.129770 0.047389
v -0.224276 0.107620 -0.054527
v -0.204421 0.115613 0.002456
v -0.189054 0.125710 0.048195
v -0.213068 0.109005 -0.026920
v -0.224496 0.103644 -0.053166
v -0.178539 0.135446 0.073502
v -0.170967 0.157044 0.065488
v -0.152326 0.184279 0.051160
v -0.141694 0.192365 0.044259
v -0.149947 0.182134 0.058300
v -0.137181 0.192002 0.049648
v -0.119980 0.196897 0.031195
v -0.100504 0.192455 0.021485
v -0.116782 0.195941 0.037338
v -0.097851 0.191433 0.027803
v -0.079091 0.179596 0.009160
v -0.076749 0.179716 0.015925
v -0.166560 0.156715 0.070866
v -0.173706 0.136098 0.078460
v -0.173624 0.133229 0.079062
v -0.178431 0.131142 0.074404
v -0.186645 0.118684 -0.097872
v -0.170428 0.091578 -0.094215
v -0.164129 0.107823 -0.106680
v -0.201405 0.120248 -0.085218
v -0.194411 0.121456 -0.092996
v -0.221710 0.104679 -0.065772
v -0.214577 0.115515 -0.073265
v -0.177384 0.074519 -0.082145
v -0.221982 0.100305 -0.053471
v -0.175622 0.070421 -0.068988
v -0.177527 0.070801 -0.075411
v -0.220358 0.098484 -0.060458
v -0.224496 0.103644 -0.053166
v -0.213068 0.109005 -0.026920
v -0.208357 0.107016 -0.021483
v -0.204421 0.115613 0.002456
v -0.201656 0.112523 0.002267
v -0.189054 0.125710 0.048195
v -0.186366 0.122581 0.047847
v -0.222346 0.101009 -0.063724
v -0.178076 0.071918 -0.079201
v -0.117712 0.094629 0.057405
v -0.175596 0.127809 0.073963
v -0.178431 0.131142 0.074404
v -0.171713 0.131034 0.078766
v -0.173624 0.133229 0.079062
v -0.113861 0.098146 0.062141
v -0.097851 0.191433 0.027803
v -0.097627 0.186112 0.032254
v -0.115351 0.190228 0.041313
v -0.116782 0.195941 0.037338
v -0.110173 0.104122 0.061649
v -0.077821 0.175199 0.021420
v -0.146581 0.175493 0.061566
v -0.166896 0.135811 0.078688
v -0.160224 0.153890 0.071890
v -0.132932 0.186713 0.052056
v -0.137181 0.192002 0.049648
v -0.149947 0.182134 0.058300
v -0.076749 0.179716 0.015925
v -0.166560 0.156715 0.070866
v -0.173706 0.136098 0.078460
v -0.173624 0.133229 0.079062
v -0.171713 0.131034 0.078766
v -0.113861 0.098146 0.062141
v -0.028472 0.168858 -0.136346
v -0.028768 0.168102 -0.142015
v 0.056759 0.166419 -0.125148
v 0.054885 0.167166 -0.120116
v -0.076578 0.147841 -0.064263
v -0.080466 0.157582 -0.100807
v -0.074458 0.161706 -0.115353
v -0.055711 0.136518 -0.019855
v -0.028843 0.130320 0.006303
v -0.081462 0.145119 -0.063384
v -0.059889 0.133483 -0.017592
v -0.085634 0.155695 -0.103174
v -0.079067 0.160181 -0.119013
v -0.032115 0.127113 0.009376
v 0.171501 0.145617 -0.042955
v 0.096546 0.111864 0.073065
v 0.174290 0.144766 -0.047371
v 0.094311 0.108582 0.076646
v 0.102012 0.108959 0.074800
v 0.100444 0.106759 0.077422
v 0.177959 0.141833 -0.042949
v 0.175986 0.142375 -0.039724
v 0.056759 0.166419 -0.125148
v -0.028768 0.168102 -0.142015
v -0.028161 0.163663 -0.145059
v 0.057998 0.162086 -0.127984
v -0.022445 0.131732 -0.149732
v 0.060887 0.136357 -0.132535
v -0.017227 0.112018 -0.151425
v 0.064819 0.110889 -0.135360
v -0.068093 0.104322 -0.129927
v -0.071649 0.115433 -0.128271
v -0.080224 0.155419 -0.121346
v -0.079067 0.160181 -0.119013
v -0.015847 0.107130 -0.150058
v 0.064750 0.105743 -0.134185
v -0.065118 0.099831 -0.129449
v 0.176007 0.117345 -0.055899
v 0.175958 0.090378 -0.061591
v 0.175530 0.140463 -0.050195
v 0.174290 0.144766 -0.047371
v 0.178844 0.138761 -0.045063
v 0.177959 0.141833 -0.042949
v 0.174841 0.085296 -0.061063
v 0.179249 0.089650 -0.056229
v 0.179306 0.116169 -0.050648
v 0.178448 0.085848 -0.055785
v -0.052493 0.080317 -0.031375
v -0.051339 0.078975 -0.031930
v -0.071732 0.089761 -0.076124
v -0.072533 0.092285 -0.075474
v -0.060915 0.128187 -0.017757
v -0.082726 0.139905 -0.063979
v -0.059889 0.133483 -0.017592
v -0.081462 0.145119 -0.063384
v -0.068632 0.085797 -0.077652
v -0.048596 0.074965 -0.034273
v -0.024595 0.072637 -0.005988
v -0.022272 0.068905 -0.008823
v -0.026610 0.074658 -0.005094
v -0.032837 0.121789 0.009445
v -0.032115 0.127113 0.009376
v -0.071683 0.095663 -0.114834
v -0.074903 0.099970 -0.114745
v -0.065118 0.099831 -0.129449
v -0.068093 0.104322 -0.129927
v -0.077569 0.107754 -0.113477
v -0.071649 0.115433 -0.128271
v -0.087013 0.150794 -0.105021
v -0.080224 0.155419 -0.121346
v -0.079067 0.160181 -0.119013
v -0.085634 0.155695 -0.103174
v 0.094449 0.056004 0.058777
v 0.093651 0.103288 0.076737
v 0.094311 0.108582 0.076646
v 0.100444 0.106759 0.077422
v 0.099943 0.102984 0.077494
v 0.100724 0.056597 0.059862
v 0.094449 0.056004 0.058777
v 0.096803 0.051253 0.053586
v 0.100724 0.056597 0.059862
v 0.102543 0.052979 0.055839
v 0.064750 0.105743 -0.134185
v -0.015847 0.107130 -0.150058
v -0.014863 0.104202 -0.145731
v 0.063078 0.102665 -0.130203
v -0.060376 0.097570 -0.126806
v -0.065118 0.099831 -0.129449
v -0.071683 0.095663 -0.114834
v -0.066384 0.093751 -0.113381
v -0.068632 0.085797 -0.077652
v -0.063511 0.084653 -0.079201
v -0.048596 0.074965 -0.034273
v -0.044158 0.074009 -0.037205
v -0.022272 0.068905 -0.008823
v -0.018634 0.068284 -0.012707
v 0.138615 0.067136 -0.005538
v 0.172171 0.082308 -0.057694
v 0.100055 0.051431 0.047826
v 0.096803 0.051253 0.053586
v 0.174841 0.085296 -0.061063
v 0.176480 0.083739 -0.053153
v 0.178448 0.085848 -0.055785
v 0.105324 0.053201 0.050941
v 0.143448 0.068802 -0.001737
v 0.102543 0.052979 0.055839
v 0.177568 0.136131 -0.039075
v 0.177959 0.141833 -0.042949
v 0.178844 0.138761 -0.045063
v 0.175986 0.142375 -0.039724
v 0.102012 0.108959 0.074800
v 0.105000 0.103397 0.073523
v 0.100444 0.106759 0.077422
v 0.178108 0.114772 -0.044610
v 0.177863 0.088995 -0.049660
v 0.145285 0.074193 0.001110
v 0.106686 0.058908 0.055264
v 0.143448 0.068802 -0.001737
v 0.105324 0.053201 0.050941
v 0.099943 0.102984 0.077494
v 0.102543 0.052979 0.055839
v 0.100724 0.056597 0.059862
v 0.179306 0.116169 -0.050648
v 0.179249 0.089650 -0.056229
v 0.178448 0.085848 -0.055785
v 0.176480 0.083739 -0.053153
v -0.066173 0.170290 -0.039499
v -0.068284 0.168786 -0.044606
v 0.018033 0.161940 -0.054841
v 0.017886 0.163537 -0.049663
v -0.089693 0.163750 0.046268
v -0.104594 0.168649 0.011636
v -0.103357 0.170178 -0.004515
v -0.056270 0.156885 0.083302
v -0.022756 0.152025 0.100556
v -0.094149 0.161616 0.049028
v -0.059631 0.154572 0.087194
v -0.110317 0.166914 0.011305
v -0.108947 0.168573 -0.006287
v -0.025007 0.149574 0.104956
v 0.152013 0.142697 -0.009748
v 0.116503 0.132028 0.127522
v 0.153218 0.141002 -0.014615
v 0.115392 0.129482 0.132091
v 0.122117 0.128921 0.127929
v 0.121376 0.127251 0.131221
v 0.157982 0.138397 -0.011130
v 0.157158 0.139552 -0.007584
v 0.018033 0.161940 -0.054841
v -0.068284 0.168786 -0.044606
v -0.068853 0.163933 -0.046943
v 0.018132 0.157165 -0.057194
v -0.066196 0.131285 -0.048012
v 0.018398 0.130901 -0.058265
v -0.062577 0.111145 -0.048075
v 0.020210 0.105040 -0.058079
v -0.104245 0.110996 -0.011028
v -0.106645 0.122498 -0.010145
v -0.110974 0.163655 -0.007363
v -0.108947 0.168573 -0.006287
v -0.061030 0.106390 -0.046441
v 0.020312 0.100133 -0.056137
v -0.101454 0.106370 -0.010782
v 0.151042 0.112621 -0.018786
v 0.148112 0.085236 -0.019826
v 0.153325 0.136258 -0.016961
v 0.153218 0.141002 -0.014615
v 0.158026 0.134996 -0.012897
v 0.157982 0.138397 -0.011130
v 0.147018 0.080394 -0.018179
v 0.152903 0.084970 -0.015693
v 0.155789 0.111897 -0.014689
v 0.152134 0.081351 -0.014426
v -0.059123 0.099569 0.080435
v -0.058260 0.098066 0.079773
v -0.091186 0.104389 0.042877
v -0.091637 0.107039 0.043333
v -0.060867 0.149414 0.088196
v -0.095743 0.156501 0.049687
v -0.059631 0.154572 0.087194
v -0.094149 0.161616 0.049028
v -0.088892 0.099995 0.041120
v -0.056565 0.093545 0.077367
v -0.024937 0.093049 0.096884
v -0.023785 0.088772 0.094102
v -0.026480 0.095344 0.098022
v -0.025882 0.144396 0.106088
v -0.025007 0.149574 0.104956
v -0.103199 0.104855 0.005611
v -0.106049 0.109400 0.006002
v -0.101454 0.106370 -0.010782
v -0.104245 0.110996 -0.011028
v -0.107861 0.117488 0.006775
v -0.106645 0.122498 -0.010145
v -0.112405 0.161946 0.010776
v -0.110974 0.163655 -0.007363
v -0.108947 0.168573 -0.006287
v -0.110317 0.166914 0.011305
v 0.107749 0.075131 0.123640
v 0.114585 0.124329 0.133221
v 0.115392 0.129482 0.132091
v 0.121376 0.127251 0.131221
v 0.120774 0.123582 0.132043
v 0.114063 0.075314 0.122632
v 0.107749 0.075131 0.123640
v 0.108142 0.069520 0.118800
v 0.114063 0.075314 0.122632
v 0.114364 0.071029 0.118874
v 0.020312 0.100133 -0.056137
v -0.061030 0.106390 -0.046441
v -0.058840 0.104014 -0.042219
v 0.019870 0.097794 -0.051398
v -0.096213 0.104088 -0.009403
v -0.101454 0.106370 -0.010782
v -0.103199 0.104855 0.005611
v -0.097793 0.102705 0.005647
v -0.088892 0.099995 0.041120
v -0.084578 0.098202 0.038273
v -0.056565 0.093545 0.077367
v -0.053331 0.091807 0.073403
v -0.023785 0.088772 0.094102
v -0.021597 0.087302 0.089437
v 0.129609 0.073339 0.047944
v 0.145440 0.078147 -0.013722
v 0.109400 0.068614 0.112368
v 0.108142 0.069520 0.118800
v 0.147018 0.080394 -0.018179
v 0.151021 0.079807 -0.011016
v 0.152134 0.081351 -0.014426
v 0.115452 0.070327 0.113387
v 0.135461 0.075083 0.049757
v 0.114364 0.071029 0.118874
v 0.158614 0.133342 -0.006469
v 0.157982 0.138397 -0.011130
v 0.158026 0.134996 -0.012897
v 0.157158 0.139552 -0.007584
v 0.122117 0.128921 0.127929
v 0.124320 0.122996 0.126695
v 0.121376 0.127251 0.131221
v 0.156515 0.111460 -0.008434
v 0.153651 0.085354 -0.009000
v 0.138321 0.080635 0.051006
v 0.118343 0.076435 0.116117
v 0.135461 0.075083 0.049757
v 0.115452 0.070327 0.113387
v 0.120774 0.123582 0.132043
v 0.114364 0.071029 0.118874
v 0.114063 0.075314 0.122632
v 0.155789 0.111897 -0.014689
v 0.152903 0.084970 -0.015693
v 0.152134 0.081351 -0.014426
v 0.151021 0.079807 -0.011016
vn -0.2124 0.9438 0.2531
vn 0.5053 0.8341 0.2212
vn 0.5350 0.8444 0.0265
vn -0.2929 0.9561 -0.0032
vn 0.5351 0.8444 0.0265
vn -0.0366 0.9223 0.3848
vn 0.5177 0.7945 0.3173
vn 0.1558 0.9061 0.3934
vn 0.5177 0.7945 0.3174
vn 0.5704 0.7618 0.3070
vn 0.3065 0.9242 0.2278
vn 0.6166 0.7855 0.0537
vn -0.2894 0.7035 -0.6491
vn 0.3813 0.6700 -0.6369
vn -0.2894 0.7035 -0.6492
vn 0.7620 0.5841 -0.2796
vn 0.3813 0.6700 -0.6370
vn 0.5053 0.8341 0.2211
vn 0.4219 0.1390 -0.8959
vn 0.4218 0.1389 -0.8960
vn -0.1311 0.2155 -0.9677
vn 0.7146 0.6850 0.1417
vn 0.7620 0.5841 -0.2797
vn 0.7146 0.6851 0.1417
vn 0.5713 0.5254 -0.6305
vn 0.5928 0.7625 -0.2593
vn 0.6958 0.6752 0.2449
vn 0.6984 0.6652 0.2641
vn 0.6983 0.6652 0.2641
vn 0.7138 0.7004 0.0026
vn 0.8726 0.4872 0.0346
vn 0.8417 0.4779 -0.2511
vn 0.8417 0.4780 -0.2511
vn 0.2076 0.7188 -0.6635
vn 0.8914 0.4417 0.1019
vn 0.8726 0.4872 0.0347
vn 0.9195 -0.0481 -0.3901
vn 0.9195 -0.0481 -0.3900
vn 0.9938 -0.1112 -0.0039
vn 0.4680 0.1803 -0.8652
vn 0.8914 0.4417 0.1020
vn 0.9928 -0.1162 0.0285
vn 0.8729 0.4599 0.1628
vn 0.9928 -0.1162 0.0286
vn 0.9899 -0.1417 -0.0104
vn 0.9857 -0.1640 -0.0377
vn 0.9898 -0.1417 -0.0104
vn 0.8938 0.4190 0.1600
vn 0.8938 0.4191 0.1600
vn 0.7137 0.7004 0.0026
vn 0.9457 -0.1773 -0.2723
vn 0.9857 -0.1639 -0.0377
vn 0.9184 0.3778 -0.1177
vn 0.9184 0.3777 -0.1177
vn 0.9121 0.1967 -0.3597
vn 0.9121 0.1967 -0.3596
vn 0.7780 -0.2601 -0.5719
vn 0.8430 -0.2525 -0.4750
vn 0.7570 -0.6471 -0.0904
vn 0.9121 0.1966 -0.3597
vn 0.9651 -0.2379 0.1098
vn 0.7310 0.6475 -0.2153
vn 0.6302 0.7628 -0.1451
vn 0.3949 0.9183 0.0284
vn 0.8725 0.3128 0.3755
vn 0.6939 0.5312 0.4862
vn 0.8724 0.3127 0.3755
vn 0.9431 0.1553 0.2941
vn 0.8725 0.3127 0.3755
vn 0.6302 0.7628 -0.1450
vn 0.1759 0.9798 0.0952
vn 0.1138 0.9558 0.2712
vn -0.6428 0.6202 0.4495
vn 0.1514 0.9860 0.0698
vn 0.1758 0.9798 0.0952
vn -0.6429 0.6202 0.4495
vn 0.1138 0.9558 0.2711
vn -0.6599 0.6107 0.4376
vn -0.6599 0.6107 0.4377
vn -0.7575 -0.5606 -0.3345
vn -0.6428 0.6203 0.4495
vn -0.7576 -0.5605 -0.3346
vn 0.1515 0.9860 0.0699
vn -0.7163 -0.6933 -0.0795
vn -0.7576 -0.5605 -0.3345
vn -0.8302 0.4658 0.3062
vn -0.7163 -0.6933 -0.0796
vn -0.6863 -0.7213 -0.0932
vn -0.8780 0.4455 0.1751
vn -0.6863 -0.7214 -0.0932
vn -0.6690 -0.7421 -0.0429
vn -0.6862 -0.7214 -0.0932
vn -0.9050 0.4252 -0.0144
vn -0.6690 -0.7420 -0.0429
vn -0.6268 -0.7766 -0.0637
vn -0.9050 0.4252 -0.0143
vn -0.6017 -0.1022 -0.7921
vn -0.6268 -0.7765 -0.0637
vn -0.6018 -0.1022 -0.7921
vn -0.5595 -0.8085 -0.1828
vn -0.2650 0.1637 -0.9503
vn -0.5595 -0.8084 -0.1829
vn -0.2649 0.1636 -0.9503
vn -0.3578 -0.5360 -0.7646
vn -0.5594 -0.8085 -0.1828
vn -0.3578 -0.5360 -0.7647
vn -0.2649 0.1637 -0.9503
vn 0.2277 -0.1228 -0.9660
vn -0.1244 -0.3390 -0.9325
vn 0.2277 -0.1227 -0.9660
vn 0.3768 -0.0369 -0.9255
vn 0.3768 -0.0368 -0.9256
vn -0.3260 -0.5666 -0.7567
vn 0.2758 0.2282 -0.9338
vn -0.3261 -0.5666 -0.7568
vn 0.2758 0.2282 -0.9337
vn -0.3770 -0.5421 -0.7510
vn -0.4450 0.8699 0.2126
vn -0.5439 0.8383 -0.0380
vn -0.4956 0.6330 -0.5947
vn -0.4955 0.6331 -0.5947
vn 0.4218 0.1390 -0.8960
vn 0.7619 0.5842 -0.2797
vn -0.1310 0.2155 -0.9677
vn 0.2276 -0.1227 -0.9660
vn 0.7619 0.5842 -0.2796
vn -0.2309 0.8978 0.3750
vn -0.2308 0.8978 0.3750
vn -0.6600 0.6107 0.4377
vn 0.0044 0.9172 0.3984
vn -0.5440 0.8383 -0.0380
vn -0.4956 0.6331 -0.5947
vn -0.2895 0.7035 -0.6491
vn 0.1875 0.9764 0.1073
vn 0.5460 0.6726 0.4995
vn -0.0543 0.5790 -0.8135
vn -0.4270 -0.5630 -0.7076
vn -0.3770 -0.5422 -0.7510
vn -0.1785 0.5466 -0.8181
vn -0.4269 -0.5631 -0.7076
vn -0.6923 -0.6184 -0.3719
vn -0.4269 -0.5630 -0.7076
vn 0.1900 -0.0416 -0.9809
vn -0.5766 -0.7107 -0.4031
vn 0.1899 -0.0416 -0.9809
vn 0.6400 -0.4837 -0.5970
vn 0.6400 -0.4837 -0.5969
vn -0.4838 -0.8158 -0.3167
vn -0.5766 -0.7107 -0.4032
vn 0.6401 -0.4837 -0.5969
vn 0.7131 -0.6877 -0.1359
vn -0.4838 -0.8158 -0.3168
vn 0.7132 -0.6877 -0.1359
vn -0.5114 -0.8427 -0.1684
vn -0.4838 -0.8159 -0.3167
vn 0.6823 -0.7260 -0.0861
vn 0.6823 -0.7260 -0.0860
vn -0.5712 -0.8185 -0.0617
vn 0.6208 -0.7689 -0.1528
vn -0.5712 -0.8185 -0.0618
vn 0.6208 -0.7690 -0.1528
vn -0.6167 -0.7836 -0.0748
vn 0.6208 -0.7689 -0.1527
vn 0.5723 -0.7913 -0.2150
vn -0.6167 -0.7837 -0.0748
vn 0.5723 -0.7913 -0.2151
vn -0.6347 -0.7635 -0.1197
vn 0.4898 -0.7945 -0.3590
vn -0.6744 -0.7310 -0.1043
vn 0.7780 -0.2601 -0.5718
vn -0.7266 -0.5126 -0.4575
vn -0.6743 -0.7310 -0.1043
vn 0.1900 -0.0417 -0.9809
vn 0.1899 -0.0417 -0.9809
vn 0.4679 0.1803 -0.8652
vn -0.1786 0.5466 -0.8181
vn 0.5927 0.7625 -0.2592
vn 0.5724 -0.7913 -0.2150
vn -0.6247 -0.5071 -0.5938
vn -0.7267 -0.5125 -0.4575
vn 0.7780 -0.2602 -0.5719
vn -0.6246 -0.5072 -0.5938
vn -0.0818 -0.9964 -0.0238
vn 0.7570 -0.6471 -0.0905
vn -0.0818 -0.9964 -0.0237
vn 0.7132 -0.6877 -0.1358
vn 0.9898 -0.1418 -0.0104
vn 0.9857 -0.1640 -0.0376
vn 0.6208 -0.7690 -0.1527
vn -0.6690 -0.7420 -0.0428
vn -0.7585 -0.5596 -0.3339
vn -0.7163 -0.6932 -0.0796
vn -0.6690 -0.7421 -0.0428
vn -0.4270 -0.5631 -0.7076
vn -0.5113 -0.8427 -0.1684
vn -0.3769 -0.5422 -0.7510
vn -0.5595 -0.8084 -0.1828
vn -0.3261 -0.5666 -0.7567
vn -0.3579 -0.5360 -0.7646
vn -0.6379 -0.4692 -0.6107
vn -0.7266 -0.5125 -0.4575
vn -0.6247 -0.5072 -0.5938
vn -0.6378 -0.4692 -0.6107
vn -0.0607 -0.9979 0.0239
vn -0.6695 -0.3540 -0.6530
vn 0.1515 0.9860 0.0698
vn 0.6938 0.5312 0.4862
vn 0.5628 -0.3045 0.7685
vn 0.5847 -0.3496 0.7321
vn 0.5553 -0.5598 0.6150
vn 0.5847 -0.3496 0.7320
vn 0.5627 -0.3045 0.7685
vn 0.6578 -0.2874 0.6962
vn 0.5553 -0.5599 0.6150
vn 0.6002 -0.4727 0.6452
vn 0.4598 -0.7077 0.5363
vn 0.4599 -0.7077 0.5363
vn -0.0607 -0.9979 0.0240
vn 0.5556 -0.6113 0.5636
vn 0.6040 -0.3717 0.7050
vn 0.6040 -0.3718 0.7049
vn 0.6040 -0.3718 0.7050
vn 0.9431 0.1554 0.2941
vn 0.9430 0.1554 0.2941
vn 0.5556 -0.6112 0.5637
vn 0.5556 -0.6112 0.5636
vn 0.3367 0.8975 -0.2847
vn 0.0838 0.9244 -0.3722
vn 0.0898 0.8820 0.4627
vn 0.2833 0.8528 0.4386
vn 0.4631 0.8801 -0.1047
vn 0.3367 0.8975 -0.2848
vn 0.2833 0.8528 0.4387
vn 0.3756 0.8065 0.4566
vn 0.4630 0.8801 -0.1047
vn 0.4669 0.8798 0.0886
vn 0.3756 0.8065 0.4567
vn 0.3615 0.7794 0.5116
vn 0.3010 0.9247 0.2332
vn 0.3616 0.7794 0.5116
vn 0.1104 0.8281 0.5495
vn -0.5814 0.7281 -0.3631
vn -0.5814 0.7281 -0.3630
vn -0.5835 0.7514 0.3082
vn 0.0898 0.8819 0.4627
vn -0.2413 0.6687 0.7032
vn -0.2413 0.6688 0.7032
vn 0.2834 0.8528 0.4386
vn -0.8877 0.2494 0.3869
vn -0.2413 0.6687 0.7033
vn -0.9433 0.2840 -0.1720
vn -0.5835 0.7513 0.3082
vn 0.1879 0.7295 0.6577
vn -0.5927 0.6236 0.5097
vn -0.5927 0.6236 0.5098
vn -0.2029 0.8296 0.5202
vn 0.2902 0.7094 0.6424
vn 0.2902 0.7094 0.6423
vn 0.3084 0.6981 0.6462
vn 0.3615 0.7794 0.5117
vn 0.1104 0.8282 0.5495
vn 0.3616 0.7794 0.5117
vn 0.0506 0.7563 0.6522
vn 0.0616 0.5556 0.8292
vn -0.2234 0.5678 0.7923
vn -0.6028 0.7872 0.1305
vn 0.1244 0.5063 0.8533
vn -0.4082 0.0639 0.9107
vn -0.4081 0.0639 0.9107
vn -0.6028 0.7871 0.1305
vn -0.0302 -0.0249 0.9992
vn 0.1244 0.5064 0.8533
vn -0.8543 0.2918 0.4301
vn -0.6028 0.7871 0.1304
vn 0.0017 -0.0326 0.9995
vn 0.1869 0.5178 0.8349
vn 0.0017 -0.0327 0.9995
vn -0.0392 -0.0549 0.9977
vn -0.0682 -0.0750 0.9948
vn 0.1802 0.4792 0.8590
vn 0.1868 0.5178 0.8349
vn -0.3024 -0.0721 0.9504
vn -0.3024 -0.0720 0.9504
vn -0.1004 0.4637 0.8803
vn -0.3568 0.3037 0.8834
vn -0.3568 0.3037 0.8835
vn -0.3024 -0.0720 0.9505
vn -0.6051 -0.1435 0.7831
vn -0.6052 -0.1435 0.7831
vn -0.5090 -0.1385 0.8496
vn -0.5090 -0.1384 0.8496
vn -0.1583 -0.5699 0.8063
vn 0.0728 -0.1627 0.9840
vn 0.0727 -0.1627 0.9840
vn -0.1713 0.7236 0.6686
vn -0.0897 0.8235 0.5602
vn 0.1004 0.9431 0.3169
vn 0.3862 0.3537 0.8519
vn 0.5182 0.5460 0.6583
vn 0.2904 0.2104 0.9335
vn 0.3862 0.3538 0.8519
vn 0.5119 0.5229 -0.6816
vn 0.3502 0.9359 0.0395
vn 0.5118 0.5229 -0.6816
vn 0.3502 0.9358 0.0395
vn 0.4995 0.5129 -0.6982
vn 0.4995 0.5129 -0.6981
vn -0.3685 -0.5934 -0.7156
vn -0.3686 -0.5933 -0.7156
vn -0.1266 -0.7430 -0.6572
vn 0.3590 0.3655 -0.8588
vn -0.1431 -0.7672 -0.6253
vn -0.1265 -0.7430 -0.6572
vn 0.2275 0.3523 -0.9078
vn -0.1432 -0.7672 -0.6253
vn -0.0951 -0.7905 -0.6051
vn 0.0374 0.3457 -0.9376
vn -0.0951 -0.7904 -0.6051
vn -0.1195 -0.8193 -0.5607
vn -0.7877 -0.0866 -0.6099
vn -0.2421 -0.8352 -0.4938
vn -0.7877 -0.0866 -0.6100
vn -0.9281 0.2196 -0.3006
vn -0.2420 -0.8352 -0.4938
vn -0.8016 -0.4986 -0.3299
vn -0.9281 0.2196 -0.3005
vn -0.8016 -0.4985 -0.3299
vn -0.9766 -0.0212 0.2138
vn -0.9559 -0.2688 -0.1179
vn -0.9315 0.0735 0.3562
vn -0.7969 -0.5269 -0.2955
vn -0.9153 0.3286 0.2330
vn -0.7882 -0.5074 -0.3481
vn -0.7969 -0.5269 -0.2954
vn 0.2274 0.3523 -0.9078
vn 0.2939 0.8076 -0.5113
vn 0.0432 0.7887 -0.6132
vn -0.5298 0.6359 -0.5612
vn -0.5298 0.6360 -0.5612
vn -0.9282 0.2196 -0.3005
vn 0.4631 0.8801 -0.1046
vn 0.4544 0.8400 -0.2964
vn 0.2940 0.8076 -0.5113
vn 0.4545 0.8400 -0.2964
vn 0.4544 0.8400 -0.2963
vn 0.4755 0.8774 -0.0630
vn 0.4755 0.8775 -0.0630
vn 0.3502 0.9359 0.0396
vn 0.4755 0.8775 -0.0631
vn -0.9433 0.2840 -0.1719
vn 0.1875 0.9764 0.1074
vn -0.7598 0.6385 -0.1224
vn -0.9152 0.3287 0.2330
vn -0.7882 -0.5075 -0.3481
vn -0.7459 -0.5362 -0.3951
vn -0.7598 0.6385 -0.1223
vn -0.7651 0.5961 -0.2435
vn -0.7599 0.6385 -0.1223
vn -0.7460 -0.5361 -0.3951
vn -0.4119 -0.6420 -0.6467
vn -0.9839 0.0574 0.1691
vn -0.7651 0.5961 -0.2436
vn -0.4119 -0.6420 -0.6466
vn -0.4528 -0.7211 -0.5244
vn -0.9839 0.0573 0.1691
vn -0.4119 -0.6421 -0.6466
vn -0.6469 -0.3752 0.6639
vn -0.4529 -0.7211 -0.5244
vn -0.3773 -0.8248 -0.4211
vn -0.2063 -0.6102 0.7649
vn -0.2315 -0.8663 -0.4427
vn -0.1595 -0.6550 0.7386
vn -0.2314 -0.8663 -0.4426
vn -0.1220 -0.8564 -0.5017
vn -0.2314 -0.8663 -0.4427
vn -0.2286 -0.6973 0.6793
vn -0.1594 -0.6550 0.7386
vn -0.1313 -0.8246 -0.5503
vn -0.1221 -0.8564 -0.5017
vn -0.2917 -0.7185 0.6314
vn -0.1740 -0.8023 -0.5710
vn -0.2917 -0.7184 0.6315
vn -0.4341 -0.7166 0.5460
vn -0.2918 -0.7184 0.6315
vn -0.1552 -0.7748 -0.6128
vn -0.4340 -0.7166 0.5460
vn -0.1552 -0.7748 -0.6129
vn -0.4874 -0.5327 -0.6918
vn -0.6470 -0.3752 0.6638
vn -0.8543 0.2918 0.4302
vn -0.6028 0.7872 0.1304
vn -0.2028 0.8296 0.5202
vn -0.9153 0.3287 0.2330
vn -0.3025 -0.0720 0.9504
vn -0.4875 -0.5327 -0.6918
vn -0.6245 -0.5072 -0.5940
vn -0.5090 -0.1385 0.8495
vn -0.5091 -0.1384 0.8495
vn -0.6245 -0.5072 -0.5939
vn -0.1078 -0.9942 0.0017
vn -0.5090 -0.1384 0.8495
vn -0.4082 0.0639 0.9106
vn -0.6469 -0.3752 0.6638
vn -0.2064 -0.6102 0.7649
vn -0.0302 -0.0248 0.9992
vn 0.0018 -0.0327 0.9995
vn -0.0393 -0.0549 0.9977
vn -0.0683 -0.0750 0.9948
vn -0.0392 -0.0550 0.9977
vn -0.0682 -0.0751 0.9948
vn -0.0950 -0.7905 -0.6051
vn -0.3686 -0.5933 -0.7157
vn -0.1194 -0.8193 -0.5607
vn -0.1220 -0.8564 -0.5018
vn -0.2420 -0.8352 -0.4937
vn -0.9559 -0.2689 -0.1179
vn -0.7459 -0.5361 -0.3951
vn -0.3685 -0.5933 -0.7156
vn -0.1077 -0.9942 0.0017
vn -0.6696 -0.3540 -0.6530
vn 0.6894 -0.3584 0.6295
vn 0.7299 -0.3186 0.6047
vn 0.7300 -0.3186 0.6047
vn 0.5920 -0.4720 0.6532
vn 0.4658 -0.7083 0.5305
vn 0.4658 -0.7082 0.5305
vn 0.4997 -0.6065 0.6184
vn 0.6602 -0.3765 0.6500
vn 0.6602 -0.3765 0.6499
vn 0.5921 -0.4720 0.6532
vn 0.2904 0.2103 0.9335
vn 0.5460 0.6726 0.4994
vn 0.0727 -0.1626 0.9840
vn -0.1462 0.9089 0.3906
vn -0.3756 0.8553 0.3571
vn -0.5164 0.5712 0.6380
vn -0.3078 0.5537 0.7738
vn -0.2289 0.9673 0.1092
vn -0.1462 0.9089 0.3907
vn 0.0224 0.9864 0.1626
vn -0.2289 0.9673 0.1093
vn -0.1462 0.9088 0.3907
vn -0.0558 0.9862 -0.1558
vn 0.1930 0.9802 -0.0432
vn 0.1889 0.9401 0.2838
vn -0.3078 0.5537 0.7737
vn 0.1684 0.7788 0.6043
vn 0.1889 0.9401 0.2839
vn 0.2993 0.9471 0.1160
vn 0.4048 0.9130 0.0511
vn 0.3582 0.8897 -0.2831
vn 0.5518 0.8269 -0.1081
vn 0.1277 0.9024 -0.4115
vn 0.6071 0.7828 0.1363
vn 0.5519 0.8269 -0.1081
vn 0.7226 0.6907 0.0258
vn 0.5723 0.7982 0.1878
vn 0.1685 0.7788 0.6043
vn 0.5458 0.6382 0.5429
vn 0.5724 0.7982 0.1878
vn 0.8081 0.5363 0.2436
vn 0.7842 0.4207 0.4562
vn 0.8296 0.4911 0.2656
vn 0.9082 0.4052 0.1052
vn 0.7226 0.6908 0.0258
vn 0.9192 0.1659 0.3572
vn 0.9829 0.1005 0.1546
vn 0.9164 0.1857 0.3545
vn 0.8081 0.5364 0.2436
vn 0.7841 0.4207 0.4562
vn 0.8205 0.1797 0.5427
vn 0.5127 -0.0006 -0.8585
vn 0.1277 0.9024 -0.4116
vn 0.5128 -0.0006 -0.8585
vn 0.5524 0.0098 -0.8335
vn 0.5269 -0.0011 -0.8499
vn 0.7227 0.6907 0.0258
vn 0.5344 -0.0196 -0.8450
vn 0.5269 -0.0292 -0.8495
vn 0.9829 0.1004 0.1546
vn 0.5269 -0.0292 -0.8494
vn 0.5514 -0.0881 -0.8296
vn 0.6504 0.2217 0.7265
vn 0.3959 0.2881 0.8719
vn 0.1684 0.7787 0.6043
vn -0.0368 0.3407 0.9395
vn 0.1685 0.7787 0.6043
vn -0.0369 0.3407 0.9394
vn 0.9221 0.0226 0.3862
vn 0.9164 0.1857 0.3544
vn 0.7988 0.0974 0.5936
vn 0.7988 0.0973 0.5936
vn 0.6133 0.0983 0.7837
vn 0.7988 0.0973 0.5937
vn -0.5605 0.3101 0.7679
vn -0.0368 0.3407 0.9394
vn -0.1793 0.2717 0.9455
vn -0.2161 -0.4331 0.8750
vn -0.1793 0.2718 0.9455
vn -0.5606 0.3101 0.7679
vn -0.4588 -0.4078 0.7894
vn 0.3960 0.2881 0.8719
vn 0.2950 0.1376 0.9455
vn 0.6132 0.0983 0.7838
vn 0.2951 0.1376 0.9455
vn -0.0369 0.3407 0.9395
vn 0.2951 0.1375 0.9455
vn 0.6152 -0.6717 0.4127
vn 0.6398 -0.6786 0.3608
vn 0.9211 -0.0624 0.3843
vn 0.9222 0.0226 0.3862
vn 0.6398 -0.6786 0.3607
vn 0.9164 0.1858 0.3544
vn 0.9705 -0.1414 0.1955
vn 0.9705 -0.1414 0.1954
vn 0.9705 -0.1413 0.1955
vn 0.5689 -0.1967 -0.7985
vn 0.5635 -0.3337 -0.7557
vn 0.5690 -0.1967 -0.7985
vn 0.9705 -0.1413 0.1954
vn 0.7016 -0.6874 0.1877
vn 0.5635 -0.3337 -0.7558
vn 0.0869 -0.4932 0.8655
vn 0.3226 -0.5374 0.7792
vn 0.5278 -0.5790 0.6215
vn 0.7988 0.0974 0.5937
vn 0.6151 -0.6718 0.4127
vn -0.1165 -0.9494 0.2918
vn -0.4588 -0.4077 0.7894
vn -0.0618 -0.9445 0.3227
vn -0.1165 -0.9494 0.2917
vn 0.0093 -0.9748 0.2230
vn -0.1600 -0.9476 0.2765
vn 0.0093 -0.9748 0.2231
vn -0.1910 -0.9457 0.2630
vn -0.1037 -0.9596 0.2615
vn -0.0752 -0.9679 0.2396
vn -0.1037 -0.9596 0.2616
vn 0.0092 -0.9748 0.2230
vn -0.0207 -0.9788 0.2040
vn 0.1034 -0.9946 0.0130
vn 0.1034 -0.9946 0.0131
vn 0.0266 -0.9849 0.1711
vn 0.0265 -0.9849 0.1711
vn -0.0752 -0.9679 0.2397
vn 0.5278 -0.5789 0.6215
vn -0.0752 -0.9680 0.2396
vn 0.6152 -0.6718 0.4127
vn -0.1036 -0.9596 0.2615
vn 0.0869 -0.4932 0.8656
vn 0.0868 -0.4932 0.8656
vn -0.2162 -0.4331 0.8750
vn 0.5634 -0.2579 -0.7849
vn 0.5634 -0.2580 -0.7849
vn 0.5594 -0.0615 -0.8266
vn 0.5594 -0.0616 -0.8266
vn 0.5128 -0.0007 -0.8585
vn -0.5009 0.8515 0.1549
vn -0.7111 0.4885 0.5057
vn -0.3725 0.9226 -0.1000
vn -0.2466 0.9092 -0.3355
vn -0.3726 0.9226 -0.1000
vn -0.5325 0.8235 -0.1956
vn -0.5325 0.8235 -0.1957
vn -0.7798 0.6255 -0.0260
vn -0.4220 0.8305 -0.3635
vn -0.2466 0.9092 -0.3354
vn -0.3940 0.7839 -0.4799
vn -0.2467 0.9092 -0.3354
vn -0.0693 0.8206 -0.5673
vn -0.2841 0.6918 -0.6638
vn -0.5159 0.6014 -0.6101
vn -0.2842 0.6918 -0.6638
vn -0.5158 0.6014 -0.6101
vn -0.4374 0.5033 -0.7453
vn -0.5159 0.6013 -0.6101
vn -0.5533 0.6163 -0.5604
vn -0.8300 0.4159 -0.3716
vn -0.6316 0.3037 -0.7134
vn -0.6316 0.3037 -0.7133
vn -0.7900 0.1663 -0.5902
vn -0.6493 0.2521 -0.7175
vn -0.5159 0.6013 -0.6102
vn -0.5136 0.1754 -0.8399
vn -0.6494 0.2521 -0.7175
vn -0.4374 0.5033 -0.7452
vn -0.6932 -0.0946 -0.7145
vn -0.5137 0.1754 -0.8399
vn -0.5183 -0.1421 -0.8433
vn -0.6941 -0.0745 -0.7161
vn -0.7900 0.1664 -0.5902
vn -0.6940 -0.0745 -0.7161
vn -0.8284 -0.0867 -0.5533
vn -0.7900 0.1664 -0.5901
vn 0.5918 0.0121 -0.8060
vn -0.2841 0.6919 -0.6638
vn -0.0694 0.8206 -0.5673
vn 0.5790 0.0074 -0.8153
vn 0.5918 0.0122 -0.8060
vn 0.5790 0.0073 -0.8153
vn 0.5759 -0.0129 -0.8174
vn -0.4373 0.5033 -0.7453
vn 0.5848 -0.0198 -0.8110
vn -0.5183 -0.1422 -0.8433
vn 0.5847 -0.0198 -0.8110
vn 0.5709 -0.0850 -0.8166
vn -0.9425 -0.0357 -0.3323
vn -0.9966 0.0631 -0.0537
vn -0.9125 0.1992 0.3574
vn -0.9124 0.1992 0.3574
vn -0.8486 -0.1689 -0.5014
vn -0.9537 -0.1549 -0.2578
vn -0.8511 0.1632 0.4990
vn -0.6188 -0.4982 0.6074
vn -0.9935 -0.0707 0.0890
vn -0.8486 -0.1688 -0.5014
vn -0.6267 -0.7655 -0.1459
vn -0.7043 -0.7033 0.0966
vn -0.7068 -0.6215 0.3380
vn -0.7068 -0.6214 0.3380
vn -0.8511 0.1632 0.4989
vn -0.0130 -0.9327 0.3605
vn -0.0619 -0.9445 0.3227
vn -0.4589 -0.4078 0.7894
vn -0.0130 -0.9326 0.3606
vn 0.0162 -0.9191 0.3936
vn -0.0129 -0.9326 0.3606
vn 0.0392 -0.9085 0.4160
vn 0.0120 -0.9409 0.3384
vn 0.0392 -0.9085 0.4161
vn 0.0233 -0.9520 0.3051
vn 0.0383 -0.9692 0.2432
vn 0.1697 -0.9838 0.0571
vn 0.0522 -0.9807 0.1882
vn -0.2730 -0.8449 -0.4601
vn 0.5537 -0.3353 -0.7622
vn -0.2729 -0.8449 -0.4600
vn -0.4092 -0.8481 -0.3365
vn -0.2729 -0.8449 -0.4601
vn 0.0523 -0.9807 0.1882
vn -0.4488 -0.8437 -0.2945
vn 0.0382 -0.9692 0.2432
vn -0.6266 -0.7655 -0.1459
vn 0.0234 -0.9520 0.3051
vn -0.6681 -0.3193 -0.6721
vn -0.4976 -0.3786 -0.7804
vn -0.6932 -0.0947 -0.7145
vn -0.6681 -0.3192 -0.6721
vn -0.6889 -0.2378 -0.6847
vn -0.8284 -0.0868 -0.5533
vn 0.5603 -0.1981 -0.8043
vn 0.5602 -0.1981 -0.8043
vn 0.5537 -0.3353 -0.7623
vn -0.6889 -0.2377 -0.6847
vn 0.5537 -0.3352 -0.7623
vn 0.1696 -0.9839 0.0571
vn 0.5536 -0.3353 -0.7623
vn 0.5789 0.0073 -0.8153
vn 0.2989 0.9216 0.2478
vn 0.9644 0.2058 0.1659
vn 0.9548 0.2779 -0.1053
vn 0.2980 0.9287 0.2207
vn 0.2989 0.9215 0.2478
vn 0.9548 0.2779 -0.1052
vn 0.9644 0.2058 0.1660
vn 0.9766 -0.2017 0.0741
vn 0.9660 -0.1218 -0.2280
vn 0.9549 0.2778 -0.1052
vn 0.9766 -0.2018 0.0741
vn 0.8610 0.3637 -0.3556
vn 0.9548 0.2780 -0.1052
vn 0.8610 0.3636 -0.3556
vn 0.2886 0.9372 0.1957
vn 0.8616 -0.0266 -0.5069
vn 0.6921 0.4546 -0.5607
vn 0.8616 -0.0266 -0.5070
vn 0.6921 0.4546 -0.5606
vn 0.2718 0.9463 0.1752
vn 0.6735 0.0744 -0.7354
vn 0.6921 0.4547 -0.5607
vn 0.4647 0.5419 -0.7003
vn 0.6735 0.0743 -0.7354
vn 0.2718 0.9463 0.1753
vn 0.2491 0.9549 0.1614
vn 0.4203 0.1713 -0.8911
vn 0.5474 -0.2979 -0.7821
vn 0.3106 -0.2073 -0.9277
vn 0.5475 -0.2979 -0.7820
vn 0.3105 -0.2073 -0.9277
vn 0.5474 -0.2979 -0.7820
vn -0.1742 -0.9298 -0.3243
vn -0.1509 -0.9387 -0.3100
vn 0.8616 -0.0267 -0.5070
vn 0.7233 -0.3922 -0.5683
vn -0.1337 -0.9479 -0.2891
vn -0.1510 -0.9387 -0.3100
vn 0.8210 -0.4811 -0.3074
vn 0.8210 -0.4811 -0.3073
vn -0.1242 -0.9566 -0.2636
vn 0.8211 -0.4810 -0.3074
vn 0.7523 -0.6088 0.2520
vn -0.1309 -0.9692 -0.2087
vn -0.1232 -0.9640 -0.2358
vn 0.9766 -0.2018 0.0740
vn 0.8924 -0.2588 0.3698
vn 0.7523 -0.6088 0.2519
vn 0.9644 0.2058 0.1661
vn 0.8888 0.1543 0.4316
vn 0.8924 -0.2587 0.3698
vn 0.2914 0.9164 0.2742
vn 0.2914 0.9164 0.2743
vn 0.2011 0.6169 -0.7609
vn 0.2227 0.9624 0.1553
vn 0.2490 0.9550 0.1614
vn 0.2490 0.9550 0.1613
vn 0.2011 0.6168 -0.7610
vn 0.1267 0.2548 -0.9587
vn -0.0730 0.6723 -0.7367
vn -0.0729 0.6722 -0.7368
vn 0.2228 0.9624 0.1553
vn 0.1954 0.9680 0.1577
vn 0.2228 0.9624 0.1552
vn -0.1786 0.3165 -0.9316
vn -0.3307 0.7028 -0.6299
vn -0.0730 0.6723 -0.7366
vn -0.0729 0.6723 -0.7367
vn -0.3308 0.7028 -0.6298
vn 0.1697 0.9710 0.1684
vn 0.1955 0.9680 0.1577
vn -0.4657 0.3505 -0.8126
vn -0.1786 0.3164 -0.9317
vn -0.5470 0.7053 -0.4509
vn -0.3308 0.7027 -0.6299
vn -0.5471 0.7053 -0.4508
vn 0.1481 0.9713 0.1862
vn -0.7065 0.3535 -0.6132
vn -0.7006 0.6796 -0.2173
vn -0.5471 0.7053 -0.4509
vn -0.7064 0.3535 -0.6132
vn -0.7007 0.6796 -0.2173
vn 0.1328 0.9687 0.2096
vn 0.1481 0.9713 0.1861
vn -0.8773 0.3251 -0.3530
vn -0.7435 -0.0368 -0.6677
vn -0.9034 -0.0633 -0.4242
vn -0.2932 -0.9156 -0.2750
vn -0.7435 -0.0369 -0.6677
vn -0.2775 -0.9131 -0.2988
vn -0.5183 -0.0397 -0.8542
vn -0.7435 -0.0367 -0.6677
vn -0.5183 -0.0397 -0.8543
vn -0.2776 -0.9130 -0.2988
vn -0.5183 -0.0396 -0.8543
vn -0.2554 -0.9134 -0.3171
vn -0.2498 -0.0715 -0.9657
vn -0.5182 -0.0397 -0.8543
vn -0.2498 -0.0715 -0.9656
vn -0.2498 -0.0716 -0.9657
vn -0.2291 -0.9165 -0.3281
vn -0.4656 0.3505 -0.8126
vn -0.2498 -0.0714 -0.9657
vn 0.0358 -0.1293 -0.9910
vn -0.2498 -0.0716 -0.9656
vn -0.2291 -0.9165 -0.3280
vn -0.2012 -0.9221 -0.3305
vn -0.2011 -0.9221 -0.3305
vn 0.1267 0.2547 -0.9587
vn -0.7765 0.6282 0.0482
vn 0.1252 0.9636 0.2360
vn 0.1328 0.9687 0.2095
vn -0.7765 0.6282 0.0481
vn -0.9617 0.2681 -0.0573
vn -0.7673 0.5561 0.3195
vn -0.9617 0.2682 -0.0573
vn -0.7672 0.5562 0.3194
vn 0.1254 0.9636 0.2360
vn -0.7672 0.5561 0.3194
vn 0.1262 0.9565 0.2631
vn 0.1253 0.9636 0.2361
vn -0.9511 0.1882 0.2448
vn -0.6737 0.4704 0.5700
vn -0.7672 0.5561 0.3195
vn -0.9511 0.1882 0.2449
vn 0.1262 0.9565 0.2630
vn 0.1356 0.9480 0.2880
vn -0.8468 0.0930 0.5237
vn -0.5049 0.3794 0.7754
vn -0.8468 0.0930 0.5238
vn -0.6736 0.4704 0.5701
vn 0.1356 0.9479 0.2882
vn 0.1524 0.9389 0.3085
vn 0.1356 0.9480 0.2881
vn -0.6587 -0.0080 0.7523
vn -0.5049 0.3794 0.7753
vn -0.2774 0.2921 0.9153
vn -0.5048 0.3794 0.7754
vn 0.1523 0.9389 0.3086
vn 0.1751 0.9302 0.3225
vn -0.4055 -0.1050 0.9080
vn -0.6588 -0.0080 0.7523
vn -0.6987 -0.3742 0.6098
vn -0.4618 -0.4648 0.7555
vn -0.4618 -0.4648 0.7554
vn -0.6986 -0.3741 0.6099
vn -0.2499 -0.9551 -0.1593
vn -0.2731 -0.9462 -0.1735
vn -0.8468 0.0931 0.5237
vn -0.8746 -0.2798 0.3960
vn -0.8745 -0.2798 0.3961
vn -0.6987 -0.3741 0.6098
vn -0.8746 -0.2798 0.3961
vn -0.2731 -0.9462 -0.1736
vn -0.2904 -0.9369 -0.1946
vn -0.9723 -0.1910 0.1350
vn -0.2903 -0.9369 -0.1946
vn -0.2999 -0.9282 -0.2202
vn -0.2904 -0.9369 -0.1945
vn -0.9822 -0.1164 -0.1476
vn -0.9822 -0.1164 -0.1477
vn -0.3008 -0.9209 -0.2478
vn -0.9033 -0.0632 -0.4242
vn -0.9822 -0.1164 -0.1475
vn -0.9033 -0.0633 -0.4242
vn -0.3009 -0.9209 -0.2479
vn -0.2931 -0.9157 -0.2750
vn -0.8774 0.3251 -0.3529
vn -0.0135 0.2170 0.9761
vn 0.2014 0.9228 0.3285
vn 0.1751 0.9302 0.3226
vn -0.0135 0.2169 0.9761
vn -0.1119 -0.1885 0.9757
vn 0.2608 0.1615 0.9518
vn -0.0136 0.2169 0.9761
vn -0.1119 -0.1884 0.9757
vn 0.2609 0.1614 0.9518
vn 0.2014 0.9228 0.3286
vn 0.2608 0.1614 0.9518
vn 0.2287 0.9172 0.3262
vn 0.2015 0.9228 0.3285
vn 0.1935 -0.2502 0.9487
vn -0.1118 -0.1885 0.9757
vn 0.5189 0.1310 0.8448
vn 0.1936 -0.2502 0.9486
vn 0.2609 0.1615 0.9518
vn 0.2288 0.9172 0.3262
vn 0.2545 0.9142 0.3155
vn 0.4807 -0.2842 0.8295
vn 0.1936 -0.2502 0.9487
vn 0.7353 0.1286 0.6655
vn 0.4807 -0.2842 0.8296
vn 0.5189 0.1310 0.8447
vn 0.7352 0.1286 0.6655
vn 0.2546 0.9142 0.3154
vn 0.7353 0.1285 0.6655
vn 0.2761 0.9139 0.2976
vn 0.7215 -0.2871 0.6301
vn 0.8888 0.1544 0.4316
vn 0.7352 0.1285 0.6655
vn 0.8887 0.1543 0.4317
vn 0.2914 0.9164 0.2744
vn 0.5923 -0.6353 0.4955
vn 0.5924 -0.6352 0.4956
vn 0.5924 -0.6353 0.4955
vn 0.5923 -0.6353 0.4956
vn -0.1465 -0.9718 -0.1848
vn 0.4807 -0.2843 0.8295
vn 0.3672 -0.6324 0.6821
vn 0.5924 -0.6352 0.4955
vn 0.5924 -0.6353 0.4954
vn 0.3672 -0.6323 0.6822
vn -0.1467 -0.9718 -0.1848
vn 0.3671 -0.6324 0.6821
vn -0.1687 -0.9715 -0.1665
vn -0.1466 -0.9718 -0.1849
vn 0.3671 -0.6323 0.6822
vn 0.0986 -0.6005 0.7935
vn 0.0986 -0.6005 0.7936
vn -0.1949 -0.9684 -0.1556
vn -0.1686 -0.9715 -0.1665
vn -0.1870 -0.5428 0.8188
vn 0.0985 -0.6005 0.7936
vn -0.1870 -0.5427 0.8188
vn -0.1950 -0.9684 -0.1556
vn -0.2230 -0.9627 -0.1531
vn -0.1871 -0.5428 0.8188
vn -0.1871 -0.5427 0.8188
vn -0.4617 -0.4648 0.7555
vn -0.2229 -0.9627 -0.1532
vn -0.2130 -0.9464 -0.2429
vn -0.2011 -0.9222 -0.3304
vn -0.2129 -0.9464 -0.2429
vn -0.2775 -0.9130 -0.2989
vn -0.2130 -0.9464 -0.2428
vn -0.3009 -0.9209 -0.2478
vn -0.2129 -0.9464 -0.2428
vn -0.2732 -0.9462 -0.1736
vn -0.1510 -0.9386 -0.3101
vn -0.1242 -0.9566 -0.2635
vn -0.1309 -0.9692 -0.2086
vn 0.2129 0.9464 0.2429
vn 0.1253 0.9637 0.2359
vn 0.1253 0.9637 0.2360
vn 0.1482 0.9713 0.1862
vn 0.1697 0.9710 0.1683
vn 0.1482 0.9713 0.1863
vn 0.2130 0.9464 0.2429
vn 0.2980 0.9287 0.2208
vn 0.1355 0.9480 0.2881
vn 0.1524 0.9389 0.3086
vn 0.2014 0.9227 0.3286
vn 0.3306 0.9364 -0.1180
vn 0.9695 0.2244 0.0982
vn 0.9657 0.1868 -0.1802
vn 0.3302 0.9326 -0.1458
vn 0.9657 0.1868 -0.1801
vn 0.9675 -0.1873 0.1702
vn 0.9633 -0.2295 -0.1396
vn 0.9674 -0.1874 0.1702
vn 0.8780 0.1724 -0.4465
vn 0.9633 -0.2294 -0.1396
vn 0.8780 0.1724 -0.4466
vn 0.3215 0.9311 -0.1723
vn 0.3303 0.9326 -0.1458
vn 0.8656 -0.2459 -0.4362
vn 0.9632 -0.2295 -0.1396
vn 0.7150 0.1825 -0.6749
vn 0.3214 0.9311 -0.1723
vn 0.3052 0.9321 -0.1951
vn 0.6841 -0.2350 -0.6905
vn 0.4927 0.2162 -0.8429
vn 0.6841 -0.2349 -0.6905
vn 0.4926 0.2162 -0.8430
vn 0.3052 0.9321 -0.1950
vn 0.2830 0.9354 -0.2118
vn 0.4365 -0.1977 -0.8777
vn 0.5446 -0.5925 -0.5936
vn 0.3130 -0.5577 -0.7687
vn 0.4364 -0.1977 -0.8778
vn 0.5446 -0.5924 -0.5936
vn 0.3129 -0.5577 -0.7688
vn -0.2055 -0.9772 0.0536
vn 0.5446 -0.5924 -0.5937
vn -0.1828 -0.9806 0.0708
vn -0.2054 -0.9772 0.0537
vn 0.7144 -0.6025 -0.3558
vn 0.7144 -0.6026 -0.3557
vn -0.1827 -0.9806 0.0709
vn -0.1660 -0.9816 0.0941
vn -0.1827 -0.9806 0.0708
vn 0.7144 -0.6026 -0.3558
vn 0.8057 -0.5870 -0.0784
vn 0.8058 -0.5870 -0.0783
vn -0.1661 -0.9816 0.0941
vn 0.8058 -0.5871 -0.0783
vn -0.1571 -0.9801 0.1212
vn -0.1661 -0.9816 0.0942
vn 0.9632 -0.2296 -0.1396
vn 0.8058 -0.5870 -0.0784
vn 0.8098 -0.5473 0.2114
vn 0.8098 -0.5473 0.2113
vn -0.1572 -0.9801 0.1213
vn 0.8097 -0.5474 0.2114
vn -0.1568 -0.9762 0.1497
vn 0.7259 -0.4876 0.4851
vn 0.7259 -0.4875 0.4852
vn -0.1567 -0.9762 0.1497
vn -0.1649 -0.9704 0.1766
vn -0.1567 -0.9762 0.1496
vn 0.9674 -0.1874 0.1701
vn 0.8778 -0.1235 0.4629
vn 0.9696 0.2243 0.0982
vn 0.8890 0.2814 0.3612
vn 0.3226 0.9421 -0.0918
vn 0.8891 0.2814 0.3611
vn 0.9695 0.2244 0.0981
vn 0.2327 0.2700 -0.9343
vn 0.2571 0.9408 -0.2210
vn 0.2830 0.9354 -0.2119
vn 0.2329 0.2700 -0.9343
vn 0.1470 -0.1378 -0.9795
vn 0.4364 -0.1977 -0.8777
vn -0.0393 0.3388 -0.9400
vn 0.2328 0.2700 -0.9343
vn 0.2571 0.9408 -0.2209
vn -0.0393 0.3389 -0.9400
vn 0.2300 0.9477 -0.2215
vn -0.1560 -0.0612 -0.9859
vn -0.2970 0.4160 -0.8595
vn -0.1561 -0.0611 -0.9859
vn -0.2970 0.4159 -0.8595
vn 0.2043 0.9553 -0.2135
vn 0.2299 0.9477 -0.2215
vn -0.4430 0.0247 -0.8962
vn -0.5150 0.4937 -0.7008
vn -0.2969 0.4159 -0.8595
vn -0.5151 0.4937 -0.7007
vn 0.1825 0.9631 -0.1976
vn 0.2043 0.9554 -0.2134
vn -0.6857 0.1116 -0.7193
vn -0.5150 0.4937 -0.7007
vn -0.6721 0.5646 -0.4791
vn -0.5150 0.4936 -0.7008
vn 0.1825 0.9631 -0.1977
vn 0.1669 0.9702 -0.1756
vn -0.8605 0.1908 -0.4725
vn -0.6857 0.1115 -0.7193
vn -0.7368 -0.2683 -0.6206
vn -0.9002 -0.1942 -0.3897
vn -0.8605 0.1907 -0.4725
vn -0.9003 -0.1941 -0.3897
vn -0.3244 -0.9416 0.0908
vn -0.3083 -0.9488 0.0681
vn -0.3243 -0.9416 0.0908
vn -0.5098 -0.3496 -0.7860
vn -0.7368 -0.2684 -0.6206
vn -0.5098 -0.3496 -0.7861
vn -0.3084 -0.9488 0.0682
vn -0.5098 -0.3495 -0.7860
vn -0.2860 -0.9568 0.0520
vn -0.5098 -0.3497 -0.7860
vn -0.2414 -0.4300 -0.8699
vn -0.2415 -0.4301 -0.8699
vn -0.2861 -0.9568 0.0519
vn -0.2597 -0.9647 0.0437
vn -0.2414 -0.4300 -0.8700
vn -0.2414 -0.4301 -0.8699
vn 0.0421 -0.5018 -0.8640
vn -0.2598 -0.9647 0.0437
vn -0.2321 -0.9717 0.0444
vn -0.1561 -0.0611 -0.9858
vn 0.0420 -0.5018 -0.8640
vn -0.2319 -0.9717 0.0443
vn -0.2054 -0.9772 0.0536
vn -0.7528 0.6217 -0.2163
vn 0.1588 0.9760 -0.1493
vn 0.1668 0.9703 -0.1755
vn -0.7528 0.6217 -0.2162
vn 0.1668 0.9702 -0.1756
vn -0.9502 0.2546 -0.1798
vn -0.7493 0.6593 0.0621
vn 0.1588 0.9759 -0.1493
vn 0.1591 0.9797 -0.1216
vn -0.9461 0.2967 0.1300
vn -0.7493 0.6594 0.0620
vn -0.9502 0.2545 -0.1798
vn -0.6618 0.6738 0.3285
vn -0.6619 0.6738 0.3285
vn 0.1592 0.9797 -0.1216
vn -0.6618 0.6738 0.3286
vn 0.1679 0.9812 -0.0950
vn -0.8485 0.3132 0.4266
vn -0.4989 0.6638 0.5572
vn 0.1842 0.9802 -0.0723
vn 0.1679 0.9812 -0.0951
vn -0.6670 0.3022 0.6810
vn -0.2765 0.6302 0.7256
vn -0.2765 0.6302 0.7255
vn 0.1842 0.9802 -0.0722
vn 0.2063 0.9769 -0.0555
vn -0.4194 0.2650 0.8683
vn -0.7191 -0.0891 0.6892
vn -0.4874 -0.1239 0.8643
vn -0.7190 -0.0892 0.6892
vn -0.7191 -0.0892 0.6892
vn -0.2839 -0.9347 0.2137
vn -0.7190 -0.0891 0.6892
vn -0.3067 -0.9313 0.1966
vn -0.2839 -0.9347 0.2138
vn -0.8889 -0.0791 0.4512
vn -0.8889 -0.0791 0.4513
vn -0.3065 -0.9313 0.1966
vn -0.8889 -0.0790 0.4512
vn -0.3233 -0.9303 0.1732
vn -0.3066 -0.9313 0.1966
vn -0.8485 0.3132 0.4265
vn -0.9802 -0.0946 0.1738
vn -0.3322 -0.9318 0.1460
vn -0.3232 -0.9303 0.1732
vn -0.9461 0.2967 0.1299
vn -0.9841 -0.1342 -0.1160
vn -0.9841 -0.1343 -0.1160
vn -0.3325 -0.9357 0.1176
vn -0.9002 -0.1941 -0.3897
vn -0.9502 0.2546 -0.1799
vn -0.0163 0.5762 0.8171
vn 0.2324 0.9715 -0.0463
vn 0.2064 0.9769 -0.0554
vn -0.0163 0.5763 0.8171
vn -0.0164 0.5762 0.8171
vn -0.2764 0.6302 0.7256
vn -0.1298 0.2051 0.9701
vn 0.2560 0.5073 0.8229
vn 0.2559 0.5073 0.8229
vn 0.2323 0.9715 -0.0463
vn 0.2595 0.9647 -0.0457
vn 0.1733 0.1284 0.9765
vn -0.1299 0.2051 0.9701
vn 0.5140 0.4301 0.7422
vn 0.2560 0.5073 0.8228
vn 0.5139 0.4301 0.7422
vn 0.2852 0.9570 -0.0538
vn 0.2594 0.9647 -0.0457
vn 0.4602 0.0425 0.8868
vn 0.1733 0.1285 0.9765
vn 0.7320 0.3523 0.5831
vn 0.3069 0.9492 -0.0696
vn 0.7030 -0.0444 0.7098
vn 0.8890 0.2814 0.3611
vn 0.7030 -0.0443 0.7098
vn 0.7321 0.3523 0.5831
vn 0.3070 0.9492 -0.0696
vn 0.5624 -0.4133 0.7162
vn 0.5624 -0.4133 0.7161
vn 0.5624 -0.4134 0.7161
vn -0.1649 -0.9704 0.1765
vn -0.1810 -0.9631 0.1991
vn 0.4603 0.0425 0.8868
vn 0.3354 -0.3320 0.8816
vn 0.5625 -0.4133 0.7161
vn 0.5625 -0.4134 0.7161
vn 0.3354 -0.3320 0.8817
vn -0.1810 -0.9631 0.1992
vn -0.2033 -0.9551 0.2154
vn 0.4603 0.0425 0.8867
vn 0.0670 -0.2515 0.9655
vn 0.0669 -0.2516 0.9655
vn -0.2296 -0.9472 0.2236
vn -0.2032 -0.9551 0.2154
vn 0.0670 -0.2516 0.9655
vn 0.1732 0.1285 0.9765
vn -0.2166 -0.1798 0.9596
vn -0.2165 -0.1798 0.9596
vn -0.2573 -0.9402 0.2231
vn -0.2295 -0.9473 0.2237
vn -0.1299 0.2052 0.9701
vn -0.2165 -0.1799 0.9596
vn -0.1298 0.2052 0.9701
vn -0.4874 -0.1239 0.8644
vn -0.2574 -0.9402 0.2231
vn -0.2573 -0.9402 0.2230
vn -0.2457 -0.9600 0.1342
vn -0.2320 -0.9717 0.0443
vn -0.3083 -0.9489 0.0681
vn -0.3066 -0.9313 0.1965
vn -0.1571 -0.9801 0.1213
vn -0.2295 -0.9472 0.2237
vn 0.2457 0.9600 -0.1342
vn 0.3302 0.9326 -0.1457
vn 0.3225 0.9421 -0.0917
vn -0.0000 0.9990 0.0436
vn 0.0436 0.9990 -0.0000
vn -0.0000 0.9990 -0.0436
vn -0.0283 0.9894 -0.1422
vn -0.0000 0.9798 -0.2000
vn -0.0390 0.9798 -0.1962
vn -0.0765 0.9798 -0.1848
vn -0.0555 0.9894 -0.1339
vn -0.1111 0.9798 -0.1663
vn -0.0805 0.9894 -0.1205
vn -0.1414 0.9798 -0.1414
vn -0.1025 0.9894 -0.1025
vn -0.1663 0.9798 -0.1111
vn -0.1205 0.9894 -0.0805
vn -0.1848 0.9798 -0.0765
vn -0.1339 0.9894 -0.0555
vn -0.1962 0.9798 -0.0390
vn -0.1422 0.9894 -0.0283
vn -0.2000 0.9798 -0.0000
vn -0.1449 0.9894 -0.0000
vn -0.1422 0.9894 0.0283
vn -0.1962 0.9798 0.0390
vn -0.1848 0.9798 0.0765
vn -0.1339 0.9894 0.0555
vn -0.1663 0.9798 0.1111
vn -0.1205 0.9894 0.0805
vn -0.1414 0.9798 0.1414
vn -0.1025 0.9894 0.1025
vn -0.1111 0.9798 0.1663
vn -0.0805 0.9894 0.1205
vn -0.0765 0.9798 0.1848
vn -0.0555 0.9894 0.1339
vn -0.0390 0.9798 0.1962
vn -0.0283 0.9894 0.1422
vn -0.0000 0.9798 0.2000
vn -0.0000 0.9894 0.1449
vn 0.0283 0.9894 0.1422
vn 0.0390 0.9798 0.1962
vn 0.0765 0.9798 0.1848
vn 0.0555 0.9894 0.1339
vn 0.1111 0.9798 0.1663
vn 0.0805 0.9894 0.1205
vn 0.1414 0.9798 0.1414
vn 0.1025 0.9894 0.1025
vn 0.1663 0.9798 0.1111
vn 0.1205 0.9894 0.0805
vn 0.1848 0.9798 0.0765
vn 0.1339 0.9894 0.0555
vn 0.1962 0.9798 0.0390
vn 0.1422 0.9894 0.0283
vn 0.2000 0.9798 -0.0000
vn 0.1449 0.9894 -0.0000
vn 0.1422 0.9894 -0.0283
vn 0.1962 0.9798 -0.0390
vn 0.1848 0.9798 -0.0765
vn 0.1339 0.9894 -0.0555
vn 0.1663 0.9798 -0.1111
vn 0.1205 0.9894 -0.0805
vn 0.1414 0.9798 -0.1414
vn 0.1025 0.9894 -0.1025
vn 0.1111 0.9798 -0.1663
vn 0.0805 0.9894 -0.1205
vn 0.0765 0.9798 -0.1848
vn 0.0555 0.9894 -0.1339
vn 0.0390 0.9798 -0.1962
vn 0.0283 0.9894 -0.1422
vn -0.0000 0.9894 -0.1449
vn -0.0085 0.9990 -0.0428
vn -0.0167 0.9990 -0.0403
vn -0.0242 0.9990 -0.0363
vn -0.0309 0.9990 -0.0309
vn -0.0363 0.9990 -0.0242
vn -0.0403 0.9990 -0.0167
vn -0.0428 0.9990 -0.0085
vn -0.0436 0.9990 -0.0000
vn -0.0428 0.9990 0.0085
vn -0.0403 0.9990 0.0167
vn -0.0363 0.9990 0.0242
vn -0.0309 0.9990 0.0309
vn -0.0242 0.9990 0.0363
vn -0.0167 0.9990 0.0403
vn -0.0085 0.9990 0.0428
vn 0.0085 0.9990 0.0428
vn 0.0167 0.9990 0.0403
vn 0.0242 0.9990 0.0363
vn 0.0309 0.9990 0.0309
vn 0.0363 0.9990 0.0242
vn 0.0403 0.9990 0.0167
vn 0.0428 0.9990 0.0085
vn 0.0428 0.9990 -0.0085
vn 0.0403 0.9990 -0.0167
vn 0.0363 0.9990 -0.0242
vn 0.0309 0.9990 -0.0309
vn 0.0242 0.9990 -0.0363
vn 0.0167 0.9990 -0.0403
vn 0.0085 0.9990 -0.0428
vn 0.4882 0.7205 -0.4925
vn 0.1439 0.7162 -0.6829
vn 0.0254 0.9974 0.0677
vn 0.0489 0.9935 0.1031
vn 0.0254 0.9974 0.0678
vn -0.0008 0.9948 0.1014
vn -0.0354 0.9957 0.0855
vn -0.0075 0.9996 0.0289
vn -0.0075 0.9996 0.0290
vn -0.0033 0.9941 0.1085
vn 0.0488 0.9935 0.1031
vn 0.0247 0.9909 0.1326
vn -0.7499 0.6554 0.0900
vn -0.0355 0.9957 0.0855
vn -0.7035 0.6391 0.3110
vn -0.7498 0.6555 0.0900
vn -0.0074 0.9996 0.0289
vn -0.7352 0.6590 -0.1590
vn -0.2834 0.6803 -0.6759
vn -0.7035 0.6391 0.3109
vn -0.5249 0.6112 0.5923
vn 0.0248 0.9909 0.1326
vn -0.5249 0.6113 0.5923
vn 0.0592 0.9906 0.1230
vn 0.0399 0.9891 0.1420
vn 0.0591 0.9906 0.1230
vn 0.5779 0.7225 -0.3794
vn -0.4720 0.6152 0.6314
vn 0.0247 0.9909 0.1325
vn -0.4721 0.6152 0.6314
vn 0.4770 0.6773 0.5602
vn -0.4721 0.6153 0.6314
vn 0.0011 0.4815 0.8765
vn 0.8269 0.5525 0.1046
vn 0.0592 0.9906 0.1229
vn 0.4859 0.6792 0.5502
vn 0.4769 0.6773 0.5602
vn 0.4859 0.6791 0.5501
vn 0.4859 0.6791 0.5502
vn 0.1368 0.0335 -0.9900
vn 0.6208 0.0849 -0.7793
vn 0.1768 -0.0457 -0.9832
vn 0.6208 0.0850 -0.7793
vn 0.6324 -0.0012 -0.7747
vn 0.2493 -0.1346 -0.9590
vn 0.6504 -0.0746 -0.7560
vn -0.2792 -0.2260 -0.9333
vn -0.3635 -0.1020 -0.9260
vn -0.3844 -0.0254 -0.9228
vn -0.2835 0.6803 -0.6759
vn 0.1405 -0.6640 -0.7344
vn 0.6504 -0.0746 -0.7559
vn 0.4358 -0.6603 -0.6116
vn 0.6504 -0.0747 -0.7559
vn -0.2254 -0.6789 -0.6988
vn -0.2254 -0.6788 -0.6988
vn 0.7601 0.0066 -0.6498
vn 0.7529 -0.0712 -0.6543
vn 0.4359 -0.6603 -0.6116
vn 0.7618 0.0916 -0.6412
vn 0.6208 0.0850 -0.7794
vn 0.7618 0.0916 -0.6413
vn 0.7619 0.0916 -0.6412
vn 0.9998 0.0044 0.0210
vn 0.7528 -0.0712 -0.6543
vn 0.4924 -0.6944 -0.5247
vn 0.9944 -0.1012 0.0305
vn 0.9965 -0.0560 0.0618
vn 0.9965 -0.0561 0.0618
vn 0.7817 -0.6237 0.0050
vn 0.4924 -0.6945 -0.5247
vn 0.7528 -0.0713 -0.6543
vn 0.7817 -0.6236 0.0050
vn -0.8954 -0.4417 -0.0553
vn -0.8157 -0.5333 0.2241
vn -0.9389 -0.1506 0.3095
vn -0.9885 -0.1492 0.0243
vn -0.9469 -0.0966 0.3067
vn -0.9953 -0.0948 0.0185
vn -0.9953 -0.0947 0.0185
vn -0.6420 -0.7647 -0.0555
vn -0.6179 -0.7743 0.1364
vn -0.6301 -0.5833 0.5126
vn -0.6179 -0.7744 0.1364
vn -0.5418 -0.7321 0.4130
vn -0.7244 -0.1475 0.6734
vn -0.7292 -0.0974 0.6774
vn -0.7291 -0.0973 0.6774
vn -0.6074 -0.7488 -0.2652
vn -0.6419 -0.7647 -0.0555
vn -0.8594 -0.3662 -0.3569
vn -0.2791 -0.2260 -0.9333
vn -0.8594 -0.3662 -0.3568
vn -0.9474 -0.1479 -0.2840
vn -0.9474 -0.1478 -0.2839
vn -0.9523 -0.0874 -0.2924
vn -0.9523 -0.0874 -0.2925
vn -0.7291 -0.0974 0.6774
vn -0.6713 -0.1922 0.7158
vn -0.6722 -0.1019 0.7333
vn -0.7292 -0.0973 0.6774
vn 0.0011 0.4814 0.8765
vn 0.0077 -0.1794 0.9837
vn -0.6723 -0.1019 0.7333
vn 0.0098 -0.2349 0.9720
vn -0.5419 -0.7320 0.4130
vn -0.5418 -0.7321 0.4129
vn -0.4604 -0.7923 0.4003
vn -0.6714 -0.1922 0.7158
vn 0.0778 -0.7559 0.6501
vn 0.0097 -0.2349 0.9720
vn -0.0184 -0.9898 -0.1413
vn 0.4359 -0.6602 -0.6116
vn -0.0040 -0.9889 -0.1483
vn -0.0286 -0.9910 -0.1306
vn -0.0286 -0.9910 -0.1305
vn -0.2254 -0.6788 -0.6989
vn -0.6075 -0.7488 -0.2652
vn -0.0400 -0.9928 -0.1130
vn -0.0400 -0.9928 -0.1129
vn -0.0544 -0.9937 -0.0982
vn -0.0545 -0.9937 -0.0982
vn -0.0545 -0.9938 -0.0967
vn -0.5419 -0.7320 0.4129
vn -0.0554 -0.9934 -0.1002
vn -0.5418 -0.7320 0.4129
vn -0.0160 -0.9945 -0.1035
vn -0.0040 -0.9889 -0.1482
vn 0.0078 -0.9910 -0.1337
vn -0.0374 -0.9956 -0.0858
vn -0.4603 -0.7923 0.4003
vn -0.4604 -0.7924 0.4003
vn 0.4656 -0.7900 0.3990
vn 0.4656 -0.7899 0.3990
vn 0.4478 -0.7645 0.4637
vn 0.4699 -0.7579 0.4525
vn 0.4699 -0.7580 0.4524
vn 0.4699 -0.7579 0.4524
vn 0.6939 -0.0480 0.7184
vn 0.8269 0.5525 0.1047
vn 0.6757 -0.0519 0.7354
vn 0.6757 -0.0519 0.7353
vn 0.6931 -0.1007 0.7137
vn 0.6931 -0.1007 0.7138
vn 0.6929 -0.1223 0.7106
vn 0.6851 -0.1243 0.7178
vn 0.6734 -0.1257 0.7285
vn 0.4699 -0.7580 0.4525
vn 0.0010 0.4814 0.8765
vn 0.0778 -0.7559 0.6500
vn 0.6932 -0.1007 0.7137
vn 0.9944 -0.1012 0.0304
vn 0.6850 -0.1243 0.7178
vn 0.7117 0.2784 -0.6450
vn 0.7645 0.2652 -0.5875
vn 0.8418 -0.1503 -0.5185
vn 0.8286 -0.1481 -0.5399
vn 0.7117 0.2784 -0.6449
vn 0.7903 -0.4643 -0.3999
vn 0.7901 -0.4399 -0.4269
vn 0.4641 0.6685 -0.5812
vn 0.5032 0.6853 -0.5265
vn 0.3469 0.7959 -0.4962
vn 0.3226 0.7794 -0.5370
vn 0.4343 0.6359 -0.6380
vn 0.3227 0.7794 -0.5370
vn 0.2822 0.7490 -0.5995
vn 0.2304 0.7055 -0.6702
vn 0.3632 0.6082 -0.7058
vn 0.3633 0.6082 -0.7058
vn 0.6401 0.3026 -0.7062
vn 0.8008 -0.0820 -0.5933
vn 0.6400 0.3026 -0.7062
vn 0.7901 -0.4400 -0.4269
vn 0.7944 -0.4113 -0.4469
vn 0.1042 0.5809 -0.8073
vn 0.2437 0.4898 -0.8371
vn 0.5093 0.2390 -0.8267
vn 0.6648 -0.1135 -0.7383
vn 0.7156 -0.4010 -0.5720
vn 0.7070 -0.6302 -0.3210
vn 0.6854 -0.6506 -0.3270
vn 0.6942 -0.6550 -0.2984
vn 0.6736 -0.6182 -0.4051
vn 0.1738 -0.9848 -0.0050
vn 0.1837 -0.9826 0.0264
vn 0.1739 -0.9848 -0.0050
vn 0.6942 -0.6550 -0.2983
vn 0.2157 -0.9764 0.0103
vn 0.2242 -0.9714 -0.0785
vn 0.7319 -0.6521 -0.1980
vn 0.7318 -0.6521 -0.1980
vn 0.8216 -0.4797 -0.3082
vn 0.8652 -0.3372 -0.3711
vn 0.8215 -0.4797 -0.3082
vn 0.8805 0.1276 -0.4565
vn 0.9516 -0.1499 0.2683
vn 0.8805 0.1276 -0.4566
vn 0.9428 0.2307 0.2405
vn 0.8805 0.1275 -0.4565
vn 0.7980 0.3687 -0.4767
vn 0.9428 0.2308 0.2405
vn 0.5807 0.6870 -0.4368
vn 0.8510 0.4850 0.2016
vn 0.8510 0.4849 0.2016
vn 0.6683 0.7047 0.2383
vn 0.3892 0.8208 -0.4181
vn 0.5774 0.7915 0.2006
vn 0.8991 -0.2935 0.3246
vn 0.8334 -0.4114 0.3691
vn 0.8334 -0.4114 0.3692
vn 0.8216 -0.4797 -0.3081
vn 0.4030 -0.7379 0.5413
vn 0.2182 -0.9687 0.1181
vn 0.1837 -0.9826 0.0263
vn -0.3095 -0.1929 -0.9311
vn -0.3137 0.0063 -0.9495
vn 0.1042 0.5808 -0.8073
vn -0.2472 -0.3841 -0.8896
vn 0.5094 0.2390 -0.8267
vn -0.2570 -0.3786 -0.8892
vn -0.2472 -0.3840 -0.8896
vn -0.2125 -0.3971 -0.8928
vn 0.6648 -0.1134 -0.7383
vn -0.2598 -0.4672 -0.8451
vn -0.2126 -0.3971 -0.8928
vn 0.7155 -0.4010 -0.5720
vn -0.4727 -0.6827 -0.5573
vn -0.4727 -0.6827 -0.5572
vn -0.5829 -0.6535 -0.4828
vn -0.5065 -0.3851 -0.7715
vn -0.5829 -0.6535 -0.4829
vn -0.6742 -0.5528 -0.4898
vn -0.6843 -0.1935 -0.7030
vn -0.9076 0.4010 0.1242
vn -0.9076 0.4010 0.1241
vn -0.8104 0.5826 -0.0612
vn -0.6606 -0.1082 -0.7429
vn -0.8104 0.5826 -0.0613
vn -0.6249 0.7180 -0.3066
vn -0.6297 -0.1383 -0.7644
vn -0.6250 0.7179 -0.3066
vn -0.6249 0.7179 -0.3066
vn -0.3181 0.7724 -0.5497
vn -0.6375 -0.1325 -0.7590
vn -0.3181 0.7724 -0.5498
vn -0.0289 0.6655 -0.7458
vn -0.4751 -0.0861 -0.8757
vn -0.0288 0.6655 -0.7458
vn -0.4751 -0.0862 -0.8757
vn -0.3138 0.0063 -0.9495
vn -0.9235 -0.2316 0.3057
vn -0.5064 -0.3851 -0.7715
vn -0.5000 -0.3688 -0.7836
vn -0.2127 -0.3970 -0.8928
vn -0.5451 -0.8382 -0.0143
vn -0.5279 -0.8491 -0.0191
vn -0.4161 -0.8447 0.3368
vn -0.4275 -0.8386 0.3376
vn -0.4161 -0.8446 0.3368
vn -0.5278 -0.8491 -0.0190
vn -0.4162 -0.8399 0.3485
vn -0.4275 -0.8386 0.3377
vn -0.4162 -0.8399 0.3484
vn -0.4350 -0.8399 0.3244
vn -0.4350 -0.8400 0.3244
vn -0.4307 -0.8382 0.3345
vn 0.2241 -0.9714 -0.0785
vn -0.5279 -0.8491 -0.0190
vn -0.4727 -0.6826 -0.5573
vn -0.3950 -0.8238 0.4065
vn -0.4308 -0.8382 0.3345
vn -0.3694 -0.8124 0.4511
vn -0.4307 -0.8382 0.3344
vn -0.3694 -0.8125 0.4511
vn -0.0213 -0.5057 0.8624
vn 0.4031 -0.7379 0.5413
vn 0.0098 -0.4488 0.8936
vn -0.3950 -0.8239 0.4065
vn 0.4318 0.2921 0.8533
vn 0.4001 0.3298 0.8551
vn 0.4319 0.2921 0.8533
vn 0.4021 0.1552 0.9024
vn 0.4318 0.2920 0.8534
vn 0.4690 0.2953 0.8324
vn 0.4755 0.1874 0.8595
vn 0.4286 0.0694 0.9008
vn 0.4756 0.1874 0.8595
vn 0.4793 0.1311 0.8678
vn 0.4627 0.2439 0.8523
vn 0.4319 0.2920 0.8533
vn 0.9516 -0.1499 0.2684
vn 0.5773 0.7915 0.2006
vn 0.4792 0.1311 0.8678
vn 0.8992 -0.2935 0.3246
vn -0.0212 -0.5057 0.8624
vn -0.2678 0.9098 -0.3171
vn -0.6179 0.7843 -0.0557
vn -0.6144 0.7884 -0.0311
vn -0.2701 0.9321 -0.2412
vn -0.8115 0.5682 0.1363
vn -0.6179 0.7843 -0.0558
vn -0.8028 0.5868 0.1063
vn 0.1660 0.8606 -0.4814
vn 0.1920 0.8859 -0.4223
vn 0.1659 0.8607 -0.4814
vn 0.1660 0.8607 -0.4814
vn 0.1228 0.8367 -0.5337
vn 0.1227 0.8367 -0.5337
vn 0.0917 0.7833 -0.6149
vn -0.2521 0.8777 -0.4076
vn -0.5769 0.8061 -0.1322
vn -0.7887 0.6091 0.0830
vn -0.0288 0.6655 -0.7459
vn -0.8104 0.5827 -0.0612
vn -0.7887 0.6092 0.0830
vn -0.8912 0.4000 0.2140
vn -0.9044 0.3742 0.2051
vn -0.8027 0.5868 0.1063
vn -0.8983 0.3715 0.2347
vn -0.8027 0.5868 0.1062
vn -0.8871 -0.3009 0.3501
vn -0.8746 -0.3004 0.3806
vn -0.8863 -0.2661 0.3791
vn -0.8912 0.4000 0.2139
vn -0.8862 -0.2661 0.3792
vn -0.8634 0.3763 0.3360
vn -0.8634 0.3762 0.3360
vn -0.7940 0.5617 0.2326
vn -0.7148 0.6813 0.1578
vn -0.6144 0.7883 -0.0311
vn -0.3647 0.9303 -0.0397
vn -0.3033 0.6589 0.6883
vn -0.3647 0.9303 -0.0398
vn -0.3032 0.6589 0.6884
vn 0.0085 0.8330 0.5533
vn -0.3648 0.9302 -0.0397
vn -0.1445 0.9763 -0.1613
vn 0.0085 0.8330 0.5532
vn -0.1445 0.9763 -0.1612
vn 0.2088 0.9267 -0.3123
vn 0.2344 0.8824 0.4079
vn 0.2344 0.8824 0.4080
vn 0.4924 0.8181 0.2972
vn 0.2088 0.9268 -0.3123
vn 0.4924 0.8180 0.2971
vn 0.4925 0.8180 0.2971
vn 0.3892 0.8208 -0.4180
vn -0.3836 0.5333 0.7540
vn -0.3835 0.5333 0.7540
vn -0.4432 0.4115 0.7964
vn -0.5102 -0.1492 0.8470
vn -0.8333 -0.2909 0.4701
vn -0.6297 -0.1384 -0.7644
vn -0.4366 -0.8314 0.3437
vn -0.5617 -0.8273 -0.0077
vn -0.4274 -0.8326 0.3522
vn -0.8863 -0.2661 0.3792
vn -0.4322 -0.8418 0.3234
vn -0.4276 -0.8402 0.3334
vn -0.6741 -0.5528 -0.4898
vn -0.9236 -0.2316 0.3056
vn -0.3738 -0.8096 0.4525
vn -0.3737 -0.8096 0.4526
vn -0.0423 -0.4922 0.8695
vn -0.0423 -0.4921 0.8695
vn 0.4869 0.2566 0.8349
vn 0.5293 0.2465 0.8118
vn 0.4924 0.8180 0.2972
vn 0.4925 0.8180 0.2972
vn 0.3877 0.2440 0.8889
vn 0.3208 0.1389 0.9369
vn 0.3427 0.2191 0.9135
vn 0.4362 0.2609 0.8612
vn 0.4362 0.2610 0.8612
vn -0.3033 0.6590 0.6883
vn -0.4431 0.4115 0.7964
vn -0.5102 -0.1493 0.8470
vn 0.3015 0.8351 -0.4600
vn -0.0769 0.8205 -0.5665
vn -0.0334 0.9731 0.2281
vn -0.0020 0.9666 0.2561
vn 0.3016 0.8351 -0.4600
vn -0.0506 0.9627 0.2658
vn -0.0880 0.9620 0.2584
vn -0.0746 0.9772 0.1986
vn -0.0747 0.9772 0.1986
vn -0.0512 0.9606 0.2731
vn -0.0181 0.9570 0.2894
vn -0.0513 0.9606 0.2731
vn -0.7533 0.5471 0.3650
vn -0.7533 0.5471 0.3649
vn -0.6544 0.5037 0.5639
vn -0.0747 0.9772 0.1985
vn -0.7988 0.5889 0.1233
vn -0.7988 0.5888 0.1233
vn -0.4863 0.7364 -0.4704
vn -0.4864 0.7364 -0.4704
vn -0.6545 0.5037 0.5639
vn -0.4124 0.4549 0.7893
vn -0.0181 0.9571 0.2893
vn -0.0020 0.9667 0.2561
vn 0.0130 0.9621 0.2724
vn -0.0181 0.9571 0.2894
vn -0.0010 0.9556 0.2947
vn 0.0129 0.9621 0.2724
vn 0.4153 0.8305 -0.3712
vn -0.3521 0.4590 0.8157
vn 0.5452 0.6365 0.5456
vn -0.3522 0.4590 0.8157
vn 0.1744 0.3443 0.9225
vn 0.5451 0.6365 0.5456
vn -0.3521 0.4589 0.8157
vn 0.7846 0.6200 0.0090
vn 0.5513 0.6408 0.5343
vn 0.7845 0.6200 0.0090
vn 0.5451 0.6365 0.5457
vn 0.5513 0.6408 0.5344
vn -0.1063 0.1939 -0.9752
vn 0.4088 0.2676 -0.8725
vn -0.0601 0.1196 -0.9910
vn 0.4275 0.1835 -0.8852
vn 0.0225 0.0367 -0.9991
vn 0.4548 0.1106 -0.8837
vn -0.4763 -0.1159 -0.8716
vn -0.5654 -0.0046 -0.8248
vn -0.4762 -0.1159 -0.8716
vn -0.5906 0.0679 -0.8041
vn -0.0770 0.8205 -0.5665
vn -0.4864 0.7364 -0.4703
vn 0.0102 -0.5288 -0.8487
vn 0.4549 0.1106 -0.8837
vn 0.3251 -0.5102 -0.7963
vn -0.3345 -0.5895 -0.7353
vn 0.5804 0.1871 -0.7926
vn 0.5781 0.1105 -0.8085
vn 0.5781 0.1104 -0.8085
vn 0.3252 -0.5101 -0.7963
vn 0.5778 0.2696 -0.7704
vn 0.4153 0.8305 -0.3711
vn 0.9727 0.1130 -0.2026
vn 0.4032 -0.5502 -0.7312
vn 0.9776 0.0072 -0.2102
vn 0.9838 0.0472 -0.1730
vn 0.9727 0.1130 -0.2027
vn 0.8044 -0.5263 -0.2755
vn -0.8474 -0.5261 0.0724
vn -0.6967 -0.6482 0.3073
vn -0.8240 -0.2985 0.4816
vn -0.9402 -0.2606 0.2191
vn -0.9402 -0.2607 0.2191
vn -0.8365 -0.2459 0.4898
vn -0.9523 -0.2071 0.2243
vn -0.8364 -0.2459 0.4898
vn -0.5780 -0.8151 -0.0391
vn -0.5081 -0.8501 0.1381
vn -0.4444 -0.7191 0.5343
vn -0.3716 -0.8408 0.3937
vn -0.4443 -0.7191 0.5343
vn -0.5298 -0.3251 0.7834
vn -0.8240 -0.2985 0.4815
vn -0.5297 -0.3250 0.7834
vn -0.5297 -0.3251 0.7834
vn -0.5371 -0.2769 0.7968
vn -0.4123 0.4548 0.7894
vn -0.4123 0.4549 0.7894
vn -0.5958 -0.7647 -0.2455
vn -0.5779 -0.8151 -0.0391
vn -0.8900 -0.4034 -0.2124
vn -0.8900 -0.4034 -0.2123
vn -0.3345 -0.5895 -0.7352
vn -0.8901 -0.4034 -0.2123
vn -0.4762 -0.1160 -0.8717
vn -0.4762 -0.1160 -0.8716
vn -0.9741 -0.2094 -0.0858
vn -0.9741 -0.2094 -0.0857
vn -0.9853 -0.1493 -0.0826
vn -0.9853 -0.1493 -0.0825
vn -0.5905 0.0679 -0.8041
vn -0.9853 -0.1492 -0.0826
vn -0.4649 -0.3693 0.8047
vn -0.4683 -0.2832 0.8370
vn -0.4443 -0.7191 0.5342
vn -0.4123 0.4549 0.7893
vn -0.3522 0.4589 0.8157
vn -0.4683 -0.2832 0.8369
vn 0.2556 -0.3202 0.9122
vn 0.2556 -0.3203 0.9122
vn 0.2589 -0.3729 0.8910
vn -0.3717 -0.8408 0.3937
vn -0.2913 -0.8891 0.3531
vn -0.2913 -0.8891 0.3532
vn 0.2867 -0.8299 0.4787
vn 0.2589 -0.3728 0.8910
vn 0.0221 -0.9540 -0.2990
vn 0.0101 -0.5288 -0.8487
vn 0.3251 -0.5101 -0.7963
vn 0.0343 -0.9505 -0.3088
vn 0.3252 -0.5102 -0.7962
vn 0.0148 -0.9579 -0.2866
vn -0.3346 -0.5895 -0.7352
vn -0.5958 -0.7647 -0.2454
vn 0.0081 -0.9635 -0.2674
vn 0.0082 -0.9635 -0.2675
vn 0.0082 -0.9635 -0.2674
vn -0.0022 -0.9682 -0.2502
vn -0.0023 -0.9682 -0.2502
vn -0.0019 -0.9686 -0.2488
vn -0.5082 -0.8501 0.1381
vn -0.0037 -0.9677 -0.2519
vn 0.0343 -0.9505 -0.3087
vn 0.0338 -0.9639 -0.2640
vn -0.0019 -0.9686 -0.2487
vn 0.0493 -0.9534 -0.2978
vn 0.0173 -0.9700 -0.2424
vn 0.0174 -0.9700 -0.2424
vn 0.0493 -0.9534 -0.2977
vn 0.6048 -0.7831 0.1452
vn 0.6048 -0.7830 0.1452
vn 0.6011 -0.7695 0.2156
vn 0.6193 -0.7590 0.2010
vn 0.4032 -0.5502 -0.7313
vn 0.8469 -0.0754 0.5263
vn 0.5512 0.6408 0.5343
vn 0.5452 0.6364 0.5457
vn 0.8336 -0.0837 0.5460
vn 0.8490 -0.1265 0.5131
vn 0.8489 -0.1265 0.5131
vn 0.8496 -0.1473 0.5065
vn 0.8490 -0.1266 0.5131
vn 0.8439 -0.1512 0.5148
vn 0.8353 -0.1555 0.5274
vn 0.8352 -0.1555 0.5274
vn 0.6011 -0.7695 0.2157
vn 0.2589 -0.3728 0.8911
vn 0.8496 -0.1474 0.5065
vn 0.9776 0.0072 -0.2103
vn 0.1729 0.7338 -0.6570
vn -0.2201 0.7378 -0.6381
vn 0.0796 0.9944 0.0697
vn 0.1181 0.9892 0.0873
vn 0.0796 0.9944 0.0696
vn 0.0749 0.9909 0.1119
vn 0.0371 0.9925 0.1167
vn 0.0749 0.9909 0.1120
vn 0.0313 0.9981 0.0540
vn 0.0371 0.9925 0.1166
vn -0.2200 0.7378 -0.6381
vn 0.0313 0.9980 0.0540
vn 0.0765 0.9899 0.1193
vn 0.1180 0.9892 0.0873
vn 0.1130 0.9857 0.1250
vn -0.5759 0.6564 0.4873
vn -0.4208 0.6323 0.6504
vn 0.0313 0.9981 0.0539
vn -0.6941 0.6681 0.2679
vn -0.5760 0.6564 0.4873
vn -0.5808 0.7041 -0.4085
vn -0.6941 0.6682 0.2679
vn 0.0766 0.9899 0.1193
vn -0.4208 0.6324 0.6504
vn -0.1218 0.5941 0.7951
vn 0.1130 0.9857 0.1249
vn 0.1372 0.9856 0.0987
vn 0.1308 0.9835 0.1250
vn 0.1180 0.9892 0.0872
vn 0.3087 0.7315 -0.6080
vn 0.1730 0.7338 -0.6570
vn -0.0562 0.5965 0.8007
vn 0.1129 0.9857 0.1249
vn 0.7152 0.6554 0.2429
vn 0.1308 0.9835 0.1249
vn -0.0562 0.5965 0.8006
vn 0.4720 0.4518 0.7570
vn -0.0562 0.5964 0.8007
vn 0.7709 0.5439 -0.3316
vn 0.7175 0.6575 0.2298
vn 0.7709 0.5439 -0.3315
vn 0.7151 0.6554 0.2430
vn -0.4027 0.0658 -0.9130
vn 0.1209 0.1074 -0.9868
vn 0.1208 0.1074 -0.9868
vn -0.3669 -0.0138 -0.9302
vn 0.1312 0.0211 -0.9911
vn -0.3669 -0.0137 -0.9302
vn -0.2945 -0.1039 -0.9500
vn 0.1547 -0.0530 -0.9865
vn -0.3669 -0.0137 -0.9301
vn -0.7327 -0.1930 -0.6527
vn -0.7978 -0.0688 -0.5990
vn -0.3669 -0.0138 -0.9301
vn -0.7326 -0.1930 -0.6527
vn -0.4027 0.0658 -0.9129
vn -0.8122 0.0077 -0.5834
vn -0.7978 -0.0689 -0.5990
vn -0.8122 0.0077 -0.5833
vn -0.2810 -0.6399 -0.7153
vn 0.0348 -0.6419 -0.7660
vn 0.1547 -0.0531 -0.9865
vn -0.5740 -0.6538 -0.4931
vn 0.3056 0.0240 -0.9519
vn 0.2953 -0.0536 -0.9539
vn 0.3135 0.1086 -0.9434
vn 0.3135 0.1087 -0.9434
vn 0.8617 -0.0020 -0.5075
vn 0.3087 0.7315 -0.6079
vn 0.1278 -0.6793 -0.7226
vn 0.8597 -0.1079 -0.4993
vn 0.8790 -0.0638 -0.4726
vn 0.8790 -0.0639 -0.4726
vn 0.8617 -0.0021 -0.5075
vn 0.8789 -0.0638 -0.4726
vn 0.6536 -0.6280 -0.4224
vn 0.2953 -0.0537 -0.9539
vn -0.8007 -0.4345 0.4124
vn -0.5883 -0.5358 0.6057
vn -0.6396 -0.1555 0.7528
vn -0.8316 -0.1442 0.5364
vn -0.8008 -0.4345 0.4123
vn -0.6467 -0.1014 0.7560
vn -0.8392 -0.0896 0.5364
vn -0.6467 -0.1013 0.7560
vn -0.5925 -0.7587 0.2707
vn -0.4715 -0.7749 0.4210
vn -0.5883 -0.5357 0.6057
vn -0.4715 -0.7749 0.4211
vn -0.2800 -0.5965 0.7522
vn -0.4714 -0.7749 0.4210
vn -0.2606 -0.7423 0.6173
vn -0.2660 -0.1658 0.9496
vn -0.2668 -0.1158 0.9568
vn -0.2668 -0.1157 0.9568
vn -0.6729 -0.7360 0.0746
vn -0.9267 -0.3491 0.1388
vn -0.9267 -0.3491 0.1389
vn -0.8008 -0.4345 0.4124
vn -0.9268 -0.3491 0.1389
vn -0.9584 -0.1328 0.2526
vn -0.7326 -0.1931 -0.6527
vn -0.9584 -0.1328 0.2527
vn -0.9657 -0.0721 0.2496
vn -0.5808 0.7042 -0.4085
vn -0.9657 -0.0721 0.2495
vn -0.6941 0.6681 0.2680
vn -0.9657 -0.0720 0.2496
vn -0.1996 -0.2122 0.9566
vn -0.1891 -0.1225 0.9743
vn -0.2661 -0.1658 0.9496
vn -0.0563 0.5964 0.8007
vn 0.5191 -0.2123 0.8279
vn -0.1892 -0.1225 0.9743
vn 0.5134 -0.2674 0.8154
vn -0.1993 -0.8026 0.5622
vn 0.3905 -0.7777 0.4927
vn -0.1121 -0.9844 -0.1357
vn -0.2811 -0.6399 -0.7153
vn -0.1035 -0.9834 -0.1492
vn -0.1152 -0.9859 -0.1212
vn -0.5740 -0.6537 -0.4931
vn -0.2810 -0.6398 -0.7153
vn -0.6729 -0.7360 0.0747
vn -0.1157 -0.9882 -0.1003
vn -0.1202 -0.9895 -0.0802
vn -0.1203 -0.9895 -0.0801
vn -0.4714 -0.7749 0.4211
vn -0.1195 -0.9897 -0.0789
vn -0.1221 -0.9892 -0.0814
vn -0.0903 -0.9904 -0.1049
vn -0.1202 -0.9895 -0.0801
vn -0.0859 -0.9860 -0.1430
vn -0.0993 -0.9919 -0.0786
vn -0.0993 -0.9920 -0.0786
vn 0.1278 -0.6793 -0.7227
vn 0.5878 -0.8056 0.0745
vn 0.5879 -0.8055 0.0745
vn 0.6072 -0.7822 0.1396
vn -0.0993 -0.9919 -0.0787
vn 0.6203 -0.7754 0.1185
vn 0.6072 -0.7822 0.1395
vn -0.1992 -0.8026 0.5622
vn 0.6073 -0.7822 0.1395
vn 0.1277 -0.6793 -0.7227
vn -0.1035 -0.9834 -0.1491
vn 0.8617 -0.0020 -0.5074
vn 0.9665 -0.0760 0.2450
vn 0.7176 0.6575 0.2297
vn 0.7152 0.6554 0.2430
vn 0.9665 -0.0761 0.2450
vn 0.9598 -0.0803 0.2689
vn 0.9598 -0.0804 0.2689
vn 0.9622 -0.1285 0.2401
vn 0.9599 -0.1500 0.2370
vn 0.9622 -0.1286 0.2401
vn 0.9569 -0.1522 0.2472
vn 0.9526 -0.1539 0.2624
vn 0.6073 -0.7822 0.1396
vn 0.4719 0.4518 0.7571
vn 0.3905 -0.7777 0.4926
vn 0.8789 -0.0639 -0.4726
vn 0.5878 -0.8055 0.0745
vt 0.620117 0.108581
vt 0.617188 0.130371
vt 0.660644 0.140503
vt 0.670410 0.121887
vt 0.570312 0.108581
vt 0.569336 0.130737
vt 0.523926 0.117920
vt 0.528320 0.137573
vt 0.474609 0.139893
vt 0.485107 0.157593
vt 0.685059 0.133423
vt 0.679688 0.145874
vt 0.664551 0.167114
vt 0.684570 0.157471
vt 0.693848 0.145630
vt 0.609375 0.172730
vt 0.652344 0.184814
vt 0.649902 0.204956
vt 0.569336 0.167602
vt 0.526856 0.175415
vt 0.491211 0.186035
vt 0.635742 0.220947
vt 0.652832 0.231934
vt 0.667481 0.224487
vt 0.590332 0.207642
vt 0.652344 0.248657
vt 0.631836 0.248291
vt 0.666992 0.241821
vt 0.582031 0.233765
vt 0.562500 0.199463
vt 0.553223 0.226929
vt 0.524902 0.222900
vt 0.524414 0.199707
vt 0.501465 0.228149
vt 0.495117 0.207275
vt 0.480713 0.215820
vt 0.498047 0.236572
vt 0.495850 0.239380
vt 0.494873 0.240723
vt 0.479492 0.216431
vt 0.466065 0.199463
vt 0.448975 0.180908
vt 0.437744 0.164185
vt 0.447754 0.181763
vt 0.436523 0.165039
vt 0.464844 0.200195
vt 0.050385 0.269531
vt 0.042786 0.279785
vt 0.045593 0.279785
vt 0.050385 0.273438
vt 0.045105 0.333984
vt 0.047241 0.278565
vt 0.046814 0.332764
vt 0.045868 0.381348
vt 0.047577 0.379883
vt 0.046570 0.433105
vt 0.048950 0.431641
vt 0.047577 0.481690
vt 0.049347 0.481445
vt 0.047729 0.497315
vt 0.049805 0.497070
vt 0.047638 0.512207
vt 0.050385 0.513184
vt 0.047302 0.530762
vt 0.050385 0.531250
vt 0.047089 0.543945
vt 0.050262 0.544434
vt 0.044922 0.555664
vt 0.050323 0.553223
vt 0.044556 0.432861
vt 0.044983 0.481690
vt 0.045654 0.497559
vt 0.010002 0.539062
vt 0.022751 0.523438
vt 0.030365 0.511719
vt 0.012970 0.559570
vt 0.019363 0.431885
vt 0.021133 0.382324
vt 0.044006 0.381348
vt 0.042297 0.333984
vt 0.024033 0.280029
vt 0.021301 0.334717
vt 0.018692 0.482178
vt 0.023483 0.499023
vt 0.025848 0.231689
vt 0.050690 0.230957
vt 0.025894 0.230102
vt 0.050690 0.229126
vt 0.936523 0.613769
vt 0.936035 0.616699
vt 0.944824 0.618652
vt 0.950195 0.613769
vt 0.918945 0.614746
vt 0.919922 0.618652
vt 0.899414 0.614746
vt 0.899902 0.618652
vt 0.881348 0.614746
vt 0.881348 0.618652
vt 0.861328 0.615234
vt 0.862793 0.619141
vt 0.810547 0.614746
vt 0.810547 0.619141
vt 0.779297 0.615234
vt 0.779297 0.619629
vt 0.750977 0.614746
vt 0.750488 0.619141
vt 0.728516 0.614746
vt 0.729004 0.619629
vt 0.714844 0.614746
vt 0.711426 0.619141
vt 0.881836 0.598144
vt 0.897949 0.600098
vt 0.913574 0.593262
vt 0.934570 0.580078
vt 0.954590 0.582031
vt 0.727539 0.602539
vt 0.752441 0.599121
vt 0.710938 0.619141
vt 0.713867 0.615723
vt 0.709961 0.619141
vt 0.713379 0.616211
vt 0.861328 0.598144
vt 0.810547 0.597656
vt 0.781250 0.598633
vt 0.859863 0.912109
vt 0.877930 0.879394
vt 0.872070 0.873047
vt 0.851562 0.900879
vt 0.866699 0.866699
vt 0.847168 0.891602
vt 0.843750 0.880371
vt 0.864746 0.861816
vt 0.867188 0.920898
vt 0.883789 0.884766
vt 0.869629 0.920898
vt 0.893066 0.893066
vt 0.887207 0.906250
vt 0.884766 0.909180
vt 0.882324 0.911621
vt 0.877441 0.919434
vt 0.880859 0.915039
vt 0.895508 0.896484
vt 0.891113 0.904785
vt 0.894531 0.901367
vt 0.842285 0.864258
vt 0.842285 0.863769
vt 0.864746 0.861328
vt 0.842285 0.879394
vt 0.050385 0.274414
vt 0.506348 0.687012
vt 0.507812 0.686523
vt 0.513184 0.699219
vt 0.512207 0.700195
vt 0.548340 0.664551
vt 0.505859 0.663574
vt 0.531738 0.718750
vt 0.547852 0.716797
vt 0.548828 0.717285
vt 0.550293 0.664551
vt 0.546387 0.718750
vt 0.520996 0.709961
vt 0.520019 0.710938
vt 0.504394 0.663574
vt 0.531250 0.719727
vt 0.547363 0.719727
vt 0.131226 0.843262
vt 0.066589 0.877930
vt 0.123291 0.914062
vt 0.177979 0.894531
vt 0.049408 0.798828
vt 0.097961 0.779297
vt 0.040253 0.702637
vt 0.082642 0.697754
vt 0.191650 0.820312
vt 0.233887 0.872070
vt 0.162842 0.759277
vt 0.149902 0.698242
vt 0.096008 0.613769
vt 0.157471 0.622070
vt 0.045746 0.604492
vt 0.242065 0.710938
vt 0.239014 0.627441
vt 0.263184 0.779785
vt 0.290039 0.831543
vt 0.329834 0.747070
vt 0.350586 0.801269
vt 0.309570 0.690918
vt 0.295166 0.631348
vt 0.380371 0.663086
vt 0.359375 0.614258
vt 0.400635 0.713867
vt 0.418701 0.766113
vt 0.103699 0.595703
vt 0.050018 0.593262
vt 0.160034 0.594727
vt 0.241455 0.612793
vt 0.293213 0.619629
vt 0.351807 0.599121
vt 0.364258 0.843262
vt 0.418213 0.823242
vt 0.311523 0.869629
vt 0.255127 0.902344
vt 0.208008 0.915527
vt 0.453369 0.690918
vt 0.471924 0.747559
vt 0.452881 0.866699
vt 0.405029 0.899902
vt 0.213379 0.983398
vt 0.269775 0.966797
vt 0.271484 0.974121
vt 0.213867 0.990234
vt 0.348877 0.934570
vt 0.462891 0.686523
vt 0.436523 0.631836
vt 0.427978 0.636719
vt 0.400147 0.586426
vt 0.393310 0.573731
vt 0.399170 0.569336
vt 0.407715 0.581055
vt 0.353760 0.943359
vt 0.411133 0.908691
vt 0.459961 0.875977
vt 0.482910 0.743652
vt 0.933106 0.784180
vt 0.933594 0.781738
vt 0.913574 0.777344
vt 0.913574 0.779785
vt 0.913574 0.864258
vt 0.950195 0.797852
vt 0.956055 0.812988
vt 0.959473 0.826172
vt 0.956543 0.842773
vt 0.952637 0.853516
vt 0.946289 0.864258
vt 0.950684 0.862305
vt 0.952637 0.864258
vt 0.948242 0.865234
vt 0.955078 0.852539
vt 0.959473 0.841309
vt 0.962402 0.826172
vt 0.957519 0.810547
vt 0.951660 0.795410
vt 0.109741 0.933106
vt 0.090820 0.065918
vt 0.092590 0.063660
vt 0.089966 0.014313
vt 0.087769 0.014297
vt 0.085266 0.014290
vt 0.088440 0.067078
vt 0.071045 0.070862
vt 0.053284 0.066589
vt 0.024841 0.045013
vt 0.015549 0.013977
vt 0.018860 0.026627
vt 0.038147 0.060852
vt 0.143140 0.465122
vt 0.134473 0.456822
vt 0.179395 0.416783
vt 0.184644 0.425572
vt 0.119214 0.438755
vt 0.165967 0.399693
vt 0.225171 0.377232
vt 0.187207 0.424595
vt 0.230054 0.386509
vt 0.212354 0.359654
vt 0.272657 0.340611
vt 0.232251 0.384556
vt 0.278028 0.351353
vt 0.259229 0.321080
vt 0.322950 0.308872
vt 0.279981 0.348912
vt 0.329297 0.321568
vt 0.308301 0.285435
vt 0.252393 0.312779
vt 0.300000 0.275669
vt 0.293653 0.270787
vt 0.248975 0.306431
vt 0.206250 0.351841
vt 0.247022 0.308384
vt 0.203443 0.345982
vt 0.160230 0.391880
vt 0.201368 0.348423
vt 0.157544 0.385533
vt 0.063794 0.463658
vt 0.060559 0.455845
vt 0.108289 0.425084
vt 0.070447 0.474400
vt 0.088941 0.495396
vt 0.099256 0.505162
vt 0.140454 0.466099
vt 0.252930 0.319824
vt 0.246094 0.309814
vt 0.288574 0.271728
vt 0.298340 0.280762
vt 0.316895 0.302002
vt 0.268067 0.338135
vt 0.208008 0.360107
vt 0.244629 0.312256
vt 0.202149 0.350586
vt 0.221680 0.377197
vt 0.162598 0.399658
vt 0.200684 0.353027
vt 0.157227 0.389893
vt 0.175293 0.417236
vt 0.115235 0.436768
vt 0.155274 0.392334
vt 0.109619 0.426025
vt 0.128662 0.456299
vt 0.064698 0.468506
vt 0.107910 0.428223
vt 0.058594 0.456055
vt 0.079834 0.491943
vt 0.135254 0.464355
vt 0.088135 0.501465
vt 0.094483 0.506836
vt 0.138672 0.470703
vt 0.181641 0.424805
vt 0.140625 0.468506
vt 0.184082 0.430908
vt 0.227539 0.385010
vt 0.186524 0.428711
vt 0.229981 0.391357
vt 0.273926 0.346924
vt 0.231934 0.389160
vt 0.276856 0.353515
vt 0.323242 0.312500
vt 0.279297 0.351562
vt 0.326660 0.320312
vt 0.253906 0.314941
vt 0.247314 0.304932
vt 0.289795 0.267090
vt 0.299560 0.276123
vt 0.317871 0.297363
vt 0.269043 0.333252
vt 0.208862 0.354980
vt 0.245727 0.307373
vt 0.203247 0.345459
vt 0.222290 0.372070
vt 0.163086 0.394287
vt 0.201660 0.347900
vt 0.157837 0.384522
vt 0.175903 0.411865
vt 0.115662 0.431152
vt 0.156128 0.386963
vt 0.110169 0.420410
vt 0.128906 0.450684
vt 0.065186 0.462647
vt 0.108337 0.422607
vt 0.058960 0.450195
vt 0.080017 0.486328
vt 0.135742 0.458984
vt 0.088257 0.495850
vt 0.094666 0.500977
vt 0.139160 0.465332
vt 0.182007 0.419678
vt 0.141235 0.463135
vt 0.184814 0.425781
vt 0.228149 0.380127
vt 0.187134 0.423828
vt 0.230591 0.385986
vt 0.275147 0.342041
vt 0.233154 0.384522
vt 0.277832 0.348389
vt 0.324707 0.308105
vt 0.280273 0.347168
vt 0.327637 0.315430
vt 0.253828 0.319033
vt 0.247481 0.308779
vt 0.289473 0.271181
vt 0.299239 0.280458
vt 0.317793 0.301455
vt 0.268965 0.337099
vt 0.208906 0.359072
vt 0.245528 0.311220
vt 0.203047 0.349306
vt 0.222090 0.376162
vt 0.163009 0.398623
vt 0.201582 0.351748
vt 0.157637 0.388857
vt 0.175703 0.416201
vt 0.115645 0.435244
vt 0.156172 0.391298
vt 0.110030 0.424502
vt 0.128828 0.454775
vt 0.065108 0.466494
vt 0.108320 0.426943
vt 0.058760 0.454287
vt 0.080000 0.490420
vt 0.135664 0.463076
vt 0.088301 0.499697
vt 0.094650 0.505068
vt 0.139082 0.469423
vt 0.182051 0.423525
vt 0.141035 0.467470
vt 0.184981 0.429873
vt 0.227950 0.383974
vt 0.186934 0.427431
vt 0.230879 0.390322
vt 0.274825 0.345888
vt 0.232832 0.388369
vt 0.277754 0.352724
vt 0.324629 0.312197
vt 0.279707 0.350771
vt 0.327559 0.320009
vt 0.852262 0.153686
vt 0.803434 0.272949
vt 0.842496 0.282471
vt 0.768766 0.251953
vt 0.742398 0.221436
vt 0.726773 0.184082
vt 0.723844 0.143921
vt 0.733121 0.104614
vt 0.754117 0.070190
vt 0.784879 0.043884
vt 0.821988 0.028366
vt 0.862027 0.025116
vt 0.901578 0.034454
vt 0.882535 0.279053
vt 0.920133 0.263672
vt 0.950406 0.237305
vt 0.971402 0.202881
vt 0.981168 0.163574
vt 0.977750 0.123352
vt 0.962125 0.086121
vt 0.935758 0.055481
vt 0.734097 0.104980
vt 0.755094 0.070801
vt 0.724820 0.143921
vt 0.728238 0.183716
vt 0.743375 0.220703
vt 0.769742 0.250977
vt 0.803922 0.271973
vt 0.842496 0.281006
vt 0.882535 0.277832
vt 0.919644 0.262451
vt 0.949918 0.236450
vt 0.970426 0.202270
vt 0.785367 0.044769
vt 0.822476 0.029404
vt 0.862027 0.026184
vt 0.901090 0.035431
vt 0.935269 0.056274
vt 0.961148 0.086609
vt 0.976773 0.123535
vt 0.979703 0.163452
vt 0.140679 0.466353
vt 0.132012 0.458053
vt 0.176934 0.418014
vt 0.182183 0.426803
vt 0.116753 0.439986
vt 0.163506 0.400924
vt 0.222710 0.378463
vt 0.184746 0.425826
vt 0.227593 0.387740
vt 0.209893 0.360885
vt 0.270196 0.341842
vt 0.229790 0.385787
vt 0.275567 0.352584
vt 0.256768 0.322311
vt 0.320489 0.310103
vt 0.277520 0.350143
vt 0.326836 0.322799
vt 0.305840 0.286666
vt 0.249932 0.314010
vt 0.297539 0.276900
vt 0.291192 0.272018
vt 0.246514 0.307662
vt 0.203789 0.353072
vt 0.244561 0.309615
vt 0.200982 0.347213
vt 0.157769 0.393111
vt 0.198907 0.349654
vt 0.155083 0.386764
vt 0.110772 0.431197
vt 0.153008 0.388717
vt 0.107903 0.424361
vt 0.061333 0.464889
vt 0.105828 0.426315
vt 0.058098 0.457076
vt 0.067986 0.475631
vt 0.086480 0.496627
vt 0.096795 0.506393
vt 0.137993 0.467330
vt 0.255860 0.318848
vt 0.249024 0.308838
vt 0.291504 0.270752
vt 0.301270 0.279786
vt 0.319825 0.301026
vt 0.270997 0.337159
vt 0.210938 0.359131
vt 0.247559 0.311280
vt 0.205079 0.349610
vt 0.224610 0.376221
vt 0.165528 0.398682
vt 0.203614 0.352051
vt 0.160157 0.388917
vt 0.178223 0.416260
vt 0.118165 0.435792
vt 0.158204 0.391358
vt 0.112549 0.425049
vt 0.131592 0.455323
vt 0.067628 0.467530
vt 0.110840 0.427247
vt 0.061524 0.455079
vt 0.082764 0.490967
vt 0.138184 0.463379
vt 0.091065 0.500489
vt 0.097413 0.505860
vt 0.141602 0.469727
vt 0.184571 0.423829
vt 0.143555 0.467530
vt 0.187012 0.429932
vt 0.230469 0.384034
vt 0.189454 0.427735
vt 0.232911 0.390381
vt 0.276856 0.345948
vt 0.234864 0.388184
vt 0.279786 0.352539
vt 0.326172 0.311524
vt 0.282227 0.350586
vt 0.329590 0.319336
vt 0.253929 0.318302
vt 0.247582 0.308048
vt 0.289574 0.270450
vt 0.299339 0.279727
vt 0.317894 0.300724
vt 0.269066 0.336368
vt 0.209007 0.358341
vt 0.245629 0.310489
vt 0.203148 0.348575
vt 0.222191 0.375431
vt 0.163109 0.397892
vt 0.201683 0.351017
vt 0.157738 0.388126
vt 0.175804 0.415470
vt 0.115746 0.434513
vt 0.156273 0.390567
vt 0.110131 0.423771
vt 0.128929 0.454044
vt 0.065209 0.465763
vt 0.108421 0.426212
vt 0.058861 0.453556
vt 0.080101 0.489689
vt 0.135765 0.462345
vt 0.088402 0.498966
vt 0.094750 0.504337
vt 0.139183 0.468692
vt 0.182152 0.422794
vt 0.141136 0.466739
vt 0.185082 0.429142
vt 0.228050 0.383243
vt 0.187035 0.426700
vt 0.230980 0.389591
vt 0.274925 0.345157
vt 0.232933 0.387638
vt 0.277855 0.351993
vt 0.324730 0.311466
vt 0.279808 0.350040
vt 0.327660 0.319278
vt 0.682363 0.753042
vt 0.748974 0.819653
vt 0.682363 0.886263
vt 0.660111 0.931525
vt 0.682363 0.976353
vt 0.651793 0.973342
vt 0.622397 0.964425
vt 0.638713 0.925034
vt 0.595305 0.949945
vt 0.618993 0.914493
vt 0.571559 0.930457
vt 0.601708 0.900308
vt 0.552072 0.906711
vt 0.587523 0.883023
vt 0.537591 0.879620
vt 0.576982 0.863303
vt 0.528674 0.850224
vt 0.570492 0.841906
vt 0.525663 0.819653
vt 0.568300 0.819653
vt 0.570492 0.797400
vt 0.528674 0.789082
vt 0.537591 0.759686
vt 0.576982 0.776003
vt 0.552072 0.732595
vt 0.587523 0.756283
vt 0.571559 0.708849
vt 0.601708 0.738998
vt 0.595305 0.689361
vt 0.618993 0.724813
vt 0.622397 0.674880
vt 0.638713 0.714272
vt 0.651793 0.665963
vt 0.660111 0.707781
vt 0.682363 0.662952
vt 0.682363 0.705589
vt 0.704616 0.707781
vt 0.712934 0.665963
vt 0.742330 0.674880
vt 0.726014 0.714272
vt 0.769421 0.689361
vt 0.745734 0.724813
vt 0.793167 0.708849
vt 0.763018 0.738998
vt 0.812655 0.732595
vt 0.777204 0.756283
vt 0.827136 0.759686
vt 0.787744 0.776003
vt 0.836053 0.789082
vt 0.794235 0.797400
vt 0.839064 0.819653
vt 0.796427 0.819653
vt 0.794235 0.841906
vt 0.836053 0.850224
vt 0.827136 0.879620
vt 0.787744 0.863303
vt 0.812655 0.906711
vt 0.777204 0.883023
vt 0.793167 0.930457
vt 0.763018 0.900308
vt 0.769421 0.949945
vt 0.745734 0.914493
vt 0.742330 0.964425
vt 0.726014 0.925034
vt 0.712934 0.973342
vt 0.704616 0.931525
vt 0.682363 0.933716
vt 0.669368 0.884984
vt 0.656872 0.881193
vt 0.645356 0.875038
vt 0.635262 0.866754
vt 0.626979 0.856660
vt 0.620823 0.845144
vt 0.617033 0.832648
vt 0.615753 0.819653
vt 0.617033 0.806658
vt 0.620823 0.794162
vt 0.626979 0.782646
vt 0.635262 0.772552
vt 0.645356 0.764268
vt 0.656872 0.758113
vt 0.669368 0.754322
vt 0.695358 0.754322
vt 0.707854 0.758113
vt 0.719370 0.764268
vt 0.729464 0.772552
vt 0.737748 0.782646
vt 0.743903 0.794162
vt 0.747694 0.806658
vt 0.747694 0.832648
vt 0.743903 0.845144
vt 0.737748 0.856660
vt 0.729464 0.866754
vt 0.719370 0.875038
vt 0.707854 0.881193
vt 0.695358 0.884984
vt 0.553711 0.361328
vt 0.571777 0.298828
vt 0.575195 0.302734
vt 0.557617 0.362793
vt 0.626465 0.303223
vt 0.608398 0.289063
vt 0.600098 0.282227
vt 0.638672 0.338379
vt 0.647461 0.363770
vt 0.629883 0.298828
vt 0.642578 0.335938
vt 0.609375 0.283203
vt 0.599609 0.275879
vt 0.651367 0.362793
vt 0.562988 0.440918
vt 0.645019 0.442871
vt 0.559082 0.440918
vt 0.648926 0.442871
vt 0.644531 0.449219
vt 0.648926 0.449219
vt 0.559570 0.446777
vt 0.563477 0.446777
vt 0.513653 0.365157
vt 0.519756 0.364180
vt 0.521953 0.437911
vt 0.516338 0.438399
vt 0.486797 0.370528
vt 0.494610 0.440841
vt 0.470440 0.375411
vt 0.473491 0.444747
vt 0.463604 0.328536
vt 0.473125 0.325118
vt 0.507671 0.316817
vt 0.513897 0.315352
vt 0.465313 0.376876
vt 0.468120 0.445723
vt 0.458599 0.330489
vt 0.496318 0.524337
vt 0.473247 0.524825
vt 0.516094 0.524337
vt 0.521953 0.524337
vt 0.516094 0.531173
vt 0.521953 0.531173
vt 0.467632 0.524337
vt 0.473247 0.531173
vt 0.496318 0.531173
vt 0.467632 0.531173
vt 0.380230 0.482100
vt 0.380596 0.440352
vt 0.381572 0.440596
vt 0.382427 0.482589
vt 0.425762 0.445479
vt 0.424053 0.489180
vt 0.431865 0.446212
vt 0.430156 0.490157
vt 0.375103 0.480880
vt 0.377300 0.439864
vt 0.380962 0.410079
vt 0.379009 0.409835
vt 0.426983 0.413497
vt 0.433086 0.413985
vt 0.369121 0.512374
vt 0.374248 0.513839
vt 0.366314 0.527266
vt 0.371441 0.528975
vt 0.381695 0.516280
vt 0.381328 0.532149
vt 0.418926 0.523360
vt 0.416729 0.539717
vt 0.423076 0.541182
vt 0.425518 0.524825
vt 0.380718 0.333419
vt 0.425518 0.327071
vt 0.431621 0.327071
vt 0.431377 0.320235
vt 0.425518 0.320235
vt 0.380474 0.327071
vt 0.380352 0.332930
vt 0.377788 0.329756
vt 0.377666 0.323165
vt 0.629883 0.609863
vt 0.633301 0.613770
vt 0.652832 0.545410
vt 0.648438 0.543945
vt 0.603516 0.633301
vt 0.604004 0.640137
vt 0.593750 0.631836
vt 0.594727 0.625977
vt 0.572266 0.614258
vt 0.575684 0.610352
vt 0.559082 0.572754
vt 0.562988 0.570801
vt 0.549316 0.542969
vt 0.553711 0.541992
vt 0.600586 0.456543
vt 0.642578 0.459473
vt 0.558106 0.457520
vt 0.554199 0.455566
vt 0.646973 0.459961
vt 0.642090 0.452148
vt 0.646484 0.452637
vt 0.558106 0.450195
vt 0.600098 0.449219
vt 0.554199 0.448242
vt 0.336837 0.404808
vt 0.342208 0.406273
vt 0.335372 0.411156
vt 0.344161 0.409691
vt 0.346114 0.513207
vt 0.337325 0.512230
vt 0.344161 0.516625
vt 0.311934 0.411644
vt 0.284590 0.413109
vt 0.285323 0.458519
vt 0.286788 0.508324
vt 0.276534 0.459008
vt 0.277510 0.507347
vt 0.338790 0.518090
vt 0.278975 0.512230
vt 0.285079 0.515160
vt 0.311446 0.405785
vt 0.282637 0.407250
vt 0.277755 0.408715
vt 0.275557 0.412621
vt 0.283203 0.109863
vt 0.207642 0.144531
vt 0.243774 0.180298
vt 0.306641 0.152100
vt 0.294678 0.226074
vt 0.335938 0.199585
vt 0.210571 0.092224
vt 0.165771 0.123535
vt 0.134521 0.077454
vt 0.187012 0.045654
vt 0.268310 0.071106
vt 0.254639 0.022995
vt 0.334961 0.015915
vt 0.339111 0.059113
vt 0.342285 0.094849
vt 0.351318 0.135254
vt 0.370361 0.184692
vt 0.421387 0.024765
vt 0.419678 0.065735
vt 0.415283 0.096069
vt 0.409912 0.129150
vt 0.407959 0.172974
vt 0.391357 0.227173
vt 0.360840 0.243530
vt 0.327881 0.263672
vt 0.418701 0.214966
vt 0.366455 0.252197
vt 0.334717 0.271484
vt 0.395996 0.236816
vt 0.421387 0.226074
vt 0.312744 0.274658
vt 0.281494 0.239990
vt 0.231323 0.216553
vt 0.203491 0.208862
vt 0.227661 0.227295
vt 0.191895 0.217041
vt 0.157837 0.185913
vt 0.126709 0.157105
vt 0.144531 0.197144
vt 0.110840 0.170776
vt 0.096924 0.109253
vt 0.077026 0.125977
vt 0.277100 0.244629
vt 0.308105 0.278320
vt 0.315430 0.286377
vt 0.320068 0.282715
vt 0.895508 0.504394
vt 0.895019 0.532227
vt 0.913086 0.536621
vt 0.913086 0.495117
vt 0.885254 0.488281
vt 0.895996 0.470703
vt 0.864258 0.476562
vt 0.866211 0.455566
vt 0.830566 0.477783
vt 0.820312 0.459717
vt 0.811035 0.501953
vt 0.794434 0.497315
vt 0.806152 0.511719
vt 0.787109 0.507324
vt 0.812988 0.519043
vt 0.497803 0.050995
vt 0.483398 0.018478
vt 0.463379 0.032471
vt 0.450195 0.054596
vt 0.455566 0.040283
vt 0.466309 0.106140
vt 0.451904 0.080322
vt 0.512695 0.084778
vt 0.913086 0.974609
vt 0.937988 0.974609
vt 0.939941 0.971680
vt 0.913086 0.971680
vt 0.942383 0.971680
vt 0.942383 0.959961
vt 0.940430 0.955566
vt 0.944336 0.944824
vt 0.941894 0.944336
vt 0.946777 0.922363
vt 0.944336 0.921875
vt 0.938965 0.976562
vt 0.913574 0.976562
vt 0.913574 0.907715
vt 0.944824 0.909180
vt 0.947266 0.909180
vt 0.944824 0.904785
vt 0.947754 0.904785
vt 0.913574 0.902832
vt 0.561035 0.052368
vt 0.555176 0.055298
vt 0.549805 0.040771
vt 0.556152 0.039215
vt 0.614746 0.022354
vt 0.553711 0.022079
vt 0.583496 0.068481
vt 0.618652 0.070312
vt 0.602539 0.070374
vt 0.570801 0.063049
vt 0.566406 0.068481
vt 0.578613 0.074158
vt 0.546875 0.022049
vt 0.602539 0.076721
vt 0.619141 0.074646
vt 0.621582 0.073181
vt 0.622559 0.070251
vt 0.621094 0.022385
s 0
usemtl 材质.002
f 3/1/1 2/2/2 1/3/3
f 4/4/4 3/1/1 1/3/5
f 3/1/1 5/5/6 2/2/2
f 5/5/6 6/6/7 2/2/2
f 5/5/6 7/7/8 6/6/9
f 7/7/8 8/8/10 6/6/9
f 7/7/8 9/9/11 8/8/10
f 9/9/11 10/10/12 8/8/10
f 11/11/13 4/4/4 1/3/5
f 12/12/14 11/11/15 1/3/5
f 1/3/5 13/13/16 12/12/17
f 13/13/16 1/3/3 2/2/18
f 13/13/16 14/14/19 12/12/17
f 12/12/17 14/14/20 15/15/21
f 11/11/13 12/12/17 15/15/21
f 16/16/22 13/13/23 2/2/2
f 2/2/2 6/6/9 16/16/24
f 17/17/25 13/13/16 16/16/24
f 18/18/26 17/17/25 16/16/22
f 6/6/9 19/19/27 16/16/24
f 6/6/9 8/8/10 19/19/27
f 8/8/10 20/20/28 19/19/27
f 8/8/10 10/10/12 20/20/29
f 10/10/12 21/21/30 20/20/28
f 22/22/31 18/18/26 16/16/24
f 22/22/31 23/23/32 18/18/26
f 23/23/33 24/24/34 18/18/26
f 25/25/35 22/22/36 16/16/24
f 25/25/35 16/16/24 19/19/27
f 26/26/37 23/23/32 22/22/36
f 23/23/32 26/26/38 24/24/34
f 27/27/39 26/26/37 22/22/31
f 22/22/36 25/25/35 27/27/39
f 26/26/38 28/28/40 24/24/34
f 25/25/41 29/29/42 27/27/39
f 30/30/43 25/25/35 19/19/27
f 29/29/44 25/25/35 30/30/43
f 30/30/43 19/19/27 20/20/28
f 31/31/45 29/29/44 30/30/43
f 32/32/46 31/31/47 30/30/43
f 33/33/48 32/32/46 30/30/43
f 33/33/48 30/30/43 20/20/28
f 33/33/49 20/20/28 21/21/50
f 34/34/51 32/32/52 33/33/48
f 35/35/53 34/34/51 33/33/48
f 35/35/54 33/33/48 21/21/30
f 34/34/51 35/35/53 36/36/55
f 35/35/53 21/21/30 36/36/56
f 37/37/57 34/34/51 36/36/56
f 36/36/55 38/38/58 37/37/57
f 39/39/59 38/38/58 36/36/60
f 40/40/61 39/39/59 36/36/56
f 40/40/61 36/36/56 41/41/62
f 21/21/50 41/41/62 36/36/56
f 42/42/63 41/41/62 21/21/50
f 10/10/12 42/42/63 21/21/50
f 43/43/64 42/42/63 10/10/12
f 42/42/63 43/43/64 44/44/65
f 43/43/64 45/45/66 44/44/67
f 9/9/11 43/43/64 10/10/12
f 46/46/68 41/41/62 42/42/63
f 44/44/69 46/46/68 42/42/70
f 46/46/68 40/40/61 41/41/62
f 49/47/71 48/48/72 47/49/73
f 50/50/74 49/47/75 47/49/73
f 47/49/76 48/48/77 51/51/78
f 47/49/73 51/51/79 52/52/80
f 47/49/81 52/52/82 50/50/83
f 51/51/79 53/53/84 52/52/85
f 51/51/79 54/54/86 53/53/87
f 54/54/86 55/55/88 53/53/84
f 54/54/86 56/56/89 55/55/90
f 56/56/89 57/57/91 55/55/92
f 56/56/89 58/58/93 57/57/94
f 58/58/93 59/59/95 57/57/94
f 58/58/96 60/60/97 59/59/98
f 60/60/99 61/61/100 59/59/95
f 60/60/99 62/62/101 61/61/102
f 62/62/103 63/63/104 61/61/105
f 63/63/106 62/62/107 64/64/108
f 65/65/109 63/63/104 64/64/110
f 64/64/108 66/66/111 65/65/109
f 66/66/112 67/67/113 65/65/109
f 66/66/112 68/68/114 67/67/115
f 68/68/116 69/69/117 67/67/113
f 70/70/118 56/56/89 54/54/86
f 71/71/119 58/58/96 56/56/89
f 70/70/118 71/71/119 56/56/89
f 72/72/120 60/60/97 58/58/93
f 71/71/119 72/72/120 58/58/93
f 62/62/103 60/60/99 72/72/121
f 66/66/112 64/64/108 73/73/16
f 64/64/108 74/74/122 73/73/123
f 75/75/124 74/74/122 64/64/108
f 62/62/103 75/75/124 64/64/125
f 76/76/25 68/68/116 66/66/112
f 73/73/126 76/76/25 66/66/112
f 70/70/118 77/77/1 71/71/119
f 78/78/6 77/77/1 70/70/118
f 79/79/127 78/78/6 70/70/118
f 79/79/128 70/70/118 54/54/86
f 79/79/127 54/54/86 51/51/129
f 80/80/130 79/79/127 51/51/79
f 48/48/77 80/80/130 51/51/79
f 48/48/72 81/81/11 80/80/130
f 81/81/11 82/82/8 80/80/130
f 82/82/8 78/78/6 79/79/128
f 80/80/130 82/82/8 79/79/127
f 77/77/1 83/83/4 71/71/119
f 71/71/131 83/83/4 72/72/120
f 83/83/4 84/84/13 72/72/132
f 62/62/103 72/72/121 84/84/133
f 75/75/124 62/62/107 84/84/13
f 81/81/11 48/48/77 85/85/64
f 86/86/134 85/85/64 48/48/77
f 49/47/71 86/86/134 48/48/72
f 85/85/64 86/86/134 87/87/66
f 86/86/134 88/88/135 87/87/66
f 91/89/136 90/90/137 89/91/138
f 92/92/116 91/89/136 89/91/138
f 91/89/136 93/93/139 90/90/140
f 93/93/139 94/94/141 90/90/142
f 93/93/139 95/95/143 94/94/141
f 95/95/143 96/96/144 94/94/141
f 95/95/145 97/97/146 96/96/144
f 97/97/147 98/98/148 96/96/149
f 97/97/150 99/99/151 98/98/152
f 99/99/153 100/100/154 98/98/155
f 99/99/151 101/101/156 100/100/154
f 101/101/157 102/102/158 100/100/154
f 101/101/157 103/103/159 102/102/160
f 103/103/161 104/104/162 102/102/160
f 103/103/163 105/105/164 104/104/165
f 105/105/166 106/106/167 104/104/165
f 105/105/164 107/107/168 106/106/167
f 107/107/168 108/108/169 106/106/167
f 107/107/168 109/109/170 108/108/169
f 109/109/170 110/110/171 108/108/172
f 97/97/150 95/95/173 111/111/37
f 95/95/174 112/112/175 111/111/38
f 112/112/175 95/95/143 93/93/176
f 113/113/34 112/112/40 93/93/139
f 113/113/34 93/93/176 114/114/177
f 93/93/139 91/89/136 114/114/26
f 114/114/26 91/89/136 115/115/25
f 91/89/136 92/92/116 115/115/25
f 116/116/51 107/107/168 105/105/164
f 116/116/51 109/109/57 107/107/168
f 117/117/46 116/116/51 105/105/178
f 118/118/179 110/110/180 109/109/181
f 119/119/58 118/118/182 109/109/57
f 118/118/179 119/119/58 120/120/183
f 119/119/58 121/121/184 120/120/185
f 97/97/150 111/111/38 122/122/39
f 99/99/186 97/97/150 122/122/39
f 99/99/186 122/122/39 101/101/157
f 122/122/39 123/123/44 101/101/157
f 123/123/44 124/124/47 101/101/157
f 124/124/187 103/103/163 101/101/157
f 124/124/45 117/117/188 103/103/159
f 117/117/46 105/105/164 103/103/189
f 127/125/190 126/126/162 125/127/167
f 128/128/90 127/125/94 125/127/167
f 128/128/90 125/127/167 129/129/169
f 130/130/87 128/128/90 129/129/169
f 131/131/191 130/130/192 129/129/169
f 132/132/180 131/131/82 129/129/169
f 127/125/193 133/133/98 126/126/162
f 133/133/95 134/134/158 126/126/165
f 133/133/98 135/135/102 134/134/158
f 135/135/105 136/136/154 134/134/158
f 137/137/194 136/136/195 135/135/105
f 138/138/196 137/137/194 135/135/102
f 138/138/117 135/135/197 139/139/198
f 135/135/102 140/140/106 139/139/198
f 140/140/199 141/141/109 139/139/198
f 136/136/154 137/137/137 142/142/148
f 137/137/140 143/143/141 142/142/148
f 143/143/141 144/144/144 142/142/155
f 145/145/200 131/131/85 132/132/171
f 132/132/201 146/132/202 145/145/203
f 145/145/203 146/132/182 147/146/204
f 146/132/179 148/147/183 147/146/204
f 145/145/203 149/148/205 131/131/82
f 52/52/85 150/149/205 50/50/206
f 153/150/207 152/151/208 151/152/209
f 154/153/69 153/150/66 151/152/209
f 155/154/210 151/152/211 152/151/212
f 156/155/213 155/154/214 152/151/212
f 155/154/214 157/156/215 151/152/209
f 155/154/214 158/157/216 157/156/215
f 159/158/183 158/157/217 155/154/214
f 160/159/218 159/158/183 155/154/214
f 158/157/217 161/160/219 157/156/215
f 157/156/215 162/161/220 151/152/211
f 151/152/211 162/161/221 154/153/69
f 162/161/222 163/162/223 154/153/67
f 162/161/220 157/156/215 163/162/224
f 164/163/135 156/155/213 152/151/208
f 153/150/66 164/163/135 152/151/208
f 157/156/215 165/164/61 163/162/68
f 157/156/215 161/160/225 165/164/61
f 161/160/226 166/165/184 165/164/61
f 166/165/184 161/160/219 158/157/217
f 159/158/183 166/165/59 158/157/216
f 169/1/227 168/4/228 167/3/229
f 170/2/230 169/1/227 167/3/229
f 171/5/231 169/1/232 170/2/233
f 172/6/234 171/5/235 170/2/230
f 173/7/236 171/5/235 172/6/237
f 174/8/238 173/7/236 172/6/234
f 175/9/239 173/7/236 174/8/240
f 176/10/241 175/9/239 174/8/238
f 168/4/228 177/11/242 167/3/229
f 177/11/243 178/12/244 167/3/245
f 179/13/246 167/3/229 178/12/244
f 167/3/245 179/13/247 170/2/248
f 180/14/249 179/13/250 178/12/244
f 178/12/244 177/11/243 181/15/251
f 180/14/249 178/12/252 181/15/251
f 179/13/247 182/16/253 170/2/233
f 172/6/234 170/2/233 182/16/253
f 179/13/250 183/17/254 182/16/253
f 183/17/255 184/18/256 182/16/253
f 185/19/257 172/6/234 182/16/253
f 174/8/240 172/6/237 185/19/258
f 186/20/259 174/8/260 185/19/258
f 176/10/261 174/8/262 186/20/259
f 187/21/263 176/10/261 186/20/259
f 184/18/256 188/22/264 182/16/253
f 189/23/265 188/22/264 184/18/256
f 190/24/266 189/23/265 184/18/256
f 188/22/264 191/25/267 182/16/253
f 182/16/253 191/25/267 185/19/258
f 189/23/265 192/26/268 188/22/264
f 192/26/269 189/23/265 190/24/270
f 192/26/268 193/27/271 188/22/264
f 191/25/272 188/22/264 193/27/271
f 194/28/273 192/26/268 190/24/274
f 195/29/275 191/25/267 193/27/271
f 191/25/272 196/30/276 185/19/258
f 191/25/267 195/29/277 196/30/276
f 185/19/257 196/30/276 186/20/259
f 195/29/275 197/31/278 196/30/276
f 197/31/278 198/32/279 196/30/276
f 198/32/279 199/33/280 196/30/281
f 196/30/276 199/33/280 186/20/259
f 186/20/259 199/33/280 187/21/263
f 198/32/279 200/34/282 199/33/280
f 200/34/283 201/35/284 199/33/280
f 199/33/280 201/35/284 187/21/263
f 202/36/285 201/35/284 200/34/283
f 187/21/263 201/35/284 202/36/285
f 202/36/286 200/34/287 203/37/288
f 203/37/289 204/38/290 202/36/286
f 204/38/291 205/39/292 202/36/285
f 205/39/292 206/40/293 202/36/285
f 202/36/286 206/40/294 207/41/295
f 207/41/295 187/21/263 202/36/286
f 207/41/295 208/42/296 187/21/263
f 208/42/296 176/10/261 187/21/263
f 208/42/296 209/43/297 176/10/261
f 209/43/297 208/42/296 210/44/298
f 211/45/299 209/43/297 210/44/298
f 209/43/297 175/9/239 176/10/241
f 212/46/300 210/44/301 208/42/296
f 207/41/295 212/46/300 208/42/296
f 206/40/293 212/46/300 207/41/295
f 215/47/71 214/50/206 213/49/302
f 216/48/303 215/47/71 213/49/304
f 216/48/305 213/49/302 217/51/306
f 217/51/307 213/49/304 218/52/308
f 218/52/309 213/49/302 214/50/74
f 219/53/310 217/51/307 218/52/309
f 220/54/311 217/51/307 219/53/310
f 221/55/312 220/54/311 219/53/313
f 222/56/314 220/54/311 221/55/315
f 223/57/316 222/56/314 221/55/312
f 224/58/317 222/56/314 223/57/318
f 225/59/319 224/58/317 223/57/316
f 226/60/320 224/58/317 225/59/319
f 227/61/321 226/60/322 225/59/319
f 228/62/323 226/60/322 227/61/324
f 229/63/325 228/62/323 227/61/324
f 228/62/326 229/63/327 230/64/328
f 229/63/327 231/65/329 230/64/328
f 232/66/330 230/64/328 231/65/329
f 233/67/331 232/66/330 231/65/329
f 234/68/332 232/66/330 233/67/331
f 235/69/333 234/68/332 233/67/334
f 222/56/335 236/70/336 220/54/311
f 237/71/337 236/70/336 222/56/335
f 224/58/317 237/71/337 222/56/314
f 238/72/338 237/71/337 224/58/317
f 226/60/322 238/72/339 224/58/317
f 226/60/320 228/62/340 238/72/338
f 230/64/328 232/66/330 239/73/246
f 240/74/249 230/64/328 239/73/247
f 241/75/251 228/62/323 230/64/328
f 240/74/249 241/75/251 230/64/328
f 242/76/255 239/73/247 232/66/330
f 234/68/332 242/76/254 232/66/330
f 243/77/227 236/70/336 237/71/337
f 243/77/227 244/78/341 236/70/336
f 244/78/231 245/79/342 236/70/343
f 236/70/343 245/79/344 220/54/311
f 220/54/311 245/79/342 217/51/307
f 245/79/345 246/80/346 217/51/307
f 246/80/347 216/48/348 217/51/307
f 247/81/239 216/48/348 246/80/347
f 248/82/236 247/81/239 246/80/346
f 248/82/236 246/80/349 245/79/345
f 244/78/235 248/82/236 245/79/342
f 249/83/228 243/77/227 237/71/337
f 249/83/228 237/71/337 238/72/338
f 250/84/242 249/83/228 238/72/338
f 228/62/326 241/75/350 250/84/242
f 238/72/338 228/62/326 250/84/242
f 216/48/348 247/81/239 251/85/297
f 251/85/297 252/86/134 216/48/348
f 252/86/134 215/47/71 216/48/303
f 252/86/134 251/85/297 253/87/299
f 254/88/135 252/86/351 253/87/299
f 257/89/352 256/92/353 255/91/354
f 258/90/355 257/89/356 255/91/354
f 259/93/357 257/89/358 258/90/359
f 260/94/360 259/93/357 258/90/359
f 261/95/361 259/93/362 260/94/363
f 262/96/364 261/95/365 260/94/366
f 263/97/367 261/95/361 262/96/368
f 264/98/369 263/97/367 262/96/368
f 265/99/370 263/97/367 264/98/369
f 266/100/371 265/99/370 264/98/369
f 267/101/372 265/99/370 266/100/373
f 268/102/374 267/101/372 266/100/375
f 269/103/376 267/101/377 268/102/374
f 270/104/378 269/103/376 268/102/379
f 271/105/380 269/103/376 270/104/378
f 272/106/381 271/105/382 270/104/378
f 273/107/383 271/105/384 272/106/381
f 274/108/385 273/107/383 272/106/381
f 275/109/289 273/107/386 274/108/387
f 276/110/388 275/109/288 274/108/387
f 261/95/361 263/97/389 277/111/268
f 278/112/390 261/95/361 277/111/268
f 261/95/361 278/112/390 259/93/357
f 278/112/390 279/113/391 259/93/357
f 259/93/357 279/113/391 280/114/392
f 257/89/356 259/93/357 280/114/256
f 257/89/356 280/114/256 281/115/255
f 256/92/393 257/89/356 281/115/254
f 273/107/386 282/116/287 271/105/382
f 275/109/289 282/116/282 273/107/386
f 282/116/394 283/117/279 271/105/382
f 276/110/395 284/118/396 275/109/288
f 284/118/396 285/119/397 275/109/288
f 285/119/398 284/118/399 286/120/400
f 287/121/292 285/119/401 286/120/400
f 277/111/402 263/97/403 288/122/271
f 263/97/403 265/99/404 288/122/405
f 288/122/271 265/99/370 267/101/372
f 289/123/406 288/122/271 267/101/372
f 290/124/278 289/123/277 267/101/372
f 269/103/376 290/124/407 267/101/372
f 283/117/408 290/124/409 269/103/376
f 271/105/380 283/117/410 269/103/376
f 293/125/411 292/128/312 291/127/381
f 294/126/378 293/125/411 291/127/381
f 291/127/381 292/128/312 295/129/387
f 292/128/312 296/130/310 295/129/387
f 296/130/310 297/131/412 295/129/387
f 297/131/309 298/132/388 295/129/387
f 299/133/319 293/125/411 294/126/378
f 300/134/374 299/133/319 294/126/378
f 301/135/321 299/133/413 300/134/379
f 302/136/371 301/135/324 300/134/414
f 302/136/375 303/137/355 301/135/321
f 303/137/359 304/138/354 301/135/324
f 301/135/415 304/138/354 305/139/331
f 306/140/325 301/135/324 305/139/331
f 307/141/416 306/140/325 305/139/331
f 303/137/359 302/136/371 308/142/369
f 309/143/363 303/137/417 308/142/369
f 310/144/364 309/143/360 308/142/369
f 311/132/399 298/132/388 297/131/309
f 311/132/399 297/131/418 312/148/205
f 312/148/205 313/145/200 311/132/396
f 311/132/396 313/145/200 314/146/204
f 315/147/419 311/132/399 314/146/204
f 316/149/420 218/52/412 214/50/206
f 319/150/299 318/153/298 317/152/421
f 320/151/422 319/150/299 317/152/421
f 317/152/421 321/154/214 320/151/423
f 321/154/214 322/155/213 320/151/423
f 323/156/424 321/154/214 317/152/421
f 324/157/425 321/154/210 323/156/424
f 324/157/426 325/158/419 321/154/214
f 325/158/400 326/159/204 321/154/214
f 327/160/427 324/157/426 323/156/424
f 328/161/428 323/156/424 317/152/421
f 328/161/428 317/152/421 318/153/301
f 329/162/300 328/161/429 318/153/301
f 323/156/430 328/161/428 329/162/431
f 330/163/135 319/150/299 320/151/422
f 322/155/213 330/163/432 320/151/422
f 331/164/433 323/156/424 329/162/431
f 327/160/427 323/156/424 331/164/294
f 332/165/292 327/160/427 331/164/433
f 332/165/292 325/158/419 324/157/426
f 327/160/427 332/165/292 324/157/426
f 335/166/434 334/167/435 333/168/436
f 336/169/437 335/166/434 333/168/436
f 337/170/438 334/167/435 335/166/439
f 338/171/440 337/170/441 335/166/442
f 339/172/443 337/170/438 338/171/440
f 340/173/444 339/172/443 338/171/440
f 341/174/445 335/166/442 336/169/446
f 338/171/440 335/166/439 341/174/445
f 342/175/447 341/174/448 336/169/437
f 343/176/449 338/171/440 341/174/448
f 340/173/444 338/171/440 343/176/449
f 344/177/450 340/173/444 343/176/449
f 345/178/451 340/173/444 344/177/450
f 340/173/444 345/178/451 339/172/443
f 346/179/452 345/178/451 344/177/450
f 345/178/451 347/180/453 339/172/443
f 344/177/450 348/181/454 346/179/455
f 348/181/454 344/177/450 343/176/449
f 348/181/454 343/176/449 341/174/448
f 348/181/454 349/182/456 346/179/452
f 350/183/457 348/181/454 341/174/448
f 350/183/457 341/174/445 342/175/458
f 351/184/459 350/183/460 342/175/458
f 352/185/461 350/183/457 351/184/459
f 350/183/460 352/185/461 348/181/454
f 353/186/462 352/185/461 351/184/459
f 352/185/461 354/187/463 348/181/454
f 348/181/454 354/187/463 349/182/456
f 354/187/463 355/188/464 349/182/465
f 354/187/463 356/189/466 355/188/464
f 354/187/463 352/185/461 356/189/466
f 356/189/466 357/190/467 355/188/464
f 352/185/461 358/191/468 356/189/466
f 352/185/469 353/186/470 358/191/468
f 353/186/470 359/192/471 358/191/468
f 345/178/451 360/193/472 347/180/473
f 345/178/451 346/179/455 360/193/474
f 360/193/474 361/194/475 347/180/453
f 346/179/452 362/195/476 360/193/474
f 346/179/455 349/182/477 362/195/476
f 349/182/456 363/196/478 362/195/476
f 349/182/465 355/188/464 363/196/478
f 355/188/464 364/197/479 363/196/478
f 355/188/464 357/190/480 364/197/481
f 357/190/467 365/198/482 364/197/481
f 353/186/470 351/184/459 366/199/483
f 367/200/471 353/186/470 366/199/483
f 351/184/459 368/201/484 366/199/483
f 351/184/459 342/175/447 368/201/484
f 342/175/485 369/202/486 368/201/484
f 342/175/487 370/203/437 369/202/488
f 371/204/489 358/191/490 359/192/471
f 372/205/491 371/204/489 359/192/471
f 367/200/471 366/199/483 373/206/492
f 366/199/483 374/207/493 373/206/494
f 366/199/483 368/201/484 374/207/493
f 370/203/437 375/208/495 369/202/496
f 375/208/495 376/209/497 369/202/496
f 377/210/498 376/209/499 375/208/500
f 378/211/501 377/210/498 375/208/495
f 368/201/502 379/212/503 374/207/504
f 369/202/486 376/209/499 379/212/505
f 368/201/502 369/202/506 379/212/507
f 371/204/489 372/205/494 380/213/508
f 371/204/489 380/213/508 381/214/509
f 382/215/510 371/204/511 381/214/512
f 358/191/490 371/204/489 382/215/510
f 356/189/466 358/191/513 382/215/510
f 356/189/466 382/215/510 357/190/467
f 382/215/510 383/216/514 357/190/480
f 357/190/480 383/216/515 365/198/482
f 383/216/516 384/217/517 365/198/482
f 385/218/518 384/217/519 383/216/520
f 386/219/521 385/218/522 383/216/514
f 382/215/510 381/214/509 386/219/521
f 383/216/516 382/215/510 386/219/521
f 387/220/523 379/212/507 376/209/499
f 377/210/498 387/220/523 376/209/499
f 379/212/507 387/220/523 388/221/524
f 374/207/504 379/212/505 388/221/524
f 374/207/504 388/221/524 389/222/525
f 373/206/526 374/207/504 389/222/525
f 372/205/491 390/223/525 380/213/527
f 393/224/528 392/225/498 391/226/529
f 394/227/530 393/224/531 391/226/501
f 395/228/532 393/224/531 394/227/530
f 395/228/532 396/229/533 393/224/531
f 393/224/531 396/229/533 392/225/498
f 395/228/534 397/230/535 396/229/533
f 395/228/534 398/231/536 397/230/535
f 395/228/532 399/232/537 398/231/538
f 395/228/539 400/233/540 399/232/537
f 395/228/539 401/234/541 400/233/540
f 401/234/542 402/235/543 400/233/540
f 402/235/543 401/234/542 403/236/521
f 401/234/541 404/237/518 403/236/521
f 405/238/512 400/233/540 402/235/544
f 403/236/521 405/238/509 402/235/544
f 406/239/527 399/232/545 400/233/540
f 405/238/509 406/239/527 400/233/540
f 407/240/546 398/231/536 399/232/547
f 406/239/548 407/240/525 399/232/537
f 408/241/524 397/230/535 398/231/549
f 407/240/525 408/241/524 398/231/538
f 409/242/550 396/229/533 397/230/535
f 408/241/524 409/242/551 397/230/535
f 396/229/533 409/242/550 392/225/552
f 336/169/437 333/168/436 410/243/495
f 413/244/518 412/245/542 411/246/534
f 414/247/553 413/244/522 411/246/539
f 414/247/554 415/248/555 413/244/518
f 415/248/555 416/249/519 413/244/518
f 415/248/555 417/250/482 416/249/519
f 415/248/555 418/251/481 417/250/482
f 415/248/556 419/252/476 418/251/481
f 415/248/556 420/253/475 419/252/476
f 420/253/475 421/254/557 419/252/476
f 419/252/476 422/255/478 418/251/481
f 425/166/558 424/169/559 423/168/436
f 426/167/435 425/166/558 423/168/436
f 426/167/435 427/170/438 425/166/558
f 427/170/438 428/171/560 425/166/558
f 427/170/441 429/172/443 428/171/560
f 429/172/443 430/173/561 428/171/562
f 425/166/558 431/174/563 424/169/559
f 425/166/558 428/171/562 431/174/564
f 431/174/563 432/175/565 424/169/559
f 428/171/562 433/176/566 431/174/564
f 428/171/560 430/173/561 433/176/566
f 430/173/567 434/177/568 433/176/566
f 430/173/569 435/178/570 434/177/568
f 435/178/570 430/173/567 429/172/443
f 435/178/570 436/179/571 434/177/568
f 437/180/453 435/178/570 429/172/443
f 438/181/572 434/177/568 436/179/573
f 434/177/568 438/181/572 433/176/566
f 433/176/566 438/181/574 431/174/564
f 439/182/575 438/181/572 436/179/573
f 438/181/576 440/183/577 431/174/563
f 431/174/563 440/183/577 432/175/565
f 440/183/577 441/184/578 432/175/565
f 440/183/577 442/185/579 441/184/578
f 442/185/580 440/183/577 438/181/572
f 442/185/579 443/186/581 441/184/578
f 444/187/582 442/185/579 438/181/583
f 444/187/582 438/181/572 439/182/575
f 445/188/584 444/187/585 439/182/586
f 446/189/587 444/187/585 445/188/588
f 442/185/580 444/187/585 446/189/587
f 447/190/589 446/189/587 445/188/588
f 448/191/590 442/185/579 446/189/587
f 443/186/591 442/185/580 448/191/592
f 449/192/593 443/186/594 448/191/590
f 450/193/595 435/178/570 437/180/453
f 436/179/596 435/178/597 450/193/595
f 451/194/475 450/193/595 437/180/473
f 452/195/598 436/179/571 450/193/599
f 439/182/575 436/179/573 452/195/600
f 453/196/601 439/182/575 452/195/600
f 445/188/588 439/182/602 453/196/601
f 454/197/603 445/188/588 453/196/601
f 447/190/604 445/188/584 454/197/605
f 455/198/606 447/190/589 454/197/605
f 441/184/578 443/186/591 456/199/607
f 443/186/591 457/200/593 456/199/607
f 458/201/608 441/184/578 456/199/607
f 432/175/565 441/184/578 458/201/608
f 459/202/609 432/175/565 458/201/608
f 460/203/559 432/175/565 459/202/610
f 456/199/607 457/200/593 461/206/611
f 462/207/612 456/199/607 461/206/611
f 458/201/608 456/199/607 462/207/612
f 463/208/495 460/203/559 459/202/609
f 464/209/613 463/208/495 459/202/609
f 464/209/613 465/210/614 463/208/495
f 465/210/614 466/211/501 463/208/500
f 467/212/615 458/201/608 462/207/612
f 459/202/609 458/201/608 467/212/615
f 464/209/613 459/202/609 467/212/615
f 462/207/612 461/206/616 468/222/617
f 469/221/618 462/207/612 468/222/617
f 467/212/615 462/207/612 469/221/618
f 470/220/619 465/210/614 464/209/613
f 467/212/615 470/220/620 464/209/621
f 470/220/620 467/212/615 469/221/618
f 473/224/622 472/227/623 471/226/624
f 474/225/614 473/224/625 471/226/501
f 473/224/625 475/228/534 472/227/623
f 476/229/626 475/228/532 473/224/627
f 476/229/626 473/224/625 474/225/614
f 477/230/628 475/228/539 476/229/626
f 478/231/629 475/228/534 477/230/630
f 479/232/631 475/228/534 478/231/629
f 480/233/632 475/228/534 479/232/631
f 481/234/633 475/228/534 480/233/632
f 482/235/634 481/234/633 480/233/632
f 481/234/633 482/235/634 483/236/635
f 484/237/636 481/234/633 483/236/637
f 485/238/638 483/236/639 482/235/634
f 480/233/632 485/238/638 482/235/640
f 486/239/641 485/238/638 480/233/632
f 479/232/631 486/239/641 480/233/642
f 487/240/643 486/239/641 479/232/631
f 478/231/629 487/240/617 479/232/644
f 488/241/618 487/240/617 478/231/629
f 477/230/628 488/241/618 478/231/629
f 489/242/619 476/229/626 474/225/614
f 489/242/620 488/241/618 477/230/628
f 476/229/626 489/242/619 477/230/628
f 490/215/645 446/189/587 447/190/589
f 491/216/646 490/215/645 447/190/604
f 448/191/592 446/189/647 490/215/648
f 492/204/649 448/191/590 490/215/648
f 448/191/592 492/204/649 449/192/650
f 492/204/649 493/205/611 449/192/593
f 491/216/646 447/190/604 455/198/606
f 494/217/651 491/216/646 455/198/606
f 494/217/652 495/218/653 491/216/646
f 495/218/636 496/219/639 491/216/646
f 490/215/648 491/216/646 496/219/639
f 497/214/638 490/215/645 496/219/639
f 492/204/649 490/215/648 497/214/638
f 498/213/641 492/204/649 497/214/638
f 493/205/611 492/204/654 498/213/641
f 499/223/643 493/205/611 498/213/641
f 423/168/436 424/169/559 500/243/495
f 503/244/655 502/247/553 501/246/532
f 504/245/656 503/244/653 501/246/539
f 505/248/555 502/247/554 503/244/657
f 506/249/652 505/248/555 503/244/653
f 507/250/606 505/248/556 506/249/652
f 508/251/605 505/248/555 507/250/606
f 509/252/600 505/248/556 508/251/605
f 510/253/475 505/248/556 509/252/600
f 511/254/595 510/253/475 509/252/658
f 512/255/601 509/252/600 508/251/605
f 1124/780/1399 1123/781/1400 1122/782/1401
f 1125/783/1402 1124/780/1403 1122/782/1401
f 1125/783/1402 1122/782/1401 1126/784/1404
f 1127/785/1405 1125/783/1402 1126/784/1404
f 1123/781/1400 1124/780/1399 1128/786/1406
f 1128/786/1406 1129/787/1407 1123/781/1400
f 1130/788/1408 1129/787/1407 1128/786/1406
f 1131/789/1409 1130/788/1408 1128/786/1406
f 1124/780/1399 1132/790/1410 1128/786/1406
f 1128/786/1406 1132/790/1410 1131/789/1411
f 1132/790/1410 1133/791/1412 1131/789/1411
f 1134/792/1413 1133/791/1412 1132/790/1410
f 1135/793/1414 1134/792/1413 1132/790/1410
f 1135/793/1415 1132/790/1410 1124/780/1399
f 1136/794/1416 1135/793/1414 1124/780/1403
f 1136/794/1416 1124/780/1399 1125/783/1402
f 1137/795/1417 1136/794/1418 1125/783/1402
f 1137/795/1417 1125/783/1402 1127/785/1419
f 1138/796/1420 1137/795/1417 1127/785/1419
f 1139/797/1421 1134/792/1413 1135/793/1415
f 1140/798/1422 1139/797/1421 1135/793/1414
f 1140/798/1422 1135/793/1414 1136/794/1416
f 1141/799/1423 1140/798/1422 1136/794/1418
f 1141/799/1423 1136/794/1416 1137/795/1417
f 1142/800/1424 1141/799/1423 1137/795/1417
f 1142/800/1424 1137/795/1417 1138/796/1420
f 1143/801/1425 1142/800/1424 1138/796/1420
f 1143/801/1425 1138/796/1420 1144/802/1426
f 1144/802/1426 1138/796/1420 1145/803/1427
f 1138/796/1420 1127/785/1405 1145/803/1427
f 1146/804/1428 1145/803/1427 1127/785/1419
f 1126/784/1404 1146/804/1428 1127/785/1419
f 1147/805/1429 1143/801/1425 1144/802/1426
f 1148/806/1430 1145/803/1427 1146/804/1428
f 1149/807/1431 1148/806/1432 1146/804/1433
f 1150/808/1434 1144/802/1426 1145/803/1427
f 1148/806/1430 1150/808/1434 1145/803/1427
f 1151/809/1435 1147/805/1429 1144/802/1426
f 1150/808/1434 1151/809/1435 1144/802/1426
f 1152/810/1436 1146/804/1433 1126/784/1404
f 1149/807/1431 1146/804/1428 1152/810/1437
f 1153/811/1438 1152/810/1436 1126/784/1404
f 1126/784/1404 1122/782/1401 1153/811/1438
f 1122/782/1401 1154/812/1439 1153/811/1440
f 1122/782/1401 1155/813/1441 1154/812/1439
f 1156/814/1442 1154/812/1439 1155/813/1443
f 1157/815/1444 1156/814/1442 1155/813/1445
f 1155/813/1445 1122/782/1401 1158/816/1446
f 1157/815/1447 1155/813/1445 1158/816/1446
f 1122/782/1401 1123/781/1400 1158/816/1446
f 1158/816/1446 1123/781/1400 1159/817/1448
f 1160/818/1449 1158/816/1446 1159/817/1448
f 1160/818/1450 1157/815/1444 1158/816/1446
f 1161/819/1451 1160/818/1450 1159/817/1448
f 1123/781/1400 1129/787/1407 1159/817/1448
f 1159/817/1448 1129/787/1407 1162/820/1452
f 1161/819/1451 1159/817/1448 1162/820/1452
f 1129/787/1407 1130/788/1408 1162/820/1452
f 1163/821/1453 1161/819/1451 1162/820/1452
f 1164/822/1454 1153/811/1438 1154/812/1439
f 1156/814/1442 1164/822/1454 1154/812/1439
f 1164/822/1454 1165/823/1455 1153/811/1438
f 1165/823/1456 1152/810/1436 1153/811/1457
f 1165/823/1455 1166/824/1458 1152/810/1436
f 1166/824/1458 1167/825/1459 1152/810/1437
f 1167/825/1459 1149/807/1460 1152/810/1436
f 1170/826/1461 1169/827/1462 1168/828/1463
f 1171/829/1422 1170/826/1461 1168/828/1463
f 1172/830/1464 1170/826/1461 1171/829/1422
f 1173/831/1465 1172/830/1464 1171/829/1422
f 1174/832/1466 1172/830/1467 1173/831/1465
f 1175/833/1424 1174/832/1466 1173/831/1465
f 1176/834/1468 1174/832/1466 1175/833/1469
f 1177/835/1425 1176/834/1468 1175/833/1469
f 1178/836/1470 1176/834/1471 1177/835/1472
f 1179/837/1429 1178/836/1470 1177/835/1472
f 1180/838/1473 1178/836/1470 1179/837/1429
f 1181/839/1435 1180/838/1474 1179/837/1429
f 1180/838/1473 1182/838/1475 1178/836/1470
f 1182/838/1475 1183/840/1476 1178/836/1470
f 1182/838/1477 1185/838/1478 1184/836/1479
f 1184/836/1479 1185/838/1478 1186/837/1480
f 1184/836/1479 1186/837/1481 1187/835/1482
f 1188/834/1483 1184/836/1479 1187/835/1484
f 1188/834/1483 1187/835/1484 1189/833/1485
f 1190/832/1486 1188/834/1483 1189/833/1487
f 1190/832/1486 1189/833/1488 1191/831/1489
f 1192/830/1490 1190/832/1486 1191/831/1491
f 1192/830/1490 1191/831/1491 1193/829/1492
f 1194/826/1493 1192/830/1490 1193/829/1494
f 1194/826/1495 1193/829/1494 1195/828/1463
f 1196/827/1496 1194/826/1493 1195/828/1463
f 1185/838/1478 1197/839/1497 1186/837/1481
f 1198/840/1498 1182/838/1477 1184/836/1479
f 1201/841/1499 1200/842/1462 1199/843/1461
f 1202/844/1466 1201/841/1499 1199/843/1461
f 1203/845/1464 1202/844/1466 1199/843/1461
f 1204/846/1470 1201/841/1499 1202/844/1466
f 1205/847/1500 1204/846/1470 1202/844/1466
f 1206/848/1498 1201/841/1499 1204/846/1470
f 1209/849/1501 1208/850/1502 1207/851/1503
f 1210/852/1504 1209/849/1501 1207/851/1505
f 1207/851/1503 1208/850/1506 1211/853/1435
f 1207/851/1503 1211/853/1435 1212/854/1434
f 1213/855/1507 1207/851/1505 1212/854/1434
f 1210/852/1508 1207/851/1503 1213/855/1509
f 1213/855/1509 1212/854/1434 1214/856/1432
f 1215/857/1510 1213/855/1509 1214/856/1430
f 1215/857/1511 1214/856/1430 1216/858/1431
f 1217/859/1512 1215/857/1511 1216/858/1431
f 1208/850/1502 1218/860/1473 1211/853/1513
f 1208/850/1514 1209/849/1501 1218/860/1515
f 1209/849/1501 1219/861/1477 1218/860/1473
f 1220/862/1516 1210/852/1508 1213/855/1509
f 1220/862/1516 1213/855/1509 1215/857/1511
f 1220/862/1516 1215/857/1511 1217/859/1512
f 1220/862/1516 1217/859/1517 1221/863/1518
f 1217/859/1519 1216/858/1431 1222/864/1459
f 1221/863/1520 1217/859/1512 1222/864/1459
f 1223/865/1521 1221/863/1520 1222/864/1459
f 1224/866/1522 1223/865/1521 1222/864/1459
f 1225/867/1523 1220/862/1524 1221/863/1520
f 1223/865/1521 1225/867/1523 1221/863/1520
f 1228/868/1525 1227/869/1450 1226/870/1451
f 1229/871/1526 1228/868/1527 1226/870/1451
f 1230/872/1528 1228/868/1529 1229/871/1526
f 1231/873/1530 1230/872/1528 1229/871/1526
f 1230/872/1528 1232/874/1531 1228/868/1529
f 1230/872/1528 1233/875/1532 1232/874/1533
f 1233/875/1532 1234/876/1534 1232/874/1533
f 1232/874/1531 1235/877/1535 1228/868/1527
f 1228/868/1536 1235/877/1535 1227/869/1450
f 1235/877/1535 1232/874/1531 1236/878/1444
f 1235/877/1535 1236/878/1447 1227/869/1450
f 1232/874/1531 1237/879/1442 1236/878/1444
f 1232/874/1531 1234/876/1534 1237/879/1537
f 1229/871/1526 1226/870/1451 1238/880/1453
f 1231/873/1530 1229/871/1526 1238/880/1538
f 1234/876/1539 1239/881/1540 1237/879/1537
f 1234/876/1539 1233/875/1532 1239/881/1540
f 1233/875/1532 1240/882/1455 1239/881/1540
f 1233/875/1532 1241/883/1522 1240/882/1456
f 1233/875/1532 1242/884/1521 1241/883/1522
f 1233/875/1532 1230/872/1528 1242/884/1521
f 1230/872/1528 1243/885/1523 1242/884/1541
f 1246/780/1542 1245/783/1543 1244/782/1544
f 1247/781/1545 1246/780/1542 1244/782/1544
f 1244/782/1544 1245/783/1543 1248/784/1546
f 1245/783/1547 1249/785/1548 1248/784/1546
f 1246/780/1542 1247/781/1545 1250/786/1549
f 1251/787/1550 1250/786/1551 1247/781/1545
f 1251/787/1550 1252/788/1408 1250/786/1552
f 1252/788/1408 1253/789/1411 1250/786/1551
f 1254/790/1553 1246/780/1542 1250/786/1549
f 1254/790/1554 1250/786/1551 1253/789/1411
f 1255/791/1412 1254/790/1554 1253/789/1411
f 1255/791/1412 1256/792/1413 1254/790/1553
f 1256/792/1413 1257/793/1555 1254/790/1554
f 1254/790/1553 1257/793/1555 1246/780/1542
f 1257/793/1555 1258/794/1556 1246/780/1542
f 1246/780/1542 1258/794/1556 1245/783/1547
f 1258/794/1556 1259/795/1557 1245/783/1543
f 1245/783/1543 1259/795/1557 1249/785/1548
f 1259/795/1557 1260/796/1558 1249/785/1548
f 1256/792/1413 1261/797/1421 1257/793/1555
f 1261/797/1421 1262/798/1494 1257/793/1555
f 1257/793/1555 1262/798/1559 1258/794/1556
f 1262/798/1494 1263/799/1491 1258/794/1556
f 1258/794/1556 1263/799/1491 1259/795/1557
f 1263/799/1491 1264/800/1488 1259/795/1557
f 1259/795/1557 1264/800/1488 1260/796/1558
f 1264/800/1488 1265/801/1560 1260/796/1561
f 1260/796/1561 1265/801/1560 1266/802/1562
f 1260/796/1558 1266/802/1562 1267/803/1563
f 1249/785/1564 1260/796/1561 1267/803/1563
f 1267/803/1563 1268/804/1565 1249/785/1548
f 1268/804/1565 1248/784/1546 1249/785/1566
f 1265/801/1482 1269/805/1481 1266/802/1562
f 1267/803/1563 1270/806/1567 1268/804/1565
f 1270/806/1567 1271/807/1568 1268/804/1565
f 1272/808/1569 1270/806/1567 1267/803/1563
f 1266/802/1570 1272/808/1569 1267/803/1563
f 1273/809/1497 1272/808/1571 1266/802/1562
f 1269/805/1481 1273/809/1497 1266/802/1562
f 1268/804/1565 1274/810/1572 1248/784/1546
f 1268/804/1565 1271/807/1568 1274/810/1573
f 1274/810/1572 1275/811/1574 1248/784/1546
f 1244/782/1544 1248/784/1546 1275/811/1574
f 1276/812/1575 1244/782/1576 1275/811/1574
f 1277/813/1577 1244/782/1544 1276/812/1575
f 1276/812/1575 1278/814/1578 1277/813/1579
f 1278/814/1580 1279/815/1581 1277/813/1577
f 1244/782/1544 1277/813/1582 1280/816/1583
f 1277/813/1579 1279/815/1584 1280/816/1585
f 1247/781/1545 1244/782/1544 1280/816/1585
f 1247/781/1545 1280/816/1585 1281/817/1586
f 1280/816/1585 1282/818/1587 1281/817/1586
f 1279/815/1584 1282/818/1588 1280/816/1583
f 1282/818/1587 1283/819/1589 1281/817/1586
f 1251/787/1550 1247/781/1545 1281/817/1586
f 1251/787/1550 1281/817/1586 1284/820/1452
f 1281/817/1590 1283/819/1591 1284/820/1452
f 1252/788/1408 1251/787/1550 1284/820/1452
f 1283/819/1592 1285/821/1453 1284/820/1593
f 1286/822/1594 1278/814/1580 1276/812/1575
f 1275/811/1574 1286/822/1595 1276/812/1575
f 1287/823/1596 1286/822/1595 1275/811/1574
f 1274/810/1572 1287/823/1596 1275/811/1574
f 1288/824/1597 1287/823/1596 1274/810/1572
f 1289/825/1598 1288/824/1597 1274/810/1572
f 1271/807/1568 1289/825/1598 1274/810/1572
f 1292/842/1462 1291/841/1499 1290/843/1495
f 1291/841/1499 1293/844/1599 1290/843/1493
f 1293/844/1486 1294/845/1490 1290/843/1495
f 1291/841/1499 1295/846/1479 1293/844/1599
f 1295/846/1479 1296/847/1483 1293/844/1486
f 1291/841/1499 1297/848/1476 1295/846/1479
f 1300/849/1501 1299/852/1504 1298/851/1600
f 1301/850/1601 1300/849/1501 1298/851/1600
f 1301/850/1601 1298/851/1600 1302/853/1497
f 1302/853/1497 1298/851/1600 1303/854/1569
f 1298/851/1600 1304/855/1602 1303/854/1603
f 1298/851/1600 1299/852/1508 1304/855/1602
f 1303/854/1571 1304/855/1602 1305/856/1567
f 1304/855/1602 1306/857/1604 1305/856/1567
f 1305/856/1567 1306/857/1604 1307/858/1568
f 1306/857/1604 1308/859/1605 1307/858/1568
f 1309/860/1606 1301/850/1601 1302/853/1607
f 1300/849/1501 1301/850/1601 1309/860/1478
f 1310/861/1477 1300/849/1501 1309/860/1478
f 1299/852/1508 1311/862/1516 1304/855/1602
f 1304/855/1602 1311/862/1524 1306/857/1604
f 1306/857/1604 1311/862/1516 1308/859/1605
f 1308/859/1605 1311/862/1516 1312/863/1608
f 1308/859/1605 1312/863/1609 1313/864/1598
f 1307/858/1568 1308/859/1605 1313/864/1598
f 1312/863/1608 1314/865/1610 1313/864/1598
f 1314/865/1611 1315/866/1597 1313/864/1598
f 1316/867/1523 1314/865/1610 1312/863/1608
f 1311/862/1516 1316/867/1523 1312/863/1608
f 1319/868/1612 1318/871/1613 1317/870/1614
f 1320/869/1588 1319/868/1612 1317/870/1615
f 1319/868/1612 1321/872/1528 1318/871/1613
f 1321/872/1528 1322/873/1530 1318/871/1613
f 1323/874/1616 1321/872/1528 1319/868/1612
f 1324/875/1617 1321/872/1528 1323/874/1616
f 1325/876/1618 1324/875/1617 1323/874/1616
f 1326/877/1619 1323/874/1616 1319/868/1612
f 1326/877/1619 1319/868/1612 1320/869/1588
f 1323/874/1616 1326/877/1620 1327/878/1584
f 1327/878/1584 1326/877/1620 1320/869/1588
f 1328/879/1621 1323/874/1616 1327/878/1584
f 1325/876/1618 1323/874/1616 1328/879/1580
f 1318/871/1613 1322/873/1530 1329/880/1453
f 1317/870/1614 1318/871/1613 1329/880/1538
f 1330/881/1595 1325/876/1618 1328/879/1621
f 1324/875/1617 1325/876/1618 1330/881/1595
f 1331/882/1622 1324/875/1617 1330/881/1595
f 1332/883/1597 1324/875/1617 1331/882/1596
f 1333/884/1610 1324/875/1617 1332/883/1623
f 1321/872/1528 1324/875/1617 1333/884/1610
f 1334/885/1523 1321/872/1528 1333/884/1611
usemtl 材质.003
f 515/256/659 514/257/660 513/258/661
f 516/259/662 515/256/663 513/258/664
f 513/258/664 514/257/665 517/260/666
f 518/261/667 513/258/668 517/260/669
f 519/262/670 513/258/668 518/261/667
f 513/258/671 519/262/672 520/263/662
f 519/262/670 521/264/673 520/263/662
f 522/265/674 519/262/670 518/261/667
f 523/266/675 519/262/670 522/265/676
f 519/262/670 523/266/677 524/267/673
f 523/266/675 525/268/678 524/267/673
f 526/269/679 523/266/680 522/265/674
f 527/270/681 523/266/677 526/269/682
f 523/266/677 527/270/681 528/271/683
f 527/270/681 529/272/684 528/271/683
f 530/273/685 527/270/681 526/269/682
f 530/273/685 526/269/679 531/274/686
f 532/275/687 530/273/685 531/274/688
f 532/275/689 531/274/690 533/276/691
f 531/274/686 534/277/692 533/276/691
f 526/269/679 522/265/693 535/278/694
f 531/274/690 526/269/682 535/278/694
f 531/274/690 535/278/694 536/279/692
f 535/278/694 537/280/695 536/279/696
f 535/278/694 522/265/674 538/281/697
f 535/278/694 538/281/698 539/282/695
f 538/281/698 540/283/699 539/282/695
f 522/265/674 518/261/667 538/281/700
f 543/284/701 545/285/702 544/286/703
f 517/260/704 546/287/705 543/284/706
f 517/260/669 514/257/665 546/287/705
f 514/257/707 547/288/708 546/287/709
f 548/289/710 547/288/708 514/257/660
f 549/290/659 548/289/711 514/257/707
f 552/291/712 551/292/713 550/293/714
f 553/294/681 552/291/712 550/293/715
f 552/291/716 553/294/681 554/295/685
f 555/296/717 552/291/716 554/295/685
f 556/297/718 552/291/712 555/296/717
f 552/291/716 556/297/719 557/298/720
f 556/297/718 558/299/721 557/298/722
f 559/300/723 556/297/718 555/296/717
f 560/301/724 556/297/725 559/300/723
f 556/297/726 560/301/727 561/302/721
f 560/301/727 562/303/728 561/302/729
f 563/304/730 560/301/724 559/300/731
f 564/305/732 560/301/727 563/304/730
f 560/301/733 564/305/734 565/306/728
f 564/305/732 566/307/735 565/306/728
f 567/308/736 564/305/734 563/304/730
f 568/309/737 564/305/738 567/308/739
f 564/305/738 568/309/740 569/310/735
f 568/309/740 570/311/741 569/310/742
f 571/312/743 568/309/740 567/308/739
f 571/312/743 567/308/739 572/313/744
f 573/314/745 571/312/743 572/313/744
f 573/314/745 572/313/744 574/315/746
f 572/313/747 575/316/748 574/315/746
f 567/308/739 563/304/730 576/317/749
f 572/313/750 567/308/736 576/317/751
f 572/313/744 576/317/751 577/318/752
f 576/317/753 578/319/754 577/318/748
f 576/317/751 563/304/730 579/320/755
f 576/317/756 579/320/757 580/321/754
f 579/320/758 581/322/759 580/321/754
f 563/304/760 559/300/723 579/320/761
f 579/320/755 559/300/723 582/323/762
f 579/320/763 582/323/762 583/324/764
f 582/323/762 584/325/765 583/324/759
f 559/300/723 555/296/717 582/323/762
f 582/323/762 555/296/717 585/326/689
f 582/323/762 585/326/689 586/327/766
f 585/326/689 587/328/691 586/327/766
f 555/296/767 554/295/685 585/326/689
f 590/329/768 589/330/769 588/331/770
f 591/332/740 590/329/771 588/331/741
f 590/329/768 591/332/737 592/333/743
f 593/334/772 590/329/771 592/333/743
f 594/335/773 590/329/771 593/334/774
f 590/329/771 594/335/775 595/336/776
f 594/335/777 596/337/778 595/336/779
f 597/338/780 594/335/775 593/334/772
f 598/339/781 594/335/782 597/338/783
f 594/335/773 598/339/781 599/340/784
f 598/339/781 600/341/785 599/340/784
f 601/342/786 598/339/781 597/338/780
f 602/343/787 598/339/781 601/342/788
f 598/339/789 602/343/787 603/344/790
f 602/343/787 604/345/791 603/344/792
f 605/346/793 602/343/794 601/342/786
f 606/347/795 602/343/794 605/346/793
f 602/343/796 606/347/795 607/348/797
f 606/347/795 608/349/798 607/348/797
f 609/350/799 606/347/795 605/346/800
f 609/350/799 605/346/793 610/351/801
f 611/352/802 609/350/799 610/351/801
f 611/352/803 610/351/804 612/353/805
f 610/351/804 613/354/806 612/353/805
f 605/346/800 601/342/807 614/355/808
f 610/351/801 605/346/800 614/355/809
f 610/351/810 614/355/811 615/356/812
f 614/355/808 616/357/813 615/356/812
f 614/355/808 601/342/788 617/358/814
f 614/355/811 617/358/814 618/359/815
f 617/358/814 619/360/816 618/359/817
f 601/342/788 597/338/780 617/358/814
f 617/358/814 597/338/780 620/361/818
f 617/358/814 620/361/818 621/362/816
f 620/361/819 622/363/820 621/362/816
f 597/338/783 593/334/772 620/361/819
f 620/361/818 593/334/772 623/364/821
f 620/361/822 623/364/823 624/365/824
f 623/364/745 625/366/825 624/365/824
f 593/334/772 592/333/826 623/364/823
f 628/367/827 627/368/828 626/369/829
f 629/370/795 628/367/827 626/369/798
f 628/367/830 629/370/795 630/371/799
f 631/372/831 628/367/830 630/371/799
f 632/373/832 628/367/833 631/372/834
f 628/367/827 632/373/835 633/374/836
f 632/373/837 634/375/838 633/374/839
f 635/376/840 632/373/835 631/372/841
f 636/377/842 632/373/837 635/376/843
f 632/373/844 636/377/842 637/378/845
f 636/377/842 638/379/846 637/378/838
f 639/380/847 636/377/842 635/376/848
f 640/381/849 636/377/842 639/380/850
f 636/377/851 640/381/852 641/382/853
f 640/381/854 642/383/855 641/382/846
f 643/384/856 640/381/854 639/380/850
f 644/385/857 640/381/858 643/384/856
f 640/381/849 644/385/859 645/386/855
f 644/385/708 646/387/860 645/386/855
f 647/388/705 644/385/708 643/384/856
f 647/388/705 643/384/856 648/389/861
f 649/390/706 647/388/705 648/389/862
f 649/390/706 648/389/863 650/391/702
f 648/389/864 651/392/865 650/391/702
f 643/384/856 639/380/866 652/393/867
f 648/389/868 643/384/856 652/393/867
f 648/389/869 652/393/870 653/394/871
f 652/393/872 654/395/873 653/394/874
f 652/393/875 639/380/847 655/396/876
f 656/397/873 652/393/867 655/396/877
f 657/398/878 656/397/879 655/396/876
f 639/380/847 635/376/840 655/396/877
f 655/396/876 635/376/848 658/399/880
f 655/396/881 658/399/882 659/400/883
f 658/399/882 660/401/884 659/400/878
f 635/376/843 631/372/841 658/399/885
f 658/399/886 631/372/831 661/402/802
f 658/399/886 661/402/887 662/403/884
f 661/402/802 663/404/805 662/403/888
f 631/372/841 630/371/799 661/402/802
f 666/405/889 665/406/890 664/407/691
f 667/408/764 665/406/890 666/405/891
f 668/409/754 667/408/764 666/405/889
f 669/410/892 668/409/754 666/405/891
f 670/411/825 669/410/892 666/405/893
f 671/412/824 670/411/825 666/405/891
f 672/413/816 671/412/894 666/405/895
f 673/414/813 672/413/816 666/405/891
f 674/415/806 673/414/813 666/405/889
f 675/416/805 674/415/896 666/405/891
f 675/416/805 666/405/889 676/417/884
f 666/405/891 664/407/691 677/418/897
f 666/405/891 677/418/897 678/419/695
f 666/405/895 678/419/695 679/420/898
f 666/405/891 679/420/699 680/421/703
f 666/405/891 680/421/703 681/422/899
f 666/405/891 681/422/702 682/423/865
f 666/405/891 682/423/865 683/424/879
f 666/405/891 683/424/879 684/425/883
f 666/405/891 684/425/883 676/417/884
f 687/405/900 686/426/901 685/427/778
f 688/428/770 686/426/902 687/405/900
f 689/429/903 688/428/770 687/405/900
f 690/430/904 689/429/905 687/405/906
f 691/431/721 690/430/904 687/405/900
f 692/432/720 691/431/721 687/405/900
f 693/433/684 692/432/720 687/405/900
f 694/434/683 693/433/684 687/405/900
f 695/435/673 694/434/683 687/405/900
f 696/436/662 695/435/673 687/405/900
f 696/436/907 687/405/900 697/437/663
f 687/405/900 685/427/778 698/438/908
f 687/405/900 698/438/908 699/439/909
f 687/405/900 699/439/909 700/440/798
f 687/405/906 700/440/798 701/441/836
f 687/405/900 701/441/910 702/442/845
f 687/405/900 702/442/845 703/443/846
f 687/405/900 703/443/846 704/444/855
f 687/405/900 704/444/855 705/445/710
f 687/405/900 705/445/711 697/437/659
usemtl 材质.004
f 708/446/911 707/447/912 706/448/913
f 709/449/914 708/446/911 706/448/915
f 706/448/915 707/447/912 710/450/916
f 711/451/917 706/448/915 710/450/918
f 712/452/919 706/448/915 711/451/920
f 706/448/913 712/452/919 713/453/914
f 712/452/921 714/454/922 713/453/923
f 715/455/924 712/452/919 711/451/925
f 716/456/926 712/452/921 715/455/924
f 712/452/919 716/456/926 717/457/927
f 716/456/926 718/458/928 717/457/927
f 719/459/929 716/456/926 715/455/924
f 720/460/930 716/456/926 719/459/931
f 716/456/926 720/460/932 721/461/933
f 720/460/930 722/462/934 721/461/928
f 723/463/935 720/460/930 719/459/929
f 723/463/935 719/459/931 724/464/936
f 725/465/937 723/463/938 724/464/939
f 725/465/940 724/464/936 726/466/941
f 724/464/942 727/467/943 726/466/944
f 719/459/929 715/455/924 728/468/945
f 724/464/942 719/459/929 728/468/946
f 724/464/942 728/468/945 729/469/947
f 728/468/946 730/470/948 729/469/949
f 728/468/950 715/455/924 731/471/951
f 728/468/946 731/471/952 732/472/953
f 731/471/954 733/473/955 732/472/956
f 715/455/924 711/451/957 731/471/958
f 731/471/958 711/451/917 734/474/959
f 731/471/952 734/474/960 735/475/961
f 734/474/962 736/476/963 735/475/961
f 711/451/957 710/450/918 734/474/962
f 734/474/959 710/450/918 737/477/964
f 734/474/962 737/477/965 738/478/966
f 737/477/965 739/479/967 738/478/968
f 710/450/969 740/480/970 737/477/964
f 710/450/918 707/447/971 740/480/970
f 707/447/912 741/481/972 740/480/970
f 742/482/973 741/481/974 707/447/975
f 743/483/911 742/482/973 707/447/912
f 746/484/976 745/485/977 744/486/978
f 747/487/930 746/484/979 744/486/934
f 746/484/976 747/487/930 748/488/935
f 749/489/980 746/484/976 748/488/981
f 750/490/982 746/484/976 749/489/980
f 746/484/983 750/490/982 751/491/984
f 750/490/985 752/492/986 751/491/977
f 753/493/987 750/490/982 749/489/980
f 754/494/988 750/490/985 753/493/989
f 750/490/982 754/494/990 755/495/986
f 754/494/990 756/496/991 755/495/992
f 757/497/993 754/494/990 753/493/987
f 758/498/994 754/494/990 757/497/993
f 754/494/995 758/498/996 759/499/991
f 758/498/994 760/500/997 759/499/998
f 761/501/999 758/498/1000 757/497/993
f 762/502/1001 758/498/1002 761/501/999
f 758/498/996 762/502/1001 763/503/1003
f 762/502/1001 764/504/1004 763/503/997
f 765/505/1005 762/502/1001 761/501/1006
f 765/505/1005 761/501/999 766/506/1007
f 767/507/1008 765/505/1009 766/506/1007
f 767/507/1010 766/506/1007 768/508/1011
f 766/506/1007 769/509/1012 768/508/1013
f 761/501/999 757/497/993 770/510/1014
f 766/506/1015 761/501/999 770/510/1016
f 766/506/1007 770/510/1016 771/511/1017
f 770/510/1018 772/512/1019 771/511/1012
f 770/510/1020 757/497/993 773/513/1021
f 770/510/1014 773/513/1022 774/514/1023
f 773/513/1022 775/515/1024 774/514/1019
f 757/497/993 753/493/987 773/513/1025
f 773/513/1026 753/493/989 776/516/1027
f 773/513/1026 776/516/1027 777/517/1028
f 776/516/1027 778/518/1029 777/517/1024
f 753/493/1030 749/489/980 776/516/1027
f 776/516/1027 749/489/980 779/519/940
f 776/516/1031 779/519/940 780/520/1032
f 779/519/940 781/521/1033 780/520/1032
f 749/489/980 748/488/935 779/519/940
f 784/329/1034 783/330/1035 782/331/1036
f 785/332/1001 784/329/1037 782/331/1038
f 784/329/1037 785/332/1001 786/333/1005
f 787/334/1039 784/329/1034 786/333/1005
f 788/335/1040 784/329/1034 787/334/1039
f 784/329/1034 788/335/1040 789/336/1041
f 788/335/1040 790/337/1042 789/336/1035
f 791/338/1043 788/335/1044 787/334/1045
f 792/339/1046 788/335/1040 791/338/1043
f 788/335/1040 792/339/1047 793/340/1048
f 792/339/1049 794/341/1050 793/340/1048
f 795/342/1051 792/339/1049 791/338/1043
f 796/343/1052 792/339/1047 795/342/1051
f 792/339/1049 796/343/1052 797/344/1050
f 796/343/1052 798/345/1053 797/344/1054
f 799/346/1055 796/343/1052 795/342/1051
f 800/347/1056 796/343/1052 799/346/1055
f 796/343/1052 800/347/1057 801/348/1058
f 800/347/1056 802/349/1059 801/348/1053
f 803/350/1060 800/347/1056 799/346/1055
f 803/350/1060 799/346/1055 804/351/1061
f 805/352/1062 803/350/1060 804/351/1063
f 805/352/1062 804/351/1064 806/353/1065
f 804/351/1066 807/354/1067 806/353/1068
f 799/346/1055 795/342/1051 808/355/1069
f 804/351/1064 799/346/1055 808/355/1069
f 804/351/1061 808/355/1070 809/356/1071
f 808/355/1072 810/357/1073 809/356/1074
f 808/355/1069 795/342/1075 811/358/1076
f 808/355/1070 811/358/1076 812/359/1073
f 811/358/1076 813/360/1077 812/359/1078
f 795/342/1051 791/338/1043 811/358/1076
f 811/358/1076 791/338/1079 814/361/1080
f 811/358/1076 814/361/1080 815/362/1077
f 814/361/1081 816/363/1082 815/362/1077
f 791/338/1043 787/334/1039 814/361/1081
f 814/361/1081 787/334/1039 817/364/1010
f 814/361/1081 817/364/1083 818/365/1082
f 817/364/1010 819/366/1011 818/365/1082
f 787/334/1084 786/333/1005 817/364/1010
f 822/522/1085 821/523/1086 820/524/1087
f 823/525/1056 822/522/1088 820/524/1087
f 822/522/1089 823/525/1090 824/526/1060
f 825/527/1091 822/522/1089 824/526/1060
f 826/528/1092 822/522/1089 825/527/1091
f 822/522/1088 826/528/1093 827/529/1094
f 826/528/1092 828/530/1095 827/529/1094
f 829/531/1096 826/528/1092 825/527/1097
f 830/532/1098 826/528/1092 829/531/1096
f 826/528/1099 830/532/1100 831/533/1095
f 830/532/1098 832/534/1101 831/533/1102
f 833/535/1103 830/532/1100 829/531/1104
f 834/536/1105 830/532/1100 833/535/1103
f 830/532/1100 834/536/1105 835/537/1101
f 834/536/1105 836/538/1106 835/537/1101
f 837/539/1107 834/536/1105 833/535/1103
f 838/540/1108 834/536/1105 837/539/1109
f 834/536/1110 838/540/972 839/541/1111
f 838/540/1108 840/542/973 839/541/1106
f 841/543/970 838/540/1108 837/539/1109
f 841/543/970 837/539/1109 842/544/1112
f 843/545/964 841/543/970 842/544/1113
f 843/545/964 842/544/1114 844/546/1115
f 842/544/1112 845/547/1116 844/546/1115
f 837/539/1109 833/535/1117 846/548/1118
f 842/544/1119 837/539/1109 846/548/1118
f 842/544/1120 846/548/1121 847/549/1122
f 846/548/1118 848/550/1123 847/549/1116
f 846/548/1118 833/535/1124 849/551/1125
f 850/552/1123 846/548/1118 849/551/1126
f 851/553/1127 850/552/1128 849/551/1129
f 833/535/1124 829/531/1130 849/551/1125
f 849/551/1129 829/531/1096 852/554/1131
f 849/551/1129 852/554/1132 853/555/1127
f 852/554/1132 854/556/1133 853/555/1134
f 829/531/1096 825/527/1135 852/554/1136
f 852/554/1132 825/527/1137 855/557/1062
f 852/554/1132 855/557/1138 856/558/1139
f 855/557/1062 857/559/1065 856/558/1140
f 825/527/1091 824/526/1060 855/557/1062
f 860/405/1141 859/406/1142 858/407/944
f 861/408/1024 859/406/1142 860/405/1141
f 862/409/1019 861/408/1024 860/405/1141
f 863/410/1012 862/409/1019 860/405/1141
f 864/411/1013 863/410/1143 860/405/1141
f 865/412/1082 864/411/1013 860/405/1141
f 866/413/1077 865/412/1082 860/405/1141
f 867/414/1073 866/413/1077 860/405/1141
f 868/415/1144 867/414/1073 860/405/1141
f 869/416/1065 868/415/1074 860/405/1141
f 869/416/1065 860/405/1141 870/417/1139
f 860/405/1141 858/407/944 871/418/943
f 860/405/1141 871/418/943 872/419/953
f 860/405/1141 872/419/953 873/420/1145
f 860/405/1141 873/420/1145 874/421/968
f 860/405/1141 874/421/963 875/422/1115
f 860/405/1141 875/422/1115 876/423/1116
f 860/405/1141 876/423/1116 877/424/1128
f 860/405/1141 877/424/1128 878/425/1146
f 860/405/1141 878/425/1134 870/417/1133
f 881/405/1147 880/426/1035 879/427/1048
f 882/428/1004 880/426/1041 881/405/1147
f 883/429/997 882/428/1004 881/405/1147
f 884/430/991 883/429/1003 881/405/1147
f 885/431/986 884/430/991 881/405/1147
f 886/432/984 885/431/992 881/405/1147
f 887/433/934 886/432/984 881/405/1147
f 888/434/928 887/433/934 881/405/1147
f 889/435/927 888/434/928 881/405/1147
f 890/436/923 889/435/927 881/405/1147
f 890/436/1148 881/405/1147 891/437/911
f 881/405/1147 879/427/1042 892/438/1050
f 881/405/1147 892/438/1050 893/439/1053
f 881/405/1147 893/439/1053 894/440/1059
f 881/405/1147 894/440/1059 895/441/1094
f 881/405/1147 895/441/1094 896/442/1095
f 881/405/1147 896/442/1095 897/443/1101
f 881/405/1147 897/443/1101 898/444/1111
f 881/405/1147 898/444/1106 899/445/973
f 881/405/1147 899/445/1149 891/437/911
s 1
usemtl 材质.005
f 948/560/1150 956/561/1151 933/562/1152
f 964/563/1153 900/564/1154 901/565/1155
f 964/563/1153 902/566/1156 966/567/1157
f 966/567/1157 903/568/1158 967/569/1159
f 967/569/1159 904/570/1160 968/571/1161
f 968/571/1161 905/572/1162 969/573/1163
f 969/573/1163 906/574/1164 970/575/1165
f 970/575/1165 907/576/1166 971/577/1167
f 971/577/1167 908/578/1168 972/579/1169
f 973/580/1170 908/578/1168 909/581/1171
f 973/580/1170 910/582/1172 974/583/1173
f 974/583/1173 911/584/1174 975/585/1175
f 975/585/1175 912/586/1176 976/587/1177
f 976/587/1177 913/588/1178 977/589/1179
f 977/589/1179 914/590/1180 978/591/1181
f 978/591/1181 915/592/1182 979/593/1183
f 979/593/1183 916/594/1184 980/595/1185
f 981/596/1186 916/594/1184 917/597/1187
f 981/596/1186 918/598/1188 982/599/1189
f 982/599/1189 919/600/1190 983/601/1191
f 983/601/1191 920/602/1192 984/603/1193
f 984/603/1193 921/604/1194 985/605/1195
f 985/605/1195 922/606/1196 986/607/1197
f 986/607/1197 923/608/1198 987/609/1199
f 987/609/1199 924/610/1200 988/611/1201
f 989/612/1202 924/610/1200 925/613/1203
f 989/612/1202 926/614/1204 990/615/1205
f 990/615/1205 927/616/1206 991/617/1207
f 991/617/1207 928/618/1208 992/619/1209
f 992/619/1209 929/620/1210 993/621/1211
f 993/621/1211 930/622/1212 994/623/1213
f 994/623/1213 931/624/1214 995/625/1215
f 995/625/1215 900/564/1154 965/626/1216
f 933/562/1152 964/563/1153 932/627/1217
f 934/628/1218 964/563/1153 966/567/1157
f 934/628/1218 967/569/1159 935/629/1219
f 935/629/1219 968/571/1161 936/630/1220
f 936/630/1220 969/573/1163 937/631/1221
f 937/631/1221 970/575/1165 938/632/1222
f 938/632/1222 971/577/1167 939/633/1223
f 939/633/1223 972/579/1169 940/634/1224
f 940/634/1224 973/580/1170 941/635/1225
f 942/636/1226 973/580/1170 974/583/1173
f 942/636/1226 975/585/1175 943/637/1227
f 943/637/1227 976/587/1177 944/638/1228
f 944/638/1228 977/589/1179 945/639/1229
f 945/639/1229 978/591/1181 946/640/1230
f 946/640/1230 979/593/1183 947/641/1231
f 947/641/1231 980/595/1185 948/560/1150
f 948/560/1150 981/596/1186 949/642/1232
f 950/643/1233 981/596/1186 982/599/1189
f 950/643/1233 983/601/1191 951/644/1234
f 951/644/1234 984/603/1193 952/645/1235
f 952/645/1235 985/605/1195 953/646/1236
f 953/646/1236 986/607/1197 954/647/1237
f 954/647/1237 987/609/1199 955/648/1238
f 955/648/1238 988/611/1201 956/561/1151
f 956/561/1151 989/612/1202 957/649/1239
f 958/650/1240 989/612/1202 990/615/1205
f 958/650/1240 991/617/1207 959/651/1241
f 959/651/1241 992/619/1209 960/652/1242
f 960/652/1242 993/621/1211 961/653/1243
f 961/653/1243 994/623/1213 962/654/1244
f 962/654/1244 995/625/1215 963/655/1245
f 963/655/1245 965/626/1216 933/562/1152
f 933/562/1152 932/627/1217 934/628/1218
f 934/628/1218 935/629/1219 933/562/1152
f 935/629/1219 936/630/1220 933/562/1152
f 936/630/1220 937/631/1221 938/632/1222
f 938/632/1222 939/633/1223 940/634/1224
f 940/634/1224 941/635/1225 942/636/1226
f 942/636/1226 943/637/1227 940/634/1224
f 943/637/1227 944/638/1228 940/634/1224
f 944/638/1228 945/639/1229 946/640/1230
f 946/640/1230 947/641/1231 948/560/1150
f 948/560/1150 949/642/1232 952/645/1235
f 949/642/1232 950/643/1233 952/645/1235
f 950/643/1233 951/644/1234 952/645/1235
f 952/645/1235 953/646/1236 954/647/1237
f 954/647/1237 955/648/1238 956/561/1151
f 956/561/1151 957/649/1239 960/652/1242
f 957/649/1239 958/650/1240 960/652/1242
f 958/650/1240 959/651/1241 960/652/1242
f 960/652/1242 961/653/1243 962/654/1244
f 962/654/1244 963/655/1245 933/562/1152
f 936/630/1220 938/632/1222 933/562/1152
f 938/632/1222 940/634/1224 933/562/1152
f 944/638/1228 946/640/1230 940/634/1224
f 946/640/1230 948/560/1150 940/634/1224
f 952/645/1235 954/647/1237 948/560/1150
f 954/647/1237 956/561/1151 948/560/1150
f 960/652/1242 962/654/1244 956/561/1151
f 962/654/1244 933/562/1152 956/561/1151
f 933/562/1152 940/634/1224 948/560/1150
f 964/563/1153 965/626/1216 900/564/1154
f 964/563/1153 901/565/1155 902/566/1156
f 966/567/1157 902/566/1156 903/568/1158
f 967/569/1159 903/568/1158 904/570/1160
f 968/571/1161 904/570/1160 905/572/1162
f 969/573/1163 905/572/1162 906/574/1164
f 970/575/1165 906/574/1164 907/576/1166
f 971/577/1167 907/576/1166 908/578/1168
f 973/580/1170 972/579/1169 908/578/1168
f 973/580/1170 909/581/1171 910/582/1172
f 974/583/1173 910/582/1172 911/584/1174
f 975/585/1175 911/584/1174 912/586/1176
f 976/587/1177 912/586/1176 913/588/1178
f 977/589/1179 913/588/1178 914/590/1180
f 978/591/1181 914/590/1180 915/592/1182
f 979/593/1183 915/592/1182 916/594/1184
f 981/596/1186 980/595/1185 916/594/1184
f 981/596/1186 917/597/1187 918/598/1188
f 982/599/1189 918/598/1188 919/600/1190
f 983/601/1191 919/600/1190 920/602/1192
f 984/603/1193 920/602/1192 921/604/1194
f 985/605/1195 921/604/1194 922/606/1196
f 986/607/1197 922/606/1196 923/608/1198
f 987/609/1199 923/608/1198 924/610/1200
f 989/612/1202 988/611/1201 924/610/1200
f 989/612/1202 925/613/1203 926/614/1204
f 990/615/1205 926/614/1204 927/616/1206
f 991/617/1207 927/616/1206 928/618/1208
f 992/619/1209 928/618/1208 929/620/1210
f 993/621/1211 929/620/1210 930/622/1212
f 994/623/1213 930/622/1212 931/624/1214
f 995/625/1215 931/624/1214 900/564/1154
f 933/562/1152 965/626/1216 964/563/1153
f 934/628/1218 932/627/1217 964/563/1153
f 934/628/1218 966/567/1157 967/569/1159
f 935/629/1219 967/569/1159 968/571/1161
f 936/630/1220 968/571/1161 969/573/1163
f 937/631/1221 969/573/1163 970/575/1165
f 938/632/1222 970/575/1165 971/577/1167
f 939/633/1223 971/577/1167 972/579/1169
f 940/634/1224 972/579/1169 973/580/1170
f 942/636/1226 941/635/1225 973/580/1170
f 942/636/1226 974/583/1173 975/585/1175
f 943/637/1227 975/585/1175 976/587/1177
f 944/638/1228 976/587/1177 977/589/1179
f 945/639/1229 977/589/1179 978/591/1181
f 946/640/1230 978/591/1181 979/593/1183
f 947/641/1231 979/593/1183 980/595/1185
f 948/560/1150 980/595/1185 981/596/1186
f 950/643/1233 949/642/1232 981/596/1186
f 950/643/1233 982/599/1189 983/601/1191
f 951/644/1234 983/601/1191 984/603/1193
f 952/645/1235 984/603/1193 985/605/1195
f 953/646/1236 985/605/1195 986/607/1197
f 954/647/1237 986/607/1197 987/609/1199
f 955/648/1238 987/609/1199 988/611/1201
f 956/561/1151 988/611/1201 989/612/1202
f 958/650/1240 957/649/1239 989/612/1202
f 958/650/1240 990/615/1205 991/617/1207
f 959/651/1241 991/617/1207 992/619/1209
f 960/652/1242 992/619/1209 993/621/1211
f 961/653/1243 993/621/1211 994/623/1213
f 962/654/1244 994/623/1213 995/625/1215
f 963/655/1245 995/625/1215 965/626/1216
s 0
usemtl 材质.010
f 998/656/1246 997/657/1247 996/658/1248
f 999/659/1249 998/656/1246 996/658/1250
f 996/658/1248 1000/660/1251 999/659/1249
f 1001/661/1252 1000/660/1251 996/658/1250
f 1002/662/1253 1001/661/1252 996/658/1250
f 996/658/1248 997/657/1247 1002/662/1254
f 1000/660/1251 1003/663/1255 999/659/1256
f 1004/664/1257 999/659/1249 1003/663/1255
f 1003/663/1255 1000/660/1251 1005/665/1258
f 1000/660/1251 1001/661/1259 1005/665/1258
f 1006/666/1260 1003/663/1255 1005/665/1261
f 1001/661/1259 1002/662/1262 1007/667/1263
f 1001/661/1259 1007/667/1263 1005/665/1258
f 1002/662/1253 1008/668/1264 1007/667/1263
f 997/657/1247 1008/668/1264 1002/662/1253
f 1003/663/1255 1006/666/1265 1009/669/1266
f 1004/664/1267 1003/663/1255 1009/669/1268
f 999/659/1249 1004/664/1257 1010/670/1269
f 1004/664/1267 1011/671/1270 1010/670/1271
f 999/659/1249 1010/670/1271 1012/672/1272
f 998/656/1246 999/659/1249 1012/672/1272
f 1004/664/1267 1009/669/1266 1013/673/1273
f 1011/671/1270 1004/664/1274 1013/673/1275
f 1014/674/1276 1011/671/1270 1013/673/1277
f 1015/675/1278 1014/674/1276 1013/673/1275
f 1012/672/1272 1010/670/1269 1016/676/1279
f 1010/670/1280 1017/677/1281 1016/676/1279
f 1011/671/1270 1014/674/1282 1017/677/1283
f 1010/670/1280 1011/671/1270 1017/677/1284
f 1020/678/1285 1019/679/1247 1018/680/1246
f 1021/681/1286 1020/678/1285 1018/680/1246
f 1020/678/1285 1021/681/1286 1022/682/1287
f 1021/681/1288 1023/683/1289 1022/682/1287
f 1022/682/1287 1023/683/1289 1024/684/1290
f 1023/683/1289 1025/685/1291 1024/684/1290
f 1022/682/1287 1024/684/1290 1026/686/1292
f 1027/687/1293 1022/682/1287 1026/686/1292
f 1020/678/1285 1022/682/1287 1027/687/1293
f 1028/688/1294 1020/678/1285 1027/687/1293
f 1020/678/1285 1028/688/1294 1019/679/1247
f 1028/688/1294 1029/689/1295 1019/679/1247
f 1030/690/1296 1024/684/1290 1025/685/1297
f 1031/691/1298 1030/690/1296 1025/685/1299
f 1032/692/1300 1026/686/1292 1024/684/1290
f 1030/690/1296 1032/692/1301 1024/684/1290
f 1023/683/1289 1033/693/1302 1025/685/1297
f 1033/693/1302 1034/694/1303 1025/685/1297
f 1025/685/1297 1034/694/1303 1031/691/1304
f 1035/695/1305 1033/693/1302 1023/683/1289
f 1021/681/1306 1035/695/1305 1023/683/1289
f 1021/681/1286 1018/680/1246 1035/695/1307
f 1018/680/1246 1036/696/1272 1035/695/1307
f 1035/695/1308 1036/696/1272 1037/697/1309
f 1036/696/1272 1038/698/1279 1037/697/1309
f 1034/694/1310 1039/699/1311 1031/691/1304
f 1034/694/1303 1033/693/1302 1040/700/1312
f 1033/693/1302 1041/701/1313 1040/700/1312
f 1041/701/1314 1033/693/1302 1035/695/1305
f 1037/697/1309 1041/701/1314 1035/695/1308
f 1042/702/1315 1039/699/1316 1034/694/1317
f 1040/700/1312 1042/702/1318 1034/694/1310
f 1045/703/1319 1044/704/1320 1043/705/1321
f 1046/706/1322 1045/703/1319 1043/705/1321
f 1046/706/1322 1043/705/1321 1047/707/1323
f 1048/708/1324 1046/706/1322 1047/707/1323
f 1047/707/1323 1049/709/1260 1048/708/1324
f 1049/709/1260 1050/710/1261 1048/708/1325
f 1045/703/1319 1051/711/1326 1044/704/1320
f 1051/711/1326 1052/712/1327 1044/704/1320
f 1044/704/1320 1052/712/1327 1053/713/1328
f 1052/712/1329 1054/714/1330 1053/713/1328
f 1044/704/1320 1053/713/1328 1055/713/1331
f 1043/705/1321 1044/704/1320 1055/713/1331
f 1043/705/1321 1055/713/1331 1056/715/1332
f 1047/707/1323 1043/705/1321 1056/715/1333
f 1057/716/1266 1049/709/1260 1047/707/1323
f 1056/715/1333 1057/716/1266 1047/707/1323
f 1058/717/1334 1051/711/1335 1045/703/1319
f 1059/718/1336 1058/717/1334 1045/703/1319
f 1059/718/1336 1045/703/1319 1046/706/1322
f 1060/719/1300 1058/717/1334 1059/718/1336
f 1061/720/1337 1060/719/1301 1059/718/1338
f 1061/720/1292 1059/718/1336 1062/721/1339
f 1063/722/1293 1061/720/1337 1062/721/1340
f 1063/722/1293 1062/721/1339 1064/723/1341
f 1065/724/1294 1063/722/1293 1064/723/1341
f 1066/725/1295 1065/724/1294 1064/723/1342
f 1067/726/1263 1066/725/1295 1064/723/1341
f 1062/721/1339 1059/718/1336 1046/706/1322
f 1062/721/1339 1046/706/1322 1048/708/1325
f 1064/723/1341 1062/721/1339 1048/708/1325
f 1050/710/1261 1067/726/1263 1064/723/1341
f 1048/708/1324 1050/710/1258 1064/723/1341
f 1056/715/1343 1055/713/1331 1068/727/1344
f 1069/728/1345 1056/715/1346 1068/727/1344
f 1068/727/1344 1055/713/1331 1053/713/1328
f 1057/716/1266 1056/715/1333 1069/728/1345
f 1070/729/1275 1057/716/1266 1069/728/1345
f 1071/730/1347 1070/729/1275 1069/728/1345
f 1072/731/1348 1071/730/1278 1069/728/1349
f 1069/728/1345 1068/727/1344 1072/731/1348
f 1068/727/1344 1073/732/1350 1072/731/1348
f 1053/713/1328 1054/714/1351 1074/733/1344
f 1054/714/1352 1075/734/1353 1074/733/1354
f 1076/732/1350 1074/733/1344 1075/734/1353
f 1077/735/1355 1076/732/1356 1075/734/1353
f 1080/736/1357 1079/737/1296 1078/738/1358
f 1081/739/1359 1080/736/1357 1078/738/1304
f 1080/736/1357 1082/740/1360 1079/737/1296
f 1082/740/1361 1083/741/1362 1079/737/1296
f 1083/741/1301 1082/740/1361 1084/742/1363
f 1082/740/1361 1085/743/1364 1084/742/1363
f 1084/742/1363 1085/743/1364 1086/744/1335
f 1085/743/1365 1087/745/1366 1086/744/1326
f 1086/744/1326 1087/745/1367 1088/746/1327
f 1087/745/1367 1089/747/1368 1088/746/1327
f 1088/746/1327 1089/747/1368 1090/748/1369
f 1089/747/1368 1091/749/1370 1090/748/1371
f 1080/736/1357 1081/739/1359 1092/750/1372
f 1091/749/1370 1089/747/1368 1092/750/1372
f 1087/745/1366 1085/743/1365 1092/750/1372
f 1089/747/1368 1087/745/1367 1092/750/1372
f 1082/740/1361 1080/736/1357 1092/750/1372
f 1085/743/1365 1082/740/1361 1092/750/1372
f 1081/739/1373 1093/751/1374 1092/750/1372
f 1094/752/1375 1091/749/1370 1092/750/1372
f 1095/753/1376 1091/749/1370 1094/752/1375
f 1095/753/1377 1090/748/1371 1091/749/1370
f 1096/754/1311 1093/751/1374 1081/739/1359
f 1097/755/1378 1093/751/1374 1096/754/1311
f 1098/756/1315 1097/755/1379 1096/754/1311
f 1099/757/1380 1094/752/1375 1092/750/1372
f 1100/758/1381 1099/757/1380 1092/750/1372
f 1093/751/1374 1097/755/1378 1100/758/1382
f 1092/750/1372 1093/751/1374 1100/758/1383
f 1101/759/1355 1095/753/1376 1094/752/1375
f 1099/757/1380 1101/759/1355 1094/752/1375
f 1078/738/1304 1096/754/1311 1081/739/1373
f 1104/760/1309 1103/761/1279 1102/762/1384
f 1103/761/1385 1105/763/1281 1102/762/1384
f 1105/763/1283 1106/764/1276 1102/762/1384
f 1106/764/1276 1107/765/1386 1102/762/1384
f 1107/765/1387 1106/764/1282 1108/766/1347
f 1109/767/1388 1102/762/1384 1107/765/1387
f 1102/762/1384 1109/767/1389 1104/760/1309
f 1107/765/1387 1110/768/1390 1109/767/1388
f 1107/765/1387 1111/769/1391 1110/768/1390
f 1107/765/1387 1112/770/1392 1111/769/1391
f 1111/769/1391 1112/770/1392 1113/771/1381
f 1112/770/1392 1114/772/1380 1113/771/1393
f 1107/765/1386 1108/766/1394 1115/773/1348
f 1112/770/1392 1116/774/1395 1114/772/1380
f 1112/770/1392 1117/775/1350 1116/774/1395
f 1117/775/1350 1112/770/1392 1107/765/1386
f 1115/773/1348 1117/775/1350 1107/765/1387
f 1118/776/1314 1109/767/1396 1110/768/1390
f 1109/767/1388 1118/776/1314 1104/760/1309
f 1119/777/1312 1118/776/1314 1110/768/1390
f 1110/768/1390 1120/778/1315 1119/777/1397
f 1110/768/1390 1121/779/1378 1120/778/1315
f 1121/779/1378 1110/768/1390 1111/769/1391
f 1113/771/1382 1121/779/1378 1111/769/1398
usemtl 材质.007
f 1337/656/1624 1336/657/1625 1335/658/1626
f 1338/659/1627 1337/656/1628 1335/658/1626
f 1335/658/1626 1339/660/1629 1338/659/1627
f 1340/661/1630 1339/660/1629 1335/658/1626
f 1341/662/1631 1340/661/1630 1335/658/1626
f 1335/658/1626 1336/657/1625 1341/662/1632
f 1339/660/1629 1342/663/1633 1338/659/1627
f 1343/664/1634 1338/659/1627 1342/663/1633
f 1342/663/1635 1339/660/1629 1344/665/1636
f 1339/660/1629 1340/661/1630 1344/665/1637
f 1345/666/1638 1342/663/1633 1344/665/1637
f 1340/661/1630 1341/662/1639 1346/667/1640
f 1340/661/1630 1346/667/1641 1344/665/1637
f 1341/662/1639 1347/668/1642 1346/667/1640
f 1336/657/1625 1347/668/1643 1341/662/1639
f 1342/663/1633 1345/666/1644 1348/669/1645
f 1343/664/1646 1342/663/1633 1348/669/1645
f 1338/659/1647 1343/664/1634 1349/670/1648
f 1343/664/1649 1350/671/1650 1349/670/1651
f 1338/659/1647 1349/670/1651 1351/672/1652
f 1337/656/1628 1338/659/1627 1351/672/1652
f 1343/664/1649 1348/669/1645 1352/673/1653
f 1350/671/1650 1343/664/1646 1352/673/1653
f 1353/674/1654 1350/671/1650 1352/673/1655
f 1354/675/1656 1353/674/1657 1352/673/1658
f 1351/672/1652 1349/670/1648 1355/676/1659
f 1349/670/1648 1356/677/1660 1355/676/1661
f 1350/671/1650 1353/674/1662 1356/677/1660
f 1349/670/1648 1350/671/1650 1356/677/1663
f 1359/678/1664 1358/679/1625 1357/680/1628
f 1360/681/1665 1359/678/1664 1357/680/1628
f 1359/678/1664 1360/681/1665 1361/682/1666
f 1360/681/1665 1362/683/1667 1361/682/1666
f 1361/682/1666 1362/683/1667 1363/684/1668
f 1362/683/1667 1364/685/1669 1363/684/1668
f 1361/682/1666 1363/684/1668 1365/686/1670
f 1366/687/1671 1361/682/1666 1365/686/1672
f 1359/678/1664 1361/682/1666 1366/687/1671
f 1367/688/1673 1359/678/1664 1366/687/1671
f 1359/678/1664 1367/688/1673 1358/679/1674
f 1367/688/1673 1368/689/1675 1358/679/1625
f 1369/690/1676 1363/684/1668 1364/685/1677
f 1370/691/1678 1369/690/1676 1364/685/1677
f 1371/692/1679 1365/686/1670 1363/684/1668
f 1369/690/1676 1371/692/1679 1363/684/1668
f 1362/683/1667 1372/693/1680 1364/685/1677
f 1372/693/1680 1373/694/1681 1364/685/1677
f 1364/685/1677 1373/694/1682 1370/691/1683
f 1374/695/1684 1372/693/1680 1362/683/1667
f 1360/681/1665 1374/695/1684 1362/683/1667
f 1360/681/1665 1357/680/1628 1374/695/1684
f 1357/680/1628 1375/696/1685 1374/695/1684
f 1374/695/1684 1375/696/1652 1376/697/1686
f 1375/696/1685 1377/698/1659 1376/697/1686
f 1373/694/1682 1378/699/1687 1370/691/1683
f 1373/694/1681 1372/693/1680 1379/700/1688
f 1372/693/1680 1380/701/1689 1379/700/1688
f 1380/701/1689 1372/693/1680 1374/695/1684
f 1376/697/1690 1380/701/1689 1374/695/1684
f 1381/702/1691 1378/699/1687 1373/694/1682
f 1379/700/1688 1381/702/1691 1373/694/1681
f 1384/703/1692 1383/704/1693 1382/705/1694
f 1385/706/1695 1384/703/1692 1382/705/1694
f 1385/706/1696 1382/705/1694 1386/707/1697
f 1387/708/1698 1385/706/1696 1386/707/1699
f 1386/707/1699 1388/709/1638 1387/708/1698
f 1388/709/1644 1389/710/1636 1387/708/1698
f 1384/703/1692 1390/711/1700 1383/704/1693
f 1390/711/1700 1391/712/1701 1383/704/1693
f 1383/704/1693 1391/712/1701 1392/713/1702
f 1391/712/1701 1393/714/1703 1392/713/1704
f 1383/704/1693 1392/713/1702 1394/713/1705
f 1382/705/1706 1383/704/1693 1394/713/1707
f 1382/705/1694 1394/713/1708 1395/715/1709
f 1386/707/1699 1382/705/1694 1395/715/1709
f 1396/716/1710 1388/709/1638 1386/707/1697
f 1395/715/1709 1396/716/1711 1386/707/1699
f 1397/717/1712 1390/711/1713 1384/703/1692
f 1398/718/1714 1397/717/1712 1384/703/1692
f 1398/718/1715 1384/703/1692 1385/706/1696
f 1399/719/1716 1397/717/1712 1398/718/1717
f 1400/720/1718 1399/719/1679 1398/718/1715
f 1400/720/1719 1398/718/1715 1401/721/1720
f 1402/722/1671 1400/720/1718 1401/721/1721
f 1402/722/1671 1401/721/1720 1403/723/1722
f 1404/724/1673 1402/722/1671 1403/723/1723
f 1405/725/1675 1404/724/1724 1403/723/1722
f 1406/726/1640 1405/725/1675 1403/723/1723
f 1401/721/1721 1398/718/1714 1385/706/1696
f 1401/721/1720 1385/706/1696 1387/708/1698
f 1403/723/1723 1401/721/1720 1387/708/1698
f 1389/710/1637 1406/726/1641 1403/723/1723
f 1387/708/1698 1389/710/1637 1403/723/1725
f 1395/715/1709 1394/713/1708 1407/727/1726
f 1408/728/1727 1395/715/1709 1407/727/1726
f 1407/727/1726 1394/713/1705 1392/713/1728
f 1396/716/1729 1395/715/1709 1408/728/1727
f 1409/729/1730 1396/716/1711 1408/728/1731
f 1410/730/1656 1409/729/1730 1408/728/1727
f 1411/731/1732 1410/730/1656 1408/728/1731
f 1408/728/1727 1407/727/1726 1411/731/1733
f 1407/727/1726 1412/732/1734 1411/731/1732
f 1392/713/1704 1393/714/1735 1413/733/1726
f 1393/714/1703 1414/734/1736 1413/733/1726
f 1415/732/1734 1413/733/1726 1414/734/1737
f 1416/735/1738 1415/732/1739 1414/734/1736
f 1419/736/1740 1418/737/1741 1417/738/1742
f 1420/739/1743 1419/736/1740 1417/738/1744
f 1419/736/1740 1421/740/1745 1418/737/1676
f 1421/740/1745 1422/741/1679 1418/737/1676
f 1422/741/1746 1421/740/1745 1423/742/1747
f 1421/740/1745 1424/743/1748 1423/742/1747
f 1423/742/1747 1424/743/1749 1425/744/1713
f 1424/743/1750 1426/745/1751 1425/744/1700
f 1425/744/1700 1426/745/1752 1427/746/1701
f 1426/745/1752 1428/747/1753 1427/746/1754
f 1427/746/1701 1428/747/1753 1429/748/1735
f 1428/747/1753 1430/749/1755 1429/748/1735
f 1419/736/1740 1420/739/1756 1431/750/1757
f 1430/749/1755 1428/747/1758 1431/750/1757
f 1426/745/1752 1424/743/1750 1431/750/1757
f 1428/747/1753 1426/745/1752 1431/750/1757
f 1421/740/1745 1419/736/1740 1431/750/1757
f 1424/743/1750 1421/740/1745 1431/750/1757
f 1420/739/1756 1432/751/1759 1431/750/1757
f 1433/752/1760 1430/749/1755 1431/750/1757
f 1434/753/1736 1430/749/1755 1433/752/1761
f 1434/753/1736 1429/748/1735 1430/749/1755
f 1435/754/1687 1432/751/1762 1420/739/1743
f 1436/755/1763 1432/751/1762 1435/754/1687
f 1437/756/1691 1436/755/1764 1435/754/1687
f 1438/757/1765 1433/752/1760 1431/750/1757
f 1439/758/1766 1438/757/1765 1431/750/1757
f 1432/751/1759 1436/755/1763 1439/758/1766
f 1431/750/1757 1432/751/1759 1439/758/1766
f 1440/759/1738 1434/753/1737 1433/752/1760
f 1438/757/1765 1440/759/1738 1433/752/1760
f 1417/738/1744 1435/754/1767 1420/739/1756
f 1443/760/1686 1442/761/1659 1441/762/1768
f 1442/761/1659 1444/763/1769 1441/762/1768
f 1444/763/1660 1445/764/1770 1441/762/1768
f 1445/764/1770 1446/765/1771 1441/762/1768
f 1446/765/1771 1445/764/1662 1447/766/1656
f 1448/767/1772 1441/762/1768 1446/765/1771
f 1441/762/1768 1448/767/1773 1443/760/1690
f 1446/765/1771 1449/768/1774 1448/767/1775
f 1446/765/1771 1450/769/1776 1449/768/1774
f 1446/765/1771 1451/770/1777 1450/769/1776
f 1450/769/1776 1451/770/1778 1452/771/1766
f 1451/770/1777 1453/772/1779 1452/771/1766
f 1446/765/1771 1447/766/1656 1454/773/1732
f 1451/770/1777 1455/774/1738 1453/772/1779
f 1451/770/1777 1456/775/1780 1455/774/1738
f 1456/775/1780 1451/770/1778 1446/765/1771
f 1454/773/1732 1456/775/1780 1446/765/1771
f 1457/776/1689 1448/767/1772 1449/768/1781
f 1448/767/1775 1457/776/1689 1443/760/1686
f 1458/777/1688 1457/776/1689 1449/768/1781
f 1449/768/1774 1459/778/1691 1458/777/1782
f 1449/768/1774 1460/779/1764 1459/778/1691
f 1460/779/1764 1449/768/1774 1450/769/1776
f 1452/771/1766 1460/779/1764 1450/769/1776
usemtl 材质.008
f 1463/656/1783 1462/657/1784 1461/658/1785
f 1464/659/1786 1463/656/1783 1461/658/1787
f 1461/658/1787 1465/660/1788 1464/659/1786
f 1466/661/1789 1465/660/1790 1461/658/1785
f 1467/662/1791 1466/661/1792 1461/658/1785
f 1461/658/1787 1462/657/1793 1467/662/1794
f 1465/660/1790 1468/663/1795 1464/659/1796
f 1469/664/1797 1464/659/1786 1468/663/1795
f 1468/663/1795 1465/660/1788 1470/665/1798
f 1465/660/1790 1466/661/1789 1470/665/1798
f 1471/666/1799 1468/663/1795 1470/665/1798
f 1466/661/1789 1467/662/1800 1472/667/1801
f 1466/661/1789 1472/667/1801 1470/665/1802
f 1467/662/1791 1473/668/1803 1472/667/1804
f 1462/657/1784 1473/668/1803 1467/662/1791
f 1468/663/1805 1471/666/1806 1474/669/1807
f 1469/664/1808 1468/663/1795 1474/669/1807
f 1464/659/1796 1469/664/1797 1475/670/1809
f 1469/664/1808 1476/671/1810 1475/670/1809
f 1464/659/1811 1475/670/1809 1477/672/1812
f 1463/656/1813 1464/659/1786 1477/672/1812
f 1469/664/1808 1474/669/1807 1478/673/1814
f 1476/671/1810 1469/664/1815 1478/673/1814
f 1479/674/1816 1476/671/1817 1478/673/1818
f 1480/675/1819 1479/674/1816 1478/673/1820
f 1477/672/1812 1475/670/1809 1481/676/1821
f 1475/670/1809 1482/677/1822 1481/676/1823
f 1476/671/1810 1479/674/1824 1482/677/1822
f 1475/670/1809 1476/671/1810 1482/677/1822
f 1485/678/1825 1484/679/1784 1483/680/1783
f 1486/681/1826 1485/678/1825 1483/680/1813
f 1485/678/1825 1486/681/1827 1487/682/1828
f 1486/681/1827 1488/683/1829 1487/682/1830
f 1487/682/1828 1488/683/1829 1489/684/1831
f 1488/683/1829 1490/685/1832 1489/684/1831
f 1487/682/1833 1489/684/1831 1491/686/1834
f 1492/687/1835 1487/682/1836 1491/686/1837
f 1485/678/1838 1487/682/1836 1492/687/1835
f 1493/688/1839 1485/678/1838 1492/687/1840
f 1485/678/1825 1493/688/1841 1484/679/1784
f 1493/688/1841 1494/689/1803 1484/679/1793
f 1495/690/1842 1489/684/1831 1490/685/1832
f 1496/691/1843 1495/690/1842 1490/685/1844
f 1497/692/1845 1491/686/1834 1489/684/1831
f 1495/690/1842 1497/692/1845 1489/684/1831
f 1488/683/1829 1498/693/1846 1490/685/1832
f 1498/693/1846 1499/694/1847 1490/685/1832
f 1490/685/1832 1499/694/1847 1496/691/1843
f 1500/695/1848 1498/693/1846 1488/683/1829
f 1486/681/1827 1500/695/1849 1488/683/1829
f 1486/681/1827 1483/680/1783 1500/695/1848
f 1483/680/1783 1501/696/1812 1500/695/1848
f 1500/695/1848 1501/696/1812 1502/697/1850
f 1501/696/1851 1503/698/1821 1502/697/1850
f 1499/694/1847 1504/699/1852 1496/691/1843
f 1499/694/1847 1498/693/1846 1505/700/1853
f 1498/693/1846 1506/701/1854 1505/700/1853
f 1506/701/1855 1498/693/1846 1500/695/1848
f 1502/697/1856 1506/701/1857 1500/695/1848
f 1507/702/1858 1504/699/1852 1499/694/1859
f 1505/700/1853 1507/702/1858 1499/694/1847
f 1510/703/1860 1509/704/1861 1508/705/1862
f 1511/706/1863 1510/703/1864 1508/705/1862
f 1511/706/1863 1508/705/1862 1512/707/1865
f 1513/708/1866 1511/706/1863 1512/707/1867
f 1512/707/1865 1514/709/1806 1513/708/1866
f 1514/709/1799 1515/710/1798 1513/708/1866
f 1510/703/1864 1516/711/1868 1509/704/1861
f 1516/711/1868 1517/712/1869 1509/704/1861
f 1509/704/1870 1517/712/1871 1518/713/1872
f 1517/712/1873 1519/714/1874 1518/713/1872
f 1509/704/1870 1518/713/1872 1520/713/1875
f 1508/705/1862 1509/704/1861 1520/713/1875
f 1508/705/1862 1520/713/1875 1521/715/1876
f 1512/707/1865 1508/705/1862 1521/715/1877
f 1522/716/1807 1514/709/1806 1512/707/1867
f 1521/715/1876 1522/716/1807 1512/707/1865
f 1523/717/1878 1516/711/1868 1510/703/1864
f 1524/718/1879 1523/717/1878 1510/703/1864
f 1524/718/1880 1510/703/1881 1511/706/1863
f 1525/719/1845 1523/717/1878 1524/718/1882
f 1526/720/1837 1525/719/1845 1524/718/1880
f 1526/720/1837 1524/718/1880 1527/721/1883
f 1528/722/1840 1526/720/1884 1527/721/1885
f 1528/722/1840 1527/721/1883 1529/723/1886
f 1530/724/1841 1528/722/1835 1529/723/1886
f 1531/725/1887 1530/724/1839 1529/723/1888
f 1532/726/1804 1531/725/1803 1529/723/1886
f 1527/721/1885 1524/718/1879 1511/706/1863
f 1527/721/1883 1511/706/1863 1513/708/1866
f 1529/723/1886 1527/721/1883 1513/708/1866
f 1515/710/1798 1532/726/1889 1529/723/1890
f 1513/708/1866 1515/710/1802 1529/723/1890
f 1521/715/1876 1520/713/1875 1533/727/1891
f 1534/728/1892 1521/715/1876 1533/727/1891
f 1533/727/1891 1520/713/1893 1518/713/1872
f 1522/716/1807 1521/715/1876 1534/728/1892
f 1535/729/1820 1522/716/1807 1534/728/1892
f 1536/730/1819 1535/729/1894 1534/728/1892
f 1537/731/1895 1536/730/1819 1534/728/1896
f 1534/728/1892 1533/727/1891 1537/731/1895
f 1533/727/1891 1538/732/1897 1537/731/1895
f 1518/713/1872 1519/714/1874 1539/733/1891
f 1519/714/1874 1540/734/1898 1539/733/1891
f 1541/732/1897 1539/733/1891 1540/734/1898
f 1542/735/1899 1541/732/1897 1540/734/1898
f 1545/736/1900 1544/737/1901 1543/738/1843
f 1546/739/1902 1545/736/1900 1543/738/1843
f 1545/736/1900 1547/740/1903 1544/737/1842
f 1547/740/1903 1548/741/1904 1544/737/1905
f 1548/741/1904 1547/740/1903 1549/742/1906
f 1547/740/1903 1550/743/1907 1549/742/1878
f 1549/742/1906 1550/743/1907 1551/744/1868
f 1550/743/1907 1552/745/1908 1551/744/1868
f 1551/744/1868 1552/745/1909 1553/746/1910
f 1552/745/1908 1554/747/1911 1553/746/1869
f 1553/746/1869 1554/747/1911 1555/748/1874
f 1554/747/1911 1556/749/1912 1555/748/1874
f 1545/736/1900 1546/739/1902 1557/750/1913
f 1556/749/1912 1554/747/1911 1557/750/1913
f 1552/745/1908 1550/743/1907 1557/750/1913
f 1554/747/1911 1552/745/1914 1557/750/1913
f 1547/740/1903 1545/736/1900 1557/750/1913
f 1550/743/1907 1547/740/1903 1557/750/1913
f 1546/739/1902 1558/751/1915 1557/750/1913
f 1559/752/1916 1556/749/1912 1557/750/1913
f 1560/753/1898 1556/749/1912 1559/752/1917
f 1560/753/1898 1555/748/1874 1556/749/1912
f 1561/754/1918 1558/751/1915 1546/739/1902
f 1562/755/1919 1558/751/1915 1561/754/1918
f 1563/756/1858 1562/755/1920 1561/754/1918
f 1564/757/1921 1559/752/1922 1557/750/1913
f 1565/758/1923 1564/757/1924 1557/750/1913
f 1558/751/1915 1562/755/1919 1565/758/1923
f 1557/750/1913 1558/751/1915 1565/758/1923
f 1566/759/1899 1560/753/1925 1559/752/1916
f 1564/757/1926 1566/759/1899 1559/752/1917
f 1543/738/1843 1561/754/1927 1546/739/1928
f 1569/760/1929 1568/761/1823 1567/762/1930
f 1568/761/1823 1570/763/1822 1567/762/1930
f 1570/763/1931 1571/764/1932 1567/762/1933
f 1571/764/1932 1572/765/1934 1567/762/1930
f 1572/765/1935 1571/764/1932 1573/766/1819
f 1574/767/1936 1567/762/1930 1572/765/1935
f 1567/762/1930 1574/767/1936 1569/760/1850
f 1572/765/1935 1575/768/1937 1574/767/1938
f 1572/765/1934 1576/769/1939 1575/768/1937
f 1572/765/1935 1577/770/1940 1576/769/1939
f 1576/769/1939 1577/770/1940 1578/771/1923
f 1577/770/1940 1579/772/1941 1578/771/1923
f 1572/765/1935 1573/766/1942 1580/773/1895
f 1577/770/1940 1581/774/1943 1579/772/1941
f 1577/770/1940 1582/775/1897 1581/774/1899
f 1582/775/1897 1577/770/1940 1572/765/1934
f 1580/773/1895 1582/775/1897 1572/765/1934
f 1583/776/1944 1574/767/1936 1575/768/1937
f 1574/767/1938 1583/776/1855 1569/760/1850
f 1584/777/1853 1583/776/1854 1575/768/1937
f 1575/768/1937 1585/778/1858 1584/777/1853
f 1575/768/1937 1586/779/1945 1585/778/1858
f 1586/779/1919 1575/768/1937 1576/769/1939
f 1578/771/1923 1586/779/1945 1576/769/1939
l 538 541
l 541 542
