mtllib Web_Soup_FishPrawnPorridge.mtl
o Web_Soup_FishPrawnPorridge
usemtl mat_Web_Soup_FishPrawnPorridge
o m_plated_rice_01
v -0.008227 0.106340 0.365410
v 0.024713 0.106843 0.353876
v 0.034246 0.105840 0.375608
v -0.001486 0.105631 0.380779
v 0.028294 0.104820 0.352881
v -0.005694 0.104910 0.364708
v 0.065444 0.106044 0.357417
v 0.058702 0.106753 0.342048
v 0.061233 0.105322 0.341345
v -0.020822 0.105539 0.369898
v 0.073830 0.106123 0.336858
v -0.005694 0.104910 0.364708
v 0.028294 0.104820 0.352881
v 0.018761 0.105822 0.331146
v -0.012438 0.105619 0.349339
v 0.024713 0.106843 0.353876
v -0.008227 0.106340 0.365410
v 0.054492 0.106031 0.325976
v 0.061233 0.105322 0.341345
v 0.058702 0.106753 0.342048
v -0.020822 0.105539 0.369898
v 0.073830 0.106123 0.336858
v -0.313157 0.106712 0.171407
v -0.305544 0.106845 0.136275
v -0.283399 0.105790 0.142537
v -0.297498 0.105966 0.175834
v -0.307267 0.104818 0.138927
v -0.314375 0.105279 0.173281
v -0.282778 0.105638 0.106349
v -0.298436 0.106383 0.101921
v -0.299654 0.104951 0.103796
v -0.316813 0.106064 0.186736
v -0.295997 0.105599 0.088468
v -0.314375 0.105279 0.173281
v -0.307267 0.104818 0.138927
v -0.329412 0.105873 0.132665
v -0.330033 0.106025 0.168855
v -0.305544 0.106845 0.136275
v -0.313157 0.106712 0.171407
v -0.315313 0.105696 0.099369
v -0.299654 0.104951 0.103796
v -0.298436 0.106383 0.101921
v -0.316813 0.106064 0.186736
v -0.295997 0.105599 0.088468
v -0.027533 0.106712 -0.309776
v -0.061300 0.106845 -0.322103
v -0.052082 0.105790 -0.343189
v -0.021014 0.105966 -0.324685
v -0.058909 0.104818 -0.320035
v -0.025844 0.105279 -0.308314
v -0.087847 0.105638 -0.348733
v -0.094366 0.106383 -0.333823
v -0.092676 0.104951 -0.332361
v -0.012847 0.106064 -0.304064
v -0.107362 0.105599 -0.338073
v -0.025844 0.105279 -0.308314
v -0.058909 0.104818 -0.320035
v -0.068128 0.105873 -0.298948
v -0.032361 0.106025 -0.293404
v -0.061300 0.106845 -0.322103
v -0.027533 0.106712 -0.309776
v -0.099194 0.105696 -0.317451
v -0.092676 0.104951 -0.332361
v -0.094366 0.106383 -0.333823
v -0.012847 0.106064 -0.304064
v -0.107362 0.105599 -0.338073
v 0.345673 0.106013 0.087153
v 0.340106 0.107162 0.057967
v 0.343096 0.105730 0.042940
v 0.347789 0.105001 0.076528
v 0.314816 0.105752 0.051873
v 0.327791 0.105017 0.082844
v 0.329244 0.106884 0.016371
v 0.327130 0.107897 0.026997
v 0.309246 0.106900 0.022687
v 0.340572 0.105125 0.097458
v 0.314348 0.107788 0.012383
v 0.327791 0.105017 0.082844
v 0.314816 0.105752 0.051873
v 0.311824 0.107183 0.066900
v 0.325675 0.106029 0.093469
v 0.340106 0.107162 0.057967
v 0.345673 0.106013 0.087153
v 0.307131 0.107912 0.033312
v 0.309246 0.106900 0.022687
v 0.327130 0.107897 0.026997
v 0.340572 0.105125 0.097458
v 0.314348 0.107788 0.012383
v 0.094160 0.106340 0.355875
v 0.105918 0.106843 0.323013
v 0.128811 0.105840 0.329278
v 0.110346 0.105631 0.360303
v 0.107400 0.104820 0.319605
v 0.095207 0.104910 0.353463
v 0.134297 0.106044 0.293582
v 0.118110 0.106753 0.289153
v 0.119158 0.105322 0.286743
v 0.089723 0.105539 0.368487
v 0.123594 0.106123 0.274129
v 0.095207 0.104910 0.353463
v 0.107400 0.104820 0.319605
v 0.084507 0.105822 0.313340
v 0.079020 0.105619 0.349035
v 0.105918 0.106843 0.323013
v 0.094160 0.106340 0.355875
v 0.102969 0.106031 0.282314
v 0.119158 0.105322 0.286743
v 0.118110 0.106753 0.289153
v 0.089723 0.105539 0.368487
v 0.123594 0.106123 0.274129
v 0.157913 0.106712 -0.277312
v 0.192911 0.106845 -0.285519
v 0.196763 0.105790 -0.262831
v 0.160637 0.105966 -0.261270
v 0.189776 0.104818 -0.285938
v 0.155698 0.105279 -0.277608
v 0.229713 0.105638 -0.277805
v 0.226990 0.106383 -0.293848
v 0.224774 0.104951 -0.294144
v 0.142499 0.106064 -0.274035
v 0.240188 0.105599 -0.297420
v 0.155698 0.105279 -0.277608
v 0.189776 0.104818 -0.285938
v 0.185925 0.105873 -0.308626
v 0.152974 0.106025 -0.293651
v 0.192911 0.106845 -0.285519
v 0.157913 0.106712 -0.277312
v 0.222049 0.105696 -0.310187
v 0.224774 0.104951 -0.294144
v 0.226990 0.106383 -0.293848
v 0.142499 0.106064 -0.274035
v 0.240188 0.105599 -0.297420
v 0.276181 0.107400 -0.221281
v 0.269960 0.106966 -0.255916
v 0.283902 0.105528 -0.249996
v 0.286041 0.106383 -0.217094
v 0.255890 0.105285 -0.241250
v 0.266233 0.106211 -0.210911
v 0.269476 0.105023 -0.282070
v 0.259617 0.106039 -0.286256
v 0.249668 0.104850 -0.275886
v 0.274637 0.107087 -0.202639
v 0.251211 0.105163 -0.294528
v 0.266233 0.106211 -0.210911
v 0.255890 0.105285 -0.241250
v 0.241947 0.106722 -0.247171
v 0.256375 0.107228 -0.215096
v 0.269960 0.106966 -0.255916
v 0.276181 0.107400 -0.221281
v 0.239810 0.105867 -0.280072
v 0.249668 0.104850 -0.275886
v 0.259617 0.106039 -0.286256
v 0.274637 0.107087 -0.202639
v 0.251211 0.105163 -0.294528
v -0.226374 0.109355 -0.137000
v -0.237033 0.108757 -0.169737
v -0.208976 0.108247 -0.173030
v -0.206537 0.108994 -0.139328
v -0.222538 0.107004 -0.158560
v -0.216125 0.108115 -0.129096
v -0.223607 0.107286 -0.201529
v -0.243444 0.107646 -0.199200
v -0.233195 0.106407 -0.191296
v -0.217717 0.109089 -0.120166
v -0.241855 0.106673 -0.208130
v -0.216125 0.108115 -0.129096
v -0.222538 0.107004 -0.158560
v -0.250594 0.107514 -0.155267
v -0.235965 0.108476 -0.126768
v -0.237033 0.108757 -0.169737
v -0.226374 0.109355 -0.137000
v -0.253033 0.106767 -0.188969
v -0.233195 0.106407 -0.191296
v -0.243444 0.107646 -0.199200
v -0.217717 0.109089 -0.120166
v -0.241855 0.106673 -0.208130
v -0.133478 0.109663 0.128241
v -0.157705 0.110064 0.103712
v -0.134648 0.110085 0.085061
v -0.117174 0.109678 0.115054
v -0.143452 0.108998 0.085596
v -0.123400 0.108910 0.115433
v -0.161454 0.110167 0.060687
v -0.177759 0.110152 0.073875
v -0.167681 0.109399 0.061066
v -0.119268 0.109185 0.133097
v -0.181891 0.109877 0.056210
v -0.123400 0.108910 0.115433
v -0.143452 0.108998 0.085596
v -0.166510 0.108977 0.104247
v -0.139703 0.108895 0.128621
v -0.157705 0.110064 0.103712
v -0.133478 0.109663 0.128241
v -0.183986 0.109384 0.074254
v -0.167681 0.109399 0.061066
v -0.177759 0.110152 0.073875
v -0.119268 0.109185 0.133097
v -0.181891 0.109877 0.056210
v -0.238631 0.108901 0.099587
v -0.262293 0.108046 0.122116
v -0.261213 0.106746 0.103487
v -0.237869 0.107982 0.086415
v -0.237858 0.106549 0.121434
v -0.221354 0.107843 0.099104
v -0.278035 0.105833 0.131272
v -0.278798 0.106752 0.144446
v -0.261520 0.105694 0.143963
v -0.221673 0.108817 0.090055
v -0.278477 0.105778 0.153495
v -0.221354 0.107843 0.099104
v -0.237858 0.106549 0.121434
v -0.238938 0.107849 0.140063
v -0.222116 0.108762 0.112278
v -0.262293 0.108046 0.122116
v -0.238631 0.108901 0.099587
v -0.262284 0.106613 0.157135
v -0.261520 0.105694 0.143963
v -0.278798 0.106752 0.144446
v -0.221673 0.108817 0.090055
v -0.278477 0.105778 0.153495
v -0.125973 0.107655 -0.243635
v -0.153893 0.108518 -0.226786
v -0.168858 0.107157 -0.235303
v -0.136556 0.106693 -0.249657
v -0.154822 0.106706 -0.210431
v -0.126632 0.106374 -0.232069
v -0.192666 0.107888 -0.211166
v -0.182084 0.108850 -0.205148
v -0.182741 0.107569 -0.193583
v -0.114683 0.106767 -0.245825
v -0.194031 0.108457 -0.191391
v -0.126632 0.106374 -0.232069
v -0.154822 0.106706 -0.210431
v -0.139856 0.108067 -0.201915
v -0.116049 0.107336 -0.226051
v -0.153893 0.108518 -0.226786
v -0.125973 0.107655 -0.243635
v -0.172159 0.108531 -0.187558
v -0.182741 0.107569 -0.193583
v -0.182084 0.108850 -0.205148
v -0.114683 0.106767 -0.245825
v -0.194031 0.108457 -0.191391
v 0.188429 0.109084 0.162213
v 0.198609 0.108436 0.194800
v 0.169550 0.108258 0.199839
v 0.167880 0.108958 0.165777
v 0.177651 0.106863 0.185648
v 0.173608 0.107972 0.155740
v 0.182106 0.107201 0.228267
v 0.202652 0.107327 0.224707
v 0.187832 0.106215 0.218234
v 0.178073 0.108892 0.146036
v 0.198188 0.106407 0.234412
v 0.173608 0.107972 0.155740
v 0.177651 0.106863 0.185648
v 0.206711 0.107041 0.180609
v 0.194155 0.108098 0.152180
v 0.198609 0.108436 0.194800
v 0.188429 0.109084 0.162213
v 0.208380 0.106341 0.214671
v 0.187832 0.106215 0.218234
v 0.202652 0.107327 0.224707
v 0.178073 0.108892 0.146036
v 0.198188 0.106407 0.234412
v 0.252186 0.108148 0.073907
v 0.253752 0.109033 0.041524
v 0.257877 0.107481 0.031314
v 0.255102 0.107050 0.066687
v 0.228494 0.107640 0.034208
v 0.234326 0.107163 0.068734
v 0.250839 0.108412 -0.000221
v 0.247919 0.109510 0.006998
v 0.230059 0.108525 0.001826
v 0.244138 0.107373 0.085178
v 0.238106 0.109300 -0.009445
v 0.234326 0.107163 0.068734
v 0.228494 0.107640 0.034208
v 0.224368 0.109192 0.044418
v 0.231407 0.108261 0.075953
v 0.253752 0.109033 0.041524
v 0.252186 0.108148 0.073907
v 0.227143 0.109623 0.009045
v 0.230059 0.108525 0.001826
v 0.247919 0.109510 0.006998
v 0.244138 0.107373 0.085178
v 0.238106 0.109300 -0.009445
v 0.110654 0.110112 -0.112014
v 0.134345 0.110512 -0.086966
v 0.110890 0.110533 -0.068818
v 0.094070 0.110127 -0.099181
v 0.119706 0.109447 -0.069162
v 0.100301 0.109358 -0.099426
v 0.137164 0.110616 -0.043870
v 0.153749 0.110601 -0.056702
v 0.143397 0.109847 -0.044113
v 0.096552 0.109634 -0.117175
v 0.157499 0.110325 -0.038952
v 0.100301 0.109358 -0.099426
v 0.119706 0.109447 -0.069162
v 0.143162 0.109425 -0.087310
v 0.116888 0.109343 -0.112258
v 0.134345 0.110512 -0.086966
v 0.110654 0.110112 -0.112014
v 0.159983 0.109832 -0.056946
v 0.143397 0.109847 -0.044113
v 0.153749 0.110601 -0.056702
v 0.096552 0.109634 -0.117175
v 0.157499 0.110325 -0.038952
v 0.092671 0.107985 0.281464
v 0.107784 0.109108 0.255530
v 0.123928 0.107740 0.249985
v 0.104086 0.107018 0.277542
v 0.098393 0.107500 0.235509
v 0.086030 0.106848 0.267306
v 0.131563 0.108793 0.219812
v 0.120149 0.109760 0.223733
v 0.113507 0.108623 0.209575
v 0.083660 0.107049 0.286341
v 0.122517 0.109559 0.204698
v 0.086030 0.106848 0.267306
v 0.098393 0.107500 0.235509
v 0.082248 0.108867 0.241053
v 0.074615 0.107815 0.271226
v 0.107784 0.109108 0.255530
v 0.092671 0.107985 0.281464
v 0.102092 0.109590 0.213496
v 0.113507 0.108623 0.209575
v 0.120149 0.109760 0.223733
v 0.083660 0.107049 0.286341
v 0.122517 0.109559 0.204698
v -0.217343 0.106778 0.199656
v -0.189779 0.108072 0.202954
v -0.180707 0.107049 0.224585
v -0.210927 0.106054 0.214949
v -0.170853 0.106351 0.199496
v -0.203960 0.105561 0.197212
v -0.150259 0.108139 0.220536
v -0.156672 0.108862 0.205240
v -0.143289 0.107645 0.202795
v -0.223216 0.105738 0.197276
v -0.137416 0.108685 0.205174
v -0.203960 0.105561 0.197212
v -0.170853 0.106351 0.199496
v -0.179926 0.107374 0.177866
v -0.210375 0.106285 0.181914
v -0.189779 0.108072 0.202954
v -0.217343 0.106778 0.199656
v -0.149705 0.108369 0.187501
v -0.143289 0.107645 0.202795
v -0.156672 0.108862 0.205240
v -0.223216 0.105738 0.197276
v -0.137416 0.108685 0.205174
v -0.089814 0.109494 0.243244
v -0.110999 0.108620 0.267906
v -0.122729 0.107803 0.244843
v -0.098109 0.108916 0.226935
v -0.098462 0.106933 0.252114
v -0.080951 0.108301 0.232076
v -0.136804 0.106673 0.271635
v -0.128510 0.107251 0.287944
v -0.119645 0.106058 0.276777
v -0.077367 0.109362 0.228403
v -0.132092 0.106190 0.291618
v -0.080951 0.108301 0.232076
v -0.098462 0.106933 0.252114
v -0.086732 0.107750 0.275177
v -0.072656 0.108879 0.248385
v -0.110999 0.108620 0.267906
v -0.089814 0.109494 0.243244
v -0.111352 0.106636 0.293085
v -0.119645 0.106058 0.276777
v -0.128510 0.107251 0.287944
v -0.077367 0.109362 0.228403
v -0.132092 0.106190 0.291618
v -0.056212 0.110106 0.204786
v -0.045210 0.109806 0.238671
v -0.062083 0.108433 0.237505
v -0.068144 0.109135 0.203961
v -0.036318 0.107989 0.225089
v -0.049925 0.108822 0.195181
v -0.043534 0.108003 0.267756
v -0.031602 0.108974 0.268579
v -0.025316 0.107689 0.258975
v -0.058167 0.109699 0.186770
v -0.023364 0.108097 0.276990
v -0.049925 0.108822 0.195181
v -0.036318 0.107989 0.225089
v -0.019445 0.109363 0.226255
v -0.037995 0.109793 0.196005
v -0.045210 0.109806 0.238671
v -0.056212 0.110106 0.204786
v -0.013385 0.108660 0.259799
v -0.025316 0.107689 0.258975
v -0.031602 0.108974 0.268579
v -0.058167 0.109699 0.186770
v -0.023364 0.108097 0.276990
v 0.078813 0.111168 0.017369
v 0.081917 0.111025 0.053065
v 0.053163 0.110748 0.052138
v 0.058483 0.110972 0.016714
v 0.067622 0.109786 0.045597
v 0.068706 0.110292 0.012089
v 0.060499 0.110323 0.085918
v 0.080832 0.110520 0.086573
v 0.070725 0.109643 0.081293
v 0.073342 0.110865 0.000396
v 0.076196 0.109947 0.098265
v 0.068706 0.110292 0.012089
v 0.067622 0.109786 0.045597
v 0.096375 0.110064 0.046524
v 0.089038 0.110488 0.012743
v 0.081917 0.111025 0.053065
v 0.078813 0.111168 0.017369
v 0.091056 0.109840 0.081947
v 0.070725 0.109643 0.081293
v 0.080832 0.110520 0.086573
v 0.073342 0.110865 0.000396
v 0.076196 0.109947 0.098265
v -0.071535 0.111411 0.032359
v -0.104588 0.110980 0.041254
v -0.102095 0.110304 0.017530
v -0.069774 0.110933 0.015584
v -0.088367 0.109745 0.039426
v -0.060068 0.110538 0.031067
v -0.131124 0.109709 0.032839
v -0.132887 0.110187 0.049614
v -0.121419 0.109314 0.048321
v -0.053096 0.111228 0.028139
v -0.139859 0.109497 0.052541
v -0.060068 0.110538 0.031067
v -0.088367 0.109745 0.039426
v -0.090860 0.110421 0.063150
v -0.061830 0.111016 0.047842
v -0.104588 0.110980 0.041254
v -0.071535 0.111411 0.032359
v -0.123181 0.109792 0.065097
v -0.121419 0.109314 0.048321
v -0.132887 0.110187 0.049614
v -0.053096 0.111228 0.028139
v -0.139859 0.109497 0.052541
v -0.060648 0.110274 0.137300
v -0.038409 0.110361 0.165549
v -0.049554 0.109346 0.173072
v -0.068528 0.109556 0.142619
v -0.028201 0.109117 0.153366
v -0.053428 0.109394 0.128686
v -0.021063 0.109366 0.195549
v -0.013181 0.110084 0.190229
v -0.005963 0.109205 0.181615
v -0.066868 0.109873 0.122030
v 0.000258 0.109605 0.196884
v -0.053428 0.109394 0.128686
v -0.028201 0.109117 0.153366
v -0.017056 0.110132 0.145843
v -0.045547 0.110112 0.123366
v -0.038409 0.110361 0.165549
v -0.060648 0.110274 0.137300
v 0.001917 0.109922 0.176295
v -0.005963 0.109205 0.181615
v -0.013181 0.110084 0.190229
v -0.066868 0.109873 0.122030
v 0.000258 0.109605 0.196884
v 0.047602 0.110744 0.157457
v 0.073442 0.110095 0.176004
v 0.052557 0.109314 0.181391
v 0.032833 0.110192 0.161267
v 0.063444 0.109045 0.154702
v 0.040531 0.110002 0.142394
v 0.081586 0.108586 0.192121
v 0.096354 0.109139 0.188311
v 0.089284 0.108396 0.173249
v 0.033970 0.110706 0.143536
v 0.102914 0.108435 0.187169
v 0.040531 0.110002 0.142394
v 0.063444 0.109045 0.154702
v 0.084327 0.109827 0.149314
v 0.055299 0.110554 0.138585
v 0.073442 0.110095 0.176004
v 0.047602 0.110744 0.157457
v 0.104050 0.108949 0.169439
v 0.089284 0.108396 0.173249
v 0.096354 0.109139 0.188311
v 0.033970 0.110706 0.143536
v 0.102914 0.108435 0.187169
v 0.209685 0.108837 -0.142140
v 0.244782 0.108391 -0.140296
v 0.239400 0.108102 -0.111583
v 0.205878 0.108632 -0.121837
v 0.231766 0.106688 -0.125466
v 0.200481 0.107632 -0.131654
v 0.272261 0.107242 -0.113805
v 0.276068 0.107447 -0.134108
v 0.266862 0.106243 -0.123622
v 0.191335 0.108523 -0.138561
v 0.285214 0.106557 -0.127201
v 0.200481 0.107632 -0.131654
v 0.231766 0.106688 -0.125466
v 0.237149 0.106978 -0.154179
v 0.204287 0.107837 -0.151957
v 0.244782 0.108391 -0.140296
v 0.209685 0.108837 -0.142140
v 0.270669 0.106447 -0.143925
v 0.266862 0.106243 -0.123622
v 0.276068 0.107447 -0.134108
v 0.191335 0.108523 -0.138561
v 0.285214 0.106557 -0.127201
v 0.143755 0.107788 -0.227775
v 0.109665 0.108384 -0.232624
v 0.104150 0.106760 -0.237045
v 0.139857 0.106639 -0.230902
v 0.103837 0.106956 -0.207590
v 0.139636 0.106778 -0.210074
v 0.069967 0.107414 -0.233266
v 0.073866 0.108562 -0.230140
v 0.069746 0.107552 -0.212438
v 0.156170 0.107122 -0.218435
v 0.057331 0.108218 -0.221779
v 0.139636 0.106778 -0.210074
v 0.103837 0.106956 -0.207590
v 0.109351 0.108580 -0.203168
v 0.143533 0.107926 -0.206948
v 0.109665 0.108384 -0.232624
v 0.143755 0.107788 -0.227775
v 0.073644 0.108701 -0.209312
v 0.069746 0.107552 -0.212438
v 0.073866 0.108562 -0.230140
v 0.156170 0.107122 -0.218435
v 0.057331 0.108218 -0.221779
v -0.161004 0.109765 -0.115781
v -0.185062 0.109794 -0.088979
v -0.193631 0.108782 -0.099482
v -0.167065 0.109049 -0.123208
v -0.170385 0.108558 -0.082009
v -0.150626 0.108891 -0.110851
v -0.210881 0.108745 -0.067563
v -0.204821 0.109461 -0.060137
v -0.194444 0.108587 -0.055208
v -0.146741 0.109391 -0.124840
v -0.208708 0.108961 -0.046148
v -0.150626 0.108891 -0.110851
v -0.170385 0.108558 -0.082009
v -0.161816 0.109570 -0.071506
v -0.144567 0.109607 -0.103425
v -0.185062 0.109794 -0.088979
v -0.161004 0.109765 -0.115781
v -0.188385 0.109303 -0.047782
v -0.194444 0.108587 -0.055208
v -0.204821 0.109461 -0.060137
v -0.146741 0.109391 -0.124840
v -0.208708 0.108961 -0.046148
v -0.273653 0.109012 -0.036052
v -0.271983 0.108847 -0.071916
v -0.242601 0.108899 -0.067966
v -0.252875 0.109049 -0.033258
v -0.250103 0.107303 -0.063336
v -0.258181 0.107921 -0.029985
v -0.243130 0.108266 -0.102474
v -0.263906 0.108229 -0.105268
v -0.248433 0.107137 -0.099200
v -0.267936 0.108629 -0.018684
v -0.254151 0.107521 -0.116570
v -0.258181 0.107921 -0.029985
v -0.250103 0.107303 -0.063336
v -0.279485 0.107250 -0.067287
v -0.278958 0.107883 -0.032779
v -0.271983 0.108847 -0.071916
v -0.273653 0.109012 -0.036052
v -0.269209 0.107100 -0.101994
v -0.248433 0.107137 -0.099200
v -0.263906 0.108229 -0.105268
v -0.267936 0.108629 -0.018684
v -0.254151 0.107521 -0.116570
v 0.159316 0.109392 -0.123401
v 0.175570 0.108996 -0.154773
v 0.185411 0.107618 -0.141159
v 0.166278 0.108417 -0.113776
v 0.158182 0.107228 -0.150678
v 0.147023 0.108142 -0.120506
v 0.193688 0.107108 -0.175322
v 0.186730 0.108082 -0.184945
v 0.174435 0.106832 -0.182051
v 0.147493 0.109038 -0.109206
v 0.186260 0.107186 -0.196244
v 0.147023 0.108142 -0.120506
v 0.158182 0.107228 -0.150678
v 0.148341 0.108606 -0.164292
v 0.140063 0.109116 -0.130129
v 0.175570 0.108996 -0.154773
v 0.159316 0.109392 -0.123401
v 0.167474 0.107807 -0.191675
v 0.174435 0.106832 -0.182051
v 0.186730 0.108082 -0.184945
v 0.147493 0.109038 -0.109206
v 0.186260 0.107186 -0.196244
v 0.075165 0.110367 -0.138494
v 0.061450 0.110026 -0.170596
v 0.073814 0.109009 -0.165571
v 0.083907 0.109648 -0.134941
v 0.047833 0.108979 -0.151283
v 0.065536 0.109627 -0.124837
v 0.052489 0.108659 -0.193488
v 0.043746 0.109378 -0.197042
v 0.034118 0.108638 -0.183385
v 0.076858 0.110202 -0.119540
v 0.032425 0.108803 -0.202339
v 0.065536 0.109627 -0.124837
v 0.047833 0.108979 -0.151283
v 0.035469 0.109996 -0.156308
v 0.056793 0.110346 -0.128391
v 0.061450 0.110026 -0.170596
v 0.075165 0.110367 -0.138494
v 0.025377 0.109357 -0.186938
v 0.034118 0.108638 -0.183385
v 0.043746 0.109378 -0.197042
v 0.076858 0.110202 -0.119540
v 0.032425 0.108803 -0.202339
v -0.048516 0.107832 -0.285971
v -0.076705 0.108568 -0.267737
v -0.090687 0.107191 -0.277083
v -0.058403 0.106858 -0.292581
v -0.075636 0.106713 -0.252972
v -0.047760 0.106520 -0.275531
v -0.114467 0.107787 -0.251787
v -0.104580 0.108761 -0.245177
v -0.103824 0.107449 -0.234737
v -0.036526 0.106983 -0.289200
v -0.115814 0.108297 -0.231508
v -0.047760 0.106520 -0.275531
v -0.075636 0.106713 -0.252972
v -0.061653 0.108090 -0.243626
v -0.037872 0.107494 -0.268922
v -0.076705 0.108568 -0.267737
v -0.048516 0.107832 -0.285971
v -0.093936 0.108423 -0.228128
v -0.103824 0.107449 -0.234737
v -0.104580 0.108761 -0.245177
v -0.036526 0.106983 -0.289200
v -0.115814 0.108297 -0.231508
v -0.074116 0.110995 -0.054137
v -0.093567 0.110655 -0.083134
v -0.074012 0.109808 -0.086217
v -0.060286 0.110396 -0.056317
v -0.093865 0.109425 -0.066564
v -0.074325 0.110125 -0.042420
v -0.099278 0.109355 -0.109457
v -0.113106 0.109955 -0.107276
v -0.113316 0.109085 -0.095559
v -0.066145 0.110776 -0.037273
v -0.121287 0.109304 -0.112424
v -0.074325 0.110125 -0.042420
v -0.093865 0.109425 -0.066564
v -0.113421 0.110273 -0.063480
v -0.088154 0.110725 -0.040240
v -0.093567 0.110655 -0.083134
v -0.074116 0.110995 -0.054137
v -0.127145 0.109684 -0.093380
v -0.113316 0.109085 -0.095559
v -0.113106 0.109955 -0.107276
v -0.066145 0.110776 -0.037273
v -0.121287 0.109304 -0.112424
v -0.001277 0.111656 0.016726
v -0.023574 0.111589 -0.011513
v -0.003097 0.110898 -0.023196
v 0.013203 0.111167 0.008465
v -0.019585 0.110230 -0.005726
v 0.001545 0.110695 0.020819
v -0.030224 0.110636 -0.046318
v -0.044704 0.111124 -0.038057
v -0.041884 0.110164 -0.033966
v 0.009128 0.111286 0.030118
v -0.052287 0.110534 -0.047358
v 0.001545 0.110695 0.020819
v -0.019585 0.110230 -0.005726
v -0.040064 0.110921 0.005956
v -0.012937 0.111184 0.029078
v -0.023574 0.111589 -0.011513
v -0.001277 0.111656 0.016726
v -0.056363 0.110652 -0.025704
v -0.041884 0.110164 -0.033966
v -0.044704 0.111124 -0.038057
v 0.009128 0.111286 0.030118
v -0.052287 0.110534 -0.047358
v -0.079323 0.110023 -0.137534
v -0.050631 0.110519 -0.155067
v -0.037476 0.110499 -0.128487
v -0.070021 0.110009 -0.118739
v -0.034772 0.109439 -0.138974
v -0.068109 0.109260 -0.126155
v -0.007991 0.110685 -0.149090
v -0.017291 0.110699 -0.167885
v -0.006078 0.109935 -0.156506
v -0.086564 0.109502 -0.125559
v 0.001161 0.110457 -0.168482
v -0.068109 0.109260 -0.126155
v -0.034772 0.109439 -0.138974
v -0.047924 0.109460 -0.165553
v -0.077411 0.109274 -0.144949
v -0.050631 0.110519 -0.155067
v -0.079323 0.110023 -0.137534
v -0.015380 0.109950 -0.175300
v -0.006078 0.109935 -0.156506
v -0.017291 0.110699 -0.167885
v -0.086564 0.109502 -0.125559
v 0.001161 0.110457 -0.168482
v 0.044247 0.110480 -0.091890
v 0.009615 0.110717 -0.099634
v 0.010024 0.109666 -0.111016
v 0.044536 0.109736 -0.099938
v 0.005595 0.109520 -0.081935
v 0.041405 0.109633 -0.079375
v -0.025907 0.109860 -0.110243
v -0.026196 0.110604 -0.102195
v -0.029039 0.109757 -0.089681
v 0.057416 0.110031 -0.083498
v -0.042206 0.110206 -0.098071
v 0.041405 0.109633 -0.079375
v 0.005595 0.109520 -0.081935
v 0.005186 0.110571 -0.070553
v 0.041116 0.110376 -0.071326
v 0.009615 0.110717 -0.099634
v 0.044247 0.110480 -0.091890
v -0.029328 0.110500 -0.081631
v -0.029039 0.109757 -0.089681
v -0.026196 0.110604 -0.102195
v 0.057416 0.110031 -0.083498
v -0.042206 0.110206 -0.098071
v -0.301297 0.104454 0.024073
v -0.254309 0.104454 0.151307
v -0.267076 0.104911 0.159130
v -0.316476 0.104911 0.025419
v -0.295891 0.104454 -0.107447
v -0.311362 0.104911 -0.112958
v -0.226271 0.104454 -0.223444
v -0.238253 0.104911 -0.235038
v -0.102287 0.104454 -0.284904
v -0.107354 0.104911 -0.299256
v 0.033270 0.104454 -0.295177
v 0.035113 0.104911 -0.310038
v 0.167705 0.104454 -0.253549
v 0.175500 0.104911 -0.266050
v 0.267222 0.104454 -0.166299
v 0.281173 0.104911 -0.174445
v 0.315352 0.104454 -0.039824
v 0.331475 0.104911 -0.041639
v 0.298954 0.104911 0.099878
v 0.285192 0.104454 0.094689
v 0.203818 0.104454 0.216149
v 0.214265 0.104911 0.226625
v 0.093700 0.104454 0.302775
v 0.098573 0.104911 0.317767
v -0.043493 0.104454 0.311900
v -0.045785 0.104911 0.327237
v -0.173722 0.104454 0.251072
v -0.182734 0.104911 0.263274
v -0.142425 0.106712 -0.302271
v -0.147560 0.106845 -0.337849
v -0.124622 0.105790 -0.339714
v -0.126206 0.105966 -0.303590
v -0.148250 0.104818 -0.334763
v -0.142913 0.105279 -0.300089
v -0.136675 0.105638 -0.373841
v -0.152894 0.106383 -0.372523
v -0.153382 0.104951 -0.370341
v -0.140500 0.106064 -0.286630
v -0.155306 0.105599 -0.385981
v -0.142913 0.105279 -0.300089
v -0.148250 0.104818 -0.334763
v -0.171186 0.105873 -0.332898
v -0.159132 0.106025 -0.298770
v -0.147560 0.106845 -0.337849
v -0.142425 0.106712 -0.302271
v -0.169601 0.105696 -0.369022
v -0.153382 0.104951 -0.370341
v -0.152894 0.106383 -0.372523
v -0.140500 0.106064 -0.286630
v -0.155306 0.105599 -0.385981
vn 0.1331 0.9369 0.3233
vn -0.0108 0.9995 -0.0296
vn -0.0345 0.9992 -0.0214
vn 0.0279 0.9279 0.3719
vn 0.1216 0.9338 0.3366
vn -0.0396 0.9990 -0.0189
vn 0.0056 -0.9994 -0.0342
vn 0.1247 -0.9312 0.3425
vn 0.0194 -0.9405 0.3394
vn -0.0208 -0.9995 -0.0257
vn 0.0048 -0.9994 -0.0341
vn 0.0093 -0.9416 0.3365
vn 0.1116 0.9354 0.3355
vn 0.1903 0.9438 0.2701
vn -0.0260 0.9994 -0.0244
vn 0.1962 0.9448 0.2623
vn 0.0001 0.9994 -0.0341
vn -0.0253 0.9994 -0.0248
vn 0.0198 -0.9991 -0.0384
vn 0.2159 -0.9229 0.3188
vn 0.1176 -0.9293 0.3500
vn -0.0096 -0.9995 -0.0289
vn 0.0141 -0.9992 -0.0372
vn 0.0994 -0.9328 0.3464
vn -0.0150 0.9997 -0.0194
vn -0.4901 0.8609 0.1367
vn 0.0501 0.9254 0.3757
vn 0.0459 -0.9445 0.3254
vn -0.2945 -0.9526 0.0760
vn 0.0033 -0.9996 -0.0265
vn 0.1615 0.9476 0.2757
vn 0.2777 0.9527 -0.1236
vn -0.0195 0.9996 -0.0198
vn 0.0002 -0.9997 -0.0233
vn 0.4701 -0.8600 -0.1987
vn 0.2011 -0.9199 0.3368
vn -0.1039 -0.9358 -0.3370
vn 0.0240 -0.9994 0.0256
vn -0.0016 -0.9994 0.0344
vn -0.1871 -0.9433 -0.2741
vn -0.1044 -0.9357 -0.3369
vn -0.0032 -0.9994 0.0348
vn 0.0101 0.9995 0.0285
vn -0.1154 0.9297 -0.3497
vn -0.2290 0.9226 -0.3105
vn -0.0147 0.9992 0.0373
vn 0.0127 0.9996 0.0269
vn -0.2234 0.9226 -0.3143
vn -0.1231 -0.9341 -0.3350
vn -0.0135 -0.9275 -0.3737
vn 0.0102 -0.9995 0.0297
vn -0.0202 -0.9276 -0.3730
vn 0.0351 -0.9992 0.0212
vn 0.0072 -0.9995 0.0301
vn 0.0238 0.9994 0.0242
vn -0.0247 0.9399 -0.3406
vn -0.1318 0.9316 -0.3388
vn -0.0033 0.9994 0.0339
vn 0.0223 0.9994 0.0249
vn -0.1322 0.9316 -0.3386
vn 0.0195 -0.9996 0.0198
vn -0.2777 -0.9527 0.1236
vn -0.1615 -0.9476 -0.2758
vn -0.2011 0.9199 -0.3368
vn -0.4701 0.8599 0.1987
vn -0.0002 0.9997 0.0233
vn -0.0502 -0.9253 -0.3758
vn 0.4900 -0.8610 -0.1366
vn 0.0150 -0.9997 0.0194
vn -0.0033 0.9996 0.0265
vn 0.2946 0.9526 -0.0760
vn -0.0459 0.9445 -0.3253
vn 0.3796 0.9229 0.0652
vn -0.0255 0.9995 -0.0185
vn -0.0311 0.9995 0.0078
vn 0.3251 0.9310 0.1661
vn 0.3796 0.9227 0.0674
vn -0.0313 0.9995 0.0100
vn -0.0325 -0.9994 -0.0087
vn 0.3308 -0.9415 0.0648
vn 0.3047 -0.9373 0.1692
vn -0.0381 -0.9991 0.0171
vn -0.0314 -0.9994 -0.0111
vn 0.3069 -0.9373 0.1650
vn 0.3805 0.9206 0.0877
vn 0.4021 0.9149 -0.0357
vn -0.0280 0.9996 -0.0039
vn 0.4026 0.9149 -0.0311
vn -0.0227 0.9993 -0.0299
vn -0.0279 0.9996 -0.0012
vn -0.0297 -0.9993 -0.0228
vn 0.3182 -0.9479 -0.0172
vn 0.3243 -0.9425 0.0802
vn -0.0360 -0.9993 0.0054
vn -0.0303 -0.9993 -0.0209
vn 0.3236 -0.9427 0.0820
vn -0.0190 0.9997 -0.0142
vn -0.0910 0.9481 0.3046
vn 0.3233 0.9359 0.1395
vn 0.3206 -0.9368 0.1399
vn -0.1281 -0.8808 0.4558
vn -0.0264 -0.9997 -0.0000
vn 0.4090 0.9125 0.0034
vn 0.0684 0.8772 -0.4752
vn -0.0182 0.9998 -0.0098
vn -0.0287 -0.9996 0.0041
vn 0.0406 -0.9487 -0.3137
vn 0.3080 -0.9514 0.0052
vn -0.3687 -0.9241 -0.1007
vn 0.0280 -0.9996 0.0049
vn 0.0228 -0.9993 0.0296
vn -0.4032 -0.9149 0.0198
vn -0.3810 -0.9205 -0.0871
vn 0.0210 -0.9992 0.0349
vn 0.0360 0.9993 -0.0073
vn -0.3264 0.9423 -0.0749
vn -0.3167 0.9483 0.0224
vn 0.0307 0.9993 0.0197
vn 0.0360 0.9993 -0.0070
vn -0.3144 0.9488 0.0291
vn -0.3795 -0.9221 -0.0756
vn -0.3201 -0.9318 -0.1713
vn 0.0245 -0.9995 0.0207
vn -0.3125 -0.9330 -0.1783
vn 0.0310 -0.9995 -0.0063
vn 0.0247 -0.9995 0.0202
vn 0.0385 0.9990 -0.0217
vn -0.3100 0.9375 -0.1583
vn -0.3310 0.9413 -0.0660
vn 0.0328 0.9994 0.0081
vn 0.0381 0.9991 -0.0167
vn -0.3275 0.9434 -0.0522
vn 0.0182 -0.9998 0.0098
vn -0.0683 -0.8772 0.4752
vn -0.4090 -0.9125 -0.0034
vn -0.3080 0.9514 -0.0052
vn -0.0406 0.9487 0.3137
vn 0.0287 0.9996 -0.0041
vn -0.3233 -0.9359 -0.1396
vn 0.0910 -0.9481 -0.3045
vn 0.0190 -0.9997 0.0142
vn 0.0264 0.9997 -0.0001
vn 0.1282 0.8808 -0.4558
vn -0.3206 0.9368 -0.1399
vn 0.1163 0.9229 -0.3672
vn -0.0218 0.9995 0.0228
vn 0.0035 0.9995 0.0319
vn 0.2088 0.9310 -0.2994
vn 0.1185 0.9227 -0.3669
vn 0.0057 0.9995 0.0324
vn -0.0130 -0.9994 0.0310
vn 0.1092 -0.9415 -0.3189
vn 0.2091 -0.9373 -0.2788
vn 0.0118 -0.9991 0.0401
vn -0.0152 -0.9994 0.0296
vn 0.2053 -0.9373 -0.2816
vn 0.1387 0.9206 -0.3650
vn 0.0194 0.9149 -0.4033
vn -0.0077 0.9996 0.0272
vn 0.0241 0.9148 -0.4032
vn -0.0327 0.9993 0.0184
vn -0.0050 0.9996 0.0275
vn -0.0266 -0.9993 0.0263
vn 0.0263 -0.9479 -0.3176
vn 0.1236 -0.9425 -0.3104
vn 0.0004 -0.9993 0.0364
vn -0.0249 -0.9993 0.0272
vn 0.1253 -0.9427 -0.3094
vn -0.0167 0.9997 0.0168
vn 0.2894 0.9481 0.1317
vn 0.1823 0.9359 -0.3013
vn 0.1822 -0.9368 -0.2985
vn 0.4341 -0.8808 0.1890
vn -0.0035 -0.9997 0.0262
vn 0.0591 0.9125 -0.4048
vn -0.4613 0.8773 -0.1324
vn -0.0122 0.9998 0.0167
vn 0.0001 -0.9996 0.0290
vn -0.3053 -0.9486 -0.0831
vn 0.0471 -0.9514 -0.3044
vn -0.1500 -0.9241 0.3516
vn 0.0087 -0.9996 -0.0270
vn 0.0324 -0.9993 -0.0186
vn -0.0353 -0.9149 0.4021
vn -0.1382 -0.9205 0.3656
vn 0.0374 -0.9992 -0.0160
vn -0.0024 0.9993 -0.0367
vn -0.1186 0.9423 0.3132
vn -0.0210 0.9483 0.3168
vn 0.0237 0.9993 -0.0278
vn -0.0020 0.9993 -0.0367
vn -0.0140 0.9488 0.3154
vn -0.1266 -0.9221 0.3657
vn -0.2133 -0.9318 0.2938
vn 0.0238 -0.9995 -0.0215
vn -0.2192 -0.9330 0.2854
vn -0.0020 -0.9995 -0.0315
vn 0.0234 -0.9995 -0.0218
vn -0.0163 0.9990 -0.0411
vn -0.1991 0.9375 0.2856
vn -0.1104 0.9413 0.3190
vn 0.0125 0.9994 -0.0313
vn -0.0114 0.9991 -0.0400
vn -0.0963 0.9434 0.3173
vn 0.0122 -0.9998 -0.0167
vn 0.4615 -0.8772 0.1325
vn -0.0591 -0.9125 0.4048
vn -0.0471 0.9514 0.3044
vn 0.3053 0.9486 0.0830
vn -0.0001 0.9996 -0.0290
vn -0.1823 -0.9359 0.3013
vn -0.2893 -0.9481 -0.1317
vn 0.0167 -0.9997 -0.0168
vn 0.0035 0.9997 -0.0262
vn -0.4339 0.8809 -0.1890
vn -0.1822 0.9368 0.2985
vn 0.2070 -0.9617 -0.1797
vn 0.0812 0.9965 0.0210
vn 0.0943 0.9946 0.0423
vn 0.1611 -0.9853 -0.0565
vn 0.1705 -0.9801 -0.1015
vn 0.1230 0.9894 0.0771
vn -0.0959 -0.9954 -0.0060
vn 0.1303 -0.9885 -0.0767
vn 0.1268 -0.9916 -0.0274
vn -0.0796 -0.9966 0.0209
vn -0.0961 -0.9954 -0.0064
vn 0.1270 -0.9915 -0.0292
vn 0.2251 -0.9635 -0.1451
vn 0.2529 -0.9386 -0.2347
vn 0.0832 0.9957 0.0396
vn 0.3443 -0.8090 -0.4764
vn 0.0541 0.9985 0.0039
vn 0.0659 0.9976 0.0229
vn -0.1058 -0.9941 -0.0259
vn 0.1273 -0.9837 -0.1269
vn 0.1307 -0.9888 -0.0717
vn -0.0917 -0.9958 0.0016
vn -0.1069 -0.9939 -0.0286
vn 0.1308 -0.9887 -0.0726
vn 0.1686 0.9828 0.0749
vn 0.0571 -0.9721 0.2275
vn 0.1262 -0.9898 -0.0664
vn 0.1195 -0.9915 -0.0515
vn 0.0535 -0.9837 0.1716
vn -0.0903 -0.9959 -0.0030
vn 0.4658 -0.7165 -0.5193
vn -0.0744 0.9834 -0.1657
vn 0.0631 0.9978 0.0221
vn -0.1148 -0.9929 -0.0304
vn -0.1680 0.8455 -0.5069
vn 0.1381 -0.9797 -0.1450
vn -0.2257 0.9627 0.1495
vn -0.0720 -0.9970 -0.0294
vn -0.0483 -0.9988 0.0089
vn -0.2709 0.9186 0.2878
vn -0.2245 0.9696 0.0969
vn -0.0534 -0.9986 -0.0026
vn 0.0933 0.9956 0.0004
vn -0.1302 0.9891 0.0683
vn -0.1278 0.9841 0.1232
vn 0.1075 0.9937 0.0304
vn 0.0931 0.9957 0.0001
vn -0.1284 0.9847 0.1179
vn -0.1817 0.9749 0.1285
vn -0.1577 0.9872 0.0227
vn -0.0817 -0.9964 -0.0221
vn -0.1603 0.9857 0.0521
vn -0.1019 -0.9934 -0.0531
vn -0.0760 -0.9971 -0.0026
vn 0.0804 0.9966 -0.0199
vn -0.1266 0.9916 0.0266
vn -0.1304 0.9886 0.0753
vn 0.0963 0.9953 0.0070
vn 0.0801 0.9966 -0.0204
vn -0.1304 0.9886 0.0755
vn -0.0631 -0.9978 -0.0221
vn 0.0745 -0.9833 0.1658
vn -0.4659 0.7164 0.5193
vn -0.1381 0.9797 0.1450
vn 0.1680 -0.8453 0.5071
vn 0.1148 0.9929 0.0304
vn -0.1262 0.9898 0.0664
vn -0.0571 0.9721 -0.2274
vn -0.1686 -0.9828 -0.0749
vn 0.0903 0.9959 0.0030
vn -0.0535 0.9837 -0.1716
vn -0.1195 0.9915 0.0515
vn 0.3351 0.9369 0.1000
vn -0.0298 0.9995 -0.0102
vn -0.0384 0.9992 0.0134
vn 0.3066 0.9279 0.2123
vn 0.3380 0.9338 0.1172
vn -0.0396 0.9990 0.0189
vn -0.0230 -0.9994 -0.0259
vn 0.3447 -0.9312 0.1185
vn 0.2759 -0.9405 0.1985
vn -0.0330 -0.9995 -0.0000
vn -0.0235 -0.9994 -0.0252
vn 0.2674 -0.9416 0.2045
vn 0.3310 0.9354 0.1243
vn 0.3297 0.9438 0.0220
vn -0.0353 0.9994 0.0048
vn 0.3273 0.9448 0.0125
vn -0.0265 0.9994 -0.0215
vn -0.0352 0.9994 0.0041
vn -0.0174 -0.9991 -0.0395
vn 0.3837 -0.9229 0.0327
vn 0.3460 -0.9293 0.1288
vn -0.0285 -0.9995 -0.0107
vn -0.0201 -0.9992 -0.0343
vn 0.3318 -0.9328 0.1407
vn -0.0245 0.9997 -0.0005
vn -0.2021 0.8610 0.4668
vn 0.3236 0.9254 0.1974
vn 0.2818 -0.9445 0.1691
vn -0.1263 -0.9526 0.2767
vn -0.0185 -0.9996 -0.0192
vn 0.3159 0.9476 0.0479
vn 0.0786 0.9527 -0.2936
vn -0.0277 0.9996 0.0027
vn -0.0180 -0.9997 -0.0148
vn 0.1413 -0.8600 -0.4904
vn 0.3883 -0.9199 0.0556
vn -0.3273 -0.9358 -0.1312
vn 0.0350 -0.9994 -0.0026
vn 0.0258 -0.9994 0.0229
vn -0.3308 -0.9433 -0.0270
vn -0.3275 -0.9358 -0.1308
vn 0.0250 -0.9994 0.0244
vn 0.0285 0.9995 0.0101
vn -0.3444 0.9297 -0.1303
vn -0.3855 0.9226 -0.0174
vn 0.0198 0.9992 0.0349
vn 0.0289 0.9996 0.0070
vn -0.3849 0.9227 -0.0241
vn -0.3378 -0.9342 -0.1151
vn -0.2988 -0.9275 -0.2246
vn 0.0295 -0.9995 0.0108
vn -0.3026 -0.9276 -0.2190
vn 0.0385 -0.9992 -0.0140
vn 0.0279 -0.9995 0.0133
vn 0.0338 0.9994 -0.0033
vn -0.2803 0.9399 -0.1951
vn -0.3463 0.9315 -0.1108
vn 0.0243 0.9994 0.0239
vn 0.0334 0.9994 -0.0016
vn -0.3464 0.9316 -0.1103
vn 0.0277 -0.9996 -0.0027
vn -0.0786 -0.9527 0.2936
vn -0.3159 -0.9476 -0.0479
vn -0.3883 0.9199 -0.0556
vn -0.1414 0.8599 0.4905
vn 0.0180 0.9997 0.0148
vn -0.3236 -0.9254 -0.1974
vn 0.2021 -0.8609 -0.4668
vn 0.0245 -0.9997 0.0005
vn 0.0185 0.9996 0.0192
vn 0.1263 0.9526 -0.2768
vn -0.2818 0.9445 -0.1690
vn 0.1041 0.9228 0.3708
vn 0.0057 0.9995 -0.0310
vn -0.0204 0.9995 -0.0248
vn -0.0104 0.9310 0.3649
vn 0.1021 0.9227 0.3718
vn -0.0225 0.9995 -0.0240
vn -0.0061 -0.9994 -0.0331
vn 0.0835 -0.9415 0.3265
vn -0.0220 -0.9373 0.3478
vn -0.0319 -0.9991 -0.0271
vn -0.0035 -0.9994 -0.0331
vn -0.0172 -0.9373 0.3480
vn 0.0842 0.9206 0.3813
vn 0.2049 0.9149 0.3478
vn -0.0085 0.9996 -0.0269
vn 0.2009 0.9148 0.3503
vn 0.0172 0.9993 -0.0333
vn -0.0109 0.9996 -0.0257
vn 0.0078 -0.9993 -0.0366
vn 0.1521 -0.9479 0.2800
vn 0.0668 -0.9425 0.3273
vn -0.0203 -0.9993 -0.0302
vn 0.0059 -0.9993 -0.0364
vn 0.0649 -0.9427 0.3274
vn 0.0047 0.9997 -0.0232
vn -0.3142 0.9481 0.0485
vn 0.0128 0.9359 0.3520
vn 0.0113 -0.9368 0.3496
vn -0.4666 -0.8809 0.0799
vn -0.0114 -0.9997 -0.0238
vn 0.1725 0.9125 0.3709
vn 0.4586 0.8772 -0.1422
vn 0.0010 0.9998 -0.0206
vn -0.0160 -0.9996 -0.0242
vn 0.3008 -0.9487 -0.0980
vn 0.1275 -0.9514 0.2804
vn -0.0673 -0.9241 -0.3762
vn 0.0076 -0.9996 0.0274
vn -0.0169 -0.9993 0.0333
vn -0.1910 -0.9149 -0.3557
vn -0.0848 -0.9205 -0.3815
vn -0.0225 -0.9992 0.0339
vn 0.0221 0.9993 0.0294
vn -0.0725 0.9423 -0.3269
vn -0.1562 0.9483 -0.2764
vn -0.0046 0.9993 0.0362
vn 0.0218 0.9993 0.0295
vn -0.1613 0.9488 -0.2715
vn -0.0947 -0.9221 -0.3752
vn 0.0173 -0.9318 -0.3627
vn -0.0081 -0.9995 0.0310
vn 0.0269 -0.9330 -0.3589
vn 0.0189 -0.9995 0.0253
vn -0.0076 -0.9995 0.0310
vn 0.0361 0.9990 0.0254
vn 0.0099 0.9375 -0.3479
vn -0.0825 0.9413 -0.3272
vn 0.0067 0.9994 0.0331
vn 0.0314 0.9991 0.0272
vn -0.0934 0.9434 -0.3182
vn -0.0010 -0.9998 0.0206
vn -0.4586 -0.8772 0.1422
vn -0.1726 -0.9125 -0.3709
vn -0.1275 0.9514 -0.2804
vn -0.3008 0.9486 0.0979
vn 0.0160 0.9996 0.0242
vn -0.0128 -0.9359 -0.3520
vn 0.3141 -0.9481 -0.0485
vn -0.0047 -0.9997 0.0232
vn 0.0114 0.9997 0.0238
vn 0.4667 0.8808 -0.0799
vn -0.0113 0.9368 -0.3496
vn 0.5187 -0.8521 -0.0701
vn 0.0157 0.9991 -0.0400
vn 0.0200 0.9998 -0.0046
vn 0.7542 -0.6486 0.1023
vn 0.4907 -0.8632 -0.1183
vn 0.0186 0.9998 -0.0100
vn -0.0651 -0.9973 0.0353
vn 0.1698 -0.9851 -0.0290
vn 0.1964 -0.9802 0.0269
vn -0.0594 -0.9962 0.0635
vn -0.0650 -0.9974 0.0327
vn 0.1934 -0.9809 0.0192
vn 0.4475 -0.8933 -0.0423
vn 0.3002 -0.9397 -0.1640
vn 0.0224 0.9993 -0.0307
vn 0.3203 -0.9373 -0.1373
vn 0.0183 0.9981 -0.0596
vn 0.0271 0.9994 -0.0197
vn -0.0672 -0.9976 0.0163
vn 0.1420 -0.9877 -0.0656
vn 0.1735 -0.9846 -0.0200
vn -0.0636 -0.9970 0.0450
vn -0.0672 -0.9976 0.0151
vn 0.1727 -0.9847 -0.0220
vn 0.0200 0.9991 -0.0362
vn 0.0324 0.9758 0.2165
vn 0.9700 -0.2070 0.1276
vn 0.2037 -0.9788 0.0221
vn 0.2188 0.1383 0.9659
vn -0.0603 -0.9967 0.0542
vn 0.2688 -0.9597 -0.0817
vn -0.1395 -0.8520 -0.5046
vn 0.0397 0.9967 -0.0702
vn -0.0606 -0.9973 0.0411
vn -0.0596 -0.9772 -0.2039
vn 0.1466 -0.9883 -0.0418
vn -0.5460 0.8378 0.0001
vn -0.0221 -0.9993 0.0316
vn -0.0187 -0.9984 0.0538
vn -0.3318 0.9349 0.1259
vn -0.4129 0.9089 0.0590
vn -0.0186 -0.9968 0.0771
vn 0.0635 0.9970 -0.0452
vn -0.1732 0.9847 0.0207
vn -0.1428 0.9876 0.0646
vn 0.0672 0.9976 -0.0155
vn 0.0639 0.9970 -0.0443
vn -0.1417 0.9877 0.0658
vn -0.5244 0.8492 0.0629
vn -0.7152 0.6951 -0.0737
vn -0.0171 -0.9986 0.0495
vn -0.9214 0.3030 -0.2433
vn -0.0178 -0.9997 0.0138
vn -0.0154 -0.9992 0.0370
vn 0.0596 0.9962 -0.0629
vn -0.1961 0.9802 -0.0261
vn -0.1725 0.9847 0.0256
vn 0.0650 0.9973 -0.0329
vn 0.0600 0.9963 -0.0616
vn -0.1697 0.9851 0.0291
vn -0.0397 -0.9967 0.0702
vn 0.1396 0.8519 0.5048
vn -0.2688 0.9597 0.0817
vn -0.1466 0.9883 0.0418
vn 0.0596 0.9772 0.2039
vn 0.0606 0.9973 -0.0411
vn -0.9699 0.2072 -0.1276
vn -0.0324 -0.9758 -0.2165
vn -0.0200 -0.9991 0.0362
vn 0.0603 0.9967 -0.0542
vn -0.2188 -0.1381 -0.9659
vn -0.2037 0.9788 -0.0220
vn 0.2062 0.9757 -0.0746
vn -0.0649 0.9977 -0.0197
vn -0.0541 0.9985 0.0084
vn 0.1878 0.9821 -0.0137
vn 0.2063 0.9750 -0.0828
vn -0.0555 0.9984 0.0055
vn 0.0132 -0.9994 0.0307
vn 0.9271 0.0914 -0.3636
vn 0.7214 0.6925 -0.0047
vn 0.0224 -0.9983 0.0547
vn 0.0116 -0.9998 0.0178
vn 0.7863 0.6101 -0.0977
vn 0.2103 0.9748 -0.0742
vn 0.2190 0.9619 -0.1634
vn -0.0616 0.9980 -0.0123
vn 0.2186 0.9657 -0.1401
vn -0.0694 0.9969 -0.0375
vn -0.0585 0.9983 -0.0070
vn 0.0021 -0.9999 0.0149
vn 0.5635 -0.7250 -0.3959
vn 0.9553 -0.1310 -0.2651
vn 0.0121 -0.9991 0.0398
vn 0.0004 -1.0000 0.0082
vn 0.8960 -0.2732 -0.3500
vn -0.0606 0.9980 -0.0200
vn 0.0357 0.9822 0.1844
vn 0.1808 0.9829 -0.0352
vn 0.4902 0.8676 -0.0836
vn 0.1025 0.8935 0.4371
vn 0.0435 -0.9976 0.0547
vn 0.2570 0.9497 -0.1788
vn -0.2000 -0.7413 -0.6407
vn -0.0644 0.9973 -0.0352
vn 0.0158 -0.9992 0.0376
vn -0.0725 -0.9832 -0.1677
vn 0.4492 -0.8396 -0.3054
vn -0.2084 -0.9756 0.0693
vn 0.0596 -0.9982 0.0088
vn 0.0684 -0.9971 0.0337
vn -0.2191 -0.9631 0.1564
vn -0.2140 -0.9731 0.0848
vn 0.0697 -0.9968 0.0389
vn -0.0164 0.9988 -0.0460
vn -0.9045 0.2552 0.3418
vn -0.6198 0.6752 0.3999
vn -0.0022 0.9999 -0.0154
vn -0.0101 0.9993 -0.0365
vn -0.4324 0.8218 0.3711
vn -0.2063 -0.9753 0.0787
vn -0.1893 -0.9818 0.0175
vn 0.0651 -0.9977 0.0211
vn -0.1866 -0.9824 0.0106
vn 0.0548 -0.9985 -0.0071
vn 0.0646 -0.9977 0.0179
vn -0.0289 0.9973 -0.0669
vn -0.7808 -0.6182 0.0909
vn -0.9038 -0.3103 0.2946
vn -0.0128 0.9995 -0.0283
vn -0.0197 0.9986 -0.0483
vn -0.8665 0.2669 0.4217
vn 0.0644 -0.9973 0.0352
vn 0.2000 0.7411 0.6409
vn -0.2570 -0.9497 0.1788
vn -0.4492 0.8396 0.3054
vn 0.0725 0.9832 0.1677
vn -0.0158 0.9992 -0.0376
vn -0.1808 -0.9829 0.0352
vn -0.0356 -0.9822 -0.1844
vn 0.0606 -0.9980 0.0200
vn -0.0434 0.9976 -0.0547
vn -0.1025 -0.8936 -0.4371
vn -0.4903 -0.8675 0.0835
vn 0.0788 0.9952 -0.0588
vn -0.0452 0.9981 0.0410
vn -0.0289 0.9980 0.0569
vn 0.0954 0.9950 -0.0298
vn 0.0787 0.9952 -0.0589
vn -0.0291 0.9980 0.0567
vn 0.0075 -0.9993 -0.0376
vn 0.1477 0.9848 -0.0916
vn 0.1720 0.9835 -0.0555
vn 0.0206 -0.9997 -0.0140
vn 0.0104 -0.9995 -0.0301
vn 0.1978 0.9798 -0.0303
vn 0.0843 0.9950 -0.0527
vn 0.0613 0.9951 -0.0773
vn -0.0400 0.9980 0.0479
vn -0.0525 0.9982 0.0296
vn -0.0035 -0.9986 -0.0521
vn 0.1109 0.9871 -0.1155
vn 0.1367 0.9867 -0.0874
vn 0.0170 -0.9995 -0.0264
vn 0.0047 -0.9992 -0.0391
vn 0.1591 0.9845 -0.0739
vn -0.0393 0.9983 0.0437
vn 0.5767 0.4100 0.7066
vn 0.0838 0.9957 -0.0407
vn 0.1954 0.9790 -0.0577
vn 0.1748 -0.9556 0.2371
vn 0.0160 -0.9994 -0.0305
vn 0.0710 0.9955 -0.0629
vn -0.1827 0.9581 -0.2205
vn -0.0416 0.9982 0.0433
vn 0.0185 -0.9986 -0.0499
vn -0.4664 0.6787 -0.5673
vn 0.1044 0.9897 -0.0981
vn -0.0843 -0.9950 0.0527
vn 0.0400 -0.9980 -0.0479
vn 0.0525 -0.9982 -0.0296
vn -0.0613 -0.9951 0.0773
vn -0.0207 0.9995 0.0229
vn -0.1419 -0.9863 0.0841
vn -0.0927 -0.9869 0.1324
vn -0.0030 0.9991 0.0415
vn -0.0255 0.9995 0.0190
vn -0.0971 -0.9870 0.1280
vn -0.0785 -0.9952 0.0590
vn -0.0953 -0.9950 0.0300
vn 0.0451 -0.9981 -0.0412
vn -0.0952 -0.9950 0.0302
vn 0.0288 -0.9980 -0.0569
vn -0.0251 0.9997 0.0082
vn -0.1746 -0.9832 0.0528
vn -0.1346 -0.9847 0.1107
vn -0.0100 0.9995 0.0310
vn -0.0257 0.9996 0.0074
vn -0.1405 -0.9848 0.1016
vn 0.0416 -0.9982 -0.0433
vn 0.1827 -0.9581 0.2205
vn -0.0710 -0.9955 0.0629
vn -0.1044 -0.9897 0.0981
vn 0.4666 -0.6785 0.5674
vn -0.0185 0.9986 0.0499
vn -0.0838 -0.9957 0.0407
vn -0.5767 -0.4100 -0.7066
vn 0.0393 -0.9983 -0.0437
vn -0.0160 0.9994 0.0305
vn -0.1748 0.9556 -0.2371
vn -0.1954 -0.9790 0.0576
vn -0.3115 -0.8277 -0.4668
vn -0.0607 0.9980 0.0190
vn -0.0282 0.9996 -0.0051
vn -0.3445 -0.4098 -0.8446
vn -0.3169 -0.8854 -0.3401
vn -0.0376 0.9993 0.0036
vn 0.0816 -0.9964 0.0220
vn -0.1110 -0.9838 -0.1408
vn -0.0864 -0.9741 -0.2090
vn 0.1042 -0.9946 0.0021
vn 0.0781 -0.9967 0.0240
vn -0.0932 -0.9768 -0.1926
vn -0.2256 -0.9174 -0.3279
vn -0.2126 -0.9680 -0.1335
vn -0.0657 0.9978 0.0115
vn -0.2103 -0.9590 -0.1899
vn -0.0904 0.9955 0.0287
vn -0.0526 0.9986 -0.0040
vn 0.0626 -0.9974 0.0363
vn -0.1209 -0.9888 -0.0870
vn -0.1082 -0.9837 -0.1436
vn 0.0854 -0.9962 0.0190
vn 0.0601 -0.9975 0.0378
vn -0.1098 -0.9840 -0.1400
vn -0.0559 0.9983 0.0164
vn 0.1219 0.9878 -0.0968
vn -0.3100 0.4844 -0.8181
vn -0.1005 -0.9584 -0.2673
vn 0.2531 0.9295 -0.2684
vn 0.1145 -0.9934 -0.0015
vn -0.1336 -0.9802 -0.1459
vn -0.1359 -0.9756 0.1722
vn -0.1504 0.9882 0.0275
vn 0.0799 -0.9966 0.0189
vn -0.1053 -0.9863 0.1267
vn -0.1064 -0.9886 -0.1062
vn 0.2562 0.8533 0.4542
vn 0.0624 -0.9980 -0.0082
vn 0.0798 -0.9966 -0.0215
vn 0.2099 0.9607 0.1815
vn 0.2118 0.9422 0.2597
vn 0.1118 -0.9929 -0.0403
vn -0.0852 0.9962 -0.0193
vn 0.1081 0.9837 0.1438
vn 0.1204 0.9886 0.0901
vn -0.0601 0.9975 -0.0377
vn -0.0841 0.9962 -0.0204
vn 0.1206 0.9887 0.0892
vn 0.3109 0.8458 0.4336
vn 0.3425 0.6259 0.7007
vn 0.0717 -0.9972 -0.0235
vn 0.2647 -0.2442 0.9329
vn 0.0364 -0.9993 -0.0026
vn 0.0531 -0.9985 -0.0153
vn -0.1017 0.9948 -0.0046
vn 0.0857 0.9739 0.2104
vn 0.1096 0.9827 0.1496
vn -0.0773 0.9967 -0.0244
vn -0.1013 0.9948 -0.0049
vn 0.1107 0.9835 0.1431
vn 0.1504 -0.9882 -0.0275
vn 0.1359 0.9756 -0.1722
vn 0.1336 0.9802 0.1459
vn 0.1064 0.9886 0.1062
vn 0.1054 0.9863 -0.1267
vn -0.0799 0.9966 -0.0189
vn 0.3100 -0.4843 0.8181
vn -0.1219 -0.9878 0.0967
vn 0.0559 -0.9983 -0.0164
vn -0.1145 0.9934 0.0015
vn -0.2530 -0.9295 0.2684
vn 0.1005 0.9584 0.2673
vn -0.6871 -0.2132 -0.6945
vn 0.0107 0.9998 -0.0181
vn 0.0285 0.9991 -0.0316
vn -0.2986 -0.7040 -0.6444
vn -0.5179 -0.5374 -0.6656
vn 0.0406 0.9982 -0.0439
vn 0.0125 -0.9977 0.0660
vn -0.1279 -0.9795 -0.1553
vn -0.0701 -0.9833 -0.1681
vn 0.0352 -0.9982 0.0477
vn 0.0139 -0.9978 0.0653
vn -0.0661 -0.9835 -0.1685
vn -0.6042 -0.2649 -0.7515
vn -0.7668 0.2580 -0.5878
vn 0.0259 0.9993 -0.0283
vn -0.7192 0.5521 -0.4218
vn 0.0024 1.0000 -0.0060
vn 0.0207 0.9996 -0.0214
vn -0.0015 -0.9972 0.0753
vn -0.1831 -0.9740 -0.1334
vn -0.1265 -0.9791 -0.1592
vn 0.0230 -0.9981 0.0571
vn 0.0014 -0.9973 0.0735
vn -0.1178 -0.9800 -0.1604
vn 0.0190 0.9987 -0.0464
vn 0.7003 -0.5531 -0.4512
vn -0.2489 -0.8446 -0.4740
vn -0.0866 -0.9844 -0.1532
vn 0.1914 -0.9747 -0.1156
vn 0.0123 -0.9981 0.0610
vn -0.6396 0.5887 -0.4943
vn -0.1722 0.9740 0.1469
vn 0.0164 0.9995 -0.0255
vn 0.0069 -0.9979 0.0647
vn -0.7838 -0.2210 0.5803
vn -0.1845 -0.9720 -0.1454
vn 0.5895 0.2775 0.7586
vn -0.0216 -0.9995 0.0225
vn 0.0035 -1.0000 0.0022
vn 0.7669 -0.3008 0.5668
vn 0.5281 0.3109 0.7902
vn 0.0006 -1.0000 0.0039
vn -0.0215 0.9980 -0.0588
vn 0.1209 0.9797 0.1600
vn 0.1865 0.9736 0.1314
vn 0.0005 0.9972 -0.0747
vn -0.0239 0.9981 -0.0560
vn 0.1767 0.9747 0.1369
vn 0.5700 0.4620 0.6794
vn 0.2196 0.7286 0.6488
vn -0.0102 -0.9998 0.0178
vn 0.2724 0.7154 0.6434
vn -0.0315 -0.9989 0.0344
vn -0.0016 -0.9999 0.0140
vn -0.0349 0.9982 -0.0480
vn 0.0686 0.9834 0.1682
vn 0.1300 0.9795 0.1542
vn -0.0133 0.9978 -0.0656
vn -0.0359 0.9983 -0.0470
vn 0.1269 0.9796 0.1559
vn -0.0164 -0.9995 0.0255
vn 0.1722 -0.9740 -0.1469
vn 0.6397 -0.5885 0.4944
vn 0.1845 0.9720 0.1453
vn 0.7839 0.2209 -0.5803
vn -0.0069 0.9979 -0.0647
vn 0.2490 0.8446 0.4741
vn -0.7006 0.5526 0.4514
vn -0.0190 -0.9987 0.0464
vn -0.0123 0.9981 -0.0610
vn -0.1914 0.9747 0.1156
vn 0.0866 0.9844 0.1532
vn -0.1581 0.9854 0.0637
vn 0.0827 0.9964 0.0166
vn 0.0707 0.9974 -0.0118
vn -0.1475 0.9890 0.0123
vn -0.1580 0.9852 0.0662
vn 0.0715 0.9974 -0.0103
vn -0.0469 -0.9985 -0.0277
vn -0.3375 0.9281 0.1572
vn -0.2618 0.9651 0.0036
vn -0.0589 -0.9967 -0.0556
vn -0.0447 -0.9989 -0.0117
vn -0.2735 0.9610 0.0422
vn -0.1584 0.9856 0.0586
vn -0.1616 0.9793 0.1220
vn 0.0799 0.9968 0.0093
vn -0.1618 0.9805 0.1114
vn 0.0891 0.9953 0.0377
vn 0.0785 0.9969 0.0069
vn -0.0295 -0.9995 -0.0094
vn -0.5744 0.6887 0.4423
vn -0.4056 0.9067 0.1154
vn -0.0421 -0.9985 -0.0361
vn -0.0270 -0.9996 -0.0003
vn -0.4236 0.8861 0.1880
vn 0.0780 0.9969 0.0142
vn -0.0362 0.9824 -0.1833
vn -0.1422 0.9892 0.0363
vn -0.2061 0.9769 0.0559
vn -0.0587 0.9501 -0.3063
vn -0.0966 -0.9930 -0.0674
vn -0.1782 0.9745 0.1367
vn 0.1583 -0.7651 0.6241
vn 0.0902 0.9953 0.0356
vn -0.0411 -0.9987 -0.0310
vn 0.0638 -0.9827 0.1737
vn -0.7826 0.0738 0.6182
vn 0.1588 -0.9855 -0.0600
vn -0.0783 -0.9969 -0.0065
vn -0.0885 -0.9955 -0.0350
vn 0.1616 -0.9792 -0.1227
vn 0.1598 -0.9851 -0.0641
vn -0.0886 -0.9954 -0.0355
vn 0.0491 0.9978 0.0450
vn 0.4221 -0.8877 -0.1838
vn 0.5295 -0.7662 -0.3641
vn 0.0301 0.9995 0.0110
vn 0.0388 0.9988 0.0312
vn 0.6863 -0.2654 -0.6772
vn 0.1580 -0.9852 -0.0660
vn 0.1480 -0.9889 -0.0141
vn -0.0826 -0.9964 -0.0165
vn 0.1478 -0.9889 -0.0132
vn -0.0707 -0.9974 0.0117
vn -0.0825 -0.9965 -0.0155
vn 0.0702 0.9948 0.0743
vn 0.2757 -0.9601 -0.0474
vn 0.3090 -0.9436 -0.1189
vn 0.0467 0.9986 0.0266
vn 0.0548 0.9974 0.0472
vn 0.4033 -0.8839 -0.2368
vn -0.0902 -0.9953 -0.0356
vn -0.1583 0.7651 -0.6242
vn 0.1782 -0.9745 -0.1367
vn 0.7826 -0.0737 -0.6182
vn -0.0638 0.9827 -0.1737
vn 0.0411 0.9987 0.0310
vn 0.1422 -0.9892 -0.0363
vn 0.0362 -0.9824 0.1833
vn -0.0780 -0.9969 -0.0142
vn 0.0966 0.9930 0.0674
vn 0.0587 -0.9501 0.3063
vn 0.2061 -0.9769 -0.0559
vn 0.1687 -0.9818 -0.0877
vn 0.0907 0.9955 0.0259
vn 0.0990 0.9936 0.0538
vn 0.1338 -0.9910 -0.0070
vn 0.1453 -0.9883 -0.0469
vn 0.1167 0.9891 0.0896
vn -0.0979 -0.9950 -0.0183
vn 0.1297 -0.9909 -0.0360
vn 0.1210 -0.9926 0.0093
vn -0.0892 -0.9959 0.0125
vn -0.0979 -0.9950 -0.0191
vn 0.1214 -0.9926 0.0078
vn 0.1715 -0.9837 -0.0542
vn 0.1887 -0.9758 -0.1103
vn 0.0903 0.9949 0.0453
vn 0.2304 -0.9513 -0.2047
vn 0.0700 0.9975 0.0024
vn 0.0783 0.9966 0.0272
vn -0.1017 -0.9940 -0.0391
vn 0.1312 -0.9885 -0.0746
vn 0.1279 -0.9915 -0.0252
vn -0.0959 -0.9954 -0.0084
vn -0.1020 -0.9939 -0.0423
vn 0.1286 -0.9913 -0.0279
vn 0.1488 0.9855 0.0812
vn 0.0122 -0.9468 0.3217
vn 0.1217 -0.9923 -0.0236
vn 0.1172 -0.9930 -0.0166
vn 0.0179 -0.9771 0.2120
vn -0.0935 -0.9955 -0.0122
vn 0.2756 -0.9443 -0.1800
vn -0.0319 0.9664 -0.2550
vn 0.0738 0.9971 0.0189
vn -0.1055 -0.9938 -0.0342
vn -0.0739 0.1629 -0.9839
vn 0.1316 -0.9887 -0.0722
vn -0.1711 0.9840 0.0489
vn -0.0812 -0.9962 -0.0322
vn -0.0676 -0.9976 0.0122
vn -0.1948 0.9726 0.1271
vn -0.1719 0.9849 0.0213
vn -0.0687 -0.9976 0.0036
vn 0.0962 0.9953 0.0090
vn -0.1277 0.9915 0.0247
vn -0.1312 0.9888 0.0716
vn 0.1020 0.9939 0.0425
vn 0.0967 0.9953 0.0102
vn -0.1312 0.9888 0.0717
vn -0.1510 0.9868 0.0581
vn -0.1297 0.9913 -0.0201
vn -0.0905 -0.9956 -0.0225
vn -0.1314 0.9913 -0.0047
vn -0.1021 -0.9929 -0.0617
vn -0.0912 -0.9958 -0.0068
vn 0.0892 0.9959 -0.0125
vn -0.1210 0.9926 -0.0090
vn -0.1297 0.9909 0.0351
vn 0.0979 0.9950 0.0189
vn 0.0894 0.9959 -0.0120
vn -0.1297 0.9909 0.0362
vn -0.0738 -0.9971 -0.0189
vn 0.0319 -0.9664 0.2550
vn -0.2755 0.9443 0.1800
vn -0.1316 0.9887 0.0722
vn 0.0739 -0.1628 0.9839
vn 0.1055 0.9938 0.0342
vn -0.1217 0.9923 0.0236
vn -0.0122 0.9468 -0.3217
vn -0.1488 -0.9855 -0.0812
vn 0.0935 0.9955 0.0122
vn -0.0179 0.9771 -0.2120
vn -0.1172 0.9930 0.0166
vn -0.0800 0.9952 0.0571
vn 0.0461 0.9981 -0.0401
vn 0.0302 0.9980 -0.0562
vn -0.0961 0.9950 0.0278
vn -0.0799 0.9952 0.0571
vn 0.0303 0.9980 -0.0561
vn -0.0083 -0.9993 0.0375
vn -0.1496 0.9848 0.0884
vn -0.1732 0.9835 0.0518
vn -0.0209 -0.9997 0.0135
vn -0.0111 -0.9995 0.0298
vn -0.1984 0.9798 0.0260
vn -0.0854 0.9950 0.0508
vn -0.0630 0.9951 0.0759
vn 0.0411 0.9980 -0.0470
vn 0.0531 0.9982 -0.0284
vn 0.0023 -0.9986 0.0521
vn -0.1133 0.9871 0.1131
vn -0.1386 0.9867 0.0845
vn -0.0175 -0.9995 0.0261
vn -0.0055 -0.9992 0.0390
vn -0.1606 0.9845 0.0705
vn 0.0402 0.9983 -0.0429
vn -0.5614 0.4098 -0.7190
vn -0.0846 0.9957 0.0389
vn -0.1966 0.9790 0.0534
vn -0.1696 -0.9556 -0.2408
vn -0.0167 -0.9994 0.0301
vn -0.0724 0.9955 0.0613
vn 0.1779 0.9581 0.2244
vn 0.0425 0.9982 -0.0424
vn -0.0196 -0.9986 0.0494
vn 0.4544 0.6782 0.5775
vn -0.1065 0.9897 0.0959
vn 0.0854 -0.9950 -0.0508
vn -0.0411 -0.9980 0.0470
vn -0.0531 -0.9982 0.0284
vn 0.0630 -0.9951 -0.0759
vn 0.0854 -0.9950 -0.0509
vn 0.0212 0.9995 -0.0225
vn 0.1437 -0.9863 -0.0810
vn 0.0955 -0.9869 -0.1303
vn 0.0039 0.9991 -0.0414
vn 0.0259 0.9995 -0.0184
vn 0.0998 -0.9870 -0.1259
vn 0.0798 -0.9952 -0.0573
vn 0.0959 -0.9950 -0.0280
vn -0.0460 -0.9981 0.0402
vn 0.0958 -0.9950 -0.0282
vn -0.0301 -0.9980 0.0563
vn 0.0252 0.9997 -0.0076
vn 0.1757 -0.9832 -0.0490
vn 0.1370 -0.9847 -0.1078
vn 0.0107 0.9995 -0.0308
vn 0.0259 0.9996 -0.0068
vn 0.1427 -0.9848 -0.0986
vn -0.0425 -0.9982 0.0424
vn -0.1779 -0.9581 -0.2244
vn 0.0724 -0.9955 -0.0613
vn 0.1065 -0.9897 -0.0959
vn -0.4541 -0.6786 -0.5773
vn 0.0196 0.9986 -0.0494
vn 0.0846 -0.9957 -0.0389
vn 0.5613 -0.4101 0.7189
vn -0.0402 -0.9983 0.0429
vn 0.0167 0.9994 -0.0301
vn 0.1696 0.9556 0.2408
vn 0.1966 -0.9790 -0.0534
vn 0.5648 -0.8201 0.0916
vn 0.0137 0.9988 0.0462
vn 0.0071 0.9977 0.0669
vn 0.2863 -0.9443 0.1621
vn 0.3755 -0.9184 0.1248
vn 0.0021 0.9954 0.0955
vn -0.0508 -0.9967 -0.0635
vn 0.1719 -0.9838 0.0504
vn 0.1298 -0.9879 0.0849
vn -0.0594 -0.9976 -0.0343
vn -0.0516 -0.9967 -0.0622
vn 0.1283 -0.9880 0.0860
vn 0.5447 -0.8245 0.1533
vn 0.8008 -0.5954 0.0651
vn 0.0044 0.9981 0.0621
vn 0.9913 0.0973 -0.0883
vn 0.0112 0.9996 0.0249
vn 0.0051 0.9989 0.0460
vn -0.0435 -0.9957 -0.0818
vn 0.2138 -0.9769 0.0066
vn 0.1739 -0.9834 0.0523
vn -0.0537 -0.9972 -0.0526
vn -0.0441 -0.9958 -0.0805
vn 0.1688 -0.9841 0.0559
vn 0.0256 0.9942 0.1048
vn -0.1496 -0.9458 0.2882
vn 0.2196 -0.9704 0.1007
vn 0.1385 -0.9883 0.0645
vn -0.0862 -0.9826 0.1643
vn -0.0485 -0.9971 -0.0592
vn 0.9631 0.2686 0.0192
vn 0.0554 0.9833 -0.1732
vn 0.0074 0.9988 0.0483
vn -0.0440 -0.9957 -0.0820
vn 0.2541 0.7797 -0.5723
vn 0.2398 -0.9708 0.0066
vn -0.5516 0.8206 -0.1497
vn -0.0046 -0.9987 -0.0516
vn -0.0152 -0.9998 -0.0154
vn -0.8880 0.4590 -0.0258
vn -0.4748 0.8570 -0.2003
vn -0.0116 -0.9997 -0.0237
vn 0.0532 0.9970 0.0561
vn -0.1684 0.9841 -0.0562
vn -0.2140 0.9768 -0.0063
vn 0.0429 0.9956 0.0832
vn 0.0537 0.9972 0.0526
vn -0.2058 0.9784 -0.0165
vn -0.4355 0.8931 -0.1127
vn -0.2412 0.9521 -0.1881
vn -0.0130 -0.9988 -0.0476
vn -0.2824 0.9452 -0.1638
vn -0.0050 -0.9971 -0.0756
vn -0.0211 -0.9992 -0.0341
vn 0.0590 0.9976 0.0361
vn -0.1279 0.9880 -0.0862
vn -0.1724 0.9838 -0.0499
vn 0.0509 0.9967 0.0634
vn 0.0594 0.9977 0.0340
vn -0.1703 0.9840 -0.0526
vn -0.0074 -0.9988 -0.0483
vn -0.0555 -0.9833 0.1732
vn -0.9630 -0.2687 -0.0192
vn -0.2398 0.9708 -0.0066
vn -0.2541 -0.7796 0.5723
vn 0.0440 0.9957 0.0820
vn -0.2196 0.9704 -0.1007
vn 0.1496 0.9459 -0.2881
vn -0.0256 -0.9942 -0.1048
vn 0.0485 0.9971 0.0592
vn 0.0861 0.9826 -0.1643
vn -0.1385 0.9883 -0.0645
vn 0.0139 0.8265 0.5627
vn -0.0372 0.9992 -0.0152
vn -0.0588 0.9981 -0.0167
vn -0.2751 0.2976 0.9142
vn -0.0794 0.6477 0.7577
vn -0.0776 0.9969 -0.0159
vn 0.0528 -0.9979 -0.0380
vn -0.0110 -0.9580 0.2865
vn -0.0637 -0.9724 0.2244
vn 0.0216 -0.9990 -0.0398
vn 0.0466 -0.9981 -0.0394
vn -0.0742 -0.9752 0.2086
vn -0.0224 0.8343 0.5509
vn 0.0670 0.9144 0.3993
vn -0.0535 0.9984 -0.0190
vn 0.0957 0.9390 0.3303
vn -0.0203 0.9996 -0.0193
vn -0.0429 0.9989 -0.0207
vn 0.0733 -0.9967 -0.0344
vn 0.0884 -0.9141 0.3958
vn 0.0034 -0.9453 0.3261
vn 0.0386 -0.9986 -0.0366
vn 0.0630 -0.9974 -0.0358
vn -0.0227 -0.9571 0.2889
vn -0.0804 0.9968 -0.0003
vn -0.3201 -0.9463 -0.0454
vn -0.1885 -0.6539 0.7327
vn -0.0493 -0.9758 0.2132
vn -0.1606 -0.9864 -0.0345
vn 0.0496 -0.9982 -0.0346
vn 0.0600 0.9430 0.3272
vn 0.1598 0.9871 -0.0109
vn -0.0480 0.9987 -0.0163
vn 0.0754 -0.9968 -0.0268
vn 0.3722 0.9279 0.0192
vn 0.1274 -0.7879 0.6025
vn 0.0040 -0.8473 -0.5312
vn 0.0476 -0.9987 0.0201
vn 0.0145 -0.9997 0.0184
vn -0.0800 -0.9250 -0.3715
vn 0.0638 -0.8070 -0.5871
vn 0.0227 -0.9995 0.0196
vn -0.0447 0.9983 0.0373
vn 0.0133 0.9528 -0.3032
vn -0.1083 0.9059 -0.4093
vn -0.0692 0.9970 0.0351
vn -0.0346 0.9988 0.0360
vn -0.0567 0.9272 -0.3702
vn 0.0255 -0.7535 -0.6570
vn 0.3625 -0.1119 -0.9253
vn 0.0429 -0.9989 0.0164
vn 0.2156 -0.4223 -0.8805
vn 0.0669 -0.9976 0.0167
vn 0.0292 -0.9995 0.0130
vn -0.0247 0.9989 0.0400
vn 0.0694 0.9739 -0.2162
vn 0.0016 0.9561 -0.2929
vn -0.0500 0.9980 0.0387
vn -0.0187 0.9990 0.0396
vn 0.0196 0.9598 -0.2801
vn 0.0480 -0.9987 0.0163
vn -0.1598 -0.9871 0.0109
vn -0.0601 -0.9430 -0.3272
vn -0.1274 0.7879 -0.6025
vn -0.3721 -0.9280 -0.0192
vn -0.0754 0.9968 0.0268
vn 0.1885 0.6539 -0.7327
vn 0.3202 0.9463 0.0455
vn 0.0804 -0.9968 0.0003
vn -0.0496 0.9982 0.0346
vn 0.1606 0.9864 0.0345
vn 0.0493 0.9758 -0.2132
vn -0.2567 0.9372 -0.2359
vn -0.0098 0.9982 0.0598
vn 0.0109 0.9993 0.0349
vn -0.1533 0.9632 -0.2207
vn -0.2977 0.9265 -0.2302
vn 0.0064 0.9991 0.0414
vn 0.0504 -0.9985 -0.0211
vn -0.3488 -0.8884 -0.2984
vn -0.3994 -0.6438 -0.6526
vn 0.0650 -0.9971 -0.0398
vn 0.0397 -0.9991 -0.0123
vn -0.3906 -0.7846 -0.4815
vn -0.3092 0.9145 -0.2610
vn -0.5991 0.7613 -0.2482
vn -0.0096 0.9984 0.0557
vn -0.4613 0.8470 -0.2643
vn -0.0258 0.9970 0.0731
vn -0.0029 0.9990 0.0443
vn 0.0392 -0.9992 -0.0028
vn -0.2626 -0.9566 -0.1262
vn -0.3066 -0.9069 -0.2890
vn 0.0547 -0.9983 -0.0217
vn 0.0332 -0.9994 0.0030
vn -0.3034 -0.9227 -0.2378
vn -0.0126 0.9983 0.0574
vn 0.1170 0.9881 -0.1004
vn -0.1548 0.9679 -0.1980
vn -0.5801 0.2255 -0.7827
vn 0.1959 0.9590 -0.2049
vn 0.0648 -0.9961 -0.0602
vn -0.8859 0.1177 -0.4486
vn -0.1788 -0.9572 0.2275
vn -0.0441 0.9961 0.0763
vn 0.0519 -0.9984 -0.0241
vn -0.0812 -0.9882 0.1301
vn -0.2360 -0.9633 -0.1275
vn 0.2722 -0.9286 0.2523
vn 0.0057 -0.9988 -0.0494
vn 0.0203 -0.9975 -0.0673
vn 0.5404 -0.8007 0.2586
vn 0.3655 -0.8905 0.2709
vn 0.0307 -0.9965 -0.0777
vn -0.0569 0.9980 0.0258
vn 0.3057 0.9159 0.2600
vn 0.2704 0.9517 0.1453
vn -0.0366 0.9993 0.0001
vn -0.0522 0.9985 0.0175
vn 0.2532 0.9616 0.1062
vn 0.2757 -0.9323 0.2340
vn 0.1702 -0.9597 0.2238
vn 0.0131 -0.9980 -0.0624
vn 0.1367 -0.9666 0.2168
vn -0.0086 -0.9992 -0.0383
vn 0.0062 -0.9984 -0.0569
vn -0.0694 0.9965 0.0463
vn 0.4009 0.7141 0.5739
vn 0.3755 0.8513 0.3664
vn -0.0449 0.9989 0.0162
vn -0.0599 0.9976 0.0332
vn 0.3271 0.9107 0.2521
vn 0.0441 -0.9961 -0.0763
vn 0.1789 0.9572 -0.2276
vn 0.8860 -0.1173 0.4486
vn 0.2360 0.9633 0.1276
vn 0.0812 0.9882 -0.1301
vn -0.0519 0.9984 0.0241
vn 0.1548 -0.9679 0.1981
vn -0.1170 -0.9881 0.1004
vn 0.0126 -0.9983 -0.0574
vn -0.0648 0.9961 0.0602
vn -0.1960 -0.9590 0.2049
vn 0.5801 -0.2252 0.7828
vn -0.8953 -0.3368 0.2917
vn 0.0040 0.9995 0.0298
vn -0.0052 1.0000 -0.0010
vn -0.9752 0.2184 0.0364
vn -0.8657 -0.3600 0.3478
vn -0.0040 1.0000 0.0017
vn 0.0519 -0.9980 -0.0353
vn -0.1880 -0.9801 0.0635
vn -0.2240 -0.9746 0.0034
vn 0.0427 -0.9972 -0.0609
vn 0.0524 -0.9981 -0.0318
vn -0.2196 -0.9755 0.0127
vn -0.8339 -0.4998 0.2340
vn -0.5428 -0.7340 0.4081
vn -0.0028 0.9998 0.0192
vn -0.5776 -0.7249 0.3753
vn 0.0056 0.9990 0.0450
vn -0.0075 0.9999 0.0115
vn 0.0568 -0.9982 -0.0188
vn -0.1509 -0.9835 0.0999
vn -0.1922 -0.9799 0.0535
vn 0.0489 -0.9978 -0.0457
vn 0.0570 -0.9982 -0.0176
vn -0.1909 -0.9800 0.0563
vn -0.0023 0.9996 0.0292
vn -0.0616 0.9725 -0.2247
vn -0.8467 0.5297 0.0505
vn -0.2281 -0.9735 0.0163
vn -0.3062 -0.3443 -0.8875
vn 0.0435 -0.9979 -0.0477
vn -0.4752 -0.8428 0.2528
vn 0.3425 -0.4625 0.8178
vn -0.0115 0.9988 0.0469
vn 0.0456 -0.9981 -0.0423
vn 0.0941 -0.9735 0.2084
vn -0.1571 -0.9846 0.0773
vn 0.9446 0.2725 -0.1831
vn 0.0023 -0.9998 -0.0199
vn -0.0047 -0.9991 -0.0413
vn 0.6010 0.7141 -0.3589
vn 0.7881 0.5624 -0.2500
vn -0.0077 -0.9983 -0.0578
vn -0.0485 0.9977 0.0465
vn 0.1913 0.9800 -0.0554
vn 0.1518 0.9834 -0.0991
vn -0.0569 0.9982 0.0185
vn -0.0492 0.9978 0.0452
vn 0.1491 0.9836 -0.1015
vn 0.9050 0.3246 -0.2752
vn 0.9820 -0.1818 -0.0510
vn -0.0043 -0.9993 -0.0370
vn 0.8691 -0.4910 0.0603
vn 0.0025 -1.0000 -0.0054
vn -0.0039 -0.9996 -0.0287
vn -0.0422 0.9972 0.0619
vn 0.2225 0.9749 -0.0068
vn 0.1917 0.9796 -0.0599
vn -0.0522 0.9981 0.0332
vn -0.0436 0.9973 0.0590
vn 0.1858 0.9804 -0.0655
vn 0.0115 -0.9988 -0.0469
vn -0.3425 0.4626 -0.8177
vn 0.4751 0.8428 -0.2528
vn 0.1571 0.9846 -0.0773
vn -0.0942 0.9735 -0.2084
vn -0.0456 0.9981 0.0423
vn 0.8465 -0.5300 -0.0505
vn 0.0616 -0.9725 0.2247
vn 0.0023 -0.9996 -0.0292
vn -0.0435 0.9979 0.0477
vn 0.3061 0.3445 0.8875
vn 0.2281 0.9735 -0.0163
vn -0.1519 0.9882 0.0177
vn 0.0443 0.9989 0.0138
vn 0.0425 0.9991 -0.0062
vn -0.1488 0.9885 -0.0286
vn -0.1519 0.9882 0.0184
vn 0.0425 0.9991 -0.0059
vn 0.0021 -1.0000 -0.0070
vn -0.4453 0.8940 0.0504
vn -0.4276 0.8982 -0.1022
vn 0.0027 -0.9996 -0.0281
vn 0.0013 -1.0000 -0.0021
vn -0.4326 0.8978 -0.0832
vn -0.1507 0.9885 0.0100
vn -0.1418 0.9883 0.0564
vn 0.0441 0.9990 0.0052
vn -0.1422 0.9884 0.0537
vn 0.0430 0.9987 0.0256
vn 0.0439 0.9990 0.0043
vn 0.0044 -1.0000 0.0026
vn -0.4507 0.8764 0.1698
vn -0.4576 0.8890 0.0175
vn 0.0023 -0.9998 -0.0191
vn 0.0044 -1.0000 0.0036
vn -0.4578 0.8883 0.0369
vn 0.0418 0.9990 0.0123
vn 0.0050 0.9708 -0.2396
vn -0.1466 0.9891 -0.0114
vn -0.3895 0.9198 -0.0468
vn -0.0013 0.4439 -0.8961
vn -0.0089 -0.9998 -0.0160
vn -0.1378 0.9897 0.0389
vn 0.0314 -0.1221 0.9920
vn 0.0417 0.9991 0.0089
vn -0.0038 -0.9998 -0.0198
vn 0.0262 -0.9753 0.2193
vn -0.4903 0.8503 0.1912
vn 0.1505 -0.9886 -0.0091
vn -0.0440 -0.9990 -0.0047
vn -0.0431 -0.9988 -0.0251
vn 0.1420 -0.9883 -0.0554
vn 0.1510 -0.9885 -0.0114
vn -0.0430 -0.9987 -0.0259
vn -0.0012 0.9997 0.0227
vn 0.4584 -0.8873 -0.0507
vn 0.4491 -0.8784 -0.1635
vn -0.0044 1.0000 0.0006
vn -0.0025 0.9998 0.0185
vn 0.4654 -0.8568 -0.2221
vn 0.1519 -0.9882 -0.0179
vn 0.1489 -0.9884 0.0283
vn -0.0443 -0.9989 -0.0141
vn 0.1486 -0.9885 0.0293
vn -0.0425 -0.9991 0.0060
vn -0.0443 -0.9989 -0.0137
vn -0.0016 0.9994 0.0351
vn 0.4395 -0.8961 0.0618
vn 0.4370 -0.8987 -0.0366
vn -0.0023 1.0000 0.0088
vn -0.0030 0.9997 0.0259
vn 0.4663 -0.8807 -0.0833
vn -0.0417 -0.9991 -0.0089
vn -0.0314 0.1226 -0.9920
vn 0.1378 -0.9897 -0.0389
vn 0.4903 -0.8503 -0.1912
vn -0.0262 0.9753 -0.2193
vn 0.0038 0.9998 0.0198
vn 0.1466 -0.9891 0.0114
vn -0.0050 -0.9708 0.2397
vn -0.0418 -0.9990 -0.0123
vn 0.0089 0.9998 0.0160
vn 0.0013 -0.4435 0.8963
vn 0.3895 -0.9198 0.0468
vn -0.1401 0.8057 -0.5755
vn -0.0222 0.9994 0.0279
vn -0.0010 0.9998 0.0222
vn 0.0133 0.8387 -0.5444
vn -0.1732 0.7937 -0.5832
vn -0.0034 0.9997 0.0231
vn 0.0268 -0.9994 0.0224
vn -0.0875 -0.9404 -0.3287
vn 0.0205 -0.9318 -0.3625
vn 0.0464 -0.9988 0.0163
vn 0.0226 -0.9995 0.0228
vn -0.0015 -0.9362 -0.3515
vn -0.1457 0.8034 -0.5774
vn -0.3589 0.7495 -0.5562
vn -0.0139 0.9996 0.0260
vn -0.3023 0.7766 -0.5526
vn -0.0335 0.9989 0.0314
vn -0.0089 0.9997 0.0235
vn 0.0158 -0.9996 0.0248
vn -0.1639 -0.9466 -0.2775
vn -0.0773 -0.9374 -0.3394
vn 0.0346 -0.9992 0.0197
vn 0.0138 -0.9996 0.0251
vn -0.0884 -0.9392 -0.3318
vn -0.0238 0.9995 0.0229
vn 0.1437 0.9894 -0.0207
vn 0.0042 0.8520 -0.5236
vn -0.0033 -0.9287 -0.3709
vn 0.3711 0.9232 -0.0997
vn 0.0346 -0.9993 0.0144
vn -0.3595 0.6568 -0.6629
vn -0.3500 -0.9303 0.1094
vn -0.0270 0.9994 0.0203
vn 0.0330 -0.9993 0.0154
vn -0.1368 -0.9890 0.0566
vn -0.1487 -0.9488 -0.2787
vn 0.1170 -0.8236 0.5549
vn 0.0122 -0.9996 -0.0252
vn 0.0308 -0.9990 -0.0310
vn 0.3181 -0.7689 0.5546
vn 0.1736 -0.7834 0.5968
vn 0.0374 -0.9988 -0.0318
vn -0.0357 0.9992 -0.0191
vn 0.0849 0.9386 0.3343
vn 0.1609 0.9456 0.2828
vn -0.0152 0.9996 -0.0249
vn -0.0336 0.9992 -0.0202
vn 0.1687 0.9483 0.2689
vn 0.1471 -0.8031 0.5774
vn -0.0015 -0.8318 0.5550
vn 0.0242 -0.9993 -0.0279
vn -0.0346 -0.8516 0.5231
vn 0.0031 -0.9997 -0.0230
vn 0.0208 -0.9994 -0.0278
vn -0.0486 0.9987 -0.0152
vn -0.0084 0.9341 0.3568
vn 0.0796 0.9374 0.3391
vn -0.0249 0.9994 -0.0226
vn -0.0445 0.9989 -0.0171
vn 0.0944 0.9431 0.3187
vn 0.0270 -0.9994 -0.0203
vn 0.3499 0.9304 -0.1094
vn 0.3593 -0.6571 0.6626
vn 0.1487 0.9488 0.2787
vn 0.1368 0.9890 -0.0566
vn -0.0330 0.9993 -0.0154
vn -0.0041 -0.8520 0.5235
vn -0.1437 -0.9894 0.0207
vn 0.0238 -0.9995 -0.0229
vn -0.0346 0.9993 -0.0144
vn -0.3711 -0.9232 0.0997
vn 0.0033 0.9287 0.3709
vn -0.2637 -0.9319 0.2490
vn 0.0061 1.0000 0.0071
vn -0.0069 0.9999 -0.0093
vn -0.3317 -0.9292 0.1629
vn -0.2653 -0.9322 0.2463
vn -0.0088 0.9999 -0.0111
vn 0.0351 -0.9989 -0.0297
vn -0.1004 -0.9907 0.0917
vn -0.1244 -0.9906 0.0569
vn 0.0206 -0.9988 -0.0435
vn 0.0353 -0.9989 -0.0294
vn -0.1240 -0.9906 0.0576
vn -0.2730 -0.9343 0.2291
vn -0.1935 -0.9307 0.3103
vn -0.0034 1.0000 -0.0025
vn -0.1905 -0.9303 0.3133
vn 0.0124 0.9998 0.0125
vn -0.0046 1.0000 -0.0033
vn 0.0415 -0.9989 -0.0204
vn -0.0752 -0.9906 0.1144
vn -0.1061 -0.9906 0.0859
vn 0.0292 -0.9989 -0.0362
vn 0.0415 -0.9989 -0.0206
vn -0.1063 -0.9906 0.0857
vn 0.0010 0.9999 0.0112
vn -0.2231 0.9345 -0.2774
vn -0.3485 -0.9214 0.1722
vn -0.1102 -0.9916 0.0676
vn -0.4007 -0.7924 -0.4600
vn 0.0317 -0.9990 -0.0299
vn -0.2136 -0.9330 0.2896
vn 0.4421 0.7697 0.4605
vn -0.0049 1.0000 0.0069
vn 0.0289 -0.9990 -0.0333
vn 0.2569 -0.9276 0.2713
vn -0.0847 -0.9914 0.0997
vn 0.2945 0.9305 -0.2178
vn 0.0009 -1.0000 0.0006
vn -0.0125 -0.9998 -0.0127
vn 0.2110 0.9323 -0.2938
vn 0.2751 0.9340 -0.2279
vn -0.0162 -0.9997 -0.0176
vn -0.0292 0.9989 0.0362
vn 0.1061 0.9906 -0.0859
vn 0.0750 0.9906 -0.1145
vn -0.0415 0.9989 0.0206
vn -0.0291 0.9989 0.0363
vn 0.0751 0.9906 -0.1145
vn 0.2736 0.9332 -0.2329
vn 0.3393 0.9277 -0.1555
vn -0.0079 -0.9999 -0.0104
vn 0.3577 0.9235 -0.1387
vn 0.0051 -1.0000 0.0075
vn -0.0071 -0.9999 -0.0089
vn -0.0204 0.9988 0.0436
vn 0.1242 0.9906 -0.0573
vn 0.1007 0.9907 -0.0914
vn -0.0352 0.9989 0.0295
vn -0.0208 0.9988 0.0434
vn 0.1001 0.9907 -0.0920
vn 0.0049 -1.0000 -0.0069
vn -0.4420 -0.7698 -0.4604
vn 0.2136 0.9330 -0.2896
vn 0.0847 0.9914 -0.0997
vn -0.2569 0.9276 -0.2713
vn -0.0289 0.9990 0.0333
vn 0.3485 0.9214 -0.1722
vn 0.2231 -0.9345 0.2774
vn -0.0010 -0.9999 -0.0112
vn -0.0317 0.9990 0.0299
vn 0.4008 0.7923 0.4601
vn 0.1102 0.9916 -0.0676
vn -0.5112 -0.6686 0.5401
vn 0.0364 0.9991 0.0218
vn 0.0144 0.9999 0.0048
vn -0.7307 -0.4865 0.4789
vn -0.3943 -0.7501 0.5309
vn 0.0202 0.9998 0.0086
vn -0.0005 -0.9985 -0.0551
vn -0.1180 -0.9830 0.1406
vn -0.1719 -0.9794 0.1063
vn -0.0219 -0.9975 -0.0669
vn 0.0019 -0.9986 -0.0527
vn -0.1599 -0.9808 0.1117
vn -0.3916 -0.8011 0.4527
vn -0.1441 -0.8992 0.4131
vn 0.0303 0.9993 0.0213
vn -0.2251 -0.8704 0.4378
vn 0.0489 0.9983 0.0330
vn 0.0186 0.9997 0.0158
vn 0.0116 -0.9989 -0.0449
vn -0.0648 -0.9861 0.1529
vn -0.1242 -0.9823 0.1401
vn -0.0059 -0.9983 -0.0584
vn 0.0130 -0.9990 -0.0435
vn -0.1195 -0.9827 0.1416
vn 0.0316 0.9992 0.0253
vn -0.0814 0.9936 -0.0780
vn -0.8352 -0.2422 0.4938
vn -0.1847 -0.9754 0.1200
vn -0.2010 0.9722 -0.1201
vn -0.0208 -0.9975 -0.0673
vn -0.1174 -0.9718 0.2045
vn 0.1472 -0.9864 0.0727
vn 0.0495 0.9960 0.0750
vn -0.0046 -0.9986 -0.0529
vn 0.1097 -0.9924 0.0555
vn -0.0800 -0.9860 0.1465
vn 0.4907 0.7175 -0.4944
vn -0.0271 -0.9994 -0.0196
vn -0.0436 -0.9986 -0.0288
vn 0.2067 0.8783 -0.4312
vn 0.3184 0.8489 -0.4220
vn -0.0567 -0.9976 -0.0402
vn 0.0062 0.9983 0.0585
vn 0.1231 0.9824 -0.1404
vn 0.0678 0.9859 -0.1530
vn -0.0128 0.9990 0.0438
vn 0.0048 0.9983 0.0579
vn 0.0648 0.9861 -0.1529
vn 0.4772 0.6956 -0.5371
vn 0.6528 0.5876 -0.4782
vn -0.0391 -0.9989 -0.0254
vn 0.8462 0.2639 -0.4630
vn -0.0191 -0.9998 -0.0078
vn -0.0337 -0.9993 -0.0188
vn 0.0217 0.9975 0.0668
vn 0.1710 0.9795 -0.1067
vn 0.1246 0.9823 -0.1401
vn -0.0018 0.9986 0.0529
vn 0.0198 0.9976 0.0659
vn 0.1163 0.9832 -0.1407
vn -0.0495 -0.9960 -0.0750
vn -0.1472 0.9864 -0.0727
vn 0.1174 0.9718 -0.2045
vn 0.0800 0.9860 -0.1465
vn -0.1097 0.9924 -0.0555
vn 0.0046 0.9986 0.0529
vn 0.8352 0.2421 -0.4938
vn 0.0814 -0.9936 0.0780
vn -0.0316 -0.9992 -0.0253
vn 0.0208 0.9975 0.0673
vn 0.2010 -0.9722 0.1201
vn 0.1847 0.9754 -0.1200
vn -0.0009 0.9836 0.1801
vn 0.0369 0.9971 -0.0663
vn 0.0069 0.9978 -0.0661
vn -0.0486 0.9869 0.1536
vn 0.0018 0.9835 0.1808
vn 0.0084 0.9978 -0.0663
vn -0.0276 -0.9994 0.0214
vn 0.0132 0.8525 0.5225
vn -0.1410 0.9221 0.3602
vn -0.0560 -0.9982 0.0209
vn -0.0161 -0.9996 0.0246
vn -0.1083 0.9179 0.3816
vn -0.0076 0.9839 0.1786
vn 0.0536 0.9784 0.1995
vn 0.0272 0.9974 -0.0664
vn 0.0442 0.9794 0.1971
vn 0.0555 0.9964 -0.0644
vn 0.0242 0.9975 -0.0660
vn -0.0080 -0.9998 0.0155
vn 0.2240 0.4641 0.8570
vn -0.0647 0.8073 0.5866
vn -0.0376 -0.9992 0.0162
vn -0.0025 -0.9999 0.0162
vn -0.0060 0.7883 0.6152
vn 0.0338 0.9975 -0.0626
vn -0.2074 0.9777 -0.0337
vn -0.0246 0.9876 0.1552
vn -0.0546 0.9505 0.3060
vn -0.5290 0.8452 -0.0761
vn -0.0630 -0.9971 0.0428
vn 0.0496 0.9766 0.2095
vn 0.9739 -0.2083 0.0897
vn 0.0464 0.9969 -0.0636
vn -0.0340 -0.9992 0.0202
vn 0.2137 -0.9769 0.0029
vn 0.2464 -0.0788 0.9660
vn 0.0082 -0.9840 -0.1782
vn -0.0247 -0.9975 0.0660
vn -0.0533 -0.9965 0.0647
vn -0.0521 -0.9786 -0.1992
vn 0.0033 -0.9834 -0.1813
vn -0.0551 -0.9964 0.0644
vn 0.0464 0.9988 -0.0186
vn -0.0014 -0.7846 -0.6200
vn -0.1871 -0.5363 -0.8230
vn 0.0114 0.9998 -0.0152
vn 0.0346 0.9993 -0.0156
vn -0.3663 -0.0230 -0.9302
vn -0.0007 -0.9836 -0.1805
vn 0.0473 -0.9869 -0.1545
vn -0.0373 -0.9971 0.0662
vn 0.0491 -0.9870 -0.1533
vn -0.0074 -0.9978 0.0662
vn -0.0360 -0.9971 0.0665
vn 0.0726 0.9971 -0.0232
vn 0.0963 -0.9148 -0.3923
vn 0.0113 -0.8766 -0.4810
vn 0.0280 0.9994 -0.0213
vn 0.0502 0.9985 -0.0207
vn -0.0746 -0.7688 -0.6351
vn -0.0464 -0.9969 0.0636
vn -0.9740 0.2082 -0.0898
vn -0.0496 -0.9765 -0.2095
vn -0.2464 0.0790 -0.9659
vn -0.2137 0.9769 -0.0029
vn 0.0340 0.9992 -0.0202
vn 0.0246 -0.9876 -0.1552
vn 0.2074 -0.9777 0.0337
vn -0.0338 -0.9975 0.0626
vn 0.0630 0.9971 -0.0428
vn 0.5289 -0.8452 0.0761
vn 0.0546 -0.9505 -0.3060
vn -0.0466 -0.9863 -0.1581
vn 0.0192 0.9960 -0.0873
vn 0.0511 0.9946 -0.0904
vn 0.0221 -0.9910 -0.1322
vn -0.0235 -0.9892 -0.1448
vn 0.0758 0.9923 -0.0977
vn -0.0196 -0.9952 0.0961
vn -0.0142 -0.9917 -0.1279
vn 0.0297 -0.9924 -0.1190
vn 0.0124 -0.9956 0.0926
vn -0.0199 -0.9952 0.0960
vn 0.0293 -0.9924 -0.1191
vn -0.0161 -0.9878 -0.1548
vn -0.0707 -0.9833 -0.1677
vn 0.0382 0.9954 -0.0874
vn -0.1197 -0.9750 -0.1874
vn -0.0046 0.9971 -0.0765
vn 0.0257 0.9963 -0.0816
vn -0.0398 -0.9946 0.0961
vn -0.0480 -0.9904 -0.1294
vn -0.0013 -0.9921 -0.1258
vn -0.0081 -0.9954 0.0957
vn -0.0417 -0.9945 0.0958
vn -0.0032 -0.9920 -0.1264
vn 0.0587 0.9914 -0.1172
vn 0.5637 -0.8257 0.0209
vn 0.0082 -0.9912 -0.1318
vn 0.0054 -0.9933 -0.1157
vn 0.2630 -0.9648 0.0041
vn -0.0113 -0.9956 0.0935
vn -0.0834 -0.9746 -0.2078
vn -0.4092 0.9124 -0.0050
vn 0.0090 0.9966 -0.0818
vn -0.0264 -0.9948 0.0980
vn -0.6763 -0.7363 -0.0221
vn -0.0359 -0.9916 -0.1246
vn 0.0056 0.9879 0.1553
vn -0.0258 -0.9963 0.0816
vn 0.0169 -0.9969 0.0767
vn 0.0724 0.9831 0.1682
vn -0.0080 0.9876 0.1569
vn 0.0150 -0.9970 0.0766
vn 0.0081 0.9954 -0.0957
vn 0.0016 0.9920 0.1259
vn 0.0463 0.9905 0.1294
vn 0.0415 0.9945 -0.0959
vn 0.0092 0.9953 -0.0960
vn 0.0474 0.9905 0.1294
vn 0.0247 0.9891 0.1455
vn -0.0441 0.9906 0.1297
vn -0.0126 -0.9960 0.0885
vn -0.0405 0.9907 0.1299
vn -0.0526 -0.9945 0.0907
vn -0.0044 -0.9959 0.0907
vn -0.0126 0.9956 -0.0925
vn -0.0294 0.9924 0.1191
vn 0.0140 0.9917 0.1279
vn 0.0197 0.9952 -0.0961
vn -0.0123 0.9956 -0.0926
vn 0.0145 0.9917 0.1279
vn -0.0090 -0.9966 0.0818
vn 0.4091 -0.9125 0.0050
vn 0.0833 0.9746 0.2078
vn 0.0359 0.9916 0.1246
vn 0.6763 0.7363 0.0220
vn 0.0264 0.9948 -0.0980
vn -0.0082 0.9912 0.1318
vn -0.5633 0.8260 -0.0209
vn -0.0587 -0.9914 0.1172
vn 0.0113 0.9956 -0.0935
vn -0.2630 0.9648 -0.0041
vn -0.0054 0.9933 0.1157
vn -0.2833 -0.9332 -0.2211
vn -0.0078 0.9999 0.0090
vn 0.0066 1.0000 -0.0072
vn -0.2118 -0.9294 -0.3021
vn -0.2850 -0.9330 -0.2195
vn 0.0075 0.9999 -0.0085
vn 0.0367 -0.9989 0.0282
vn -0.1061 -0.9908 -0.0842
vn -0.0756 -0.9907 -0.1135
vn 0.0478 -0.9988 0.0114
vn 0.0363 -0.9989 0.0285
vn -0.0764 -0.9907 -0.1128
vn -0.2658 -0.9358 -0.2318
vn -0.3319 -0.9334 -0.1365
vn -0.0002 1.0000 -0.0019
vn -0.3312 -0.9335 -0.1375
vn -0.0123 0.9998 0.0162
vn 0.0009 1.0000 -0.0041
vn 0.0287 -0.9989 0.0362
vn -0.1245 -0.9906 -0.0557
vn -0.1015 -0.9907 -0.0910
vn 0.0421 -0.9989 0.0213
vn -0.0128 0.9999 0.0050
vn 0.2075 0.9501 -0.2330
vn -0.2247 -0.9198 -0.3217
vn -0.0835 -0.9917 -0.0976
vn 0.4541 -0.6893 -0.5644
vn 0.0364 -0.9990 0.0246
vn -0.3056 -0.9386 -0.1599
vn -0.4742 0.6049 0.6397
vn -0.0110 0.9999 -0.0014
vn 0.0391 -0.9990 0.0215
vn -0.1969 -0.9435 0.2665
vn -0.1119 -0.9914 -0.0677
vn 0.2590 0.9311 0.2570
vn 0.0016 -1.0000 -0.0008
vn 0.0120 -0.9998 -0.0158
vn 0.3178 0.9345 0.1601
vn 0.2662 0.9360 0.2302
vn 0.0170 -0.9996 -0.0210
vn -0.0421 0.9989 -0.0213
vn 0.1016 0.9907 0.0909
vn 0.1246 0.9907 0.0556
vn -0.0288 0.9989 -0.0361
vn 0.1246 0.9907 0.0554
vn 0.2710 0.9339 0.2333
vn 0.2084 0.9285 0.3075
vn 0.0109 -0.9999 -0.0114
vn 0.1925 0.9224 0.3349
vn -0.0047 -1.0000 0.0046
vn 0.0088 -0.9999 -0.0098
vn -0.0479 0.9988 -0.0112
vn 0.0760 0.9907 0.1132
vn 0.1058 0.9908 0.0847
vn -0.0365 0.9989 -0.0283
vn -0.0477 0.9988 -0.0116
vn 0.1063 0.9908 0.0838
vn 0.0110 -0.9999 0.0014
vn 0.4733 -0.6064 -0.6389
vn 0.3056 0.9386 0.1599
vn 0.1119 0.9914 0.0677
vn 0.1969 0.9435 -0.2665
vn -0.0391 0.9990 -0.0215
vn 0.2247 0.9198 0.3217
vn -0.2074 -0.9501 0.2329
vn 0.0128 -0.9999 -0.0050
vn -0.0364 0.9990 -0.0246
vn -0.4544 0.6890 0.5646
vn 0.0835 0.9917 0.0976
vn 0.1406 0.9901 0.0019
vn -0.0850 0.9959 -0.0294
vn -0.0854 0.9963 0.0017
vn 0.1254 0.9910 0.0463
vn 0.1406 0.9901 0.0020
vn -0.0854 0.9963 0.0018
vn 0.0616 -0.9979 0.0181
vn 0.2037 0.9790 -0.0042
vn 0.1714 0.9821 0.0775
vn 0.0589 -0.9968 0.0531
vn 0.0644 -0.9979 0.0107
vn 0.1724 0.9824 0.0720
vn 0.1374 0.9904 0.0135
vn 0.1466 0.9886 -0.0337
vn -0.0858 0.9961 -0.0179
vn 0.1465 0.9887 -0.0331
vn -0.0824 0.9954 -0.0493
vn -0.0859 0.9961 -0.0181
vn 0.0555 -0.9984 -0.0062
vn 0.2478 0.9667 -0.0648
vn 0.2158 0.9758 0.0342
vn 0.0551 -0.9980 0.0307
vn 0.0557 -0.9984 -0.0075
vn 0.2157 0.9763 0.0185
vn -0.0829 0.9963 -0.0222
vn -0.0360 0.9650 0.2598
vn 0.1249 0.9919 0.0224
vn 0.1726 0.9843 0.0358
vn -0.1001 0.7079 0.6992
vn 0.0807 -0.9951 0.0576
vn 0.1417 0.9896 -0.0232
vn 0.0878 0.7341 -0.6733
vn -0.0848 0.9958 -0.0341
vn 0.0596 -0.9980 0.0187
vn 0.0372 -0.9350 -0.3527
vn 0.3054 0.9493 -0.0744
vn -0.1379 -0.9904 -0.0125
vn 0.0858 -0.9962 0.0174
vn 0.0825 -0.9954 0.0490
vn -0.1467 -0.9886 0.0347
vn -0.1376 -0.9904 -0.0130
vn 0.0827 -0.9954 0.0481
vn -0.0583 0.9974 -0.0416
vn -0.2168 -0.9762 -0.0058
vn -0.2472 -0.9669 0.0637
vn -0.0543 0.9985 -0.0027
vn -0.0552 0.9980 -0.0309
vn -0.2855 -0.9505 0.1226
vn -0.1406 -0.9901 -0.0019
vn -0.1253 -0.9910 -0.0463
vn 0.0850 -0.9960 0.0293
vn -0.1254 -0.9910 -0.0462
vn 0.0854 -0.9963 -0.0018
vn 0.0850 -0.9959 0.0294
vn -0.0618 0.9954 -0.0728
vn -0.1777 -0.9827 -0.0516
vn -0.2020 -0.9794 0.0021
vn -0.0601 0.9979 -0.0232
vn -0.0589 0.9969 -0.0514
vn -0.2254 -0.9738 0.0291
vn 0.0848 -0.9958 0.0341
vn -0.0879 -0.7342 0.6732
vn -0.1417 -0.9896 0.0232
vn -0.3055 -0.9493 0.0744
vn -0.0372 0.9350 0.3527
vn -0.0596 0.9980 -0.0187
vn -0.1249 -0.9919 -0.0224
vn 0.0361 -0.9650 -0.2598
vn 0.0829 -0.9963 0.0222
vn -0.0807 0.9951 -0.0576
vn 0.1001 -0.7080 -0.6991
vn -0.1726 -0.9843 -0.0358
vn 0.7387 -0.5388 0.4050
vn 0.0240 0.9994 -0.0257
vn 0.0075 1.0000 0.0034
vn 0.7178 0.0359 0.6953
vn 0.7487 -0.5743 0.3312
vn 0.0092 1.0000 -0.0007
vn -0.0655 -0.9978 -0.0097
vn 0.1706 -0.9814 0.0886
vn 0.1561 -0.9753 0.1565
vn -0.0776 -0.9969 0.0150
vn -0.0632 -0.9979 -0.0126
vn 0.1594 -0.9764 0.1458
vn 0.6318 -0.6786 0.3746
vn 0.5320 -0.8427 0.0823
vn 0.0223 0.9997 -0.0141
vn 0.5371 -0.8333 0.1311
vn 0.0354 0.9986 -0.0381
vn 0.0197 0.9998 -0.0038
vn -0.0567 -0.9981 -0.0253
vn 0.1690 -0.9849 0.0373
vn 0.1669 -0.9811 0.0982
vn -0.0705 -0.9975 -0.0010
vn -0.0558 -0.9981 -0.0266
vn 0.1680 -0.9812 0.0948
vn 0.0271 0.9994 -0.0211
vn -0.1094 0.9761 0.1880
vn 0.6449 0.4646 0.6068
vn 0.1690 -0.9732 0.1556
vn -0.4364 0.0295 0.8993
vn -0.0705 -0.9975 0.0070
vn 0.3977 -0.9076 0.1343
vn 0.2572 -0.7409 -0.6205
vn 0.0528 0.9981 -0.0302
vn -0.0659 -0.9978 -0.0011
vn 0.0772 -0.9765 -0.2011
vn 0.1578 -0.9858 0.0581
vn -0.7067 0.4945 -0.5060
vn -0.0224 -0.9996 0.0144
vn -0.0327 -0.9989 0.0340
vn -0.5422 0.8266 -0.1508
vn -0.6004 0.7320 -0.3219
vn -0.0441 -0.9978 0.0498
vn 0.0708 0.9975 0.0002
vn -0.1675 0.9811 -0.0964
vn -0.1692 0.9848 -0.0390
vn 0.0562 0.9981 0.0259
vn 0.0703 0.9975 0.0018
vn -0.1689 0.9850 -0.0356
vn -0.7382 0.5301 -0.4172
vn -0.7348 0.0412 -0.6770
vn -0.0296 -0.9991 0.0314
vn -0.5817 -0.4061 -0.7048
vn -0.0106 -0.9999 0.0038
vn -0.0226 -0.9995 0.0240
vn 0.0778 0.9968 -0.0156
vn -0.1571 0.9756 -0.1536
vn -0.1708 0.9808 -0.0943
vn 0.0640 0.9979 0.0117
vn 0.0767 0.9970 -0.0128
vn -0.1704 0.9816 -0.0864
vn -0.0528 -0.9981 0.0302
vn -0.2572 0.7408 0.6205
vn -0.3977 0.9076 -0.1343
vn -0.1579 0.9857 -0.0581
vn -0.0771 0.9765 0.2011
vn 0.0659 0.9978 0.0011
vn -0.6450 -0.4644 -0.6068
vn 0.1094 -0.9761 -0.1880
vn -0.0271 -0.9994 0.0211
vn 0.0705 0.9975 -0.0070
vn 0.4364 -0.0296 -0.8993
vn -0.1691 0.9732 -0.1556
vn 0.2095 -0.9754 -0.0680
vn 0.0056 0.9993 -0.0365
vn 0.0168 0.9998 -0.0078
vn 0.2400 -0.9707 -0.0060
vn 0.1946 -0.9766 -0.0919
vn 0.0142 0.9998 -0.0130
vn -0.0466 -0.9981 0.0392
vn 0.1018 -0.9940 -0.0400
vn 0.1130 -0.9936 -0.0044
vn -0.0330 -0.9977 0.0585
vn -0.0467 -0.9982 0.0389
vn 0.1125 -0.9936 -0.0056
vn 0.1914 -0.9801 -0.0522
vn 0.1341 -0.9839 -0.1185
vn 0.0152 0.9994 -0.0296
vn 0.1481 -0.9836 -0.1033
vn 0.0023 0.9987 -0.0512
vn 0.0221 0.9995 -0.0204
vn -0.0519 -0.9983 0.0257
vn 0.0861 -0.9942 -0.0646
vn 0.1068 -0.9937 -0.0335
vn -0.0432 -0.9980 0.0466
vn -0.0519 -0.9983 0.0255
vn 0.1067 -0.9937 -0.0336
vn 0.0097 0.9993 -0.0357
vn 0.0665 0.9839 0.1659
vn 0.2874 -0.9578 0.0044
vn 0.1055 -0.9943 -0.0147
vn 0.3203 0.7409 0.5903
vn -0.0401 -0.9981 0.0457
vn 0.1231 -0.9907 -0.0585
vn -0.1507 -0.9545 -0.2572
vn 0.0246 0.9969 -0.0743
vn -0.0438 -0.9982 0.0415
vn -0.0952 -0.9812 -0.1679
vn 0.0938 -0.9944 -0.0487
vn -0.2146 0.9760 0.0373
vn -0.0134 -0.9994 0.0323
vn -0.0049 -0.9990 0.0449
vn -0.1587 0.9829 0.0933
vn -0.1767 0.9823 0.0627
vn 0.0020 -0.9979 0.0647
vn 0.0432 0.9980 -0.0465
vn -0.1068 0.9937 0.0334
vn -0.0862 0.9942 0.0644
vn 0.0519 0.9983 -0.0255
vn 0.0433 0.9980 -0.0465
vn -0.0863 0.9942 0.0643
vn -0.2143 0.9748 0.0612
vn -0.2284 0.9734 0.0194
vn -0.0047 -0.9990 0.0436
vn -0.2731 0.9615 -0.0291
vn -0.0125 -0.9998 0.0171
vn -0.0064 -0.9995 0.0322
vn 0.0334 0.9978 -0.0579
vn -0.1132 0.9936 0.0039
vn -0.1025 0.9940 0.0393
vn 0.0468 0.9982 -0.0385
vn 0.0333 0.9978 -0.0582
vn -0.1023 0.9940 0.0395
vn -0.0246 -0.9969 0.0743
vn 0.1507 0.9545 0.2572
vn -0.1231 0.9907 0.0585
vn -0.0938 0.9944 0.0487
vn 0.0952 0.9812 0.1679
vn 0.0438 0.9982 -0.0415
vn -0.2874 0.9578 -0.0044
vn -0.0665 -0.9839 -0.1660
vn -0.0097 -0.9993 0.0357
vn 0.0401 0.9981 -0.0457
vn -0.3202 -0.7410 -0.5902
vn -0.1055 0.9943 0.0147
vn -0.7007 -0.1235 -0.7026
vn 0.0070 0.9999 -0.0126
vn 0.0252 0.9993 -0.0268
vn -0.3480 -0.5773 -0.7387
vn -0.5807 -0.3920 -0.7135
vn 0.0352 0.9987 -0.0372
vn 0.0172 -0.9979 0.0620
vn -0.1307 -0.9793 -0.1546
vn -0.0734 -0.9823 -0.1723
vn 0.0395 -0.9983 0.0436
vn 0.0183 -0.9979 0.0615
vn -0.0701 -0.9824 -0.1729
vn -0.6202 -0.1841 -0.7626
vn -0.7783 0.2668 -0.5684
vn 0.0215 0.9995 -0.0234
vn -0.7533 0.4920 -0.4364
vn -0.0012 1.0000 -0.0017
vn 0.0177 0.9997 -0.0181
vn 0.0039 -0.9975 0.0712
vn -0.1805 -0.9751 -0.1285
vn -0.1272 -0.9791 -0.1590
vn 0.0279 -0.9982 0.0530
vn 0.0066 -0.9976 0.0695
vn -0.1198 -0.9797 -0.1606
vn 0.0120 0.9993 -0.0359
vn 0.8261 0.0425 -0.5619
vn -0.3128 -0.7435 -0.5911
vn -0.0896 -0.9836 -0.1565
vn 0.2069 -0.9693 -0.1333
vn 0.0172 -0.9982 0.0567
vn -0.6762 0.5214 -0.5205
vn -0.1911 0.9671 0.1678
vn 0.0113 0.9997 -0.0215
vn 0.0146 -0.9982 0.0582
vn -0.6146 -0.6220 0.4851
vn -0.1751 -0.9747 -0.1389
vn 0.5979 0.1932 0.7779
vn -0.0176 -0.9997 0.0181
vn 0.0062 -1.0000 -0.0016
vn 0.7785 -0.2736 0.5648
vn 0.5589 0.1973 0.8054
vn 0.0051 -1.0000 -0.0010
vn -0.0269 0.9982 -0.0542
vn 0.1230 0.9794 0.1600
vn 0.1837 0.9749 0.1262
vn -0.0051 0.9975 -0.0704
vn -0.0289 0.9982 -0.0518
vn 0.1767 0.9755 0.1312
vn 0.6093 0.3432 0.7148
vn 0.2722 0.5918 0.7587
vn -0.0056 -0.9999 0.0119
vn 0.3102 0.5891 0.7462
vn -0.0271 -0.9992 0.0286
vn 0.0011 -1.0000 0.0089
vn -0.0395 0.9983 -0.0436
vn 0.0727 0.9823 0.1725
vn 0.1323 0.9792 0.1535
vn -0.0180 0.9979 -0.0616
vn -0.0400 0.9983 -0.0431
vn 0.1304 0.9793 0.1548
vn -0.0113 -0.9997 0.0215
vn 0.1911 -0.9671 -0.1678
vn 0.6762 -0.5213 0.5205
vn 0.1751 0.9747 0.1389
vn 0.6147 0.6220 -0.4850
vn -0.0146 0.9982 -0.0582
vn 0.3128 0.7434 0.5912
vn -0.8262 -0.0425 0.5618
vn -0.0120 -0.9993 0.0359
vn -0.0172 0.9982 -0.0567
vn -0.2069 0.9693 0.1333
vn 0.0896 0.9836 0.1565
vn 0.7224 -0.5296 -0.4446
vn -0.0234 0.9996 -0.0157
vn -0.0107 0.9999 0.0036
vn 0.8634 -0.4341 -0.2571
vn 0.6772 -0.5597 -0.4777
vn -0.0124 0.9999 0.0014
vn -0.0227 -0.9991 0.0347
vn 0.1640 -0.9806 -0.1073
vn 0.1941 -0.9795 -0.0531
vn -0.0093 -0.9987 0.0507
vn -0.0237 -0.9992 0.0327
vn 0.1897 -0.9800 -0.0594
vn 0.7032 -0.5657 -0.4308
vn 0.4707 -0.6563 -0.5897
vn -0.0173 0.9998 -0.0076
vn 0.5302 -0.6271 -0.5707
vn -0.0300 0.9993 -0.0239
vn -0.0125 0.9999 -0.0031
vn -0.0285 -0.9993 0.0248
vn 0.1276 -0.9813 -0.1443
vn 0.1719 -0.9798 -0.1022
vn -0.0176 -0.9990 0.0413
vn -0.0289 -0.9993 0.0239
vn 0.1696 -0.9799 -0.1047
vn -0.0190 0.9996 -0.0199
vn 0.0791 0.9867 0.1420
vn 0.9157 -0.3063 -0.2601
vn 0.1806 -0.9814 -0.0644
vn 0.3295 0.8326 0.4453
vn -0.0167 -0.9991 0.0384
vn 0.4236 -0.8000 -0.4250
vn -0.2813 -0.8914 -0.3555
vn -0.0139 0.9996 -0.0251
vn -0.0157 -0.9991 0.0384
vn -0.1143 -0.9847 -0.1314
vn 0.1371 -0.9819 -0.1305
vn -0.7746 0.4761 0.4163
vn 0.0171 -0.9998 0.0075
vn 0.0283 -0.9994 0.0210
vn -0.5411 0.6203 0.5679
vn -0.6534 0.6168 0.4390
vn 0.0329 -0.9990 0.0295
vn 0.0172 0.9990 -0.0416
vn -0.1705 0.9799 0.1037
vn -0.1291 0.9812 0.1436
vn 0.0287 0.9993 -0.0245
vn 0.0180 0.9990 -0.0409
vn -0.1256 0.9814 0.1453
vn -0.7254 0.5274 0.4424
vn -0.8395 0.4694 0.2736
vn 0.0244 -0.9995 0.0186
vn -0.9250 0.3184 0.2073
vn 0.0131 -0.9999 -0.0005
vn 0.0228 -0.9996 0.0142
vn 0.0088 0.9986 -0.0513
vn -0.1925 0.9797 0.0555
vn -0.1674 0.9803 0.1051
vn 0.0233 0.9992 -0.0336
vn 0.0102 0.9987 -0.0498
vn -0.1617 0.9808 0.1087
vn 0.0139 -0.9996 0.0251
vn 0.2812 0.8914 0.3555
vn -0.4236 0.7999 0.4250
vn -0.1371 0.9819 0.1305
vn 0.1143 0.9847 0.1314
vn 0.0157 0.9991 -0.0384
vn -0.9158 0.3061 0.2600
vn -0.0791 -0.9867 -0.1420
vn 0.0190 -0.9996 0.0199
vn 0.0167 0.9991 -0.0384
vn -0.3296 -0.8325 -0.4453
vn -0.1806 0.9814 0.0644
vn 0.3647 0.8826 -0.2966
vn -0.0276 0.9996 0.0036
vn -0.0157 0.9997 0.0186
vn 0.4240 0.8871 -0.1824
vn 0.3617 0.8825 -0.3005
vn -0.0172 -0.9997 0.0190
vn 0.3241 -0.9089 -0.2624
vn 0.3864 -0.9092 -0.1551
vn -0.0053 -0.9994 0.0339
vn -0.0181 -0.9997 0.0173
vn 0.3811 -0.9100 -0.1635
vn 0.3676 0.8857 -0.2836
vn 0.2669 0.8863 -0.3786
vn -0.0215 0.9997 0.0117
vn 0.2748 0.8872 -0.3706
vn -0.0333 0.9994 -0.0032
vn -0.0199 0.9997 0.0130
vn -0.0226 -0.9997 0.0117
vn 0.2478 -0.9096 -0.3335
vn 0.3376 -0.9064 -0.2537
vn -0.0108 -0.9996 0.0267
vn 0.3349 -0.9065 -0.2569
vn -0.0252 0.9997 -0.0000
vn 0.1365 0.9695 0.2037
vn 0.3931 0.9002 -0.1873
vn 0.3466 -0.9224 -0.1702
vn 0.5836 -0.2087 0.7848
vn -0.0134 -0.9998 0.0177
vn 0.2727 0.9032 -0.3315
vn -0.6317 0.2106 -0.7460
vn -0.0192 0.9998 0.0081
vn -0.0069 -0.9997 0.0252
vn -0.1676 -0.9692 -0.1803
vn 0.2478 -0.9194 -0.3054
vn -0.3696 -0.8892 0.2698
vn 0.0215 -0.9997 -0.0117
vn 0.0329 -0.9995 0.0025
vn -0.2772 -0.8877 0.3677
vn -0.3665 -0.8841 0.2898
vn 0.0345 -0.9994 0.0053
vn 0.0099 0.9996 -0.0274
vn -0.3328 0.9066 0.2595
vn -0.2475 0.9096 0.3337
vn 0.0221 0.9997 -0.0125
vn 0.0107 0.9996 -0.0268
vn -0.2363 0.9113 0.3372
vn -0.3671 -0.8828 0.2931
vn -0.4240 -0.8872 0.1818
vn 0.0282 -0.9996 -0.0025
vn -0.4245 -0.8898 0.1676
vn 0.0165 -0.9997 -0.0179
vn 0.0277 -0.9996 -0.0035
vn 0.0037 0.9994 -0.0353
vn -0.3798 0.9101 0.1655
vn -0.3290 0.9078 0.2601
vn 0.0172 0.9997 -0.0190
vn 0.0059 0.9994 -0.0333
vn -0.3136 0.9112 0.2671
vn 0.0192 -0.9998 -0.0081
vn 0.6318 -0.2099 0.7462
vn -0.2726 -0.9032 0.3314
vn -0.2479 0.9193 0.3056
vn 0.1675 0.9692 0.1803
vn 0.0069 0.9997 -0.0252
vn -0.3930 -0.9003 0.1873
vn -0.1366 -0.9695 -0.2037
vn 0.0252 -0.9997 -0.0000
vn 0.0134 0.9998 -0.0177
vn -0.5835 0.2090 -0.7847
vn -0.3466 0.9224 0.1703
vn 0.0392 0.9945 0.0970
vn -0.0315 0.9983 -0.0500
vn -0.0506 0.9980 -0.0377
vn 0.0053 0.9943 0.1066
vn 0.0391 0.9945 0.0971
vn -0.0505 0.9980 -0.0378
vn 0.0362 -0.9993 0.0092
vn 0.0592 0.9793 0.1937
vn 0.0162 0.9778 0.2089
vn 0.0106 -0.9998 0.0164
vn 0.0271 -0.9996 0.0105
vn -0.0219 0.9714 0.2363
vn 0.0323 0.9943 0.1012
vn 0.0630 0.9945 0.0835
vn -0.0395 0.9981 -0.0465
vn -0.0189 0.9983 -0.0545
vn -0.0394 0.9981 -0.0466
vn 0.0534 -0.9986 0.0025
vn 0.0942 0.9835 0.1547
vn 0.0601 0.9831 0.1731
vn 0.0235 -0.9996 0.0163
vn 0.0374 -0.9993 0.0078
vn 0.0377 0.9792 0.1992
vn -0.0361 0.9984 -0.0446
vn -0.8917 -0.1116 0.4386
vn 0.0180 0.9950 0.0979
vn 0.0050 0.9699 0.2436
vn -0.2182 -0.9719 0.0878
vn 0.0289 -0.9995 0.0151
vn 0.0468 0.9948 0.0899
vn 0.2176 0.9697 -0.1110
vn -0.0349 0.9983 -0.0469
vn 0.0501 -0.9984 0.0249
vn 0.4735 0.8478 -0.2388
vn 0.0716 0.9884 0.1338
vn -0.0324 -0.9943 -0.1012
vn 0.0395 -0.9981 0.0465
vn 0.0189 -0.9983 0.0545
vn -0.0630 -0.9945 -0.0834
vn -0.0323 -0.9943 -0.1012
vn 0.0190 -0.9983 0.0545
vn -0.0199 0.9996 -0.0186
vn -0.0526 -0.9820 -0.1814
vn -0.1181 -0.9836 -0.1365
vn -0.0415 0.9991 -0.0062
vn -0.0134 0.9996 -0.0234
vn -0.1080 -0.9837 -0.1437
vn -0.0395 -0.9945 -0.0968
vn -0.0056 -0.9943 -0.1065
vn 0.0318 -0.9982 0.0499
vn -0.0062 -0.9943 -0.1064
vn 0.0508 -0.9980 0.0376
vn 0.0317 -0.9982 0.0499
vn -0.0051 0.9998 -0.0187
vn -0.0088 -0.9768 -0.2138
vn -0.0852 -0.9796 -0.1817
vn -0.0295 0.9995 -0.0101
vn -0.0025 0.9998 -0.0200
vn -0.0693 -0.9796 -0.1887
vn 0.0349 -0.9983 0.0469
vn -0.2176 -0.9697 0.1110
vn -0.0468 -0.9948 -0.0899
vn -0.0716 -0.9884 -0.1338
vn -0.4737 -0.8477 0.2390
vn -0.0501 0.9984 -0.0249
vn -0.0180 -0.9950 -0.0979
vn 0.8917 0.1117 -0.4386
vn 0.0361 -0.9984 0.0446
vn -0.0289 0.9995 -0.0151
vn 0.2182 0.9719 -0.0878
vn -0.0050 -0.9699 -0.2436
vn 0.0130 -0.9601 -0.2792
vn -0.0010 1.0000 -0.0074
vn 0.0182 0.9998 -0.0033
vn 0.0993 -0.9612 -0.2572
vn 0.0275 -0.9618 -0.2723
vn 0.0247 0.9997 -0.0029
vn -0.0135 -0.9987 0.0489
vn 0.0115 -0.9927 -0.1202
vn 0.0487 -0.9926 -0.1110
vn 0.0069 -0.9987 0.0502
vn -0.0136 -0.9987 0.0488
vn 0.0486 -0.9926 -0.1110
vn 0.0346 -0.9616 -0.2722
vn -0.0456 -0.9588 -0.2805
vn 0.0133 0.9999 -0.0062
vn -0.0651 -0.9565 -0.2845
vn -0.0098 0.9999 -0.0070
vn 0.0117 0.9999 -0.0060
vn -0.0250 -0.9987 0.0454
vn -0.0186 -0.9926 -0.1198
vn 0.0194 -0.9927 -0.1188
vn -0.0048 -0.9987 0.0501
vn -0.0248 -0.9987 0.0454
vn 0.0198 -0.9927 -0.1187
vn 0.0043 0.9999 -0.0150
vn 0.6044 0.7897 0.1056
vn 0.0955 -0.9617 -0.2571
vn 0.0314 -0.9933 -0.1111
vn 0.4004 -0.9139 0.0660
vn -0.0105 -0.9988 0.0471
vn -0.0349 -0.9566 -0.2893
vn -0.4052 0.9133 -0.0423
vn 0.0078 0.9999 -0.0130
vn -0.0075 -0.9988 0.0474
vn -0.5505 -0.8316 -0.0741
vn -0.0023 -0.9934 -0.1145
vn -0.0523 0.9606 0.2731
vn -0.0089 -0.9999 0.0058
vn 0.0125 -0.9999 0.0075
vn 0.0349 0.9597 0.2787
vn -0.0474 0.9609 0.2728
vn 0.0161 -0.9998 0.0082
vn 0.0049 0.9987 -0.0501
vn -0.0196 0.9927 0.1188
vn 0.0188 0.9926 0.1198
vn 0.0249 0.9987 -0.0454
vn 0.0047 0.9987 -0.0501
vn 0.0183 0.9926 0.1198
vn -0.0317 0.9622 0.2705
vn -0.1180 0.9602 0.2533
vn 0.0048 -1.0000 0.0088
vn -0.1255 0.9595 0.2521
vn -0.0174 -0.9998 0.0034
vn 0.0056 -0.9999 0.0091
vn -0.0070 0.9987 -0.0502
vn -0.0486 0.9926 0.1110
vn -0.0115 0.9927 0.1202
vn 0.0135 0.9987 -0.0489
vn -0.0069 0.9987 -0.0502
vn -0.0113 0.9927 0.1202
vn -0.0078 -0.9999 0.0130
vn 0.4054 -0.9132 0.0424
vn 0.0349 0.9566 0.2893
vn 0.0023 0.9934 0.1145
vn 0.5503 0.8317 0.0741
vn 0.0076 0.9988 -0.0474
vn -0.0955 0.9616 0.2571
vn -0.6044 -0.7896 -0.1057
vn -0.0043 -0.9999 0.0150
vn 0.0105 0.9988 -0.0471
vn -0.4002 0.9140 -0.0660
vn -0.0314 0.9933 0.1111
vn 0.0171 -0.9998 -0.0078
vn 0.0180 -0.9998 -0.0058
vn -0.0813 -0.9954 0.0509
vn -0.0930 -0.9956 0.0101
vn 0.0172 -0.9998 -0.0076
vn -0.0817 -0.9954 0.0504
vn 0.0183 -0.9998 -0.0011
vn 0.0182 -0.9998 0.0020
vn -0.0922 -0.9955 0.0200
vn -0.0849 -0.9959 -0.0320
vn 0.0177 -0.9998 -0.0010
vn -0.0935 -0.9954 0.0196
vn 0.0157 -0.9999 0.0068
vn 0.0139 -0.9999 0.0101
vn -0.0891 -0.9958 -0.0207
vn -0.0578 -0.9957 -0.0728
vn 0.0156 -0.9999 0.0069
vn -0.0893 -0.9958 -0.0213
vn 0.0091 -0.9998 0.0151
vn 0.0064 -0.9998 0.0163
vn -0.0670 -0.9958 -0.0627
vn -0.0208 -0.9956 -0.0919
vn 0.0094 -0.9998 0.0158
vn -0.0661 -0.9959 -0.0625
vn 0.0029 -0.9998 0.0186
vn 0.0005 -0.9998 0.0189
vn -0.0299 -0.9956 -0.0884
vn 0.0161 -0.9952 -0.0963
vn 0.0028 -0.9998 0.0186
vn -0.0292 -0.9956 -0.0887
vn -0.0041 -0.9998 0.0183
vn -0.0065 -0.9998 0.0176
vn 0.0066 -0.9952 -0.0974
vn 0.0514 -0.9953 -0.0820
vn -0.0045 -0.9998 0.0188
vn 0.0069 -0.9953 -0.0965
vn -0.0112 -0.9998 0.0154
vn -0.0135 -0.9998 0.0134
vn 0.0423 -0.9952 -0.0878
vn 0.0825 -0.9954 -0.0492
vn -0.0107 -0.9998 0.0146
vn 0.0438 -0.9951 -0.0888
vn -0.0152 -0.9999 0.0082
vn -0.0168 -0.9998 0.0047
vn 0.0766 -0.9953 -0.0596
vn 0.0980 -0.9952 0.0001
vn -0.0155 -0.9998 0.0081
vn 0.0766 -0.9953 -0.0591
vn 0.0962 -0.9953 -0.0137
vn 0.0885 -0.9951 0.0430
vn -0.0169 -0.9998 -0.0058
vn 0.0867 -0.9953 0.0431
vn -0.0188 -0.9998 -0.0030
vn -0.0178 -0.9998 -0.0062
vn -0.0167 -0.9998 -0.0098
vn -0.0155 -0.9998 -0.0114
vn 0.0901 -0.9954 0.0337
vn 0.0684 -0.9953 0.0684
vn -0.0165 -0.9998 -0.0098
vn 0.0903 -0.9953 0.0346
vn -0.0132 -0.9998 -0.0131
vn -0.0110 -0.9998 -0.0155
vn 0.0742 -0.9953 0.0627
vn 0.0283 -0.9951 0.0947
vn -0.0129 -0.9998 -0.0132
vn 0.0741 -0.9952 0.0632
vn -0.0031 -0.9998 -0.0179
vn 0.0007 -0.9998 -0.0179
vn 0.0425 -0.9950 0.0902
vn -0.0243 -0.9952 0.0950
vn -0.0030 -0.9998 -0.0180
vn 0.0419 -0.9950 0.0905
vn 0.0063 -0.9998 -0.0174
vn 0.0090 -0.9998 -0.0162
vn -0.0118 -0.9953 0.0965
vn -0.0630 -0.9952 0.0747
vn 0.0064 -0.9998 -0.0174
vn -0.0127 -0.9952 0.0966
vn 0.0139 -0.9998 -0.0129
vn 0.0154 -0.9998 -0.0108
vn -0.0537 -0.9952 0.0815
vn -0.0858 -0.9953 0.0438
vn 0.0137 -0.9998 -0.0128
vn -0.0547 -0.9952 0.0814
vn 0.3785 0.9229 -0.0715
vn -0.0304 0.9995 -0.0084
vn -0.0264 0.9995 0.0182
vn 0.3626 0.9310 0.0421
vn 0.3793 0.9227 -0.0694
vn -0.0258 0.9995 0.0203
vn -0.0335 -0.9994 0.0032
vn 0.3325 -0.9415 -0.0548
vn 0.3446 -0.9373 0.0522
vn -0.0297 -0.9991 0.0294
vn -0.0333 -0.9994 0.0006
vn 0.3451 -0.9374 0.0474
vn 0.3872 0.9206 -0.0507
vn 0.3644 0.9149 -0.1739
vn -0.0276 0.9996 0.0061
vn 0.3665 0.9148 -0.1697
vn -0.0317 0.9993 -0.0201
vn -0.0266 0.9996 0.0086
vn -0.0358 -0.9993 -0.0110
vn 0.2922 -0.9479 -0.1272
vn 0.3319 -0.9426 -0.0381
vn -0.0319 -0.9993 0.0176
vn -0.0357 -0.9993 -0.0090
vn 0.3318 -0.9427 -0.0362
vn -0.0227 0.9997 -0.0067
vn 0.0211 0.9481 0.3172
vn 0.3517 0.9359 0.0179
vn 0.3492 -0.9368 0.0191
vn 0.0390 -0.8808 0.4718
vn -0.0247 -0.9997 0.0093
vn 0.3845 0.9125 -0.1397
vn -0.1018 0.8772 -0.4693
vn -0.0204 0.9998 -0.0028
vn -0.0255 -0.9996 0.0139
vn -0.0714 -0.9486 -0.3082
vn 0.2904 -0.9514 -0.1026
vn -0.3807 -0.9240 0.0344
vn 0.0279 -0.9996 -0.0051
vn 0.0317 -0.9993 0.0197
vn -0.3709 -0.9149 0.1593
vn -0.3874 -0.9205 0.0514
vn 0.0318 -0.9992 0.0254
vn 0.0312 0.9993 -0.0195
vn -0.3320 0.9423 0.0438
vn -0.2889 0.9483 0.1315
vn 0.0357 0.9993 0.0077
vn 0.0313 0.9993 -0.0192
vn -0.2844 0.9488 0.1371
vn -0.3820 -0.9221 0.0617
vn -0.3598 -0.9318 -0.0487
vn 0.0302 -0.9995 0.0108
vn -0.3552 -0.9330 -0.0580
vn 0.0268 -0.9995 -0.0167
vn 0.0302 -0.9995 0.0103
vn 0.0285 0.9990 -0.0338
vn -0.3457 0.9375 -0.0401
vn -0.3332 0.9413 0.0538
vn 0.0335 0.9994 -0.0038
vn 0.0298 0.9991 -0.0290
vn -0.3251 0.9434 0.0654
vn 0.0204 -0.9998 0.0028
vn 0.1018 -0.8772 0.4693
vn -0.3845 -0.9125 0.1397
vn -0.2904 0.9514 0.1026
vn 0.0714 0.9486 0.3082
vn 0.0255 0.9996 -0.0139
vn -0.3517 -0.9359 -0.0179
vn -0.0210 -0.9481 -0.3171
vn 0.0227 -0.9997 0.0067
vn 0.0247 0.9997 -0.0093
vn -0.0390 0.8808 -0.4718
vn -0.3492 0.9369 -0.0191
vt 0.574754 0.742035
vt 0.588231 0.737934
vt 0.588231 0.757270
vt 0.578856 0.756098
vt 0.560985 0.746137
vt 0.571825 0.762250
vt 0.570360 0.727973
vt 0.577391 0.722113
vt 0.560985 0.727094
vt 0.581786 0.765473
vt 0.567430 0.718891
vt 0.575926 0.838715
vt 0.589403 0.842816
vt 0.578856 0.858637
vt 0.571532 0.852484
vt 0.562450 0.834320
vt 0.562450 0.853656
vt 0.580028 0.824652
vt 0.589403 0.823480
vt 0.572997 0.818500
vt 0.568895 0.861859
vt 0.582958 0.815277
vt 0.366747 0.418689
vt 0.370848 0.432221
vt 0.351512 0.432221
vt 0.352684 0.422919
vt 0.362645 0.405139
vt 0.346532 0.415796
vt 0.380809 0.414441
vt 0.386669 0.421564
vt 0.381688 0.405139
vt 0.343309 0.425757
vt 0.389891 0.411594
vt 0.022710 0.730902
vt 0.009174 0.726801
vt 0.019835 0.710687
vt 0.026958 0.716840
vt 0.036260 0.735004
vt 0.036260 0.715668
vt 0.018471 0.744672
vt 0.009174 0.745844
vt 0.025603 0.750824
vt 0.029796 0.707465
vt 0.015633 0.754047
vt 0.022710 0.932758
vt 0.009174 0.936859
vt 0.009174 0.917816
vt 0.018471 0.918988
vt 0.036260 0.928656
vt 0.025603 0.912836
vt 0.026958 0.946820
vt 0.019835 0.952973
vt 0.036260 0.947992
vt 0.015633 0.909613
vt 0.029796 0.956195
vt 0.032488 0.974359
vt 0.028386 0.988129
vt 0.012451 0.977289
vt 0.018526 0.970258
vt 0.036607 0.960883
vt 0.017436 0.960883
vt 0.046459 0.978754
vt 0.047557 0.988129
vt 0.052538 0.971430
vt 0.009174 0.967328
vt 0.055834 0.981391
vt 0.262743 0.974359
vt 0.266991 0.988129
vt 0.247801 0.988129
vt 0.248827 0.978754
vt 0.258641 0.960883
vt 0.242821 0.971430
vt 0.276805 0.970258
vt 0.282811 0.977289
vt 0.277831 0.960883
vt 0.239452 0.981391
vt 0.286180 0.967328
vt 0.286473 0.712445
vt 0.299950 0.708344
vt 0.299950 0.727680
vt 0.290721 0.726508
vt 0.272850 0.716547
vt 0.283543 0.732660
vt 0.282225 0.698383
vt 0.289256 0.692377
vt 0.272850 0.697504
vt 0.293504 0.735883
vt 0.279295 0.689154
vt 0.295409 0.947992
vt 0.309032 0.943891
vt 0.309032 0.962934
vt 0.299657 0.962055
vt 0.281932 0.952094
vt 0.292479 0.967914
vt 0.291161 0.933930
vt 0.298338 0.927777
vt 0.281932 0.932758
vt 0.302440 0.971137
vt 0.288377 0.924555
vt 0.052318 0.692230
vt 0.038768 0.688129
vt 0.049425 0.672162
vt 0.056566 0.678314
vt 0.065868 0.696332
vt 0.065868 0.677143
vt 0.048070 0.706293
vt 0.038768 0.707172
vt 0.055174 0.712152
vt 0.059386 0.668939
vt 0.045213 0.715668
vt 0.310790 0.687982
vt 0.324266 0.683881
vt 0.324266 0.703070
vt 0.315184 0.701898
vt 0.297313 0.692084
vt 0.307860 0.708051
vt 0.306688 0.674066
vt 0.313719 0.668061
vt 0.297313 0.673041
vt 0.317821 0.711273
vt 0.303758 0.664691
vt 0.316063 0.906684
vt 0.329540 0.910785
vt 0.318993 0.926898
vt 0.311669 0.920746
vt 0.302440 0.902582
vt 0.302440 0.921918
vt 0.320165 0.892914
vt 0.329540 0.891742
vt 0.313133 0.886762
vt 0.309032 0.930121
vt 0.323094 0.883539
vt 0.327489 0.964691
vt 0.341258 0.960590
vt 0.341258 0.979633
vt 0.331883 0.978754
vt 0.314012 0.968793
vt 0.324559 0.984613
vt 0.323387 0.950629
vt 0.330419 0.944477
vt 0.314012 0.949750
vt 0.334813 0.988129
vt 0.320458 0.941254
vt 0.022710 0.671576
vt 0.009174 0.667475
vt 0.019835 0.651654
vt 0.026958 0.657660
vt 0.036260 0.675678
vt 0.036260 0.656635
vt 0.018471 0.685639
vt 0.009174 0.686664
vt 0.025603 0.691645
vt 0.029796 0.648285
vt 0.015633 0.694867
vt 0.079344 0.660004
vt 0.092894 0.655902
vt 0.092894 0.675092
vt 0.083592 0.674066
vt 0.065794 0.664105
vt 0.076451 0.680072
vt 0.075096 0.646088
vt 0.082201 0.640082
vt 0.065794 0.645062
vt 0.086449 0.683441
vt 0.072240 0.636713
vt 0.351219 0.934516
vt 0.355321 0.921039
vt 0.371434 0.931879
vt 0.365282 0.938910
vt 0.347118 0.948285
vt 0.366454 0.948285
vt 0.337157 0.930414
vt 0.336278 0.921039
vt 0.331297 0.937445
vt 0.374657 0.941840
vt 0.328075 0.927484
vt 0.047081 0.636566
vt 0.033550 0.640668
vt 0.033550 0.621478
vt 0.042833 0.622650
vt 0.060631 0.632465
vt 0.049974 0.616498
vt 0.051329 0.650482
vt 0.044225 0.656635
vt 0.060631 0.651654
vt 0.040013 0.613275
vt 0.054186 0.659857
vt 0.369676 0.974359
vt 0.373778 0.960883
vt 0.389598 0.971430
vt 0.383446 0.978754
vt 0.365575 0.988129
vt 0.384618 0.988129
vt 0.355614 0.970258
vt 0.354442 0.960883
vt 0.349461 0.977289
vt 0.392821 0.981391
vt 0.346239 0.967328
vt 0.022710 0.594379
vt 0.009174 0.598480
vt 0.009174 0.579437
vt 0.018471 0.580463
vt 0.036260 0.590277
vt 0.025603 0.574457
vt 0.026958 0.608441
vt 0.019835 0.614447
vt 0.036260 0.609467
vt 0.015633 0.571088
vt 0.029796 0.617816
vt 0.429735 0.567865
vt 0.425633 0.581488
vt 0.409813 0.570795
vt 0.415672 0.563617
vt 0.433836 0.554389
vt 0.414794 0.554389
vt 0.443797 0.572113
vt 0.444676 0.581488
vt 0.449657 0.565082
vt 0.406297 0.560834
vt 0.453172 0.575043
vt 0.449364 0.974359
vt 0.453465 0.988129
vt 0.434422 0.988129
vt 0.435301 0.978754
vt 0.445262 0.960883
vt 0.429442 0.971430
vt 0.463426 0.970258
vt 0.469286 0.977289
vt 0.464305 0.960883
vt 0.425926 0.981391
vt 0.472801 0.967328
vt 0.454051 0.543476
vt 0.449950 0.557025
vt 0.434129 0.546332
vt 0.440282 0.539227
vt 0.458446 0.529926
vt 0.439110 0.529926
vt 0.468114 0.547797
vt 0.469286 0.557025
vt 0.474266 0.540619
vt 0.430907 0.536371
vt 0.477489 0.550580
vt 0.402782 0.537030
vt 0.398680 0.523480
vt 0.417723 0.523480
vt 0.416551 0.532782
vt 0.406883 0.550580
vt 0.422704 0.539960
vt 0.388719 0.541278
vt 0.382567 0.534174
vt 0.387547 0.550580
vt 0.425926 0.529999
vt 0.379344 0.544135
vt 0.479540 0.944184
vt 0.493016 0.940082
vt 0.493016 0.959125
vt 0.483641 0.957953
vt 0.465770 0.948285
vt 0.476610 0.964105
vt 0.475145 0.930121
vt 0.482176 0.923969
vt 0.465770 0.928949
vt 0.486571 0.967328
vt 0.472215 0.920746
vt 0.374364 0.515204
vt 0.370262 0.501654
vt 0.389598 0.501654
vt 0.388426 0.510956
vt 0.378465 0.528754
vt 0.394579 0.518061
vt 0.360301 0.519452
vt 0.354442 0.512274
vt 0.359422 0.528754
vt 0.397801 0.508100
vt 0.351219 0.522235
vt 0.478661 0.519013
vt 0.482762 0.505463
vt 0.498583 0.516156
vt 0.492723 0.523261
vt 0.474559 0.532562
vt 0.493602 0.532562
vt 0.464598 0.514765
vt 0.463719 0.505463
vt 0.458446 0.521942
vt 0.502098 0.526117
vt 0.455223 0.511981
vt 0.425926 0.504877
vt 0.430028 0.518427
vt 0.410692 0.518427
vt 0.411864 0.509125
vt 0.421825 0.491327
vt 0.405711 0.502020
vt 0.439989 0.500629
vt 0.445848 0.507733
vt 0.440868 0.491327
vt 0.402489 0.511981
vt 0.449071 0.497772
vt 0.500047 0.902875
vt 0.513524 0.906977
vt 0.502977 0.923090
vt 0.495653 0.916937
vt 0.486571 0.898773
vt 0.486571 0.917816
vt 0.504149 0.888812
vt 0.513524 0.887934
vt 0.497118 0.882953
vt 0.493016 0.926312
vt 0.507079 0.879437
vt 0.340965 0.495868
vt 0.336864 0.482318
vt 0.355907 0.482318
vt 0.355028 0.491620
vt 0.345067 0.509418
vt 0.360887 0.498725
vt 0.326903 0.500116
vt 0.321043 0.493012
vt 0.326024 0.509418
vt 0.364403 0.488764
vt 0.317528 0.502973
vt 0.502977 0.494623
vt 0.507079 0.481073
vt 0.523192 0.491693
vt 0.517040 0.498871
vt 0.498875 0.508173
vt 0.518211 0.508173
vt 0.489208 0.490375
vt 0.488036 0.481073
vt 0.483055 0.497479
vt 0.526415 0.501654
vt 0.479833 0.487518
vt 0.511473 0.964691
vt 0.525243 0.960590
vt 0.525243 0.979633
vt 0.515868 0.978754
vt 0.497997 0.968793
vt 0.508836 0.984613
vt 0.507372 0.950629
vt 0.514403 0.944477
vt 0.497997 0.949750
vt 0.518797 0.988129
vt 0.504442 0.941254
vt 0.392528 0.482977
vt 0.388426 0.469501
vt 0.407469 0.469501
vt 0.406297 0.478803
vt 0.396629 0.496527
vt 0.412450 0.485907
vt 0.378465 0.487226
vt 0.372313 0.480121
vt 0.377294 0.496527
vt 0.415672 0.475946
vt 0.369090 0.490082
vt 0.514989 0.542157
vt 0.519090 0.555707
vt 0.500047 0.555707
vt 0.500926 0.546332
vt 0.510887 0.528607
vt 0.495067 0.539227
vt 0.529051 0.537909
vt 0.534911 0.545014
vt 0.529930 0.528607
vt 0.491551 0.549262
vt 0.538426 0.535053
vt 0.294676 0.479169
vt 0.290575 0.492719
vt 0.274608 0.482025
vt 0.280614 0.474921
vt 0.298778 0.465619
vt 0.279588 0.465619
vt 0.308739 0.483417
vt 0.309618 0.492719
vt 0.314598 0.476239
vt 0.271385 0.472064
vt 0.318114 0.486273
vt 0.452879 0.475287
vt 0.456981 0.461737
vt 0.473094 0.472431
vt 0.466942 0.479535
vt 0.448778 0.488837
vt 0.467821 0.488837
vt 0.438817 0.471039
vt 0.437938 0.461737
vt 0.432958 0.478144
vt 0.476317 0.482392
vt 0.429442 0.468219
vt 0.524364 0.857758
vt 0.537840 0.861859
vt 0.527294 0.877973
vt 0.520262 0.871820
vt 0.510887 0.853656
vt 0.510887 0.872992
vt 0.528758 0.843988
vt 0.537840 0.842816
vt 0.521434 0.837836
vt 0.517333 0.881195
vt 0.531395 0.834613
vt 0.056603 0.468842
vt 0.052501 0.455329
vt 0.071654 0.455329
vt 0.070592 0.464630
vt 0.060741 0.482392
vt 0.076671 0.471771
vt 0.042650 0.473090
vt 0.036571 0.465985
vt 0.041551 0.482392
vt 0.079930 0.461774
vt 0.033293 0.475946
vt 0.527586 0.470160
vt 0.523485 0.483710
vt 0.507372 0.473017
vt 0.513524 0.465912
vt 0.531688 0.456610
vt 0.512352 0.456610
vt 0.541356 0.474408
vt 0.542528 0.483710
vt 0.547508 0.467267
vt 0.504149 0.463056
vt 0.550731 0.477265
vt 0.532274 0.924848
vt 0.545750 0.920746
vt 0.545750 0.939789
vt 0.536376 0.938617
vt 0.518504 0.928949
vt 0.529344 0.944770
vt 0.527879 0.910785
vt 0.534911 0.904633
vt 0.518504 0.909613
vt 0.539305 0.947992
vt 0.524950 0.901410
vt 0.243114 0.463715
vt 0.239012 0.477265
vt 0.223192 0.466608
vt 0.229198 0.459467
vt 0.247362 0.450165
vt 0.228172 0.450165
vt 0.257176 0.467963
vt 0.258202 0.477265
vt 0.263182 0.460822
vt 0.219823 0.456610
vt 0.266551 0.470819
vt 0.340965 0.463715
vt 0.336864 0.450165
vt 0.355907 0.450165
vt 0.355028 0.459467
vt 0.345067 0.477265
vt 0.360887 0.466608
vt 0.326903 0.467963
vt 0.321043 0.460822
vt 0.326024 0.477265
vt 0.364403 0.456610
vt 0.317528 0.470819
vt 0.106810 0.459870
vt 0.110912 0.446320
vt 0.126805 0.456977
vt 0.120799 0.464081
vt 0.102709 0.473383
vt 0.121825 0.473383
vt 0.092821 0.455622
vt 0.091722 0.446320
vt 0.086742 0.462726
vt 0.130101 0.466937
vt 0.083446 0.452765
vt 0.163426 0.459870
vt 0.167528 0.446320
vt 0.183495 0.456977
vt 0.177342 0.464081
vt 0.159325 0.473383
vt 0.178514 0.473383
vt 0.149437 0.455622
vt 0.148338 0.446320
vt 0.143358 0.462726
vt 0.186717 0.466937
vt 0.140062 0.452765
vt 0.542528 0.578705
vt 0.529051 0.574603
vt 0.539598 0.558637
vt 0.546629 0.564643
vt 0.556004 0.582807
vt 0.556004 0.563617
vt 0.538133 0.592621
vt 0.529051 0.593793
vt 0.545458 0.598773
vt 0.549559 0.555414
vt 0.535497 0.601996
vt 0.545165 0.811469
vt 0.558641 0.807367
vt 0.558641 0.826703
vt 0.549266 0.825531
vt 0.531395 0.815570
vt 0.542235 0.831684
vt 0.540770 0.797699
vt 0.547801 0.791547
vt 0.531395 0.796527
vt 0.552196 0.834906
vt 0.537840 0.788324
vt 0.389891 0.450861
vt 0.385790 0.464374
vt 0.369676 0.453717
vt 0.375829 0.446613
vt 0.393993 0.437311
vt 0.374657 0.437311
vt 0.403954 0.455109
vt 0.404833 0.464374
vt 0.409813 0.447968
vt 0.366454 0.443756
vt 0.413036 0.457929
vt 0.545165 0.511762
vt 0.531395 0.515863
vt 0.531395 0.496674
vt 0.540770 0.497772
vt 0.558641 0.507660
vt 0.547801 0.491693
vt 0.549266 0.525751
vt 0.542235 0.531830
vt 0.558641 0.526850
vt 0.537840 0.488471
vt 0.552196 0.535053
vt 0.484520 0.452582
vt 0.497997 0.448480
vt 0.497997 0.467633
vt 0.488915 0.466535
vt 0.471044 0.456684
vt 0.481590 0.472650
vt 0.480419 0.438593
vt 0.487450 0.432550
vt 0.471044 0.437531
vt 0.491551 0.475873
vt 0.477489 0.429254
vt 0.547508 0.762543
vt 0.534032 0.766645
vt 0.534032 0.747602
vt 0.543407 0.748773
vt 0.561278 0.758441
vt 0.550438 0.742621
vt 0.551903 0.776605
vt 0.544579 0.782758
vt 0.561278 0.777777
vt 0.540477 0.739398
vt 0.554833 0.785980
vt 0.547508 0.711273
vt 0.561278 0.715375
vt 0.550438 0.731195
vt 0.543407 0.725043
vt 0.534032 0.707172
vt 0.534032 0.726215
vt 0.551903 0.697211
vt 0.561278 0.696039
vt 0.544579 0.691205
vt 0.540477 0.734418
vt 0.554833 0.687836
vt 0.547508 0.659711
vt 0.561278 0.655609
vt 0.561278 0.674799
vt 0.551903 0.673773
vt 0.534032 0.663812
vt 0.544579 0.679779
vt 0.543407 0.645795
vt 0.550438 0.639642
vt 0.534032 0.644623
vt 0.554540 0.683002
vt 0.540477 0.636420
vt 0.279149 0.446979
vt 0.275047 0.460529
vt 0.259227 0.449872
vt 0.265233 0.442731
vt 0.283251 0.433429
vt 0.264208 0.433429
vt 0.293211 0.451227
vt 0.294237 0.460529
vt 0.299217 0.444122
vt 0.255858 0.439911
vt 0.302586 0.454083
vt 0.201512 0.446137
vt 0.214989 0.442035
vt 0.214989 0.461188
vt 0.205760 0.460126
vt 0.187889 0.450275
vt 0.198583 0.466205
vt 0.197264 0.432184
vt 0.204442 0.426105
vt 0.187889 0.431085
vt 0.208543 0.469501
vt 0.194334 0.422827
vt 0.551903 0.445697
vt 0.547801 0.459247
vt 0.531981 0.448590
vt 0.538133 0.441449
vt 0.556004 0.432147
vt 0.536961 0.432147
vt 0.565965 0.449945
vt 0.567137 0.459247
vt 0.572118 0.442804
vt 0.528758 0.438629
vt 0.575340 0.452802
vt 0.441454 0.443134
vt 0.445555 0.456684
vt 0.426219 0.456684
vt 0.427391 0.447382
vt 0.437352 0.429584
vt 0.421239 0.440241
vt 0.455223 0.438886
vt 0.461376 0.445990
vt 0.456395 0.429584
vt 0.418016 0.450202
vt 0.464598 0.436029
vt 0.553954 0.964691
vt 0.567723 0.968793
vt 0.556883 0.984613
vt 0.549852 0.978754
vt 0.540477 0.960590
vt 0.540477 0.979633
vt 0.558348 0.950629
vt 0.567723 0.949750
vt 0.551024 0.944477
vt 0.546922 0.988129
vt 0.560985 0.941254
vt 0.556590 0.880902
vt 0.570067 0.876801
vt 0.570067 0.896137
vt 0.560985 0.894965
vt 0.543114 0.885004
vt 0.553661 0.901117
vt 0.552489 0.867133
vt 0.559520 0.860980
vt 0.543114 0.865961
vt 0.563622 0.904340
vt 0.549559 0.857758
vt 0.555711 0.620746
vt 0.551610 0.634223
vt 0.535790 0.623529
vt 0.541942 0.616498
vt 0.559813 0.607123
vt 0.540770 0.607123
vt 0.569774 0.624994
vt 0.570946 0.634223
vt 0.575926 0.617816
vt 0.532567 0.613568
vt 0.579149 0.627777
vt 0.056603 0.436688
vt 0.052501 0.423157
vt 0.071654 0.423157
vt 0.070592 0.432440
vt 0.060741 0.450238
vt 0.076671 0.439581
vt 0.042650 0.440936
vt 0.036571 0.433795
vt 0.041551 0.450238
vt 0.079930 0.429602
vt 0.033293 0.443793
vt 0.317821 0.431561
vt 0.313719 0.445075
vt 0.297752 0.434418
vt 0.303758 0.427295
vt 0.321922 0.417993
vt 0.302733 0.417993
vt 0.331883 0.435810
vt 0.332762 0.445075
vt 0.337743 0.428668
vt 0.294530 0.424457
vt 0.341258 0.438629
vt 0.133836 0.430261
vt 0.137938 0.443793
vt 0.118749 0.443793
vt 0.119847 0.434491
vt 0.129735 0.416712
vt 0.113768 0.427387
vt 0.147752 0.426013
vt 0.153905 0.433136
vt 0.148851 0.416712
vt 0.110472 0.437348
vt 0.157127 0.423175
vt 0.232860 0.423834
vt 0.228758 0.437384
vt 0.212792 0.426709
vt 0.218944 0.419586
vt 0.236961 0.410285
vt 0.217772 0.410285
vt 0.246922 0.428064
vt 0.247948 0.437384
vt 0.252928 0.420941
vt 0.209569 0.416748
vt 0.256151 0.430921
vt 0.569481 0.487299
vt 0.582958 0.483197
vt 0.582958 0.502387
vt 0.573583 0.501288
vt 0.556004 0.491400
vt 0.566551 0.507367
vt 0.565086 0.473309
vt 0.572411 0.467267
vt 0.556004 0.472284
vt 0.576512 0.510663
vt 0.562450 0.464008
vt 0.573290 0.542670
vt 0.586766 0.546771
vt 0.576219 0.562738
vt 0.569188 0.556586
vt 0.559813 0.538495
vt 0.559813 0.557758
vt 0.577684 0.528681
vt 0.586766 0.527582
vt 0.570360 0.522602
vt 0.566258 0.565961
vt 0.580321 0.519306
vt 0.510301 0.428449
vt 0.523778 0.424347
vt 0.523778 0.443500
vt 0.514696 0.442438
vt 0.496825 0.432587
vt 0.507372 0.448517
vt 0.506200 0.414478
vt 0.513231 0.408417
vt 0.496825 0.413397
vt 0.517333 0.451776
vt 0.503270 0.405139
vt 0.573875 0.923090
vt 0.569774 0.909613
vt 0.588817 0.909613
vt 0.587938 0.918695
vt 0.577977 0.936566
vt 0.593797 0.926020
vt 0.559813 0.927191
vt 0.553661 0.920160
vt 0.558934 0.936566
vt 0.597313 0.916059
vt 0.550438 0.930121
vt 0.245458 0.947699
vt 0.285301 0.899359
vt 0.295848 0.904926
vt 0.252489 0.957367
vt 0.191698 0.975824
vt 0.194041 0.988129
vt 0.129076 0.975824
vt 0.126292 0.988129
vt 0.073595 0.943891
vt 0.066087 0.953266
vt 0.035857 0.894086
vt 0.025035 0.899066
vt 0.021034 0.830805
vt 0.009174 0.830512
vt 0.032561 0.771039
vt 0.021730 0.765180
vt 0.071324 0.721820
vt 0.063744 0.712152
vt 0.128343 0.687250
vt 0.130760 0.698969
vt 0.197997 0.700727
vt 0.200926 0.689154
vt 0.257469 0.725922
vt 0.265526 0.716840
vt 0.294823 0.777484
vt 0.305809 0.772797
vt 0.303758 0.843109
vt 0.315770 0.843988
vt 0.416844 0.418689
vt 0.412743 0.405139
vt 0.432079 0.405139
vt 0.430907 0.414441
vt 0.420946 0.432221
vt 0.437059 0.421564
vt 0.402782 0.422919
vt 0.396922 0.415796
vt 0.401903 0.432221
vt 0.440282 0.411594
vt 0.393407 0.425757
vt 0.579735 0.694574
vt 0.593211 0.690326
vt 0.593211 0.709516
vt 0.584129 0.708344
vt 0.566258 0.698676
vt 0.576805 0.714496
vt 0.575633 0.680512
vt 0.582665 0.674359
vt 0.566258 0.679340
vt 0.586766 0.717719
vt 0.572704 0.671137
s 0
usemtl 材质.001
f 3/1/1 2/2/2 1/3/3
f 4/4/4 3/1/5 1/3/6
f 5/5/7 3/1/8 4/4/9
f 6/6/10 5/5/11 4/4/12
f 3/1/13 7/7/14 2/2/15
f 7/7/16 8/8/17 2/2/18
f 9/9/19 7/7/20 3/1/21
f 5/5/22 9/9/23 3/1/24
f 1/3/25 10/10/26 4/4/27
f 4/4/28 10/10/29 6/6/30
f 7/7/31 11/11/32 8/8/33
f 9/9/34 11/11/35 7/7/36
f 14/12/37 13/13/38 12/14/39
f 15/15/40 14/12/41 12/14/42
f 16/16/43 14/12/44 15/15/45
f 17/17/46 16/16/47 15/15/48
f 14/12/49 18/18/50 13/13/51
f 18/18/52 19/19/53 13/13/54
f 20/20/55 18/18/56 14/12/57
f 16/16/58 20/20/59 14/12/60
f 12/14/61 21/21/62 15/15/63
f 15/15/64 21/21/65 17/17/66
f 18/18/67 22/22/68 19/19/69
f 20/20/70 22/22/71 18/18/72
f 25/23/73 24/24/74 23/25/75
f 26/26/76 25/23/77 23/25/78
f 27/27/79 25/23/80 26/26/81
f 28/28/82 27/27/83 26/26/84
f 25/23/85 29/29/86 24/24/87
f 29/29/88 30/30/89 24/24/90
f 31/31/91 29/29/92 25/23/93
f 27/27/94 31/31/95 25/23/96
f 23/25/97 32/32/98 26/26/99
f 26/26/100 32/32/101 28/28/102
f 29/29/103 33/33/104 30/30/105
f 31/31/106 33/33/107 29/29/108
f 36/34/109 35/35/110 34/36/111
f 37/37/112 36/34/113 34/36/114
f 38/38/115 36/34/116 37/37/117
f 39/39/118 38/38/119 37/37/120
f 36/34/121 40/40/122 35/35/123
f 40/40/124 41/41/125 35/35/126
f 42/42/127 40/40/128 36/34/129
f 38/38/130 42/42/131 36/34/132
f 34/36/133 43/43/134 37/37/135
f 37/37/136 43/43/137 39/39/138
f 40/40/139 44/44/140 41/41/141
f 42/42/142 44/44/143 40/40/144
f 47/45/145 46/46/146 45/47/147
f 48/48/148 47/45/149 45/47/150
f 49/49/151 47/45/152 48/48/153
f 50/50/154 49/49/155 48/48/156
f 47/45/157 51/51/158 46/46/159
f 51/51/160 52/52/161 46/46/162
f 53/53/163 51/51/164 47/45/165
f 49/49/166 53/53/167 47/45/168
f 45/47/169 54/54/170 48/48/171
f 48/48/172 54/54/173 50/50/174
f 51/51/175 55/55/176 52/52/177
f 53/53/178 55/55/179 51/51/180
f 58/56/181 57/57/182 56/58/183
f 59/59/184 58/56/185 56/58/186
f 60/60/187 58/56/188 59/59/189
f 61/61/190 60/60/191 59/59/192
f 58/56/193 62/62/194 57/57/195
f 62/62/196 63/63/197 57/57/198
f 64/64/199 62/62/200 58/56/201
f 60/60/202 64/64/203 58/56/204
f 56/58/205 65/65/206 59/59/207
f 59/59/208 65/65/209 61/61/210
f 62/62/211 66/66/212 63/63/213
f 64/64/214 66/66/215 62/62/216
f 69/67/217 68/68/218 67/69/219
f 70/70/220 69/67/221 67/69/222
f 71/71/223 69/67/224 70/70/225
f 72/72/226 71/71/227 70/70/228
f 69/67/229 73/73/230 68/68/231
f 73/73/232 74/74/233 68/68/234
f 75/75/235 73/73/236 69/67/237
f 71/71/238 75/75/239 69/67/240
f 67/69/241 76/76/242 70/70/243
f 70/70/244 76/76/245 72/72/246
f 73/73/247 77/77/248 74/74/249
f 75/75/250 77/77/251 73/73/252
f 80/78/253 79/79/254 78/80/255
f 81/81/256 80/78/257 78/80/258
f 82/82/259 80/78/260 81/81/261
f 83/83/262 82/82/263 81/81/264
f 80/78/265 84/84/266 79/79/267
f 84/84/268 85/85/269 79/79/270
f 86/86/271 84/84/272 80/78/273
f 82/82/274 86/86/275 80/78/276
f 78/80/277 87/87/278 81/81/279
f 81/81/280 87/87/281 83/83/282
f 84/84/283 88/88/284 85/85/285
f 86/86/286 88/88/287 84/84/288
f 91/89/289 90/90/290 89/91/291
f 92/92/292 91/89/293 89/91/294
f 93/93/295 91/89/296 92/92/297
f 94/94/298 93/93/299 92/92/300
f 91/89/301 95/95/302 90/90/303
f 95/95/304 96/96/305 90/90/306
f 97/97/307 95/95/308 91/89/309
f 93/93/310 97/97/311 91/89/312
f 89/91/313 98/98/314 92/92/315
f 92/92/316 98/98/317 94/94/318
f 95/95/319 99/99/320 96/96/321
f 97/97/322 99/99/323 95/95/324
f 102/100/325 101/101/326 100/102/327
f 103/103/328 102/100/329 100/102/330
f 104/104/331 102/100/332 103/103/333
f 105/105/334 104/104/335 103/103/336
f 102/100/337 106/106/338 101/101/339
f 106/106/340 107/107/341 101/101/342
f 108/108/343 106/106/344 102/100/345
f 104/104/346 108/108/347 102/100/348
f 100/102/349 109/109/350 103/103/351
f 103/103/352 109/109/353 105/105/354
f 106/106/355 110/110/356 107/107/357
f 108/108/358 110/110/359 106/106/360
f 113/111/361 112/112/362 111/113/363
f 114/114/364 113/111/365 111/113/366
f 115/115/367 113/111/368 114/114/369
f 116/116/370 115/115/371 114/114/372
f 113/111/373 117/117/374 112/112/375
f 117/117/376 118/118/377 112/112/378
f 119/119/379 117/117/380 113/111/381
f 115/115/382 119/119/383 113/111/384
f 111/113/385 120/120/386 114/114/387
f 114/114/388 120/120/389 116/116/390
f 117/117/391 121/121/392 118/118/393
f 119/119/394 121/121/395 117/117/396
f 124/122/397 123/123/398 122/124/399
f 125/125/400 124/122/401 122/124/402
f 126/126/403 124/122/404 125/125/405
f 127/127/406 126/126/407 125/125/408
f 124/122/409 128/128/410 123/123/411
f 128/128/412 129/129/413 123/123/414
f 130/130/415 128/128/416 124/122/417
f 126/126/418 130/130/419 124/122/420
f 122/124/421 131/131/422 125/125/423
f 125/125/424 131/131/425 127/127/426
f 128/128/427 132/132/428 129/129/429
f 130/130/430 132/132/431 128/128/432
f 135/133/433 134/134/434 133/135/435
f 136/136/436 135/133/437 133/135/438
f 137/137/439 135/133/440 136/136/441
f 138/138/442 137/137/443 136/136/444
f 135/133/445 139/139/446 134/134/447
f 139/139/448 140/140/449 134/134/450
f 141/141/451 139/139/452 135/133/453
f 137/137/454 141/141/455 135/133/456
f 133/135/457 142/142/458 136/136/459
f 136/136/460 142/142/461 138/138/462
f 139/139/463 143/143/464 140/140/465
f 141/141/466 143/143/467 139/139/468
f 146/144/469 145/145/470 144/146/471
f 147/147/472 146/144/473 144/146/474
f 148/148/475 146/144/476 147/147/477
f 149/149/478 148/148/479 147/147/480
f 146/144/481 150/150/482 145/145/483
f 150/150/484 151/151/485 145/145/486
f 152/152/487 150/150/488 146/144/489
f 148/148/490 152/152/491 146/144/492
f 144/146/493 153/153/494 147/147/495
f 147/147/496 153/153/497 149/149/498
f 150/150/499 154/154/500 151/151/501
f 152/152/502 154/154/503 150/150/504
f 157/155/505 156/156/506 155/157/507
f 158/158/508 157/155/509 155/157/510
f 159/159/511 157/155/512 158/158/513
f 160/160/514 159/159/515 158/158/516
f 157/155/517 161/161/518 156/156/519
f 161/161/520 162/162/521 156/156/522
f 163/163/523 161/161/524 157/155/525
f 159/159/526 163/163/527 157/155/528
f 155/157/529 164/164/530 158/158/531
f 158/158/532 164/164/533 160/160/534
f 161/161/535 165/165/536 162/162/537
f 163/163/538 165/165/539 161/161/540
f 168/166/541 167/167/542 166/168/543
f 169/169/544 168/166/545 166/168/546
f 170/170/547 168/166/548 169/169/549
f 171/171/550 170/170/551 169/169/552
f 168/166/553 172/172/554 167/167/555
f 172/172/556 173/173/557 167/167/558
f 174/174/559 172/172/560 168/166/561
f 170/170/562 174/174/563 168/166/564
f 166/168/565 175/175/566 169/169/567
f 169/169/568 175/175/569 171/171/570
f 172/172/571 176/176/572 173/173/573
f 174/174/574 176/176/575 172/172/576
f 179/177/577 178/178/578 177/179/579
f 180/180/580 179/177/581 177/179/582
f 181/181/583 179/177/584 180/180/585
f 182/182/586 181/181/587 180/180/588
f 179/177/589 183/183/590 178/178/591
f 183/183/590 184/184/592 178/178/591
f 185/185/593 183/183/594 179/177/595
f 181/181/596 185/185/597 179/177/598
f 177/179/599 186/186/600 180/180/601
f 180/180/602 186/186/603 182/182/604
f 183/183/605 187/187/606 184/184/607
f 185/185/608 187/187/609 183/183/610
f 190/188/611 189/189/612 188/190/613
f 191/191/614 190/188/611 188/190/613
f 192/192/615 190/188/616 191/191/617
f 193/193/618 192/192/619 191/191/620
f 190/188/621 194/194/622 189/189/623
f 194/194/624 195/195/625 189/189/623
f 196/196/626 194/194/627 190/188/628
f 192/192/629 196/196/630 190/188/631
f 188/190/632 197/197/633 191/191/634
f 191/191/635 197/197/636 193/193/637
f 194/194/638 198/198/639 195/195/640
f 196/196/641 198/198/642 194/194/643
f 201/199/644 200/200/645 199/201/646
f 202/202/647 201/199/648 199/201/649
f 203/203/650 201/199/651 202/202/652
f 204/204/653 203/203/654 202/202/655
f 201/199/656 205/205/657 200/200/658
f 205/205/659 206/206/660 200/200/661
f 207/207/662 205/205/663 201/199/664
f 203/203/665 207/207/666 201/199/667
f 199/201/668 208/208/669 202/202/670
f 202/202/671 208/208/672 204/204/673
f 205/205/674 209/209/675 206/206/676
f 207/207/677 209/209/678 205/205/679
f 212/210/680 211/211/681 210/212/682
f 213/213/683 212/210/684 210/212/685
f 214/214/686 212/210/687 213/213/688
f 215/215/689 214/214/690 213/213/691
f 212/210/692 216/216/693 211/211/694
f 216/216/695 217/217/696 211/211/697
f 218/218/698 216/216/699 212/210/700
f 214/214/701 218/218/702 212/210/703
f 210/212/704 219/219/705 213/213/706
f 213/213/707 219/219/708 215/215/709
f 216/216/710 220/220/711 217/217/712
f 218/218/713 220/220/714 216/216/715
f 223/221/716 222/222/717 221/223/718
f 224/224/719 223/221/720 221/223/721
f 225/225/722 223/221/723 224/224/724
f 226/226/725 225/225/726 224/224/727
f 223/221/728 227/227/729 222/222/730
f 227/227/731 228/228/732 222/222/733
f 229/229/734 227/227/735 223/221/736
f 225/225/737 229/229/738 223/221/739
f 221/223/740 230/230/741 224/224/742
f 224/224/743 230/230/744 226/226/745
f 227/227/746 231/231/747 228/228/748
f 229/229/749 231/231/750 227/227/751
f 234/232/752 233/233/753 232/234/754
f 235/235/755 234/232/756 232/234/757
f 236/236/758 234/232/759 235/235/760
f 237/237/761 236/236/762 235/235/763
f 234/232/764 238/238/765 233/233/766
f 238/238/767 239/239/768 233/233/769
f 240/240/770 238/238/771 234/232/772
f 236/236/773 240/240/774 234/232/775
f 232/234/776 241/241/777 235/235/778
f 235/235/779 241/241/780 237/237/781
f 238/238/782 242/242/783 239/239/784
f 240/240/785 242/242/786 238/238/787
f 245/243/788 244/244/789 243/245/790
f 246/246/791 245/243/792 243/245/793
f 247/247/794 245/243/795 246/246/796
f 248/248/797 247/247/798 246/246/799
f 245/243/800 249/249/801 244/244/802
f 249/249/803 250/250/804 244/244/805
f 251/251/806 249/249/807 245/243/808
f 247/247/809 251/251/810 245/243/811
f 243/245/812 252/252/813 246/246/814
f 246/246/815 252/252/816 248/248/817
f 249/249/818 253/253/819 250/250/820
f 251/251/821 253/253/822 249/249/823
f 256/254/824 255/255/825 254/256/826
f 257/257/827 256/254/828 254/256/829
f 258/258/830 256/254/831 257/257/832
f 259/259/833 258/258/834 257/257/835
f 256/254/836 260/260/837 255/255/838
f 260/260/839 261/261/840 255/255/841
f 262/262/842 260/260/843 256/254/844
f 258/258/845 262/262/846 256/254/847
f 254/256/848 263/263/849 257/257/850
f 257/257/851 263/263/852 259/259/853
f 260/260/854 264/264/855 261/261/856
f 262/262/857 264/264/858 260/260/859
f 267/265/860 266/266/861 265/267/862
f 268/268/863 267/265/864 265/267/865
f 269/269/866 267/265/867 268/268/868
f 270/270/869 269/269/870 268/268/871
f 267/265/872 271/271/873 266/266/874
f 271/271/875 272/272/876 266/266/877
f 273/273/878 271/271/879 267/265/880
f 269/269/881 273/273/882 267/265/883
f 265/267/884 274/274/885 268/268/886
f 268/268/887 274/274/888 270/270/889
f 271/271/890 275/275/891 272/272/892
f 273/273/893 275/275/894 271/271/895
f 278/276/896 277/277/897 276/278/898
f 279/279/899 278/276/900 276/278/901
f 280/280/902 278/276/903 279/279/904
f 281/281/905 280/280/906 279/279/907
f 278/276/908 282/282/909 277/277/910
f 282/282/911 283/283/912 277/277/913
f 284/284/914 282/282/915 278/276/916
f 280/280/917 284/284/918 278/276/919
f 276/278/920 285/285/921 279/279/922
f 279/279/923 285/285/924 281/281/925
f 282/282/926 286/286/927 283/283/928
f 284/284/929 286/286/930 282/282/931
f 289/287/932 288/288/933 287/289/934
f 290/290/935 289/287/936 287/289/937
f 291/291/938 289/287/939 290/290/940
f 292/292/941 291/291/942 290/290/943
f 289/287/944 293/293/945 288/288/946
f 293/293/945 294/294/947 288/288/946
f 295/295/948 293/293/949 289/287/950
f 291/291/951 295/295/952 289/287/953
f 287/289/954 296/296/955 290/290/956
f 290/290/957 296/296/958 292/292/959
f 293/293/960 297/297/961 294/294/962
f 295/295/963 297/297/964 293/293/965
f 300/298/966 299/299/967 298/300/968
f 301/301/969 300/298/970 298/300/968
f 302/302/971 300/298/972 301/301/973
f 303/303/974 302/302/975 301/301/976
f 300/298/977 304/304/978 299/299/979
f 304/304/980 305/305/981 299/299/979
f 306/306/982 304/304/983 300/298/984
f 302/302/985 306/306/986 300/298/987
f 298/300/988 307/307/989 301/301/990
f 301/301/991 307/307/992 303/303/993
f 304/304/994 308/308/995 305/305/996
f 306/306/997 308/308/998 304/304/999
f 311/309/1000 310/310/1001 309/311/1002
f 312/312/1003 311/309/1004 309/311/1005
f 313/313/1006 311/309/1007 312/312/1008
f 314/314/1009 313/313/1010 312/312/1011
f 311/309/1012 315/315/1013 310/310/1014
f 315/315/1015 316/316/1016 310/310/1017
f 317/317/1018 315/315/1019 311/309/1020
f 313/313/1021 317/317/1022 311/309/1023
f 309/311/1024 318/318/1025 312/312/1026
f 312/312/1027 318/318/1028 314/314/1029
f 315/315/1030 319/319/1031 316/316/1032
f 317/317/1033 319/319/1034 315/315/1035
f 322/320/1036 321/321/1037 320/322/1038
f 323/323/1039 322/320/1040 320/322/1041
f 324/324/1042 322/320/1043 323/323/1044
f 325/325/1045 324/324/1046 323/323/1047
f 322/320/1048 326/326/1049 321/321/1050
f 326/326/1051 327/327/1052 321/321/1053
f 328/328/1054 326/326/1055 322/320/1056
f 324/324/1057 328/328/1058 322/320/1059
f 320/322/1060 329/329/1061 323/323/1062
f 323/323/1063 329/329/1064 325/325/1065
f 326/326/1066 330/330/1067 327/327/1068
f 328/328/1069 330/330/1070 326/326/1071
f 333/331/1072 332/332/1073 331/333/1074
f 334/334/1075 333/331/1076 331/333/1077
f 335/335/1078 333/331/1079 334/334/1080
f 336/336/1081 335/335/1082 334/334/1083
f 333/331/1084 337/337/1085 332/332/1086
f 337/337/1087 338/338/1088 332/332/1089
f 339/339/1090 337/337/1091 333/331/1092
f 335/335/1093 339/339/1094 333/331/1095
f 331/333/1096 340/340/1097 334/334/1098
f 334/334/1099 340/340/1100 336/336/1101
f 337/337/1102 341/341/1103 338/338/1104
f 339/339/1105 341/341/1106 337/337/1107
f 344/342/1108 343/343/1109 342/344/1110
f 345/345/1111 344/342/1112 342/344/1113
f 346/346/1114 344/342/1115 345/345/1116
f 347/347/1117 346/346/1118 345/345/1119
f 344/342/1120 348/348/1121 343/343/1122
f 348/348/1123 349/349/1124 343/343/1125
f 350/350/1126 348/348/1127 344/342/1128
f 346/346/1129 350/350/1130 344/342/1131
f 342/344/1132 351/351/1133 345/345/1134
f 345/345/1135 351/351/1136 347/347/1137
f 348/348/1138 352/352/1139 349/349/1140
f 350/350/1141 352/352/1142 348/348/1143
f 355/353/1144 354/354/1145 353/355/1146
f 356/356/1147 355/353/1148 353/355/1149
f 357/357/1150 355/353/1151 356/356/1152
f 358/358/1153 357/357/1154 356/356/1155
f 355/353/1156 359/359/1157 354/354/1158
f 359/359/1159 360/360/1160 354/354/1161
f 361/361/1162 359/359/1163 355/353/1164
f 357/357/1165 361/361/1166 355/353/1167
f 353/355/1168 362/362/1169 356/356/1170
f 356/356/1171 362/362/1172 358/358/1173
f 359/359/1174 363/363/1175 360/360/1176
f 361/361/1177 363/363/1178 359/359/1179
f 366/364/1180 365/365/1181 364/366/1182
f 367/367/1183 366/364/1184 364/366/1185
f 368/368/1186 366/364/1187 367/367/1188
f 369/369/1189 368/368/1190 367/367/1191
f 366/364/1192 370/370/1193 365/365/1194
f 370/370/1195 371/371/1196 365/365/1197
f 372/372/1198 370/370/1199 366/364/1200
f 368/368/1201 372/372/1202 366/364/1203
f 364/366/1204 373/373/1205 367/367/1206
f 367/367/1207 373/373/1208 369/369/1209
f 370/370/1210 374/374/1211 371/371/1212
f 372/372/1213 374/374/1214 370/370/1215
f 377/375/1216 376/376/1217 375/377/1218
f 378/378/1219 377/375/1220 375/377/1221
f 379/379/1222 377/375/1223 378/378/1224
f 380/380/1225 379/379/1226 378/378/1227
f 377/375/1228 381/381/1229 376/376/1230
f 381/381/1231 382/382/1232 376/376/1233
f 383/383/1234 381/381/1235 377/375/1236
f 379/379/1237 383/383/1238 377/375/1239
f 375/377/1240 384/384/1241 378/378/1242
f 378/378/1243 384/384/1244 380/380/1245
f 381/381/1246 385/385/1247 382/382/1248
f 383/383/1249 385/385/1250 381/381/1251
f 388/386/1252 387/387/1253 386/388/1254
f 389/389/1255 388/386/1256 386/388/1257
f 390/390/1258 388/386/1259 389/389/1260
f 391/391/1261 390/390/1262 389/389/1263
f 388/386/1264 392/392/1265 387/387/1266
f 392/392/1267 393/393/1268 387/387/1269
f 394/394/1270 392/392/1271 388/386/1272
f 390/390/1273 394/394/1274 388/386/1275
f 386/388/1276 395/395/1277 389/389/1278
f 389/389/1279 395/395/1280 391/391/1281
f 392/392/1282 396/396/1283 393/393/1284
f 394/394/1285 396/396/1286 392/392/1287
f 399/397/1288 398/398/1289 397/399/1290
f 400/400/1291 399/397/1292 397/399/1293
f 401/401/1294 399/397/1295 400/400/1296
f 402/402/1297 401/401/1298 400/400/1299
f 399/397/1300 403/403/1301 398/398/1302
f 403/403/1303 404/404/1304 398/398/1305
f 405/405/1306 403/403/1307 399/397/1308
f 401/401/1309 405/405/1310 399/397/1311
f 397/399/1312 406/406/1313 400/400/1314
f 400/400/1315 406/406/1316 402/402/1317
f 403/403/1318 407/407/1319 404/404/1320
f 405/405/1321 407/407/1322 403/403/1323
f 410/408/1324 409/409/1325 408/410/1326
f 411/411/1327 410/408/1328 408/410/1329
f 412/412/1330 410/408/1331 411/411/1332
f 413/413/1333 412/412/1334 411/411/1335
f 410/408/1336 414/414/1337 409/409/1338
f 414/414/1339 415/415/1340 409/409/1341
f 416/416/1342 414/414/1343 410/408/1344
f 412/412/1345 416/416/1346 410/408/1347
f 408/410/1348 417/417/1349 411/411/1350
f 411/411/1351 417/417/1352 413/413/1353
f 414/414/1354 418/418/1355 415/415/1356
f 416/416/1357 418/418/1358 414/414/1359
f 421/419/1360 420/420/1361 419/421/1362
f 422/422/1363 421/419/1364 419/421/1365
f 423/423/1366 421/419/1367 422/422/1368
f 424/424/1369 423/423/1370 422/422/1371
f 421/419/1372 425/425/1373 420/420/1374
f 425/425/1375 426/426/1376 420/420/1377
f 427/427/1378 425/425/1379 421/419/1380
f 423/423/1381 427/427/1382 421/419/1383
f 419/421/1384 428/428/1385 422/422/1386
f 422/422/1387 428/428/1388 424/424/1389
f 425/425/1390 429/429/1391 426/426/1392
f 427/427/1393 429/429/1394 425/425/1395
f 432/430/1396 431/431/1397 430/432/1398
f 433/433/1399 432/430/1400 430/432/1401
f 434/434/1402 432/430/1403 433/433/1404
f 435/435/1405 434/434/1406 433/433/1407
f 432/430/1408 436/436/1409 431/431/1410
f 436/436/1411 437/437/1412 431/431/1413
f 438/438/1414 436/436/1415 432/430/1416
f 434/434/1417 438/438/1418 432/430/1419
f 430/432/1420 439/439/1421 433/433/1422
f 433/433/1423 439/439/1424 435/435/1425
f 436/436/1426 440/440/1427 437/437/1428
f 438/438/1429 440/440/1430 436/436/1431
f 443/441/1432 442/442/1433 441/443/1434
f 444/444/1435 443/441/1436 441/443/1437
f 445/445/1438 443/441/1439 444/444/1440
f 446/446/1441 445/445/1442 444/444/1443
f 443/441/1444 447/447/1445 442/442/1446
f 447/447/1447 448/448/1448 442/442/1449
f 449/449/1450 447/447/1451 443/441/1452
f 445/445/1453 449/449/1454 443/441/1455
f 441/443/1456 450/450/1457 444/444/1458
f 444/444/1459 450/450/1460 446/446/1461
f 447/447/1462 451/451/1463 448/448/1464
f 449/449/1465 451/451/1466 447/447/1467
f 454/452/1468 453/453/1469 452/454/1470
f 455/455/1471 454/452/1472 452/454/1473
f 456/456/1474 454/452/1475 455/455/1476
f 457/457/1477 456/456/1478 455/455/1479
f 454/452/1480 458/458/1481 453/453/1482
f 458/458/1483 459/459/1484 453/453/1485
f 460/460/1486 458/458/1487 454/452/1488
f 456/456/1489 460/460/1490 454/452/1491
f 452/454/1492 461/461/1493 455/455/1494
f 455/455/1495 461/461/1496 457/457/1497
f 458/458/1498 462/462/1499 459/459/1500
f 460/460/1501 462/462/1502 458/458/1503
f 465/463/1504 464/464/1505 463/465/1506
f 466/466/1507 465/463/1508 463/465/1509
f 467/467/1510 465/463/1511 466/466/1512
f 468/468/1513 467/467/1514 466/466/1515
f 465/463/1516 469/469/1517 464/464/1518
f 469/469/1519 470/470/1520 464/464/1521
f 471/471/1522 469/469/1523 465/463/1524
f 467/467/1525 471/471/1526 465/463/1527
f 463/465/1528 472/472/1529 466/466/1530
f 466/466/1531 472/472/1532 468/468/1533
f 469/469/1534 473/473/1535 470/470/1536
f 471/471/1537 473/473/1538 469/469/1539
f 476/474/1540 475/475/1541 474/476/1542
f 477/477/1543 476/474/1544 474/476/1545
f 478/478/1546 476/474/1547 477/477/1548
f 479/479/1549 478/478/1550 477/477/1551
f 476/474/1552 480/480/1553 475/475/1554
f 480/480/1555 481/481/1556 475/475/1557
f 482/482/1558 480/480/1559 476/474/1560
f 478/478/1561 482/482/1562 476/474/1563
f 474/476/1564 483/483/1565 477/477/1566
f 477/477/1567 483/483/1568 479/479/1569
f 480/480/1570 484/484/1571 481/481/1572
f 482/482/1573 484/484/1574 480/480/1575
f 487/485/1576 486/486/1577 485/487/1578
f 488/488/1579 487/485/1580 485/487/1581
f 489/489/1582 487/485/1583 488/488/1584
f 490/490/1585 489/489/1586 488/488/1587
f 487/485/1588 491/491/1589 486/486/1590
f 491/491/1591 492/492/1592 486/486/1593
f 493/493/1594 491/491/1595 487/485/1596
f 489/489/1597 493/493/1598 487/485/1599
f 485/487/1600 494/494/1601 488/488/1602
f 488/488/1603 494/494/1604 490/490/1605
f 491/491/1606 495/495/1607 492/492/1608
f 493/493/1609 495/495/1610 491/491/1611
f 498/496/1612 497/497/1613 496/498/1614
f 499/499/1615 498/496/1616 496/498/1617
f 500/500/1618 498/496/1619 499/499/1620
f 501/501/1621 500/500/1622 499/499/1623
f 498/496/1624 502/502/1625 497/497/1626
f 502/502/1627 503/503/1628 497/497/1629
f 504/504/1630 502/502/1631 498/496/1632
f 500/500/1633 504/504/1634 498/496/1635
f 496/498/1636 505/505/1637 499/499/1638
f 499/499/1639 505/505/1640 501/501/1641
f 502/502/1642 506/506/1643 503/503/1644
f 504/504/1645 506/506/1646 502/502/1647
f 509/507/1648 508/508/1649 507/509/1650
f 510/510/1651 509/507/1652 507/509/1653
f 511/511/1654 509/507/1655 510/510/1656
f 512/512/1657 511/511/1658 510/510/1659
f 509/507/1660 513/513/1661 508/508/1662
f 513/513/1663 514/514/1664 508/508/1665
f 515/515/1666 513/513/1667 509/507/1668
f 511/511/1669 515/515/1670 509/507/1671
f 507/509/1672 516/516/1673 510/510/1674
f 510/510/1675 516/516/1676 512/512/1677
f 513/513/1678 517/517/1679 514/514/1680
f 515/515/1681 517/517/1682 513/513/1683
f 520/518/1684 519/519/1685 518/520/1686
f 521/521/1687 520/518/1688 518/520/1689
f 522/522/1690 520/518/1691 521/521/1692
f 523/523/1693 522/522/1694 521/521/1695
f 520/518/1696 524/524/1697 519/519/1698
f 524/524/1699 525/525/1700 519/519/1701
f 526/526/1702 524/524/1703 520/518/1704
f 522/522/1705 526/526/1706 520/518/1707
f 518/520/1708 527/527/1709 521/521/1710
f 521/521/1711 527/527/1712 523/523/1713
f 524/524/1714 528/528/1715 525/525/1716
f 526/526/1717 528/528/1718 524/524/1719
f 531/529/1720 530/530/1721 529/531/1722
f 532/532/1723 531/529/1724 529/531/1725
f 533/533/1726 531/529/1727 532/532/1728
f 534/534/1729 533/533/1730 532/532/1731
f 531/529/1732 535/535/1733 530/530/1734
f 535/535/1735 536/536/1736 530/530/1737
f 537/537/1738 535/535/1739 531/529/1740
f 533/533/1741 537/537/1738 531/529/1740
f 529/531/1742 538/538/1743 532/532/1744
f 532/532/1745 538/538/1746 534/534/1747
f 535/535/1748 539/539/1749 536/536/1750
f 537/537/1751 539/539/1752 535/535/1753
f 542/540/1754 541/541/1755 540/542/1756
f 543/543/1757 542/540/1758 540/542/1759
f 544/544/1760 542/540/1761 543/543/1762
f 545/545/1763 544/544/1760 543/543/1764
f 542/540/1765 546/546/1766 541/541/1767
f 546/546/1768 547/547/1769 541/541/1770
f 548/548/1771 546/546/1772 542/540/1773
f 544/544/1774 548/548/1775 542/540/1776
f 540/542/1777 549/549/1778 543/543/1779
f 543/543/1780 549/549/1781 545/545/1782
f 546/546/1783 550/550/1784 547/547/1785
f 548/548/1786 550/550/1787 546/546/1788
f 553/551/1789 552/552/1790 551/553/1791
f 554/554/1792 553/551/1793 551/553/1794
f 555/555/1795 553/551/1796 554/554/1797
f 556/556/1798 555/555/1799 554/554/1800
f 553/551/1801 557/557/1802 552/552/1803
f 557/557/1804 558/558/1805 552/552/1806
f 559/559/1807 557/557/1808 553/551/1809
f 555/555/1810 559/559/1811 553/551/1812
f 551/553/1813 560/560/1814 554/554/1815
f 554/554/1816 560/560/1817 556/556/1818
f 557/557/1819 561/561/1820 558/558/1821
f 559/559/1822 561/561/1823 557/557/1824
f 564/562/1825 563/563/1826 562/564/1827
f 565/565/1828 564/562/1829 562/564/1830
f 566/566/1831 564/562/1832 565/565/1833
f 567/567/1834 566/566/1835 565/565/1836
f 564/562/1837 568/568/1838 563/563/1839
f 568/568/1840 569/569/1841 563/563/1842
f 570/570/1843 568/568/1844 564/562/1845
f 566/566/1846 570/570/1847 564/562/1848
f 562/564/1849 571/571/1850 565/565/1851
f 565/565/1852 571/571/1853 567/567/1854
f 568/568/1855 572/572/1856 569/569/1857
f 570/570/1858 572/572/1859 568/568/1860
f 575/573/1861 574/574/1862 573/575/1863
f 576/576/1864 575/573/1865 573/575/1866
f 577/577/1867 575/573/1868 576/576/1869
f 578/578/1870 577/577/1871 576/576/1872
f 575/573/1873 579/579/1874 574/574/1875
f 579/579/1876 580/580/1877 574/574/1878
f 581/581/1879 579/579/1880 575/573/1881
f 577/577/1882 581/581/1883 575/573/1884
f 573/575/1885 582/582/1886 576/576/1887
f 576/576/1888 582/582/1889 578/578/1890
f 579/579/1891 583/583/1892 580/580/1893
f 581/581/1894 583/583/1895 579/579/1896
f 586/584/1897 585/585/1898 584/586/1899
f 587/587/1900 586/584/1901 584/586/1902
f 588/588/1903 586/584/1904 587/587/1905
f 589/589/1906 588/588/1907 587/587/1908
f 586/584/1909 590/590/1910 585/585/1911
f 590/590/1912 591/591/1913 585/585/1914
f 592/592/1915 590/590/1916 586/584/1917
f 588/588/1918 592/592/1919 586/584/1920
f 584/586/1921 593/593/1922 587/587/1923
f 587/587/1924 593/593/1925 589/589/1926
f 590/590/1927 594/594/1928 591/591/1929
f 592/592/1930 594/594/1931 590/590/1932
f 597/595/1933 596/596/1934 595/597/1935
f 598/598/1936 597/595/1937 595/597/1938
f 599/599/1939 597/595/1940 598/598/1941
f 600/600/1942 599/599/1943 598/598/1944
f 597/595/1945 601/601/1946 596/596/1947
f 601/601/1948 602/602/1949 596/596/1950
f 603/603/1951 601/601/1952 597/595/1953
f 599/599/1954 603/603/1955 597/595/1956
f 595/597/1957 604/604/1958 598/598/1959
f 598/598/1960 604/604/1961 600/600/1962
f 601/601/1963 605/605/1964 602/602/1965
f 603/603/1966 605/605/1967 601/601/1968
f 608/606/1969 607/607/1970 606/608/1971
f 609/609/1972 608/606/1973 606/608/1974
f 610/610/1975 608/606/1976 609/609/1977
f 611/611/1978 610/610/1979 609/609/1980
f 608/606/1981 612/612/1982 607/607/1983
f 612/612/1984 613/613/1985 607/607/1986
f 614/614/1987 612/612/1988 608/606/1989
f 610/610/1990 614/614/1991 608/606/1992
f 606/608/1993 615/615/1994 609/609/1995
f 609/609/1996 615/615/1997 611/611/1998
f 612/612/1999 616/616/2000 613/613/2001
f 614/614/2002 616/616/2003 612/612/2004
f 619/617/2005 618/618/2006 617/619/2007
f 620/620/2008 619/617/2009 617/619/2010
f 621/621/2011 619/617/2012 620/620/2013
f 622/622/2014 621/621/2015 620/620/2016
f 619/617/2017 623/623/2018 618/618/2019
f 623/623/2020 624/624/2021 618/618/2022
f 625/625/2023 623/623/2024 619/617/2025
f 621/621/2026 625/625/2027 619/617/2028
f 617/619/2029 626/626/2030 620/620/2031
f 620/620/2032 626/626/2033 622/622/2034
f 623/623/2035 627/627/2036 624/624/2037
f 625/625/2038 627/627/2039 623/623/2040
f 630/628/2041 629/629/2042 628/630/2043
f 631/631/2044 630/628/2045 628/630/2046
f 632/632/2047 630/628/2048 631/631/2049
f 633/633/2050 632/632/2051 631/631/2052
f 630/628/2053 634/634/2054 629/629/2055
f 634/634/2056 635/635/2057 629/629/2058
f 636/636/2059 634/634/2060 630/628/2061
f 632/632/2062 636/636/2063 630/628/2064
f 628/630/2065 637/637/2066 631/631/2067
f 631/631/2068 637/637/2069 633/633/2070
f 634/634/2071 638/638/2072 635/635/2073
f 636/636/2074 638/638/2075 634/634/2076
f 641/639/2077 640/640/2078 639/641/2079
f 642/642/2080 641/639/2081 639/641/2082
f 643/643/2083 641/639/2084 642/642/2085
f 644/644/2086 643/643/2087 642/642/2088
f 641/639/2089 645/645/2090 640/640/2091
f 645/645/2092 646/646/2093 640/640/2094
f 647/647/2095 645/645/2096 641/639/2097
f 643/643/2098 647/647/2099 641/639/2100
f 639/641/2101 648/648/2102 642/642/2103
f 642/642/2104 648/648/2105 644/644/2106
f 645/645/2107 649/649/2108 646/646/2109
f 647/647/2110 649/649/2111 645/645/2112
f 652/650/2113 651/651/2114 650/652/2115
f 653/653/2116 652/650/2117 650/652/2118
f 654/654/2119 652/650/2120 653/653/2121
f 655/655/2122 654/654/2123 653/653/2124
f 652/650/2125 656/656/2126 651/651/2127
f 656/656/2128 657/657/2129 651/651/2130
f 658/658/2131 656/656/2132 652/650/2133
f 654/654/2134 658/658/2135 652/650/2136
f 650/652/2137 659/659/2138 653/653/2139
f 653/653/2140 659/659/2141 655/655/2142
f 656/656/2143 660/660/2144 657/657/2145
f 658/658/2146 660/660/2147 656/656/2148
f 663/661/2149 662/662/2150 661/663/2151
f 664/664/2152 663/661/2153 661/663/2151
f 665/665/2154 663/661/2155 664/664/2156
f 666/666/2157 665/665/2158 664/664/2159
f 663/661/2160 667/667/2161 662/662/2162
f 667/667/2163 668/668/2164 662/662/2165
f 669/669/2166 667/667/2167 663/661/2168
f 665/665/2169 669/669/2166 663/661/2170
f 661/663/2171 670/670/2172 664/664/2173
f 664/664/2174 670/670/2175 666/666/2176
f 667/667/2177 671/671/2178 668/668/2179
f 669/669/2180 671/671/2181 667/667/2182
f 674/672/2183 673/673/2184 672/674/2185
f 675/675/2186 674/672/2187 672/674/2188
f 676/676/2189 674/672/2190 675/675/2191
f 677/677/2192 676/676/2193 675/675/2194
f 674/672/2195 678/678/2196 673/673/2197
f 678/678/2198 679/679/2199 673/673/2200
f 680/680/2201 678/678/2202 674/672/2203
f 676/676/2204 680/680/2205 674/672/2206
f 672/674/2207 681/681/2208 675/675/2209
f 675/675/2210 681/681/2211 677/677/2212
f 678/678/2213 682/682/2214 679/679/2215
f 680/680/2216 682/682/2217 678/678/2218
f 685/683/2219 684/684/2220 683/685/2221
f 686/686/2222 685/683/2223 683/685/2224
f 687/687/2225 685/683/2226 686/686/2227
f 688/688/2228 687/687/2229 686/686/2230
f 685/683/2231 689/689/2232 684/684/2233
f 689/689/2232 690/690/2234 684/684/2235
f 691/691/2236 689/689/2237 685/683/2238
f 687/687/2239 691/691/2240 685/683/2241
f 683/685/2242 692/692/2243 686/686/2244
f 686/686/2245 692/692/2246 688/688/2247
f 689/689/2248 693/693/2249 690/690/2250
f 691/691/2251 693/693/2252 689/689/2253
f 696/694/2254 695/695/2255 694/696/2256
f 697/697/2257 696/694/2258 694/696/2259
f 698/698/2260 696/694/2261 697/697/2262
f 699/699/2263 698/698/2264 697/697/2265
f 696/694/2266 700/700/2267 695/695/2268
f 700/700/2269 701/701/2270 695/695/2271
f 702/702/2272 700/700/2273 696/694/2274
f 698/698/2275 702/702/2276 696/694/2277
f 694/696/2278 703/703/2279 697/697/2280
f 697/697/2281 703/703/2282 699/699/2283
f 700/700/2284 704/704/2285 701/701/2286
f 702/702/2287 704/704/2288 700/700/2289
f 707/705/2290 706/706/2291 705/707/2292
f 708/708/2293 707/705/2294 705/707/2295
f 709/709/2296 707/705/2297 708/708/2298
f 710/710/2299 709/709/2300 708/708/2301
f 707/705/2302 711/711/2303 706/706/2304
f 711/711/2305 712/712/2306 706/706/2307
f 713/713/2308 711/711/2309 707/705/2310
f 709/709/2311 713/713/2312 707/705/2313
f 705/707/2314 714/714/2315 708/708/2316
f 708/708/2317 714/714/2318 710/710/2319
f 711/711/2320 715/715/2321 712/712/2322
f 713/713/2323 715/715/2324 711/711/2325
f 718/716/2326 717/717/2327 716/718/2328
f 719/719/2329 718/716/2330 716/718/2331
f 720/720/2332 718/716/2333 719/719/2334
f 721/721/2335 720/720/2336 719/719/2337
f 718/716/2338 722/722/2339 717/717/2340
f 722/722/2341 723/723/2342 717/717/2343
f 724/724/2344 722/722/2345 718/716/2346
f 720/720/2347 724/724/2348 718/716/2349
f 716/718/2350 725/725/2351 719/719/2352
f 719/719/2353 725/725/2354 721/721/2355
f 722/722/2356 726/726/2357 723/723/2358
f 724/724/2359 726/726/2360 722/722/2361
f 727/727/2362 728/728/2363 729/729/2364
f 730/730/2365 727/727/2366 729/729/2367
f 731/731/2368 727/727/2369 730/730/2370
f 732/732/2371 731/731/2372 730/730/2373
f 733/733/2374 731/731/2375 732/732/2376
f 734/734/2377 733/733/2378 732/732/2379
f 735/735/2380 733/733/2381 734/734/2382
f 736/736/2383 735/735/2384 734/734/2385
f 737/737/2386 735/735/2387 736/736/2388
f 738/738/2389 737/737/2390 736/736/2391
f 739/739/2392 737/737/2393 738/738/2394
f 740/740/2395 739/739/2396 738/738/2397
f 741/741/2398 739/739/2399 740/740/2400
f 742/742/2401 741/741/2402 740/740/2403
f 743/743/2404 741/741/2405 742/742/2406
f 744/744/2407 743/743/2408 742/742/2409
f 744/744/2410 745/745/2411 743/743/2412
f 745/745/2413 746/746/2414 743/743/2415
f 747/747/2416 746/746/2417 745/745/2418
f 748/748/2419 747/747/2420 745/745/2421
f 749/749/2422 747/747/2423 748/748/2424
f 750/750/2425 749/749/2426 748/748/2427
f 751/751/2428 749/749/2429 750/750/2430
f 752/752/2431 751/751/2432 750/750/2433
f 753/753/2434 751/751/2435 752/752/2436
f 754/754/2437 753/753/2438 752/752/2439
f 728/728/2440 753/753/2441 754/754/2442
f 729/729/2443 728/728/2444 754/754/2445
f 757/755/2446 756/756/2447 755/757/2448
f 758/758/2449 757/755/2450 755/757/2451
f 759/759/2452 757/755/2453 758/758/2454
f 760/760/2455 759/759/2456 758/758/2457
f 757/755/2458 761/761/2459 756/756/2460
f 761/761/2461 762/762/2462 756/756/2463
f 763/763/2464 761/761/2465 757/755/2466
f 759/759/2467 763/763/2468 757/755/2469
f 755/757/2470 764/764/2471 758/758/2472
f 758/758/2473 764/764/2474 760/760/2475
f 761/761/2476 765/765/2477 762/762/2478
f 763/763/2479 765/765/2480 761/761/2481
f 768/766/2482 767/767/2483 766/768/2484
f 769/769/2485 768/766/2486 766/768/2487
f 770/770/2488 768/766/2489 769/769/2490
f 771/771/2491 770/770/2492 769/769/2493
f 768/766/2494 772/772/2495 767/767/2496
f 772/772/2497 773/773/2498 767/767/2499
f 774/774/2500 772/772/2501 768/766/2502
f 770/770/2503 774/774/2504 768/766/2505
f 766/768/2506 775/775/2507 769/769/2508
f 769/769/2509 775/775/2510 771/771/2511
f 772/772/2512 776/776/2513 773/773/2514
f 774/774/2515 776/776/2516 772/772/2517
o 立方体
v 0.083649 0.082704 0.056942
v 0.083649 0.131171 0.056942
v 0.048890 0.082704 0.029557
v 0.048890 0.131171 0.029557
v 0.135832 0.073348 0.048034
v 0.135832 0.140527 0.048034
v 0.152244 0.073348 -0.004014
v 0.152244 0.140527 -0.004014
v 0.067021 0.074625 0.041700
v 0.094771 0.106938 0.064361
v 0.067021 0.139250 0.041700
v 0.041859 0.106938 0.025706
v 0.098715 0.077857 -0.006357
v 0.098715 0.136018 -0.006357
v 0.163093 0.106938 -0.018631
v 0.141846 0.062298 0.025425
v 0.141846 0.151577 0.025425
v 0.127404 0.106938 0.061589
v 0.106824 0.077857 0.043641
v 0.106824 0.136018 0.043641
v 0.209326 0.143561 0.032472
v 0.097957 0.106938 -0.019356
v 0.230849 0.154160 0.102280
v 0.107820 0.106938 0.056926
v 0.103274 0.067088 0.023294
v 0.103274 0.146787 0.023294
v 0.037028 0.085076 0.070558
v 0.055486 0.078133 0.071541
v 0.074265 0.085076 0.076860
v 0.088847 0.106938 0.077201
v 0.074265 0.128799 0.076860
v 0.055486 0.135742 0.071541
v 0.037028 0.128799 0.070558
v 0.030238 0.106938 0.072164
v 0.229071 0.106938 0.021771
v 0.209326 0.070315 0.032472
v 0.160074 0.070315 0.069483
v 0.182982 0.058684 0.051128
v 0.182982 0.155191 0.051128
v 0.160074 0.143561 0.069483
v 0.140803 0.106938 0.076933
v 0.206302 0.158189 0.150513
v 0.247231 0.106938 0.102627
v 0.230849 0.059716 0.102280
v 0.159582 0.059716 0.104077
v 0.198712 0.044720 0.103818
v 0.198712 0.169156 0.103818
v 0.159582 0.154160 0.104077
v 0.135393 0.106938 0.096755
v 0.051392 0.091181 0.102739
v 0.210793 0.106938 0.162111
v 0.206302 0.055686 0.150513
v 0.136146 0.055686 0.127438
v 0.164755 0.044460 0.149515
v 0.164755 0.169415 0.149515
v 0.136146 0.158189 0.127438
v 0.117957 0.106938 0.118524
v 0.147298 0.106938 0.164681
v 0.064931 0.088691 0.100693
v 0.077140 0.091181 0.092989
v 0.087177 0.106938 0.092493
v 0.077140 0.122694 0.092989
v 0.064931 0.125185 0.100693
v 0.051392 0.122694 0.102739
v 0.052096 0.106938 0.109850
v 0.072472 0.106938 0.111086
v 0.057431 0.076501 0.034755
v 0.075617 0.076501 0.049570
v 0.091235 0.093523 0.062301
v 0.091235 0.120352 0.062301
v 0.075617 0.137374 0.049570
v 0.057431 0.137374 0.034755
v 0.043592 0.120352 0.026607
v 0.043592 0.093523 0.026607
v 0.125065 0.075231 -0.010071
v 0.071333 0.080611 0.008731
v 0.071333 0.133265 0.008731
v 0.125065 0.138644 -0.010071
v 0.159460 0.125555 -0.014595
v 0.159460 0.088320 -0.014595
v 0.139190 0.064840 0.037624
v 0.146056 0.064840 0.010551
v 0.146056 0.149035 0.010551
v 0.139190 0.149035 0.037624
v 0.130465 0.125555 0.057345
v 0.130465 0.088320 0.057345
v 0.093947 0.080611 0.048661
v 0.121119 0.075231 0.043531
v 0.121119 0.138644 0.043531
v 0.093947 0.133265 0.048661
v 0.076963 0.130131 0.066613
v 0.057686 0.137544 0.055805
v 0.037624 0.130131 0.050167
v 0.029983 0.106938 0.049675
v 0.066604 0.106938 0.000022
v 0.097989 0.122863 -0.016027
v 0.129740 0.106938 -0.024818
v 0.097989 0.091013 -0.016027
v 0.163057 0.152610 0.034636
v 0.149677 0.141565 0.056584
v 0.135731 0.106938 0.068136
v 0.149677 0.072310 0.056584
v 0.117418 0.106938 0.057699
v 0.107597 0.122863 0.052608
v 0.100315 0.106938 0.059464
v 0.107597 0.091013 0.052608
v 0.100737 0.069761 0.008325
v 0.122338 0.064059 0.021664
v 0.105379 0.069761 0.034457
v 0.083560 0.071147 0.030378
v 0.100737 0.144114 0.008325
v 0.083560 0.142728 0.030378
v 0.105379 0.144114 0.034457
v 0.122338 0.149816 0.021664
v 0.045599 0.079690 0.070316
v 0.064772 0.079690 0.074345
v 0.084079 0.094780 0.077426
v 0.084079 0.119095 0.077426
v 0.064772 0.134186 0.074345
v 0.045599 0.134186 0.070316
v 0.031871 0.119095 0.071554
v 0.031871 0.094780 0.071554
v 0.075218 0.087959 0.086650
v 0.088740 0.106938 0.084227
v 0.075218 0.125916 0.086650
v 0.058929 0.131695 0.087470
v 0.090806 0.106938 0.070494
v 0.076963 0.083745 0.066613
v 0.057686 0.076331 0.055805
v 0.037624 0.083745 0.050167
v 0.222791 0.127304 0.024991
v 0.222791 0.086571 0.024991
v 0.171842 0.061291 0.060996
v 0.195474 0.061291 0.041442
v 0.195474 0.152584 0.041442
v 0.171842 0.152584 0.060996
v 0.147213 0.127304 0.075006
v 0.147213 0.086571 0.075006
v 0.226891 0.148117 0.065908
v 0.197062 0.161195 0.075771
v 0.164205 0.148117 0.086460
v 0.141156 0.106938 0.087222
v 0.182188 0.072310 0.009493
v 0.163057 0.061265 0.034636
v 0.198822 0.106938 -0.004030
v 0.182188 0.141565 0.009493
v 0.242429 0.133198 0.102429
v 0.242429 0.080677 0.102429
v 0.179283 0.048081 0.105047
v 0.216032 0.048081 0.102723
v 0.216032 0.165794 0.102723
v 0.179283 0.165794 0.105047
v 0.142712 0.133198 0.099667
v 0.142712 0.080677 0.099667
v 0.184387 0.038644 0.129616
v 0.220390 0.054860 0.132671
v 0.184387 0.175231 0.129616
v 0.146552 0.159015 0.118526
v 0.197062 0.052681 0.075771
v 0.164205 0.065758 0.086460
v 0.245593 0.106938 0.060377
v 0.226891 0.065758 0.065908
v 0.208923 0.138954 0.158327
v 0.208923 0.074921 0.158327
v 0.145784 0.047641 0.138993
v 0.187844 0.047641 0.153063
v 0.187844 0.166234 0.153063
v 0.145784 0.166234 0.138993
v 0.123943 0.138954 0.122593
v 0.123943 0.074921 0.122593
v 0.178633 0.106938 0.171636
v 0.151639 0.144036 0.161073
v 0.125716 0.106938 0.142523
v 0.151639 0.069839 0.161073
v 0.234910 0.106938 0.138104
v 0.124380 0.106938 0.104846
v 0.220390 0.159015 0.132671
v 0.146552 0.054860 0.118526
v 0.057626 0.089478 0.103515
v 0.071968 0.089478 0.096890
v 0.083383 0.097634 0.093159
v 0.083383 0.116241 0.093159
v 0.071968 0.124397 0.096890
v 0.057626 0.124397 0.103515
v 0.051975 0.116241 0.107898
v 0.051975 0.097634 0.107898
v 0.081211 0.106938 0.102398
v 0.070231 0.116612 0.108585
v 0.063025 0.106938 0.114853
v 0.070231 0.097264 0.108585
v 0.058929 0.082180 0.087470
v 0.043990 0.087959 0.090451
v 0.039498 0.106938 0.093966
v 0.043990 0.125916 0.090451
v 0.047020 0.078001 0.052055
v 0.086343 0.094048 0.069629
v 0.067451 0.135874 0.061337
v 0.031853 0.119828 0.049647
v 0.067759 0.092474 0.002202
v 0.067759 0.121401 0.002202
v 0.128073 0.124393 -0.020919
v 0.128073 0.089483 -0.020919
v 0.193410 0.087689 -0.000116
v 0.171511 0.063749 0.021799
v 0.156687 0.150126 0.046360
v 0.140591 0.087689 0.064722
v 0.118831 0.089483 0.053110
v 0.118831 0.124393 0.053110
v 0.098322 0.121401 0.056118
v 0.098322 0.092474 0.056118
v 0.077137 0.073455 0.019043
v 0.123124 0.066749 0.005738
v 0.122074 0.066749 0.033636
v 0.089083 0.073455 0.040150
v 0.123124 0.147126 0.005738
v 0.077137 0.140421 0.019043
v 0.089083 0.140421 0.040150
v 0.122074 0.147126 0.033636
v 0.040508 0.096304 0.092872
v 0.050786 0.083479 0.088743
v 0.084227 0.096304 0.085273
v 0.066876 0.130396 0.087165
v 0.031853 0.094048 0.049647
v 0.047020 0.135874 0.052055
v 0.086343 0.119828 0.069629
v 0.067451 0.078001 0.061337
v 0.239812 0.129838 0.062070
v 0.180976 0.055612 0.081896
v 0.212326 0.158263 0.070429
v 0.148419 0.129838 0.087544
v 0.140591 0.126187 0.064722
v 0.171511 0.150126 0.021799
v 0.156687 0.063749 0.046360
v 0.193410 0.126187 -0.000116
v 0.131069 0.136364 0.109721
v 0.230945 0.077511 0.136113
v 0.203967 0.042309 0.131367
v 0.164597 0.171566 0.125523
v 0.148419 0.084037 0.087544
v 0.180976 0.158263 0.081896
v 0.212326 0.055612 0.070429
v 0.239812 0.084037 0.062070
v 0.180161 0.071440 0.166771
v 0.180161 0.142435 0.166771
v 0.131272 0.142435 0.142865
v 0.131272 0.071440 0.142865
v 0.203967 0.171566 0.131367
v 0.164597 0.042309 0.125523
v 0.230945 0.136364 0.136113
v 0.131069 0.077511 0.109721
v 0.078117 0.097563 0.101445
v 0.078117 0.116312 0.101445
v 0.061753 0.116312 0.112170
v 0.061753 0.097563 0.112170
v 0.050786 0.130396 0.088743
v 0.084227 0.117571 0.085273
v 0.066876 0.083479 0.087165
v 0.040508 0.117571 0.092872
vn -0.6038 -0.6789 -0.4178
vn -0.3339 -0.9261 -0.1755
vn -0.3681 -0.9289 -0.0412
vn -0.7175 -0.6781 -0.1591
vn -0.1000 -0.9918 0.0797
vn -0.0621 -0.9941 0.0886
vn -0.0393 -0.9833 0.1775
vn -0.3606 -0.9178 0.1663
vn -0.7210 -0.6701 0.1764
vn 0.4012 -0.7645 0.5046
vn 0.6271 -0.4761 0.6165
vn 0.7548 -0.5229 0.3960
vn 0.5087 -0.7992 0.3202
vn 0.7416 -0.0000 0.6708
vn 0.8985 -0.0000 0.4390
vn 0.9845 -0.0000 0.1756
vn 0.8091 -0.5573 0.1866
vn 0.5548 -0.8061 0.2059
vn 0.4012 0.7645 0.5046
vn 0.1375 0.9373 0.3201
vn 0.2213 0.9515 0.2136
vn 0.5087 0.7992 0.3202
vn -0.1000 0.9918 0.0797
vn -0.0621 0.9941 0.0886
vn -0.0393 0.9833 0.1775
vn 0.2626 0.9432 0.2035
vn 0.5548 0.8061 0.2059
vn -0.6038 0.6789 -0.4178
vn -0.7735 0.3171 -0.5488
vn -0.9256 0.3132 -0.2127
vn -0.7175 0.6781 -0.1591
vn -0.8164 -0.0000 -0.5775
vn -0.9753 -0.0000 -0.2209
vn -0.9789 -0.0000 0.2044
vn -0.9313 0.3078 0.1948
vn -0.7210 0.6701 0.1764
vn -0.7735 -0.3171 -0.5488
vn -0.5885 -0.3426 -0.7323
vn -0.4683 -0.6938 -0.5471
vn -0.6236 -0.0000 -0.7817
vn -0.3458 -0.0000 -0.9383
vn -0.3328 -0.3784 -0.8638
vn -0.2862 -0.7193 -0.6330
vn -0.5885 0.3426 -0.7323
vn -0.4683 0.6938 -0.5471
vn -0.2862 0.7193 -0.6330
vn -0.3328 0.3784 -0.8638
vn -0.0009 0.4158 -0.9094
vn 0.0178 -0.0000 -0.9998
vn -0.0408 0.7468 -0.6637
vn 0.1607 0.7646 -0.6242
vn 0.2524 0.4515 -0.8558
vn 0.2930 -0.0000 -0.9561
vn -0.0009 -0.4158 -0.9094
vn -0.0408 -0.7468 -0.6637
vn 0.2524 -0.4515 -0.8558
vn 0.1607 -0.7646 -0.6242
vn 0.4510 -0.4817 -0.7514
vn 0.3049 -0.7717 -0.5582
vn 0.5307 -0.0000 -0.8476
vn 0.8027 -0.0000 -0.5964
vn 0.6866 -0.4805 -0.5456
vn 0.4683 -0.7598 -0.4510
vn -0.0684 -0.9976 -0.0091
vn 0.0485 -0.9420 -0.3322
vn 0.1337 -0.9380 -0.3198
vn -0.0568 -0.9974 -0.0441
vn 0.2103 -0.9252 -0.3159
vn -0.0763 -0.9883 -0.1317
vn -0.0684 0.9976 -0.0091
vn -0.2107 0.9109 0.3547
vn -0.2819 0.9265 0.2493
vn -0.0568 0.9974 -0.0441
vn -0.3463 0.7014 0.6229
vn -0.4938 0.7372 0.4612
vn -0.6319 0.7592 0.1559
vn -0.3724 0.9270 0.0454
vn -0.0763 0.9883 -0.1317
vn -0.4891 -0.0000 0.8722
vn -0.4413 -0.4449 0.7793
vn -0.6550 -0.4732 0.5891
vn -0.7455 -0.0000 0.6665
vn -0.3463 -0.7014 0.6229
vn -0.4938 -0.7372 0.4612
vn -0.6319 -0.7592 0.1559
vn -0.8373 -0.4967 0.2287
vn -0.9602 -0.0000 0.2793
vn -0.2194 -0.4314 0.8751
vn -0.2027 -0.6784 0.7062
vn -0.2233 -0.0000 0.9747
vn 0.1240 -0.0000 0.9923
vn 0.0797 -0.4317 0.8985
vn 0.0023 -0.6795 0.7337
vn -0.4413 0.4449 0.7793
vn -0.2194 0.4314 0.8751
vn -0.2027 0.6784 0.7062
vn 0.0023 0.6795 0.7337
vn 0.0797 0.4317 0.8985
vn 0.4005 0.4430 0.8021
vn 0.4907 -0.0000 0.8713
vn 0.2256 0.7115 0.6655
vn 0.6271 0.4761 0.6165
vn 0.4005 -0.4430 0.8021
vn 0.2256 -0.7115 0.6655
vn -0.2984 -0.9220 -0.2465
vn -0.2208 -0.9251 -0.3090
vn -0.1646 -0.9854 0.0435
vn -0.1507 -0.9853 0.0806
vn -0.0831 -0.9363 -0.3413
vn -0.1235 -0.9923 0.0068
vn -0.1674 -0.8963 0.4105
vn -0.0880 -0.8910 0.4454
vn -0.2107 -0.9109 0.3547
vn 0.0241 -0.9065 0.4215
vn 0.1375 -0.9373 0.3201
vn -0.0831 0.9363 -0.3413
vn 0.0485 0.9420 -0.3322
vn -0.2208 0.9251 -0.3090
vn -0.1646 0.9854 0.0435
vn -0.1235 0.9923 0.0068
vn -0.2984 0.9220 -0.2465
vn -0.3339 0.9261 -0.1755
vn -0.1507 0.9853 0.0806
vn 0.0241 0.9065 0.4215
vn -0.0880 0.8910 0.4454
vn -0.1674 0.8963 0.4105
vn -0.9313 -0.3078 0.1948
vn -0.8233 -0.2886 0.4888
vn -0.8601 -0.0000 0.5101
vn -0.6253 -0.6524 0.4282
vn -0.4957 -0.6311 0.5966
vn -0.5580 -0.3543 0.7504
vn -0.5997 -0.0000 0.8002
vn -0.2661 -0.8940 0.3606
vn 0.0371 -0.9461 0.3217
vn 0.2173 -0.8357 0.5043
vn -0.1103 -0.7929 0.5993
vn 0.8278 -0.5463 0.1281
vn 0.5759 -0.7924 0.2010
vn 0.9946 -0.0000 0.1035
vn 0.9414 -0.0000 0.3372
vn 0.7979 -0.5050 0.3292
vn 0.6084 -0.7340 0.3020
vn 0.3147 0.9066 0.2811
vn 0.5759 0.7924 0.2010
vn 0.0371 0.9461 0.3217
vn 0.2173 0.8357 0.5043
vn 0.4397 0.7938 0.4202
vn 0.6084 0.7340 0.3020
vn -0.9256 -0.3132 -0.2127
vn -0.3681 0.9289 -0.0412
vn -0.3606 0.9178 0.1663
vn 0.7548 0.5229 0.3960
vn 0.8091 0.5573 0.1866
vn 0.2213 -0.9515 0.2136
vn 0.2626 -0.9432 0.2035
vn 0.6866 0.4805 -0.5456
vn 0.8704 0.4229 -0.2522
vn 0.9705 -0.0000 -0.2410
vn 0.4683 0.7598 -0.4510
vn 0.6453 0.7106 -0.2803
vn 0.7549 0.6558 -0.0019
vn 0.9338 0.3459 0.0919
vn 0.9915 -0.0000 0.1303
vn -0.3724 -0.9270 0.0454
vn -0.3772 -0.9037 -0.2024
vn -0.6346 -0.7408 -0.2202
vn -0.0491 -0.9716 -0.2316
vn 0.0186 -0.9722 -0.2332
vn -0.2944 -0.8829 -0.3658
vn -0.5050 -0.7012 -0.5033
vn 0.2103 0.9252 -0.3159
vn 0.3209 0.9055 -0.2776
vn -0.0491 0.9716 -0.2316
vn 0.0186 0.9722 -0.2332
vn 0.4171 0.9015 -0.1151
vn -0.8373 0.4967 0.2287
vn -0.8383 0.4865 -0.2463
vn -0.6346 0.7408 -0.2202
vn -0.9668 -0.0000 -0.2556
vn -0.7394 -0.0000 -0.6732
vn -0.6519 0.4470 -0.6126
vn -0.5050 0.7012 -0.5033
vn -0.6550 0.4732 0.5891
vn 0.1337 0.9380 -0.3198
vn 0.3049 0.7717 -0.5582
vn -0.2819 -0.9265 0.2493
vn 0.4510 0.4817 -0.7514
vn -0.6633 0.4156 -0.6224
vn -0.4758 0.7185 -0.5073
vn -0.7607 -0.0000 -0.6491
vn -0.9936 -0.0000 -0.1133
vn -0.9113 0.3926 -0.1245
vn -0.7166 0.6795 -0.1573
vn 0.7549 -0.6558 -0.0019
vn 0.9338 -0.3459 0.0919
vn 0.8296 -0.2887 0.4780
vn 0.6973 -0.6223 0.3558
vn 0.8524 -0.0000 0.5229
vn 0.5149 -0.0000 0.8573
vn 0.5113 -0.2624 0.8183
vn 0.4986 -0.5488 0.6710
vn 0.4171 -0.9015 -0.1151
vn 0.3611 -0.9116 0.1967
vn -0.0028 -0.9999 0.0168
vn 0.1740 -0.7128 0.6794
vn -0.2186 -0.8071 0.5484
vn -0.2944 0.8829 -0.3658
vn -0.2850 0.9299 -0.2326
vn -0.0028 0.9999 0.0168
vn -0.5578 0.7980 0.2282
vn -0.2186 0.8071 0.5484
vn -0.8383 -0.4865 -0.2463
vn -0.6519 -0.4470 -0.6126
vn -0.3772 0.9037 -0.2024
vn 0.3209 -0.9055 -0.2776
vn 0.6453 -0.7106 -0.2803
vn 0.8704 -0.4229 -0.2522
vn 0.0530 -0.2961 0.9537
vn 0.0369 -0.0000 0.9993
vn -0.4770 -0.0000 0.8789
vn -0.4214 -0.3294 0.8449
vn 0.5113 0.2624 0.8183
vn 0.0530 0.2961 0.9537
vn 0.4986 0.5488 0.6710
vn 0.1740 0.7128 0.6794
vn -0.4214 0.3294 0.8449
vn -0.7952 0.3335 0.5064
vn -0.8546 -0.0000 0.5193
vn -0.7952 -0.3335 0.5064
vn -0.5578 -0.7980 0.2282
vn -0.9113 -0.3926 -0.1245
vn -0.7166 -0.6795 -0.1573
vn 0.3611 0.9116 0.1967
vn 0.6973 0.6223 0.3558
vn -0.2850 -0.9299 -0.2326
vn -0.4758 -0.7185 -0.5073
vn 0.8296 0.2887 0.4780
vn -0.6633 -0.4156 -0.6224
vn 0.6561 -0.5035 0.5622
vn 0.4397 -0.7938 0.4202
vn 0.7843 -0.0000 0.6203
vn 0.5486 -0.0000 0.8361
vn 0.4389 -0.5329 0.7234
vn 0.7979 0.5050 0.3292
vn 0.6561 0.5035 0.5622
vn 0.4389 0.5329 0.7234
vn -0.0214 0.4813 0.8763
vn 0.0116 -0.0000 0.9999
vn -0.1103 0.7929 0.5993
vn -0.4957 0.6311 0.5966
vn -0.5580 0.3543 0.7504
vn -0.0214 -0.4813 0.8763
vn -0.2661 0.8940 0.3606
vn -0.6253 0.6524 0.4282
vn 0.8278 0.5463 0.1281
vn 0.3147 -0.9066 0.2811
vn -0.8233 0.2886 0.4888
vt 0.078432 0.282855
vt 0.094019 0.273370
vt 0.075018 0.241797
vt 0.057871 0.245243
vt 0.111521 0.260695
vt 0.094484 0.234954
vt 0.090468 0.206235
vt 0.072426 0.208471
vt 0.056784 0.208029
vt 0.141866 0.232878
vt 0.155711 0.223098
vt 0.146783 0.209723
vt 0.129664 0.215228
vt 0.162165 0.219339
vt 0.154929 0.208146
vt 0.151354 0.195906
vt 0.142652 0.195495
vt 0.124741 0.196527
vt 0.127208 0.246332
vt 0.112306 0.224856
vt 0.107417 0.201117
vt 0.068763 0.288240
vt 0.047339 0.246191
vt 0.065600 0.289884
vt 0.043927 0.246140
vt 0.044391 0.205098
vt 0.047372 0.206210
vt 0.056784 0.208029
vt 0.112867 0.332778
vt 0.119391 0.320863
vt 0.110759 0.336757
vt 0.167980 0.372123
vt 0.168037 0.366046
vt 0.169362 0.348399
vt 0.222942 0.374975
vt 0.225984 0.382090
vt 0.217452 0.355178
vt 0.267053 0.344123
vt 0.280222 0.363434
vt 0.286853 0.370799
vt 0.342181 0.337009
vt 0.321702 0.319474
vt 0.352059 0.344153
vt 0.407264 0.297065
vt 0.395804 0.291188
vt 0.371229 0.277537
vt 0.248077 0.290397
vt 0.255761 0.317542
vt 0.302217 0.297015
vt 0.286788 0.273587
vt 0.345949 0.261166
vt 0.323151 0.243488
vt 0.243230 0.268134
vt 0.275163 0.252190
vt 0.237103 0.249135
vt 0.262370 0.233531
vt 0.281344 0.209990
vt 0.302820 0.225479
vt 0.221721 0.224397
vt 0.227307 0.232142
vt 0.245786 0.218679
vt 0.236917 0.212450
vt 0.257871 0.199912
vt 0.246174 0.196394
vt 0.206074 0.239872
vt 0.210251 0.257353
vt 0.203496 0.231497
vt 0.185980 0.232906
vt 0.185573 0.240787
vt 0.184161 0.257153
vt 0.168645 0.234382
vt 0.172282 0.228275
vt 0.160661 0.247992
vt 0.129982 0.302044
vt 0.173053 0.321604
vt 0.177683 0.294285
vt 0.141705 0.281358
vt 0.213909 0.326325
vt 0.212476 0.297260
vt 0.211994 0.275412
vt 0.181524 0.273914
vt 0.151784 0.263524
vt 0.094019 0.273370
vt 0.063134 0.167306
vt 0.061292 0.165310
vt 0.069488 0.171723
vt 0.082998 0.149297
vt 0.084062 0.139882
vt 0.084283 0.136320
vt 0.081892 0.174840
vt 0.096754 0.177163
vt 0.107707 0.153032
vt 0.094375 0.147881
vt 0.142921 0.181174
vt 0.126481 0.178660
vt 0.151157 0.183082
vt 0.148305 0.167997
vt 0.141381 0.166782
vt 0.129988 0.167092
vt 0.111255 0.177721
vt 0.120549 0.159972
vt 0.426867 0.223520
vt 0.437417 0.226610
vt 0.403286 0.216516
vt 0.410509 0.150136
vt 0.431642 0.149863
vt 0.440406 0.149502
vt 0.302820 0.225479
vt 0.319490 0.187337
vt 0.288882 0.179008
vt 0.348848 0.198515
vt 0.351858 0.147330
vt 0.316400 0.145086
vt 0.280447 0.146856
vt 0.376704 0.208264
vt 0.348848 0.198515
vt 0.383467 0.149327
vt 0.260072 0.177030
vt 0.246817 0.177617
vt 0.236301 0.160218
vt 0.249657 0.154905
vt 0.302217 0.297015
vt 0.228410 0.136555
vt 0.256665 0.120487
vt 0.216202 0.145452
vt 0.204479 0.120490
vt 0.215405 0.113063
vt 0.237675 0.104223
vt 0.431642 0.149863
vt 0.410683 0.088389
vt 0.391422 0.094671
vt 0.417920 0.084757
vt 0.373907 0.040944
vt 0.370494 0.047848
vt 0.365710 0.062110
vt 0.383467 0.149327
vt 0.361448 0.097051
vt 0.325716 0.100247
vt 0.332024 0.057455
vt 0.289886 0.063930
vt 0.316400 0.145086
vt 0.289597 0.107717
vt 0.325716 0.100247
vt 0.255265 0.083134
vt 0.260072 0.177030
vt 0.319490 0.187337
vt 0.318003 0.032440
vt 0.315215 0.023560
vt 0.258027 0.036253
vt 0.265950 0.042838
vt 0.370494 0.047848
vt 0.318003 0.032440
vt 0.228780 0.076067
vt 0.218641 0.076692
vt 0.228780 0.076067
vt 0.289597 0.107717
vt 0.256665 0.120487
vt 0.131771 0.151659
vt 0.137417 0.149921
vt 0.121468 0.134064
vt 0.117379 0.138629
vt 0.141381 0.166782
vt 0.101907 0.132086
vt 0.104228 0.127190
vt 0.081892 0.174840
s 1
usemtl 材质.006
f 779/777/2518 843/778/2519 971/779/2520 906/780/2521
f 843/778/2519 785/781/2522 905/782/2523 971/779/2520
f 971/779/2520 905/782/2523 804/783/2524 891/784/2525
f 906/780/2521 971/779/2520 891/784/2525 803/785/2526
f 777/786/2527 845/787/2528 972/788/2529 904/789/2530
f 845/787/2528 786/790/2531 903/791/2532 972/788/2529
f 972/788/2529 903/791/2532 806/792/2533 893/793/2534
f 904/789/2530 972/788/2529 893/793/2534 805/794/2535
f 778/786/2536 847/795/2537 973/796/2538 867/789/2539
f 847/795/2537 787/781/2540 868/782/2541 973/796/2538
f 973/796/2538 868/782/2541 808/783/2542 895/797/2543
f 867/789/2539 973/796/2538 895/797/2543 807/794/2544
f 780/777/2545 849/798/2546 974/799/2547 869/780/2548
f 849/798/2546 788/800/2549 870/801/2550 974/799/2547
f 974/799/2547 870/801/2550 810/802/2551 897/803/2552
f 869/780/2548 974/799/2547 897/803/2552 809/804/2553
f 779/777/2518 850/798/2554 975/805/2555 852/806/2556
f 850/798/2554 788/800/2549 871/807/2557 975/805/2555
f 975/805/2555 871/807/2557 798/808/2558 874/809/2559
f 852/806/2556 975/805/2555 874/809/2559 789/810/2560
f 788/800/2549 849/798/2546 976/805/2561 871/807/2557
f 849/798/2546 780/777/2545 853/806/2562 976/805/2561
f 976/805/2561 853/806/2562 790/810/2563 872/809/2564
f 871/807/2557 976/805/2561 872/809/2564 798/808/2558
f 798/808/2558 872/809/2564 977/811/2565 873/812/2566
f 872/809/2564 790/810/2563 854/813/2567 977/811/2565
f 977/811/2565 854/813/2567 784/814/2568 855/815/2569
f 873/812/2566 977/811/2565 855/815/2569 791/816/2570
f 789/810/2560 874/809/2559 978/811/2571 851/813/2572
f 874/809/2559 798/808/2558 873/812/2566 978/811/2571
f 978/811/2571 873/812/2566 791/816/2570 856/815/2573
f 851/813/2572 978/811/2571 856/815/2573 783/814/2574
f 783/814/2574 856/815/2573 979/817/2575 919/818/2576
f 856/815/2573 791/816/2570 921/819/2577 979/817/2575
f 979/817/2575 921/819/2577 811/820/2578 908/821/2579
f 919/818/2576 979/817/2575 908/821/2579 812/822/2580
f 792/823/2581 858/824/2582 980/825/2583 920/826/2584
f 858/824/2582 783/814/2574 919/818/2576 980/825/2583
f 980/825/2583 919/818/2576 812/822/2580 910/827/2585
f 920/826/2584 980/825/2583 910/827/2585 814/828/2586
f 793/823/2587 860/829/2588 981/830/2589 875/826/2590
f 860/829/2588 782/831/2591 876/832/2592 981/830/2589
f 981/830/2589 876/832/2592 816/833/2593 912/834/2594
f 875/826/2590 981/830/2589 912/834/2594 815/828/2595
f 794/835/2596 862/836/2597 982/837/2598 877/838/2599
f 862/836/2597 781/831/2600 878/832/2601 982/837/2598
f 982/837/2598 878/832/2601 813/833/2602 914/839/2603
f 877/838/2599 982/837/2598 914/839/2603 817/840/2604
f 781/831/2600 862/836/2597 983/841/2605 864/842/2606
f 862/836/2597 794/835/2596 879/843/2607 983/841/2605
f 983/841/2605 879/843/2607 800/844/2608 882/845/2609
f 864/842/2606 983/841/2605 882/845/2609 795/846/2610
f 794/835/2596 861/836/2611 984/841/2612 879/843/2607
f 861/836/2611 782/831/2591 865/842/2613 984/841/2612
f 984/841/2612 865/842/2613 796/846/2614 880/845/2615
f 879/843/2607 984/841/2612 880/845/2615 800/844/2608
f 800/844/2608 880/845/2615 985/847/2616 881/848/2617
f 880/845/2615 796/846/2614 866/849/2618 985/847/2616
f 985/847/2616 866/849/2618 778/786/2536 846/787/2619
f 881/848/2617 985/847/2616 846/787/2619 786/790/2531
f 795/846/2610 882/845/2609 986/847/2620 863/849/2621
f 882/845/2609 800/844/2608 881/848/2617 986/847/2620
f 986/847/2620 881/848/2617 786/790/2531 845/787/2528
f 863/849/2621 986/847/2620 845/787/2528 777/786/2527
f 779/777/2518 852/806/2556 987/850/2622 843/778/2519
f 852/806/2556 789/810/2560 883/851/2623 987/850/2622
f 987/850/2622 883/851/2623 801/852/2624 886/853/2625
f 843/778/2519 987/850/2622 886/853/2625 785/781/2522
f 789/810/2560 851/813/2572 988/854/2626 883/851/2623
f 851/813/2572 783/814/2574 858/824/2582 988/854/2626
f 988/854/2626 858/824/2582 792/823/2581 884/855/2627
f 883/851/2623 988/854/2626 884/855/2627 801/852/2624
f 801/852/2624 884/855/2627 989/856/2628 885/857/2629
f 884/855/2627 792/823/2581 857/829/2630 989/856/2628
f 989/856/2628 857/829/2630 781/831/2600 864/842/2606
f 885/857/2629 989/856/2628 864/842/2606 795/846/2610
f 785/781/2522 886/853/2625 990/858/2631 844/795/2632
f 886/853/2625 801/852/2624 885/857/2629 990/858/2631
f 990/858/2631 885/857/2629 795/846/2610 863/849/2621
f 844/795/2632 990/858/2631 863/849/2621 777/786/2527
f 784/814/2568 854/813/2567 991/854/2633 859/824/2634
f 854/813/2567 790/810/2563 887/851/2635 991/854/2633
f 991/854/2633 887/851/2635 802/852/2636 890/855/2637
f 859/824/2634 991/854/2633 890/855/2637 793/823/2587
f 790/810/2563 853/806/2562 992/850/2638 887/851/2635
f 853/806/2562 780/777/2545 848/859/2639 992/850/2638
f 992/850/2638 848/859/2639 787/781/2540 888/853/2640
f 887/851/2635 992/850/2638 888/853/2640 802/852/2636
f 802/852/2636 888/853/2640 993/858/2641 889/857/2642
f 888/853/2640 787/781/2540 847/795/2537 993/858/2641
f 993/858/2641 847/795/2537 778/786/2536 866/849/2618
f 889/857/2642 993/858/2641 866/849/2618 796/846/2614
f 793/823/2587 890/855/2637 994/856/2643 860/829/2588
f 890/855/2637 802/852/2636 889/857/2642 994/856/2643
f 994/856/2643 889/857/2642 796/846/2614 865/842/2613
f 860/829/2588 994/856/2643 865/842/2613 782/831/2591
f 810/802/2551 898/803/2644 995/860/2645 969/861/2646
f 898/803/2644 803/785/2526 968/862/2647 995/860/2645
f 995/860/2645 968/862/2647 826/863/2648 962/864/2649
f 969/861/2646 995/860/2645 962/864/2649 841/865/2650
f 803/785/2526 891/784/2525 996/866/2651 968/862/2647
f 891/784/2525 804/783/2524 967/867/2652 996/866/2651
f 996/866/2651 967/867/2652 835/868/2653 955/869/2654
f 968/862/2647 996/866/2651 955/869/2654 826/863/2648
f 805/794/2535 893/793/2534 997/870/2655 899/871/2656
f 893/793/2534 806/792/2533 900/872/2657 997/870/2655
f 997/870/2655 900/872/2657 837/873/2658 957/874/2659
f 899/871/2656 997/870/2655 957/874/2659 836/875/2660
f 807/794/2544 895/797/2543 998/876/2661 901/871/2662
f 895/797/2543 808/783/2542 902/867/2663 998/876/2661
f 998/876/2661 902/867/2663 839/868/2664 959/877/2665
f 901/871/2662 998/876/2661 959/877/2665 838/875/2666
f 788/800/2549 850/798/2554 999/799/2667 870/801/2550
f 850/798/2554 779/777/2518 906/780/2521 999/799/2667
f 999/799/2667 906/780/2521 803/785/2526 898/803/2644
f 870/801/2550 999/799/2667 898/803/2644 810/802/2551
f 787/781/2540 848/859/2639 1000/779/2668 868/782/2541
f 848/859/2639 780/777/2545 869/780/2548 1000/779/2668
f 1000/779/2668 869/780/2548 809/804/2553 896/784/2669
f 868/782/2541 1000/779/2668 896/784/2669 808/783/2542
f 786/790/2531 846/787/2619 1001/788/2670 903/791/2532
f 846/787/2619 778/786/2536 867/789/2539 1001/788/2670
f 1001/788/2670 867/789/2539 807/794/2544 894/793/2671
f 903/791/2532 1001/788/2670 894/793/2671 806/792/2533
f 785/781/2522 844/795/2632 1002/796/2672 905/782/2523
f 844/795/2632 777/786/2527 904/789/2530 1002/796/2672
f 1002/796/2672 904/789/2530 805/794/2535 892/797/2673
f 905/782/2523 1002/796/2672 892/797/2673 804/783/2524
f 811/820/2578 907/821/2674 1003/878/2675 937/879/2676
f 907/821/2674 797/822/2677 915/880/2678 1003/878/2675
f 1003/878/2675 915/880/2678 799/881/2679 923/882/2680
f 937/879/2676 1003/878/2675 923/882/2680 819/883/2681
f 813/833/2602 909/884/2682 1004/885/2683 936/886/2684
f 909/884/2682 814/828/2586 935/887/2685 1004/885/2683
f 1004/885/2683 935/887/2685 822/888/2686 925/889/2687
f 936/886/2684 1004/885/2683 925/889/2687 821/890/2688
f 797/822/2677 911/827/2689 1005/891/2690 915/880/2678
f 911/827/2689 815/828/2595 916/892/2691 1005/891/2690
f 1005/891/2690 916/892/2691 823/888/2692 927/893/2693
f 915/880/2678 1005/891/2690 927/893/2693 799/881/2679
f 816/833/2593 913/839/2694 1006/894/2695 917/886/2696
f 913/839/2694 817/840/2604 918/895/2697 1006/894/2695
f 1006/894/2695 918/895/2697 825/896/2698 929/897/2699
f 917/886/2696 1006/894/2695 929/897/2699 824/890/2700
f 782/831/2591 861/836/2611 1007/837/2701 876/832/2592
f 861/836/2611 794/835/2596 877/838/2599 1007/837/2701
f 1007/837/2701 877/838/2599 817/840/2604 913/839/2694
f 876/832/2592 1007/837/2701 913/839/2694 816/833/2593
f 784/814/2568 859/824/2634 1008/898/2702 922/818/2703
f 859/824/2634 793/823/2587 875/826/2590 1008/898/2702
f 1008/898/2702 875/826/2590 815/828/2595 911/827/2689
f 922/818/2703 1008/898/2702 911/827/2689 797/822/2677
f 781/831/2600 857/829/2630 1009/830/2704 878/832/2601
f 857/829/2630 792/823/2581 920/826/2584 1009/830/2704
f 1009/830/2704 920/826/2584 814/828/2586 909/884/2682
f 878/832/2601 1009/830/2704 909/884/2682 813/833/2602
f 791/816/2570 855/815/2569 1010/817/2705 921/819/2577
f 855/815/2569 784/814/2568 922/818/2703 1010/817/2705
f 1010/817/2705 922/818/2703 797/822/2677 907/821/2674
f 921/819/2577 1010/817/2705 907/821/2674 811/820/2578
f 824/890/2700 929/897/2699 1011/899/2706 934/900/2707
f 929/897/2699 825/896/2698 952/901/2708 1011/899/2706
f 1011/899/2706 952/901/2708 833/902/2709 945/903/2710
f 934/900/2707 1011/899/2706 945/903/2710 832/904/2711
f 820/881/2712 924/905/2713 1012/906/2714 932/907/2715
f 924/905/2713 819/883/2681 951/908/2716 1012/906/2714
f 1012/906/2714 951/908/2716 827/909/2717 940/910/2718
f 932/907/2715 1012/906/2714 940/910/2718 828/911/2719
f 822/888/2686 926/912/2720 1013/913/2721 931/914/2722
f 926/912/2720 820/881/2712 932/907/2715 1013/913/2721
f 1013/913/2721 932/907/2715 828/911/2719 942/915/2723
f 931/914/2722 1013/913/2721 942/915/2723 830/916/2724
f 823/888/2692 928/917/2725 1014/918/2726 933/919/2727
f 928/917/2725 824/890/2700 934/900/2707 1014/918/2726
f 1014/918/2726 934/900/2707 832/904/2711 944/920/2728
f 933/919/2727 1014/918/2726 944/920/2728 831/916/2729
f 817/840/2604 914/839/2603 1015/921/2730 918/895/2697
f 914/839/2603 813/833/2602 936/886/2684 1015/921/2730
f 1015/921/2730 936/886/2684 821/890/2688 930/897/2731
f 918/895/2697 1015/921/2730 930/897/2731 825/896/2698
f 815/828/2595 912/834/2594 1016/922/2732 916/892/2691
f 912/834/2594 816/833/2593 917/886/2696 1016/922/2732
f 1016/922/2732 917/886/2696 824/890/2700 928/917/2725
f 916/892/2691 1016/922/2732 928/917/2725 823/888/2692
f 814/828/2586 910/827/2585 1017/891/2733 935/887/2685
f 910/827/2585 812/822/2580 938/880/2734 1017/891/2733
f 1017/891/2733 938/880/2734 820/881/2712 926/912/2720
f 935/887/2685 1017/891/2733 926/912/2720 822/888/2686
f 812/822/2580 908/821/2579 1018/878/2735 938/880/2734
f 908/821/2579 811/820/2578 937/879/2676 1018/878/2735
f 1018/878/2735 937/879/2676 819/883/2681 924/905/2713
f 938/880/2734 1018/878/2735 924/905/2713 820/881/2712
f 828/911/2719 940/910/2718 1019/923/2736 942/915/2723
f 940/910/2718 827/909/2717 947/924/2737 1019/923/2736
f 1019/923/2736 947/924/2737 834/925/2738 950/926/2739
f 942/915/2723 1019/923/2736 950/926/2739 830/916/2724
f 827/909/2717 939/927/2740 1020/928/2741 947/924/2737
f 939/927/2740 818/911/2742 943/915/2743 1020/928/2741
f 1020/928/2741 943/915/2743 831/916/2729 948/926/2744
f 947/924/2737 1020/928/2741 948/926/2744 834/925/2738
f 834/925/2738 948/926/2744 1021/929/2745 949/930/2746
f 948/926/2744 831/916/2729 944/920/2728 1021/929/2745
f 1021/929/2745 944/920/2728 832/904/2711 945/903/2710
f 949/930/2746 1021/929/2745 945/903/2710 833/902/2709
f 830/916/2724 950/926/2739 1022/931/2747 941/920/2748
f 950/926/2739 834/925/2738 949/930/2746 1022/931/2747
f 1022/931/2747 949/930/2746 833/902/2709 946/903/2749
f 941/920/2748 1022/931/2747 946/903/2749 829/904/2750
f 799/881/2679 927/893/2693 1023/913/2751 953/907/2752
f 927/893/2693 823/888/2692 933/919/2727 1023/913/2751
f 1023/913/2751 933/919/2727 831/916/2729 943/915/2743
f 953/907/2752 1023/913/2751 943/915/2743 818/911/2742
f 821/890/2688 925/889/2687 1024/932/2753 954/933/2754
f 925/889/2687 822/888/2686 931/914/2722 1024/932/2753
f 1024/932/2753 931/914/2722 830/916/2724 941/920/2748
f 954/933/2754 1024/932/2753 941/920/2748 829/904/2750
f 819/883/2681 923/882/2680 1025/906/2755 951/908/2716
f 923/882/2680 799/881/2679 953/907/2752 1025/906/2755
f 1025/906/2755 953/907/2752 818/911/2742 939/927/2740
f 951/908/2716 1025/906/2755 939/927/2740 827/909/2717
f 825/896/2698 930/897/2731 1026/899/2756 952/901/2708
f 930/897/2731 821/890/2688 954/933/2754 1026/899/2756
f 1026/899/2756 954/933/2754 829/904/2750 946/903/2749
f 952/901/2708 1026/899/2756 946/903/2749 833/902/2709
f 836/875/2660 957/874/2659 1027/934/2757 956/877/2758
f 957/874/2659 837/873/2658 963/935/2759 1027/934/2757
f 1027/934/2757 963/935/2759 842/936/2760 966/937/2761
f 956/877/2758 1027/934/2757 966/937/2761 835/868/2653
f 837/873/2658 958/938/2762 1028/934/2763 963/935/2759
f 958/938/2762 838/875/2666 959/877/2665 1028/934/2763
f 1028/934/2763 959/877/2665 839/868/2664 964/937/2764
f 963/935/2759 1028/934/2763 964/937/2764 842/936/2760
f 842/936/2760 964/937/2764 1029/939/2765 965/940/2766
f 964/937/2764 839/868/2664 960/869/2767 1029/939/2765
f 1029/939/2765 960/869/2767 840/863/2768 961/864/2769
f 965/940/2766 1029/939/2765 961/864/2769 841/865/2650
f 835/868/2653 966/937/2761 1030/939/2770 955/869/2654
f 966/937/2761 842/936/2760 965/940/2766 1030/939/2770
f 1030/939/2770 965/940/2766 841/865/2650 962/864/2649
f 955/869/2654 1030/939/2770 962/864/2649 826/863/2648
f 808/783/2542 896/784/2669 1031/941/2771 902/867/2663
f 896/784/2669 809/804/2553 970/862/2772 1031/941/2771
f 1031/941/2771 970/862/2772 840/863/2768 960/869/2767
f 902/867/2663 1031/941/2771 960/869/2767 839/868/2664
f 806/792/2533 894/793/2671 1032/870/2773 900/872/2657
f 894/793/2671 807/794/2544 901/871/2662 1032/870/2773
f 1032/870/2773 901/871/2662 838/875/2666 958/938/2762
f 900/872/2657 1032/870/2773 958/938/2762 837/873/2658
f 804/783/2524 892/797/2673 1033/876/2774 967/867/2652
f 892/797/2673 805/794/2535 899/871/2656 1033/876/2774
f 1033/876/2774 899/871/2656 836/875/2660 956/877/2758
f 967/867/2652 1033/876/2774 956/877/2758 835/868/2653
f 809/804/2553 897/803/2552 1034/860/2775 970/862/2772
f 897/803/2552 810/802/2551 969/861/2646 1034/860/2775
f 1034/860/2775 969/861/2646 841/865/2650 961/864/2769
f 970/862/2772 1034/860/2775 961/864/2769 840/863/2768
o m_plated_rice_01.001
v 0.321875 0.107317 -0.038308
v 0.254883 0.107004 -0.029322
v 0.217888 0.107019 -0.131391
v 0.272603 0.107317 -0.168047
v 0.131777 0.107044 -0.203551
v 0.170347 0.107323 -0.257217
v 0.024817 0.107047 -0.239423
v 0.033325 0.107326 -0.299974
v -0.086949 0.107017 -0.233844
v -0.106419 0.107317 -0.290657
v 0.149482 0.106788 -0.090395
v 0.176521 0.106754 -0.017375
v 0.092075 0.106801 -0.146203
v 0.017200 0.106805 -0.176417
v -0.060914 0.106796 -0.174710
v 0.088937 0.106612 -0.055815
v 0.104745 0.106582 -0.010364
v 0.055329 0.106622 -0.091803
v 0.010405 0.106621 -0.110722
v -0.036396 0.106620 -0.110315
v -0.076586 0.106600 -0.088513
v -0.129190 0.106759 -0.138883
v -0.086949 0.107017 -0.233844
v -0.187421 0.106986 -0.184223
v -0.106419 0.107317 -0.290657
v -0.234504 0.107317 -0.228114
v -0.246252 0.106986 -0.090804
v -0.305871 0.107317 -0.108775
v -0.251931 0.106985 0.021243
v -0.310624 0.107317 0.026373
v -0.172376 0.106740 -0.072441
v -0.181488 0.106729 0.010258
v -0.102189 0.106572 -0.049678
v -0.108248 0.106544 -0.001183
v -0.017737 0.106488 -0.059068
v -0.037455 0.106474 -0.048028
v -0.049855 0.106456 -0.029291
v -0.052524 0.106440 -0.006465
v -0.000539 0.106411 -0.009123
v 0.005316 0.106492 -0.060025
v 0.027032 0.106492 -0.050411
v 0.043193 0.106485 -0.032356
v 0.050681 0.106468 -0.009668
v -0.310624 0.107317 0.026373
v -0.251931 0.106985 0.021243
v -0.213082 0.106982 0.127779
v -0.261511 0.107317 0.157456
v -0.139757 0.106982 0.208321
v -0.179458 0.107317 0.258987
v -0.034199 0.106982 0.254070
v -0.045639 0.107317 0.320892
v 0.076007 0.106982 0.243932
v 0.095478 0.107317 0.311733
v -0.157085 0.106710 0.091010
v -0.181488 0.106729 0.010258
v -0.101656 0.106697 0.151413
v -0.025935 0.106696 0.179609
v 0.054343 0.106704 0.171476
v -0.093758 0.106519 0.047899
v -0.108248 0.106544 -0.001183
v -0.060516 0.106510 0.084891
v -0.015502 0.106508 0.103564
v 0.032366 0.106513 0.100219
v 0.073385 0.106527 0.076132
v 0.123116 0.106722 0.129063
v 0.076007 0.106982 0.243932
v 0.168381 0.106995 0.178047
v 0.095478 0.107317 0.311733
v 0.208530 0.107317 0.223252
v 0.231387 0.107007 0.082024
v 0.291085 0.107319 0.099638
v 0.254883 0.107004 -0.029322
v 0.321875 0.107317 -0.038308
v 0.166764 0.106735 0.061352
v 0.176521 0.106754 -0.017375
v 0.099246 0.106550 0.036581
v 0.104745 0.106582 -0.010364
v 0.015833 0.106421 0.043110
v 0.035480 0.106432 0.032259
v 0.047921 0.106447 0.013410
v 0.050681 0.106468 -0.009668
v -0.000539 0.106411 -0.009123
v -0.007147 0.106416 0.043862
v -0.028854 0.106417 0.034222
v -0.045052 0.106426 0.016272
v -0.052524 0.106440 -0.006465
v 0.298327 0.107586 0.102000
v 0.298596 0.107457 0.102120
v 0.331222 0.107457 -0.039552
v 0.330848 0.107586 -0.039518
v 0.213861 0.107457 0.228952
v 0.213637 0.107586 0.228746
v 0.098049 0.107457 0.320196
v 0.097945 0.107586 0.319888
v 0.331222 0.107457 -0.039552
v 0.280835 0.107457 -0.172498
v 0.280545 0.107586 -0.172324
v 0.330848 0.107586 -0.039518
v 0.174872 0.107586 -0.263929
v 0.174999 0.107458 -0.264155
v 0.034485 0.107586 -0.307917
v 0.034481 0.107459 -0.308114
v -0.107982 0.107586 -0.297135
v -0.108398 0.107457 -0.297623
v -0.108398 0.107457 -0.297623
v -0.239817 0.107457 -0.233562
v -0.238881 0.107586 -0.232917
v -0.107982 0.107586 -0.297135
v -0.311990 0.107586 -0.110837
v -0.313003 0.107457 -0.111361
v -0.317104 0.107586 0.027540
v -0.317738 0.107457 0.027392
v -0.317738 0.107457 0.027392
v -0.267980 0.107457 0.161421
v -0.267704 0.107586 0.161251
v -0.317104 0.107586 0.027540
v -0.183362 0.107586 0.265395
v -0.183540 0.107457 0.265642
v -0.046413 0.107586 0.329358
v -0.046453 0.107457 0.329680
v 0.097945 0.107586 0.319888
v 0.098049 0.107457 0.320196
vn -0.0021 1.0000 0.0029
vn -0.0078 1.0000 -0.0007
vn -0.0038 1.0000 -0.0008
vn -0.0055 1.0000 0.0051
vn -0.0079 1.0000 -0.0006
vn -0.0022 1.0000 0.0029
vn -0.0011 1.0000 0.0034
vn -0.0067 1.0000 0.0032
vn -0.0034 1.0000 0.0011
vn -0.0031 1.0000 0.0071
vn -0.0068 1.0000 0.0037
vn -0.0012 1.0000 0.0039
vn -0.0000 1.0000 0.0043
vn -0.0043 1.0000 0.0062
vn -0.0024 1.0000 0.0030
vn -0.0004 1.0000 0.0079
vn -0.0043 1.0000 0.0061
vn -0.0001 1.0000 0.0041
vn 0.0018 1.0000 0.0042
vn -0.0015 1.0000 0.0077
vn -0.0012 1.0000 0.0040
vn 0.0029 1.0000 0.0077
vn -0.0018 1.0000 0.0073
vn 0.0016 1.0000 0.0037
vn -0.0035 1.0000 0.0034
vn -0.0052 1.0000 -0.0004
vn -0.0019 1.0000 0.0025
vn -0.0017 1.0000 0.0022
vn -0.0050 1.0000 -0.0008
vn -0.0030 1.0000 -0.0005
vn -0.0012 1.0000 0.0033
vn -0.0041 1.0000 0.0023
vn -0.0026 1.0000 0.0014
vn -0.0018 1.0000 0.0042
vn -0.0041 1.0000 0.0019
vn -0.0012 1.0000 0.0028
vn -0.0001 1.0000 0.0033
vn -0.0024 1.0000 0.0037
vn -0.0018 1.0000 0.0023
vn -0.0002 1.0000 0.0047
vn -0.0025 1.0000 0.0034
vn -0.0001 1.0000 0.0031
vn 0.0010 1.0000 0.0027
vn -0.0012 1.0000 0.0046
vn -0.0012 1.0000 0.0029
vn 0.0019 1.0000 0.0048
vn 0.0010 1.0000 0.0028
vn -0.0024 1.0000 0.0024
vn -0.0036 1.0000 -0.0002
vn -0.0018 1.0000 0.0021
vn -0.0017 1.0000 0.0019
vn -0.0036 1.0000 -0.0004
vn -0.0024 1.0000 0.0001
vn -0.0011 1.0000 0.0026
vn -0.0027 1.0000 0.0018
vn -0.0022 1.0000 0.0014
vn -0.0014 1.0000 0.0034
vn -0.0027 1.0000 0.0016
vn -0.0011 1.0000 0.0025
vn -0.0001 1.0000 0.0028
vn -0.0020 1.0000 0.0030
vn -0.0017 1.0000 0.0021
vn -0.0003 1.0000 0.0039
vn -0.0001 1.0000 0.0026
vn 0.0007 1.0000 0.0024
vn -0.0012 1.0000 0.0038
vn 0.0010 1.0000 0.0036
vn 0.0016 1.0000 0.0016
vn 0.0002 1.0000 0.0039
vn -0.0001 1.0000 0.0027
vn 0.0027 1.0000 0.0023
vn 0.0003 1.0000 0.0039
vn 0.0017 1.0000 0.0016
vn 0.0023 1.0000 0.0017
vn 0.0008 1.0000 0.0052
vn -0.0001 1.0000 0.0032
vn 0.0042 1.0000 0.0032
vn 0.0006 1.0000 0.0052
vn 0.0021 1.0000 0.0016
vn 0.0037 1.0000 0.0023
vn 0.0014 1.0000 0.0081
vn 0.0002 1.0000 0.0042
vn 0.0066 1.0000 0.0053
vn 0.0011 1.0000 0.0079
vn 0.0033 1.0000 0.0021
vn 0.0043 1.0000 0.0002
vn 0.0049 1.0000 0.0070
vn 0.0017 1.0000 0.0038
vn 0.0084 1.0000 0.0014
vn 0.0047 1.0000 0.0070
vn 0.0040 1.0000 0.0002
vn 0.0042 1.0000 -0.0015
vn 0.0078 1.0000 0.0035
vn 0.0034 1.0000 0.0022
vn 0.0085 1.0000 -0.0022
vn 0.0077 1.0000 0.0036
vn 0.0041 1.0000 -0.0015
vn 0.0030 1.0000 0.0004
vn 0.0032 1.0000 0.0045
vn 0.0011 1.0000 0.0028
vn 0.0054 1.0000 0.0009
vn 0.0028 1.0000 0.0046
vn 0.0026 1.0000 0.0005
vn 0.0032 1.0000 -0.0009
vn 0.0051 1.0000 0.0021
vn 0.0023 1.0000 0.0016
vn 0.0056 1.0000 -0.0015
vn 0.0047 1.0000 0.0024
vn 0.0028 1.0000 -0.0006
vn 0.0025 1.0000 0.0006
vn 0.0020 1.0000 0.0030
vn 0.0010 1.0000 0.0023
vn 0.0035 1.0000 0.0007
vn 0.0016 1.0000 0.0032
vn 0.0021 1.0000 0.0008
vn 0.0026 1.0000 -0.0005
vn 0.0033 1.0000 0.0013
vn 0.0019 1.0000 0.0014
vn 0.0037 1.0000 -0.0008
vn 0.0029 1.0000 0.0017
vn 0.0021 1.0000 -0.0001
vn 0.0007 1.0000 0.0025
vn -0.0011 1.0000 0.0027
vn 0.0005 1.0000 0.0020
vn 0.0013 1.0000 0.0015
vn 0.0001 1.0000 0.0027
vn -0.0000 1.0000 0.0022
vn 0.0016 1.0000 0.0017
vn -0.0000 1.0000 0.0027
vn 0.0011 1.0000 0.0015
vn 0.0016 1.0000 0.0007
vn 0.0011 1.0000 0.0022
vn 0.0006 1.0000 0.0020
vn 0.0024 1.0000 0.0006
vn 0.0009 1.0000 0.0023
vn 0.0014 1.0000 0.0008
vn 0.0015 1.0000 -0.0000
vn 0.0021 1.0000 0.0013
vn 0.0027 1.0000 -0.0005
vn 0.0020 1.0000 0.0014
vn 0.0014 1.0000 0.0001
vn 0.0017 1.0000 0.0023
vn 0.0004 1.0000 0.0030
vn -0.0006 1.0000 -0.0000
vn 0.0025 1.0000 0.0013
vn 0.0014 1.0000 0.0026
vn -0.0009 1.0000 0.0003
vn 0.0027 1.0000 0.0001
vn -0.0010 1.0000 0.0007
vn 0.0007 1.0000 0.0029
vn -0.0009 1.0000 0.0030
vn -0.0004 1.0000 -0.0001
vn 0.0006 1.0000 0.0021
vn -0.0010 1.0000 0.0028
vn -0.0009 1.0000 0.0021
vn -0.0018 1.0000 0.0022
vn -0.0015 1.0000 0.0017
vn -0.0004 1.0000 0.0030
vn 0.0001 1.0000 -0.0000
vn -0.0017 1.0000 0.0012
vn -0.0016 1.0000 0.0027
vn -0.0024 1.0000 0.0018
vn 0.0005 1.0000 0.0002
vn -0.0019 1.0000 0.0019
vn -0.0026 1.0000 0.0002
vn -0.0015 1.0000 0.0018
vn -0.0014 1.0000 0.0017
vn -0.0025 1.0000 0.0001
vn -0.0018 1.0000 0.0005
vn -0.0024 1.0000 0.0020
vn -0.0027 1.0000 0.0008
vn 0.0006 1.0000 0.0004
vn 0.0035 1.0000 -0.0030
vn 0.0087 1.0000 -0.0004
vn 0.0042 1.0000 0.0003
vn 0.0070 1.0000 -0.0049
vn 0.0086 1.0000 -0.0003
vn 0.0034 1.0000 -0.0029
vn 0.0016 1.0000 -0.0039
vn 0.0079 1.0000 -0.0033
vn 0.0043 1.0000 -0.0013
vn 0.0042 1.0000 -0.0074
vn 0.0081 1.0000 -0.0038
vn 0.0017 1.0000 -0.0044
vn -0.0004 1.0000 -0.0042
vn 0.0058 1.0000 -0.0060
vn 0.0033 1.0000 -0.0031
vn 0.0004 1.0000 -0.0080
vn 0.0058 1.0000 -0.0063
vn -0.0004 1.0000 -0.0044
vn -0.0026 1.0000 -0.0035
vn 0.0026 1.0000 -0.0075
vn 0.0017 1.0000 -0.0040
vn -0.0040 1.0000 -0.0072
vn 0.0025 1.0000 -0.0078
vn -0.0027 1.0000 -0.0036
vn 0.0045 1.0000 -0.0034
vn 0.0053 1.0000 -0.0001
vn 0.0023 1.0000 -0.0018
vn 0.0026 1.0000 -0.0023
vn 0.0057 1.0000 -0.0005
vn 0.0030 1.0000 0.0003
vn 0.0011 1.0000 -0.0031
vn 0.0052 1.0000 -0.0022
vn 0.0030 1.0000 -0.0007
vn 0.0024 1.0000 -0.0047
vn 0.0052 1.0000 -0.0021
vn 0.0010 1.0000 -0.0028
vn -0.0004 1.0000 -0.0028
vn 0.0039 1.0000 -0.0037
vn 0.0025 1.0000 -0.0019
vn -0.0000 1.0000 -0.0051
vn 0.0038 1.0000 -0.0040
vn -0.0005 1.0000 -0.0031
vn -0.0019 1.0000 -0.0025
vn 0.0018 1.0000 -0.0049
vn 0.0013 1.0000 -0.0029
vn -0.0027 1.0000 -0.0045
vn 0.0017 1.0000 -0.0050
vn -0.0020 1.0000 -0.0026
vn 0.0033 1.0000 -0.0025
vn 0.0037 1.0000 0.0001
vn 0.0017 1.0000 -0.0011
vn 0.0018 1.0000 -0.0015
vn 0.0038 1.0000 -0.0002
vn 0.0022 1.0000 0.0005
vn 0.0008 1.0000 -0.0020
vn 0.0039 1.0000 -0.0016
vn 0.0023 1.0000 -0.0002
vn 0.0020 1.0000 -0.0039
vn 0.0040 1.0000 -0.0016
vn 0.0008 1.0000 -0.0019
vn -0.0003 1.0000 -0.0022
vn 0.0029 1.0000 -0.0033
vn 0.0017 1.0000 -0.0013
vn 0.0001 1.0000 -0.0042
vn 0.0030 1.0000 -0.0032
vn -0.0003 1.0000 -0.0021
vn -0.0014 1.0000 -0.0018
vn 0.0012 1.0000 -0.0040
vn -0.0020 1.0000 -0.0036
vn -0.0014 1.0000 -0.0017
vn -0.0021 1.0000 -0.0009
vn -0.0009 1.0000 -0.0040
vn -0.0002 1.0000 -0.0021
vn -0.0035 1.0000 -0.0025
vn -0.0030 1.0000 -0.0017
vn -0.0010 1.0000 -0.0050
vn -0.0004 1.0000 -0.0031
vn -0.0043 1.0000 -0.0031
vn -0.0008 1.0000 -0.0049
vn -0.0028 1.0000 -0.0016
vn -0.0039 1.0000 -0.0025
vn -0.0016 1.0000 -0.0078
vn -0.0005 1.0000 -0.0043
vn -0.0064 1.0000 -0.0051
vn -0.0014 1.0000 -0.0077
vn -0.0037 1.0000 -0.0025
vn -0.0040 1.0000 -0.0008
vn -0.0052 1.0000 -0.0061
vn -0.0077 1.0000 -0.0024
vn -0.0055 1.0000 -0.0061
vn -0.0042 1.0000 -0.0008
vn -0.0035 1.0000 0.0015
vn -0.0072 1.0000 -0.0039
vn -0.0037 1.0000 -0.0023
vn -0.0076 1.0000 0.0018
vn -0.0073 1.0000 -0.0039
vn -0.0029 1.0000 -0.0002
vn -0.0033 1.0000 -0.0041
vn -0.0018 1.0000 -0.0026
vn -0.0048 1.0000 -0.0013
vn -0.0034 1.0000 -0.0041
vn -0.0030 1.0000 -0.0002
vn -0.0020 1.0000 0.0012
vn -0.0043 1.0000 -0.0030
vn -0.0025 1.0000 -0.0018
vn -0.0047 1.0000 0.0013
vn -0.0050 1.0000 -0.0026
vn -0.0021 1.0000 0.0002
vn -0.0026 1.0000 -0.0034
vn -0.0012 1.0000 -0.0018
vn -0.0040 1.0000 -0.0009
vn -0.0029 1.0000 -0.0033
vn -0.0025 1.0000 0.0003
vn -0.0019 1.0000 0.0011
vn -0.0035 1.0000 -0.0024
vn -0.0019 1.0000 -0.0012
vn -0.0034 1.0000 0.0010
vn -0.0039 1.0000 -0.0020
vn -0.0023 1.0000 0.0015
vn -0.0015 1.0000 -0.0027
vn 0.0008 1.0000 -0.0028
vn -0.0010 1.0000 -0.0008
vn -0.0014 1.0000 -0.0002
vn -0.0006 1.0000 -0.0029
vn -0.0001 1.0000 -0.0011
vn -0.0026 1.0000 -0.0018
vn -0.0007 1.0000 -0.0029
vn -0.0016 1.0000 -0.0002
vn -0.0017 1.0000 0.0006
vn -0.0018 1.0000 -0.0025
vn -0.0007 1.0000 -0.0009
vn -0.0030 1.0000 -0.0003
vn -0.0020 1.0000 -0.0024
vn -0.0019 1.0000 0.0007
vn -0.0016 1.0000 0.0013
vn -0.0025 1.0000 -0.0014
vn -0.0014 1.0000 -0.0004
vn -0.0025 1.0000 0.0010
vn -0.0026 1.0000 -0.0013
vn -0.0018 1.0000 0.0014
vn -0.0021 1.0000 -0.0014
vn -0.0007 1.0000 -0.0023
vn -0.0000 1.0000 0.0015
vn -0.0027 1.0000 -0.0001
vn -0.0018 1.0000 -0.0016
vn 0.0003 1.0000 0.0012
vn -0.0027 1.0000 0.0011
vn -0.0025 1.0000 -0.0005
vn 0.0006 1.0000 0.0007
vn -0.0010 1.0000 -0.0022
vn 0.0006 1.0000 -0.0023
vn -0.0003 1.0000 0.0016
vn -0.0009 1.0000 -0.0008
vn 0.0006 1.0000 -0.0009
vn -0.0000 1.0000 -0.0029
vn 0.0020 1.0000 -0.0020
vn -0.0003 1.0000 -0.0011
vn 0.0011 1.0000 -0.0005
vn 0.0003 1.0000 -0.0023
vn 0.0017 1.0000 -0.0018
vn -0.0006 1.0000 0.0015
vn 0.0013 1.0000 -0.0025
vn 0.0028 1.0000 -0.0007
vn 0.0004 1.0000 -0.0009
vn 0.0004 1.0000 -0.0011
vn 0.0028 1.0000 -0.0010
vn 0.0013 1.0000 -0.0020
vn 0.0024 1.0000 -0.0008
vn -0.0009 1.0000 0.0013
vn 0.0024 1.0000 -0.0016
vn 0.0028 1.0000 0.0003
vn 0.0010 1.0000 -0.0006
vn 0.0015 1.0000 0.0009
vn 0.0022 1.0000 -0.0010
vn 0.0027 1.0000 0.0005
vn -0.0010 1.0000 0.0011
vn -0.0692 0.9976 0.0050
vn -0.0264 -0.9996 -0.0120
vn -0.0697 0.9971 -0.0301
vn -0.0276 -0.9996 0.0020
vn -0.0261 -0.9996 -0.0117
vn -0.0713 0.9974 0.0054
vn -0.0268 -0.9996 -0.0111
vn -0.0574 0.9969 -0.0534
vn -0.0697 0.9971 -0.0302
vn -0.0211 -0.9996 -0.0196
vn -0.0578 0.9969 -0.0541
vn -0.0266 -0.9996 -0.0112
vn -0.0217 -0.9996 -0.0193
vn -0.0260 0.9973 -0.0687
vn -0.0573 0.9969 -0.0531
vn -0.0102 -0.9996 -0.0269
vn -0.0261 0.9972 -0.0697
vn -0.0214 -0.9996 -0.0194
vn -0.0230 0.9995 -0.0200
vn -0.0090 0.9996 -0.0286
vn -0.0047 1.0000 -0.0029
vn -0.0047 1.0000 -0.0028
vn -0.0083 0.9996 -0.0280
vn -0.0001 1.0000 -0.0052
vn -0.0054 1.0000 -0.0008
vn -0.0214 0.9995 -0.0215
vn -0.0033 1.0000 -0.0043
vn -0.0280 0.9995 -0.0108
vn -0.0218 0.9995 -0.0214
vn -0.0053 1.0000 -0.0009
vn -0.0046 1.0000 0.0024
vn -0.0270 0.9996 -0.0131
vn -0.0282 0.9996 0.0040
vn -0.0271 0.9996 -0.0129
vn -0.0045 1.0000 0.0022
vn -0.0228 -0.9996 0.0163
vn -0.0700 0.9975 0.0047
vn -0.0565 0.9977 0.0385
vn -0.0276 -0.9996 0.0018
vn -0.0714 0.9974 0.0046
vn -0.0226 -0.9996 0.0160
vn -0.0229 -0.9996 0.0156
vn -0.0577 0.9976 0.0389
vn -0.0137 -0.9996 0.0255
vn -0.0138 -0.9996 0.0260
vn -0.0559 0.9977 0.0380
vn -0.0343 0.9975 0.0616
vn -0.0142 -0.9996 0.0254
vn -0.0352 0.9974 0.0623
vn -0.0031 -0.9996 0.0291
vn -0.0030 -0.9996 0.0295
vn -0.0342 0.9976 0.0608
vn -0.0087 0.9973 0.0733
vn -0.0035 -0.9996 0.0292
vn -0.0093 0.9972 0.0746
vn 0.0078 -0.9996 0.0271
vn 0.0075 -0.9996 0.0257
vn -0.0099 0.9966 0.0818
vn 0.0252 0.9956 0.0908
vn -0.0224 0.9996 0.0171
vn -0.0288 0.9996 0.0003
vn -0.0024 1.0000 0.0039
vn -0.0284 0.9996 -0.0001
vn -0.0047 1.0000 -0.0014
vn -0.0007 1.0000 0.0044
vn -0.0240 0.9996 0.0141
vn -0.0041 1.0000 0.0013
vn -0.0130 0.9996 0.0259
vn -0.0242 0.9996 0.0147
vn 0.0006 1.0000 0.0047
vn -0.0153 0.9996 0.0243
vn -0.0029 1.0000 0.0030
vn -0.0024 0.9995 0.0299
vn -0.0152 0.9996 0.0247
vn 0.0027 1.0000 0.0048
vn -0.0049 0.9996 0.0294
vn -0.0017 1.0000 0.0043
vn 0.0098 0.9995 0.0310
vn -0.0047 0.9995 0.0302
vn 0.0025 1.0000 0.0049
vn 0.0164 -0.9997 0.0171
vn 0.0298 0.9936 0.1090
vn 0.0864 0.9918 0.0937
vn 0.0067 -0.9997 0.0253
vn 0.0257 0.9952 0.0945
vn 0.0174 -0.9997 0.0182
vn 0.0152 -0.9997 0.0174
vn 0.0921 0.9906 0.1008
vn 0.0222 -0.9997 0.0060
vn 0.0224 -0.9997 0.0059
vn 0.0912 0.9909 0.0992
vn 0.1285 0.9909 0.0396
vn 0.0220 -0.9997 0.0068
vn 0.1293 0.9908 0.0405
vn 0.0243 -0.9997 -0.0045
vn 0.0260 -0.9997 -0.0049
vn 0.1049 0.9940 0.0320
vn 0.1008 0.9948 -0.0160
vn 0.0244 0.9994 0.0238
vn 0.0076 0.9995 0.0317
vn 0.0052 1.0000 0.0031
vn 0.0055 1.0000 0.0030
vn 0.0073 0.9995 0.0315
vn 0.0003 1.0000 0.0055
vn 0.0062 1.0000 0.0001
vn 0.0214 0.9994 0.0263
vn 0.0026 1.0000 0.0053
vn 0.0331 0.9994 0.0085
vn 0.0220 0.9994 0.0264
vn 0.0061 1.0000 0.0002
vn 0.0061 1.0000 -0.0023
vn 0.0318 0.9994 0.0117
vn 0.0052 1.0000 0.0030
vn 0.0328 0.9994 -0.0066
vn 0.0327 0.9994 0.0115
vn 0.0061 1.0000 -0.0022
vn 0.0246 -0.9996 -0.0145
vn 0.0909 0.9958 -0.0146
vn 0.0744 0.9963 -0.0420
vn 0.0261 -0.9997 -0.0042
vn 0.1009 0.9948 -0.0156
vn 0.0237 -0.9996 -0.0138
vn 0.0247 -0.9996 -0.0139
vn 0.0760 0.9962 -0.0422
vn 0.0171 -0.9996 -0.0232
vn 0.0171 -0.9996 -0.0235
vn 0.0746 0.9963 -0.0418
vn 0.0472 0.9969 -0.0627
vn 0.0174 -0.9996 -0.0228
vn 0.0484 0.9968 -0.0636
vn 0.0050 -0.9996 -0.0282
vn 0.0049 -0.9996 -0.0283
vn 0.0479 0.9968 -0.0635
vn 0.0136 0.9973 -0.0718
vn 0.0054 -0.9996 -0.0279
vn 0.0142 0.9972 -0.0733
vn -0.0107 -0.9996 -0.0269
vn -0.0109 -0.9996 -0.0270
vn 0.0139 0.9973 -0.0726
vn -0.0259 0.9973 -0.0682
vn 0.0273 0.9995 -0.0166
vn 0.0330 0.9994 -0.0042
vn 0.0048 1.0000 -0.0040
vn 0.0049 1.0000 -0.0042
vn 0.0329 0.9994 -0.0039
vn 0.0064 1.0000 0.0001
vn 0.0021 1.0000 -0.0057
vn 0.0283 0.9995 -0.0146
vn 0.0058 1.0000 -0.0023
vn 0.0172 0.9995 -0.0256
vn 0.0284 0.9995 -0.0149
vn 0.0022 1.0000 -0.0054
vn -0.0008 1.0000 -0.0053
vn 0.0195 0.9995 -0.0236
vn 0.0043 1.0000 -0.0037
vn 0.0037 0.9996 -0.0291
vn 0.0194 0.9995 -0.0238
vn -0.0006 1.0000 -0.0051
vn -0.0037 1.0000 -0.0041
vn 0.0071 0.9996 -0.0284
vn 0.0024 1.0000 -0.0045
vn -0.0123 0.9996 -0.0269
vn 0.0069 0.9996 -0.0287
vn -0.0036 1.0000 -0.0041
vt 0.325145 0.570062
vt 0.399266 0.566400
vt 0.357958 0.533881
vt 0.349461 0.604926
vt 0.278709 0.594818
vt 0.294383 0.632172
vt 0.228026 0.608002
vt 0.231542 0.648139
vt 0.176610 0.605512
vt 0.168114 0.651215
vt 0.294823 0.538129
vt 0.315477 0.509052
vt 0.262889 0.558490
vt 0.226708 0.568891
vt 0.190526 0.566400
vt 0.267284 0.512421
vt 0.279002 0.493305
vt 0.248680 0.526117
vt 0.226708 0.532270
vt 0.205028 0.530951
vt 0.187596 0.519379
vt 0.161376 0.546185
vt 0.172362 0.602435
vt 0.130614 0.572699
vt 0.148998 0.643744
vt 0.099486 0.602582
vt 0.100804 0.530658
vt 0.062425 0.550873
vt 0.084691 0.481952
vt 0.037138 0.494696
vt 0.140868 0.515204
vt 0.131419 0.477631
vt 0.176024 0.500482
vt 0.172508 0.477997
vt 0.216307 0.503632
vt 0.207665 0.497772
vt 0.202391 0.488690
vt 0.201366 0.477997
vt 0.226415 0.479682
vt 0.226708 0.504877
vt 0.237254 0.501727
vt 0.245897 0.494696
vt 0.251317 0.484882
vt 0.431493 0.877387
vt 0.437938 0.954437
vt 0.469286 0.913129
vt 0.397215 0.904926
vt 0.404540 0.834613
vt 0.365868 0.854535
vt 0.388426 0.783051
vt 0.343895 0.791547
vt 0.388133 0.732660
vt 0.334520 0.728266
vt 0.463133 0.849848
vt 0.494188 0.872113
vt 0.442626 0.817914
vt 0.433836 0.781000
vt 0.438231 0.743793
vt 0.493016 0.821137
vt 0.512645 0.834320
vt 0.479833 0.802680
vt 0.473973 0.781000
vt 0.476610 0.759320
vt 0.488622 0.741742
vt 0.461376 0.714203
vt 0.395751 0.720941
vt 0.433250 0.683441
vt 0.352977 0.691791
vt 0.404833 0.650775
vt 0.478661 0.655023
vt 0.462840 0.615033
vt 0.528758 0.637445
vt 0.522020 0.588520
vt 0.493309 0.694574
vt 0.529051 0.685492
vt 0.506786 0.730023
vt 0.528465 0.725629
vt 0.504442 0.770160
vt 0.509422 0.761664
vt 0.518211 0.756098
vt 0.528758 0.754340
vt 0.527586 0.780121
vt 0.503270 0.780414
vt 0.506200 0.790961
vt 0.512938 0.799750
vt 0.522020 0.805902
vt 0.516161 0.572992
vt 0.449071 0.590131
vt 0.455809 0.601996
vt 0.509715 0.560248
vt 0.395751 0.638617
vt 0.388426 0.627191
vt 0.341551 0.679633
vt 0.333348 0.668061
vt 0.362938 0.630268
vt 0.410106 0.580316
vt 0.356786 0.617963
vt 0.418016 0.593060
vt 0.303465 0.658539
vt 0.298778 0.645795
vt 0.236815 0.675678
vt 0.233592 0.662494
vt 0.170165 0.683002
vt 0.167967 0.668500
vt 0.078246 0.620307
vt 0.137938 0.657367
vt 0.088280 0.611811
vt 0.127464 0.666889
vt 0.038585 0.565961
vt 0.049681 0.558637
vt 0.009174 0.508978
vt 0.021135 0.501508
vt 0.372899 0.920746
vt 0.425047 0.965570
vt 0.384911 0.913715
vt 0.413036 0.973773
vt 0.340379 0.866547
vt 0.352684 0.860980
vt 0.316942 0.800043
vt 0.329540 0.795648
vt 0.303758 0.734711
vt 0.317235 0.730609
s 0
usemtl 材质.001
f 1037/942/2776 1036/944/2778 1035/943/2777
f 1038/945/2779 1037/942/2781 1035/943/2780
f 1039/946/2782 1037/942/2784 1038/945/2783
f 1040/947/2785 1039/946/2787 1038/945/2786
f 1041/948/2788 1039/946/2790 1040/947/2789
f 1042/949/2791 1041/948/2793 1040/947/2792
f 1043/950/2794 1041/948/2796 1042/949/2795
f 1044/951/2797 1043/950/2799 1042/949/2798
f 1037/942/2800 1045/952/2802 1036/944/2801
f 1045/952/2803 1046/953/2805 1036/944/2804
f 1047/954/2806 1045/952/2808 1037/942/2807
f 1039/946/2809 1047/954/2811 1037/942/2810
f 1048/955/2812 1047/954/2814 1039/946/2813
f 1041/948/2815 1048/955/2817 1039/946/2816
f 1049/956/2818 1048/955/2820 1041/948/2819
f 1043/950/2821 1049/956/2822 1041/948/2819
f 1045/952/2823 1050/957/2825 1046/953/2824
f 1050/957/2826 1051/958/2828 1046/953/2827
f 1052/959/2829 1050/957/2831 1045/952/2830
f 1047/954/2832 1052/959/2834 1045/952/2833
f 1053/960/2835 1052/959/2837 1047/954/2836
f 1048/955/2838 1053/960/2839 1047/954/2776
f 1054/961/2840 1053/960/2834 1048/955/2841
f 1049/956/2842 1054/961/2840 1048/955/2841
f 1055/962/2843 1054/961/2845 1049/956/2844
f 1056/963/2846 1055/962/2848 1049/956/2847
f 1056/963/2849 1049/956/2851 1057/964/2850
f 1058/965/2852 1056/963/2854 1057/964/2853
f 1058/965/2855 1057/964/2857 1059/966/2856
f 1060/967/2858 1058/965/2860 1059/966/2859
f 1061/968/2861 1058/965/2863 1060/967/2862
f 1062/969/2864 1061/968/2866 1060/967/2865
f 1063/970/2867 1061/968/2869 1062/969/2868
f 1064/971/2870 1063/970/2872 1062/969/2871
f 1065/972/2873 1056/963/2875 1058/965/2874
f 1061/968/2876 1065/972/2878 1058/965/2877
f 1066/973/2879 1065/972/2881 1061/968/2880
f 1063/970/2882 1066/973/2884 1061/968/2883
f 1067/974/2885 1055/962/2887 1056/963/2886
f 1065/972/2888 1067/974/2890 1056/963/2889
f 1068/975/2891 1067/974/2893 1065/972/2892
f 1066/973/2894 1068/975/2896 1065/972/2895
f 1054/961/2897 1069/976/2899 1053/960/2898
f 1070/977/2900 1069/976/2902 1054/961/2901
f 1055/962/2903 1070/977/2905 1054/961/2904
f 1071/978/2906 1070/977/2908 1055/962/2907
f 1067/974/2909 1071/978/2911 1055/962/2910
f 1072/979/2912 1071/978/2905 1067/974/2913
f 1068/975/2914 1072/979/2916 1067/974/2915
f 1070/977/2917 1073/980/2919 1069/976/2918
f 1071/978/2920 1073/980/2922 1070/977/2921
f 1072/979/2923 1073/980/2924 1071/978/2849
f 1069/976/2925 1073/980/2927 1074/981/2926
f 1069/976/2928 1074/981/2930 1053/960/2929
f 1053/960/2835 1074/981/2902 1052/959/2931
f 1074/981/2902 1075/982/2932 1052/959/2931
f 1074/981/2933 1073/980/2934 1075/982/2802
f 1052/959/2829 1075/982/2930 1050/957/2831
f 1075/982/2930 1076/983/2935 1050/957/2831
f 1075/982/2936 1073/980/2938 1076/983/2937
f 1050/957/2939 1076/983/2941 1051/958/2940
f 1076/983/2942 1077/984/2944 1051/958/2943
f 1076/983/2945 1073/980/2947 1077/984/2946
f 1080/985/2948 1079/987/2950 1078/986/2949
f 1081/988/2951 1080/985/2953 1078/986/2952
f 1082/989/2954 1080/985/2956 1081/988/2955
f 1083/990/2957 1082/989/2959 1081/988/2958
f 1084/991/2960 1082/989/2962 1083/990/2961
f 1085/992/2963 1084/991/2965 1083/990/2964
f 1086/993/2966 1084/991/2968 1085/992/2967
f 1087/994/2969 1086/993/2971 1085/992/2970
f 1080/985/2972 1088/995/2974 1079/987/2973
f 1088/995/2975 1089/996/2977 1079/987/2976
f 1090/997/2978 1088/995/2980 1080/985/2979
f 1082/989/2981 1090/997/2983 1080/985/2982
f 1091/998/2984 1090/997/2986 1082/989/2985
f 1084/991/2987 1091/998/2989 1082/989/2988
f 1092/999/2990 1091/998/2992 1084/991/2991
f 1086/993/2993 1092/999/2995 1084/991/2994
f 1088/995/2996 1093/1000/2998 1089/996/2997
f 1093/1000/2999 1094/1001/3001 1089/996/3000
f 1095/1002/3002 1093/1000/3004 1088/995/3003
f 1090/997/3005 1095/1002/3007 1088/995/3006
f 1096/1003/3008 1095/1002/3010 1090/997/3009
f 1091/998/3011 1096/1003/3013 1090/997/3012
f 1097/1004/3014 1096/1003/3007 1091/998/3015
f 1092/999/3016 1097/1004/3017 1091/998/3015
f 1098/1005/3018 1097/1004/3020 1092/999/3019
f 1099/1006/3021 1098/1005/3018 1092/999/3019
f 1099/1006/3022 1092/999/3024 1100/1007/3023
f 1101/1008/3025 1099/1006/3027 1100/1007/3026
f 1101/1008/3028 1100/1007/3030 1102/1009/3029
f 1103/1010/3031 1101/1008/3033 1102/1009/3032
f 1104/1011/3034 1101/1008/2966 1103/1010/3035
f 1105/1012/3036 1104/1011/3038 1103/1010/3037
f 1106/1013/3039 1104/1011/3041 1105/1012/3040
f 1107/1014/3042 1106/1013/3039 1105/1012/3043
f 1108/1015/3044 1099/1006/3046 1101/1008/3045
f 1104/1011/3047 1108/1015/3049 1101/1008/3048
f 1109/1016/3050 1108/1015/3052 1104/1011/3051
f 1106/1013/3053 1109/1016/2833 1104/1011/3054
f 1110/1017/3055 1098/1005/3057 1099/1006/3056
f 1108/1015/3058 1110/1017/3060 1099/1006/3059
f 1111/1018/3061 1110/1017/3063 1108/1015/3062
f 1109/1016/3064 1111/1018/3066 1108/1015/3065
f 1097/1004/3067 1112/1019/3069 1096/1003/3068
f 1113/1020/3070 1112/1019/3072 1097/1004/3071
f 1098/1005/3073 1113/1020/3075 1097/1004/3074
f 1114/1021/3076 1113/1020/3078 1098/1005/3077
f 1110/1017/3079 1114/1021/3081 1098/1005/3080
f 1115/1022/3082 1114/1021/3084 1110/1017/3083
f 1111/1018/3085 1115/1022/3087 1110/1017/3086
f 1113/1020/3088 1116/1023/3090 1112/1019/3089
f 1114/1021/3091 1116/1023/3093 1113/1020/3092
f 1115/1022/3094 1116/1023/3096 1114/1021/3095
f 1112/1019/3097 1116/1023/3099 1117/1024/3098
f 1112/1019/3100 1117/1024/3101 1096/1003/3068
f 1096/1003/3102 1117/1024/3104 1095/1002/3103
f 1117/1024/3104 1118/1025/3105 1095/1002/3103
f 1117/1024/3106 1116/1023/3108 1118/1025/3107
f 1095/1002/3109 1118/1025/3111 1093/1000/3110
f 1118/1025/3112 1119/1026/2916 1093/1000/3113
f 1118/1025/3114 1116/1023/3116 1119/1026/3115
f 1093/1000/3117 1119/1026/3119 1094/1001/3118
f 1119/1026/3119 1120/1027/3120 1094/1001/3118
f 1119/1026/3121 1116/1023/3123 1120/1027/3122
f 1123/1028/3124 1122/1030/3126 1121/1029/3125
f 1124/1031/3127 1123/1028/3129 1121/1029/3128
f 1121/1029/3130 1122/1030/3132 1125/1032/3131
f 1126/1033/3133 1121/1029/3135 1125/1032/3134
f 1126/1033/3136 1125/1032/3138 1127/1034/3137
f 1128/1035/3139 1126/1033/3141 1127/1034/3140
f 1125/1032/3142 1103/1010/3144 1127/1034/3143
f 1103/1010/3145 1102/1009/3147 1127/1034/3146
f 1105/1012/3148 1103/1010/3150 1125/1032/3149
f 1122/1030/3151 1105/1012/3153 1125/1032/3152
f 1107/1014/3154 1105/1012/3051 1122/1030/3155
f 1123/1028/3156 1107/1014/3158 1122/1030/3157
f 1131/1036/3159 1130/1038/3161 1129/1037/3160
f 1132/1039/3162 1131/1036/3164 1129/1037/3163
f 1131/1036/3165 1133/1040/3167 1130/1038/3166
f 1133/1040/3168 1134/1041/3170 1130/1038/3169
f 1133/1040/3171 1135/1042/3173 1134/1041/3172
f 1135/1042/3174 1136/1043/3176 1134/1041/3175
f 1135/1042/3177 1137/1044/3179 1136/1043/3178
f 1137/1044/3180 1138/1045/3182 1136/1043/3181
f 1130/1038/3183 1038/945/3185 1129/1037/3184
f 1038/945/3185 1035/943/3187 1129/1037/3186
f 1040/947/3188 1038/945/3190 1130/1038/3189
f 1134/1041/3191 1040/947/3188 1130/1038/3192
f 1042/949/3193 1040/947/3195 1134/1041/3194
f 1136/1043/3196 1042/949/3193 1134/1041/3197
f 1044/951/3198 1042/949/3200 1136/1043/3199
f 1138/1045/3201 1044/951/3203 1136/1043/3202
f 1141/1046/3204 1140/1048/3206 1139/1047/3205
f 1142/1049/3207 1141/1046/3209 1139/1047/3208
f 1141/1046/3210 1143/1050/3212 1140/1048/3211
f 1143/1050/3213 1144/1051/3215 1140/1048/3214
f 1143/1050/3216 1145/1052/3218 1144/1051/3217
f 1145/1052/3219 1146/1053/3221 1144/1051/3220
f 1140/1048/3222 1060/967/3224 1139/1047/3223
f 1060/967/3225 1059/966/3227 1139/1047/3226
f 1062/969/3228 1060/967/3230 1140/1048/3229
f 1144/1051/3231 1062/969/3233 1140/1048/3232
f 1064/971/3234 1062/969/3236 1144/1051/3235
f 1146/1053/3237 1064/971/3239 1144/1051/3238
f 1149/1054/3240 1148/1056/3242 1147/1055/3241
f 1150/1057/3243 1149/1054/3245 1147/1055/3244
f 1149/1054/3246 1151/1058/3248 1148/1056/3247
f 1151/1058/3249 1152/1059/3251 1148/1056/3250
f 1151/1058/3252 1153/1060/3254 1152/1059/3253
f 1153/1060/3255 1154/1061/3257 1152/1059/3256
f 1153/1060/3258 1155/1062/3260 1154/1061/3259
f 1155/1062/3261 1156/1063/3263 1154/1061/3262
f 1148/1056/3264 1081/988/3266 1147/1055/3265
f 1081/988/3267 1078/986/3269 1147/1055/3268
f 1083/990/3270 1081/988/3272 1148/1056/3271
f 1152/1059/3273 1083/990/3275 1148/1056/3274
f 1085/992/3276 1083/990/3278 1152/1059/3277
f 1154/1061/3279 1085/992/3281 1152/1059/3280
f 1087/994/3282 1085/992/3284 1154/1061/3283
f 1156/1063/3285 1087/994/3287 1154/1061/3286
o 立方体.001
v 0.151170 0.070365 -0.063848
v 0.139649 0.119769 -0.062976
v 0.079721 0.056125 -0.189023
v 0.068200 0.105529 -0.188151
v 0.109791 0.058132 -0.119296
v 0.144868 0.094423 -0.054941
v 0.096732 0.114128 -0.118308
v 0.064936 0.078761 -0.191463
v 0.112224 0.061434 -0.215849
v 0.098920 0.118480 -0.214842
v 0.187436 0.076488 -0.084216
v 0.174136 0.133521 -0.083209
v 0.090265 0.082546 -0.109892
v 0.100934 0.089377 -0.228848
v 0.160380 0.139921 -0.239183
v 0.193175 0.107405 -0.070089
v 0.149330 0.060686 -0.151702
v 0.132408 0.133248 -0.150422
v 0.175210 0.139046 -0.232260
v 0.188587 0.110242 -0.236099
v 0.189433 0.078057 -0.233336
v 0.238257 0.087022 -0.107559
v 0.214759 0.079081 -0.180036
v 0.198833 0.147370 -0.178831
v 0.224034 0.148012 -0.106483
v 0.240949 0.119544 -0.101568
v 0.218966 0.116113 -0.180403
v 0.172794 0.106835 -0.248460
v 0.176474 0.070909 -0.240401
v 0.232275 0.081140 -0.092574
v 0.203862 0.068197 -0.176675
v 0.184278 0.152173 -0.175193
v 0.216179 0.150161 -0.091356
v 0.237071 0.118145 -0.078117
v 0.165433 0.141354 -0.239705
v 0.189167 0.153634 -0.176637
v 0.221197 0.151594 -0.092579
v 0.242242 0.119368 -0.079192
v 0.177968 0.108047 -0.248904
v 0.181636 0.071875 -0.240931
v 0.237401 0.082115 -0.093805
v 0.208881 0.069097 -0.178129
v 0.205161 0.079072 -0.091260
v 0.190956 0.139985 -0.090185
v 0.137666 0.065901 -0.226154
v 0.123469 0.126775 -0.225080
v 0.129481 0.096552 -0.237536
v 0.171051 0.064258 -0.164094
v 0.153207 0.140772 -0.162743
v 0.211095 0.112070 -0.076592
v 0.225163 0.081676 -0.095293
v 0.217277 0.080560 -0.093201
v 0.202464 0.144078 -0.092080
v 0.210014 0.146636 -0.094147
v 0.170373 0.071572 -0.233955
v 0.159435 0.069851 -0.230576
v 0.144709 0.132997 -0.229462
v 0.155254 0.136403 -0.232811
v 0.166469 0.105216 -0.241411
v 0.154593 0.102402 -0.238739
v 0.188557 0.067941 -0.170437
v 0.197878 0.069404 -0.174353
v 0.170487 0.145425 -0.169069
v 0.179463 0.148367 -0.172960
v 0.222075 0.114694 -0.079709
v 0.229707 0.116510 -0.081701
v 0.088803 0.054829 -0.161287
v 0.133633 0.063788 -0.081920
v 0.148724 0.079342 -0.056153
v 0.141599 0.109892 -0.055614
v 0.120914 0.118326 -0.080957
v 0.076084 0.109367 -0.160324
v 0.063132 0.094407 -0.191326
v 0.070257 0.063857 -0.191865
v 0.092297 0.057155 -0.204074
v 0.079565 0.111749 -0.203110
v 0.168930 0.072493 -0.070566
v 0.156199 0.127085 -0.069603
v 0.116479 0.087914 -0.073802
v 0.089340 0.099091 -0.111015
v 0.070294 0.078869 -0.153035
v 0.096719 0.067451 -0.111573
v 0.079273 0.083342 -0.215928
v 0.097158 0.105308 -0.226643
v 0.104654 0.073167 -0.227210
v 0.211300 0.071291 -0.179119
v 0.238793 0.083672 -0.097956
v 0.186740 0.122967 -0.071488
v 0.172062 0.101532 -0.058345
v 0.194234 0.090835 -0.072056
v 0.128087 0.058000 -0.188838
v 0.171015 0.066661 -0.113278
v 0.129703 0.057408 -0.135361
v 0.111873 0.127524 -0.187611
v 0.113812 0.125545 -0.134159
v 0.154803 0.136176 -0.112051
v 0.180904 0.128327 -0.235618
v 0.189730 0.090481 -0.236286
v 0.229583 0.082495 -0.136703
v 0.198988 0.076835 -0.215256
v 0.183403 0.143664 -0.214077
v 0.213998 0.149325 -0.135524
v 0.233124 0.137743 -0.101411
v 0.241950 0.099897 -0.102079
v 0.202589 0.113031 -0.214332
v 0.210056 0.134557 -0.179803
v 0.232526 0.118360 -0.137916
v 0.219141 0.095598 -0.180490
v 0.181197 0.108736 -0.246006
v 0.184693 0.073711 -0.238709
v 0.165075 0.125757 -0.247758
v 0.174286 0.086262 -0.248455
v 0.219976 0.072264 -0.129747
v 0.187459 0.066225 -0.215880
v 0.168384 0.148018 -0.214437
v 0.200900 0.154063 -0.128303
v 0.229010 0.137196 -0.078341
v 0.238222 0.097694 -0.079038
v 0.162810 0.140944 -0.240261
v 0.186658 0.153269 -0.175893
v 0.218852 0.151213 -0.091161
v 0.239993 0.118816 -0.077760
v 0.170204 0.127100 -0.248161
v 0.179477 0.087336 -0.248863
v 0.225028 0.073181 -0.131197
v 0.192538 0.067137 -0.216894
v 0.173335 0.149481 -0.215441
v 0.205825 0.155524 -0.129744
v 0.234122 0.138545 -0.079440
v 0.243395 0.098782 -0.080142
v 0.206475 0.068290 -0.177393
v 0.235139 0.081371 -0.092393
v 0.175440 0.107475 -0.249634
v 0.179097 0.071103 -0.241494
v 0.169003 0.140990 -0.237522
v 0.192298 0.152774 -0.177681
v 0.223103 0.150951 -0.096769
v 0.243415 0.119745 -0.084081
v 0.124208 0.113359 -0.235686
v 0.132242 0.078911 -0.236293
v 0.190398 0.069547 -0.123183
v 0.151688 0.061925 -0.200896
v 0.134518 0.135552 -0.199597
v 0.173221 0.143199 -0.121883
v 0.203886 0.128683 -0.077749
v 0.211926 0.094209 -0.078357
v 0.162108 0.062870 -0.160350
v 0.198528 0.078491 -0.090501
v 0.204817 0.110543 -0.075587
v 0.144623 0.137848 -0.159027
v 0.184776 0.137459 -0.089460
v 0.126760 0.064238 -0.222495
v 0.116957 0.093548 -0.235078
v 0.113001 0.123235 -0.221454
v 0.151308 0.134871 -0.230828
v 0.159278 0.123002 -0.240777
v 0.162047 0.104147 -0.239431
v 0.147888 0.119746 -0.237914
v 0.167929 0.085907 -0.241432
v 0.166172 0.071132 -0.231953
v 0.156295 0.083696 -0.238550
v 0.194149 0.069128 -0.172707
v 0.213474 0.073311 -0.130265
v 0.221600 0.081324 -0.094731
v 0.204986 0.072075 -0.127230
v 0.181568 0.067363 -0.211069
v 0.171420 0.065813 -0.207156
v 0.176009 0.146910 -0.171335
v 0.163642 0.144231 -0.209713
v 0.153885 0.141002 -0.205829
v 0.206666 0.145357 -0.093601
v 0.195527 0.150268 -0.128906
v 0.187391 0.147520 -0.125898
v 0.226153 0.115678 -0.081374
v 0.222115 0.134443 -0.081906
v 0.214633 0.132200 -0.080028
v 0.230787 0.097259 -0.082563
v 0.223099 0.095895 -0.080668
v 0.216814 0.113429 -0.077845
v 0.211489 0.079724 -0.091883
v 0.233470 0.117349 -0.080051
v 0.228807 0.081434 -0.094092
v 0.180254 0.066084 -0.167369
v 0.201014 0.068829 -0.175669
v 0.196915 0.142221 -0.090780
v 0.162243 0.143315 -0.166006
v 0.213186 0.148420 -0.092910
v 0.182011 0.150314 -0.174231
v 0.142784 0.099655 -0.238391
v 0.149139 0.067885 -0.228719
v 0.173638 0.071278 -0.237316
v 0.169866 0.106083 -0.245067
v 0.134619 0.130150 -0.227621
v 0.158024 0.138227 -0.236135
v 0.122295 0.072890 -0.074844
v 0.115000 0.104169 -0.074292
v 0.069045 0.095102 -0.154331
v 0.076339 0.063823 -0.154883
v 0.083601 0.067754 -0.214973
v 0.076308 0.099027 -0.214421
v 0.162403 0.124444 -0.244401
v 0.144659 0.138521 -0.202999
v 0.120217 0.076647 -0.233420
v 0.176699 0.148715 -0.214970
v 0.195218 0.069304 -0.216371
v 0.205599 0.093331 -0.077660
v 0.144965 0.081388 -0.237725
v 0.141746 0.060417 -0.196735
v 0.166771 0.116902 -0.059237
v 0.174064 0.085630 -0.059789
v 0.107937 0.054360 -0.175171
v 0.171338 0.086131 -0.245077
v 0.198046 0.070748 -0.125047
v 0.152381 0.063316 -0.097006
v 0.112462 0.109897 -0.232833
v 0.092623 0.120024 -0.174013
v 0.137067 0.128979 -0.095847
v 0.198323 0.152196 -0.128765
v 0.202924 0.092729 -0.214860
v 0.193929 0.131299 -0.214179
v 0.224168 0.136767 -0.136951
v 0.233163 0.098196 -0.137632
v 0.227067 0.075241 -0.133569
v 0.124986 0.132280 -0.195467
v 0.182665 0.088456 -0.245987
v 0.167624 0.126624 -0.248904
v 0.222706 0.072391 -0.129997
v 0.170745 0.149102 -0.215401
v 0.231836 0.138094 -0.077988
v 0.241157 0.098122 -0.078693
v 0.203402 0.155165 -0.128536
v 0.190048 0.066330 -0.216862
v 0.176946 0.086653 -0.249609
v 0.208547 0.154652 -0.132168
v 0.235452 0.138516 -0.084317
v 0.165979 0.140472 -0.119747
v 0.244532 0.099579 -0.085004
v 0.197849 0.126561 -0.077074
v 0.173584 0.127394 -0.245300
v 0.209459 0.130575 -0.078535
v 0.166189 0.146182 -0.212221
v 0.162070 0.063862 -0.204316
v 0.216836 0.072814 -0.130166
v 0.184696 0.066825 -0.213621
v 0.136708 0.116795 -0.237100
v 0.225645 0.135839 -0.080273
v 0.180597 0.145567 -0.123727
v 0.234586 0.097501 -0.080949
v 0.182733 0.068628 -0.121015
v 0.155038 0.121638 -0.238791
v 0.163539 0.085184 -0.239435
v 0.209872 0.073037 -0.129175
v 0.177617 0.067053 -0.209139
v 0.159976 0.142697 -0.207805
v 0.192184 0.148884 -0.127836
v 0.218665 0.133355 -0.081566
v 0.227213 0.096699 -0.082213
v 0.217753 0.095008 -0.079163
vn 0.0658 -0.8716 0.4858
vn -0.1370 -0.4870 0.8626
vn -0.5099 -0.5961 0.6202
vn -0.0822 -0.9472 0.3100
vn -0.2600 -0.0787 0.9624
vn -0.6795 -0.1726 0.7131
vn -0.8356 -0.2048 0.5096
vn -0.6133 -0.6617 0.4312
vn -0.1575 -0.9667 0.2016
vn -0.3400 0.3218 0.8836
vn -0.7194 0.2663 0.6415
vn -0.3486 0.7617 0.5462
vn -0.5199 0.7722 0.3653
vn -0.5960 0.7616 0.2543
vn -0.8423 0.2903 0.4541
vn -0.9267 0.2481 0.2824
vn -0.9285 -0.2224 0.2973
vn -0.6539 0.7413 0.1514
vn -0.7315 0.6801 -0.0487
vn -0.9693 0.2147 -0.1201
vn -0.9633 -0.2214 -0.1514
vn -0.7114 -0.6530 0.2598
vn -0.2207 -0.9703 0.0989
vn -0.7670 -0.6244 -0.1476
vn -0.3220 -0.9417 -0.0976
vn -0.5042 -0.5695 -0.6491
vn -0.0967 -0.9569 -0.2738
vn -0.6872 -0.1473 -0.7114
vn -0.4197 -0.0809 -0.9040
vn -0.2829 -0.5154 -0.8089
vn -0.0020 -0.9329 -0.3600
vn -0.7257 0.3070 -0.6157
vn -0.5494 0.8075 -0.2147
vn -0.4521 0.8396 -0.3011
vn -0.5071 0.3706 -0.7781
vn -0.5706 -0.1190 -0.8126
vn -0.6207 0.0187 -0.7838
vn -0.7581 -0.0737 -0.6479
vn -0.7193 -0.1562 -0.6769
vn -0.6279 0.7039 -0.3320
vn -0.7558 0.6017 -0.2585
vn -0.6315 0.6997 -0.3341
vn -0.6194 0.0251 -0.7847
vn -0.5660 -0.1181 -0.8159
vn -0.3670 0.8470 -0.3846
vn -0.3213 0.9443 -0.0708
vn -0.2898 0.9531 -0.0872
vn -0.3197 0.8498 -0.4191
vn -0.2893 0.9560 0.0479
vn -0.2598 0.9652 0.0304
vn -0.2523 0.9673 0.0254
vn -0.2834 0.9547 -0.0906
vn -0.3119 0.8435 -0.4374
vn -0.1924 -0.4602 -0.8667
vn 0.0096 -0.9182 -0.3961
vn -0.2791 -0.0467 -0.9591
vn -0.1457 -0.0159 -0.9892
vn -0.0971 -0.3992 -0.9117
vn 0.0431 -0.9047 -0.4238
vn 0.6478 0.6973 -0.3069
vn 0.6318 0.6635 -0.4008
vn 0.3853 0.8627 -0.3276
vn 0.3845 0.8973 -0.2169
vn 0.6420 0.5871 -0.4930
vn 0.4813 0.7037 -0.5226
vn 0.1330 0.8445 -0.5187
vn 0.0200 0.9783 -0.2061
vn 0.0166 0.9967 -0.0798
vn 0.8316 -0.2202 -0.5099
vn 0.8573 -0.2980 -0.4199
vn 0.7256 -0.5891 -0.3557
vn 0.7393 -0.3944 -0.5457
vn 0.8869 -0.3272 -0.3262
vn 0.7402 -0.6263 -0.2446
vn 0.4550 -0.8832 -0.1134
vn 0.4491 -0.8604 -0.2408
vn 0.4890 -0.6766 -0.5505
vn 0.1644 -0.8980 0.4081
vn 0.1749 -0.4485 0.8765
vn 0.3171 -0.4612 0.8287
vn 0.2492 -0.8951 0.3698
vn 0.1473 0.0168 0.9889
vn 0.2639 0.0455 0.9635
vn 0.4463 0.0872 0.8906
vn 0.5098 -0.4496 0.7335
vn 0.3663 -0.8783 0.3074
vn -0.0798 -0.0009 -0.9968
vn -0.0482 -0.2882 -0.9564
vn -0.0357 -0.3336 -0.9420
vn -0.0695 0.0016 -0.9976
vn 0.0878 -0.8766 -0.4732
vn 0.0837 -0.8864 -0.4553
vn 0.1185 -0.9878 -0.1006
vn 0.1261 -0.9877 -0.0926
vn 0.1316 -0.9853 -0.1091
vn 0.1675 -0.9858 0.0111
vn 0.1634 -0.9864 0.0147
vn 0.1779 -0.9840 0.0099
vn 0.2454 0.5887 0.7702
vn 0.1671 0.5093 0.8442
vn 0.3106 0.0534 0.9490
vn -0.0951 0.9241 0.3703
vn -0.1443 0.8997 0.4119
vn 0.4063 -0.4214 0.8108
vn 0.3141 -0.8838 0.3468
vn 0.0644 -0.9971 -0.0396
vn 0.1124 -0.9924 0.0498
vn -0.2572 -0.8948 -0.3648
vn -0.5549 -0.2622 -0.7895
vn -0.7178 -0.2455 -0.6515
vn -0.4165 -0.8622 -0.2883
vn -0.5512 -0.2669 -0.7905
vn -0.2621 -0.8926 -0.3668
vn 0.1655 -0.9783 0.1248
vn 0.1939 -0.9756 0.1030
vn 0.2087 -0.8996 0.3836
vn 0.1939 -0.9810 -0.0044
vn 0.2015 -0.9794 -0.0094
vn 0.2168 -0.9724 0.0862
vn 0.2679 -0.8964 0.3530
vn 0.1825 -0.9754 0.1234
vn 0.2384 -0.9666 0.0937
vn -0.3937 0.3668 -0.8429
vn -0.4173 0.8402 -0.3463
vn -0.2737 0.3530 -0.8947
vn -0.4266 0.9042 0.0224
vn -0.3634 0.9310 -0.0330
vn -0.3814 0.9176 0.1121
vn -0.3158 0.9463 0.0691
vn -0.3097 0.9319 0.1890
vn -0.2539 0.9547 0.1556
vn -0.4542 0.8840 0.1103
vn -0.4473 0.8730 0.1944
vn -0.5756 0.7810 0.2421
vn -0.5626 0.8118 0.1562
vn -0.4211 0.7624 0.4913
vn -0.5919 0.6035 0.5342
vn -0.4724 0.7242 0.5024
vn -0.4778 0.8533 0.2087
vn -0.4788 0.8699 0.1186
vn 0.8320 -0.0557 -0.5519
vn 0.8809 -0.0901 -0.4647
vn 0.7975 0.1967 -0.5704
vn 0.8481 0.2070 -0.4877
vn 0.9015 0.2170 -0.3745
vn 0.9261 -0.1137 -0.3598
vn 0.7166 0.4394 -0.5417
vn 0.7460 0.4881 -0.4530
vn 0.7776 0.5242 -0.3472
vn 0.8125 0.5225 -0.2585
vn 0.9358 0.2227 -0.2734
vn 0.6710 0.7047 -0.2306
vn 0.7182 0.6733 -0.1758
vn 0.8414 0.5102 -0.1780
vn 0.9556 0.2255 -0.1896
vn 0.9572 -0.1018 -0.2708
vn 0.9105 -0.3294 -0.2498
vn 0.9784 -0.0823 -0.1898
vn 0.9387 -0.2850 -0.1939
vn 0.7549 -0.6363 -0.1589
vn 0.8497 -0.5254 -0.0448
vn 0.5929 -0.7853 0.1781
vn 0.4757 -0.8793 -0.0229
vn -0.3501 0.9352 -0.0526
vn -0.3101 0.9487 0.0616
vn 0.7458 -0.0745 -0.6620
vn 0.7140 0.1792 -0.6768
vn 0.5190 -0.1604 -0.8396
vn 0.4842 0.1289 -0.8654
vn -0.1104 0.2788 -0.9540
vn -0.0231 0.0124 -0.9997
vn -0.2818 0.8457 -0.4532
vn 0.3872 0.4059 -0.8278
vn -0.0993 -0.8769 0.4702
vn -0.0498 -0.9834 0.1746
vn 0.2041 -0.9749 0.0894
vn 0.2473 -0.9006 0.3574
vn -0.0440 -0.9954 0.0852
vn 0.1861 -0.9825 -0.0033
vn -0.5066 0.8622 0.0044
vn -0.2814 0.9546 -0.0974
vn -0.2675 0.9630 0.0315
vn -0.3683 0.1829 0.9115
vn 0.0683 0.4779 0.8758
vn -0.1721 0.9030 0.3936
vn -0.2875 -0.0837 0.9541
vn 0.2143 0.0323 0.9762
vn 0.8140 0.1789 0.5526
vn 0.5987 0.6315 0.4927
vn 0.1893 0.9587 0.2125
vn -0.2417 -0.3619 0.9003
vn 0.2803 -0.4347 0.8559
vn 0.8194 -0.3246 0.4726
vn -0.2468 0.9609 0.1253
vn 0.0387 0.9992 0.0116
vn -0.0739 -0.9968 -0.0305
vn 0.1686 -0.9766 -0.1336
vn 0.1164 -0.8646 -0.4887
vn 0.0152 -0.2616 -0.9651
vn 0.3963 0.9088 -0.1307
vn 0.5342 0.8451 -0.0186
vn 0.8229 0.5665 0.0427
vn 0.9736 0.2255 0.0350
vn -0.2813 0.9453 0.1651
vn -0.2873 0.9439 0.1628
vn -0.1918 0.8882 0.4175
vn -0.2498 0.8599 0.4453
vn 0.9883 -0.1499 0.0286
vn -0.0357 0.4438 0.8954
vn 0.0747 0.5175 0.8524
vn 0.6300 0.4222 -0.6518
vn 0.0379 0.4691 0.8823
vn -0.2062 0.8838 0.4200
vn 0.2313 0.0363 0.9722
vn 0.3215 0.0578 0.9451
vn 0.1331 0.5051 0.8528
vn -0.1517 0.9085 0.3895
vn -0.4903 0.8715 0.0073
vn -0.5918 0.8043 0.0544
vn 0.1601 -0.9794 -0.1234
vn 0.1666 -0.9778 -0.1269
vn -0.0368 -0.8882 0.4579
vn -0.0137 -0.9870 0.1599
vn -0.1690 -0.9631 0.2097
vn -0.2596 -0.8228 0.5056
vn -0.0157 -0.9969 0.0767
vn -0.1445 -0.9817 0.1242
vn -0.0555 -0.9981 -0.0276
vn -0.1760 -0.9842 0.0210
vn -0.1790 0.2741 -0.9449
vn -0.1879 0.3207 -0.9284
vn -0.2696 0.2372 0.9333
vn -0.4838 0.0727 0.8722
vn -0.1783 -0.0590 0.9822
vn -0.4166 -0.1129 0.9021
vn -0.2562 0.9566 0.1389
vn -0.2343 0.9644 0.1222
vn -0.1297 -0.3676 0.9209
vn -0.3950 -0.3113 0.8643
vn 0.1909 -0.9747 0.1163
vn -0.3295 0.1810 -0.9267
vn -0.4071 0.8114 -0.4194
vn -0.2573 -0.0431 -0.9654
vn -0.2236 -0.2729 -0.9357
vn -0.0119 -0.8906 -0.4547
vn 0.1671 -0.9808 0.1004
vn 0.1431 -0.9896 0.0145
vn 0.2253 -0.9014 0.3697
vn 0.1049 -0.9896 -0.0985
vn -0.3436 0.9370 -0.0624
vn -0.3090 0.9498 0.0491
vn -0.2825 0.9495 0.1363
vn -0.1919 0.8935 0.4060
vn 0.0678 0.4566 0.8871
vn 0.2141 0.0324 0.9763
vn 0.2699 -0.4153 0.8687
vn 0.3498 -0.4293 0.8326
vn 0.2489 -0.4402 0.8627
vt 0.866283 0.392475
vt 0.878288 0.377608
vt 0.825700 0.371362
vt 0.825918 0.395613
vt 0.887335 0.365179
vt 0.828004 0.356233
vt 0.752504 0.372194
vt 0.755880 0.387563
vt 0.760945 0.413417
vt 0.896559 0.353941
vt 0.835034 0.346115
vt 0.893928 0.356462
vt 0.843419 0.356484
vt 0.756902 0.379460
vt 0.752852 0.365094
vt 0.671476 0.399895
vt 0.678261 0.404213
vt 0.670919 0.414364
vt 0.624942 0.444832
vt 0.619056 0.443400
vt 0.628880 0.446673
vt 0.686492 0.416795
vt 0.695866 0.438751
vt 0.641209 0.453576
vt 0.657957 0.460281
vt 0.633350 0.494799
vt 0.658023 0.489683
vt 0.620033 0.494032
vt 0.633130 0.535412
vt 0.645620 0.531537
vt 0.669014 0.522685
vt 0.609311 0.491478
vt 0.621030 0.481827
vt 0.633771 0.525603
vt 0.623013 0.534636
vt 0.702507 0.626935
vt 0.691572 0.634488
vt 0.691439 0.643973
vt 0.702769 0.635318
vt 0.693770 0.632135
vt 0.693420 0.641999
vt 0.825082 0.252934
vt 0.803613 0.243882
vt 0.801033 0.247487
vt 0.823389 0.257089
vt 0.855412 0.253482
vt 0.855108 0.257767
vt 0.656333 0.575294
vt 0.706009 0.557007
vt 0.717297 0.577150
vt 0.669606 0.594858
vt 0.787623 0.527812
vt 0.797658 0.546349
vt 0.806597 0.563302
vt 0.727965 0.594973
vt 0.682342 0.611836
vt 0.657678 0.555190
vt 0.678884 0.544360
vt 0.646565 0.561831
vt 0.659781 0.579394
vt 0.668991 0.571007
vt 0.687562 0.558900
vt 0.795773 0.173265
vt 0.798501 0.218162
vt 0.789607 0.219777
vt 0.786178 0.173625
vt 0.804268 0.239961
vt 0.800188 0.246041
vt 0.799170 0.248419
vt 0.788185 0.220546
vt 0.784716 0.173237
vt 0.908036 0.239368
vt 0.914833 0.216986
vt 0.924762 0.218453
vt 0.912487 0.245536
vt 0.919265 0.170901
vt 0.930007 0.170877
vt 0.931914 0.170412
vt 0.926542 0.219211
vt 0.913719 0.247958
vt 0.896607 0.480334
vt 0.930035 0.473964
vt 0.923753 0.466212
vt 0.890610 0.472718
vt 0.950067 0.472259
vt 0.942983 0.463436
vt 0.933948 0.442358
vt 0.916422 0.446974
vt 0.884973 0.454166
vt 0.690378 0.609934
vt 0.694903 0.598629
vt 0.682494 0.585883
vt 0.675753 0.595843
vt 0.707361 0.584838
vt 0.697810 0.572810
vt 0.720412 0.529550
vt 0.713085 0.507899
vt 0.727190 0.543422
vt 0.782788 0.523294
vt 0.776906 0.510725
vt 0.771566 0.489051
vt 0.942805 0.434635
vt 0.928855 0.391375
vt 0.919542 0.401886
vt 0.924254 0.433160
vt 0.913417 0.387793
vt 0.905254 0.409949
vt 0.878326 0.419338
vt 0.704065 0.473357
vt 0.766238 0.451959
vt 0.716118 0.598807
vt 0.705547 0.613807
vt 0.705845 0.621012
vt 0.716480 0.604901
vt 0.886725 0.252743
vt 0.887886 0.256943
vt 0.910122 0.243357
vt 0.912319 0.247018
vt 0.843965 0.499308
vt 0.850154 0.508790
vt 0.902463 0.487439
vt 0.789462 0.535654
vt 0.795415 0.546953
vt 0.855388 0.517925
vt 0.907198 0.494754
vt 0.829450 0.432721
vt 0.833342 0.469416
vt 0.636439 0.562765
vt 0.645704 0.555042
vt 0.649092 0.581906
vt 0.676301 0.456938
vt 0.687219 0.505226
vt 0.763387 0.425492
vt 0.770939 0.477536
vt 0.852715 0.399230
vt 0.859986 0.449716
vt 0.815910 0.583109
vt 0.905184 0.536924
vt 0.911445 0.541507
vt 0.819007 0.589923
vt 0.970676 0.501256
vt 0.979128 0.504209
vt 0.791080 0.115960
vt 0.801017 0.068014
vt 0.798385 0.063937
vt 0.788084 0.114031
vt 0.790149 0.172416
vt 0.787125 0.172887
vt 0.888100 0.243466
vt 0.890418 0.216524
vt 0.854852 0.243978
vt 0.855160 0.216326
vt 0.856011 0.169642
vt 0.893148 0.169957
vt 0.822651 0.243789
vt 0.821015 0.217235
vt 0.819959 0.171379
vt 0.820815 0.112067
vt 0.857543 0.109282
vt 0.796578 0.115471
vt 0.801929 0.075150
vt 0.822593 0.062953
vt 0.859045 0.058234
vt 0.895134 0.109742
vt 0.920919 0.111646
vt 0.896050 0.059933
vt 0.917235 0.070673
vt 0.931538 0.109787
vt 0.923017 0.059339
vt 0.924552 0.055896
vt 0.933440 0.108313
vt 0.696785 0.536507
vt 0.778809 0.509118
vt 0.888222 0.254841
vt 0.854776 0.255684
vt 0.888576 0.257979
vt 0.854813 0.258880
vt 0.822429 0.258718
vt 0.854914 0.259472
vt 0.799571 0.248894
vt 0.822160 0.258116
vt 0.922719 0.058825
vt 0.931374 0.109574
vt 0.933057 0.108308
vt 0.924223 0.056259
vt 0.929940 0.170138
vt 0.931560 0.170238
vt 0.790405 0.219660
vt 0.788702 0.220641
vt 0.785326 0.173049
vt 0.823820 0.040226
vt 0.822804 0.037148
vt 0.796777 0.061561
vt 0.860342 0.034618
vt 0.860261 0.031316
vt 0.860114 0.030671
vt 0.822381 0.036591
vt 0.796183 0.061245
vt 0.897248 0.036874
vt 0.898129 0.033663
vt 0.898270 0.033071
vt 0.786273 0.112909
vt 0.785627 0.112945
vt 0.924763 0.218341
vt 0.926246 0.219317
vt 0.913511 0.248447
vt 0.888501 0.258589
vt 0.787043 0.114275
vt 0.797187 0.064500
vt 0.822472 0.040911
vt 0.859831 0.035149
vt 0.868112 0.478166
vt 0.877579 0.492316
vt 0.933529 0.457631
vt 0.943485 0.467541
vt 0.897627 0.037490
vt 0.961247 0.465993
vt 0.952532 0.457078
vt 0.822416 0.255017
vt 0.969035 0.474507
vt 0.953076 0.477028
vt 0.956067 0.480727
vt 0.960729 0.489432
vt 0.975086 0.483523
vt 0.960671 0.487056
vt 0.738097 0.615769
vt 0.738803 0.624597
vt 0.793344 0.217278
vt 0.735100 0.556969
vt 0.742431 0.568949
vt 0.913286 0.504979
vt 0.861177 0.529324
vt 0.864150 0.532143
vt 0.917684 0.507152
vt 0.801419 0.559835
vt 0.803064 0.563682
vt 0.928400 0.111744
vt 0.927049 0.169769
vt 0.920058 0.063220
vt 0.749505 0.582469
vt 0.750275 0.587449
vt 0.922074 0.215953
vt 0.679212 0.615631
vt 0.664657 0.600044
vt 0.984097 0.496198
vt 0.992322 0.498685
vt 0.968336 0.501128
vt 0.975249 0.503505
vt 0.825435 0.045468
vt 0.860369 0.040223
vt 0.887394 0.506238
vt 0.895539 0.519796
vt 0.946625 0.499372
vt 0.952281 0.501496
vt 0.895646 0.042338
vt 0.838164 0.489467
vt 0.688107 0.626102
vt 0.690486 0.623222
vt 0.699084 0.619403
vt 0.702451 0.607159
vt 0.713433 0.592845
vt 0.858674 0.524776
vt 0.799199 0.554735
vt 0.910268 0.500817
vt 0.747176 0.576945
vt 0.734875 0.606968
vt 0.812318 0.575038
vt 0.900679 0.530015
vt 0.965472 0.495484
vt 0.979143 0.491085
vt 0.964074 0.496457
vt 0.943022 0.495114
vt 0.939973 0.488832
vt 0.935596 0.481255
s 1
usemtl 材质.009
f 1157/1064/3288 1225/1065/3289 1351/1066/3290 1224/1067/3291
f 1225/1065/3289 1162/1068/3292 1235/1069/3293 1351/1066/3290
f 1351/1066/3290 1235/1069/3293 1169/1070/3294 1238/1071/3295
f 1224/1067/3291 1351/1066/3290 1238/1071/3295 1161/1072/3296
f 1162/1068/3292 1226/1073/3297 1352/1074/3298 1235/1069/3293
f 1226/1073/3297 1158/1075/3299 1227/1076/3300 1352/1074/3298
f 1352/1074/3298 1227/1076/3300 1163/1077/3301 1236/1078/3302
f 1235/1069/3293 1352/1074/3298 1236/1078/3302 1169/1070/3294
f 1169/1070/3294 1236/1078/3302 1353/1079/3303 1237/1080/3304
f 1236/1078/3302 1163/1077/3301 1228/1081/3305 1353/1079/3303
f 1353/1079/3303 1228/1081/3305 1160/1082/3306 1229/1083/3307
f 1237/1080/3304 1353/1079/3303 1229/1083/3307 1164/1084/3308
f 1161/1072/3296 1238/1071/3295 1354/1085/3309 1223/1086/3310
f 1238/1071/3295 1169/1070/3294 1237/1080/3304 1354/1085/3309
f 1354/1085/3309 1237/1080/3304 1164/1084/3308 1230/1087/3311
f 1223/1086/3310 1354/1085/3309 1230/1087/3311 1159/1088/3312
f 1159/1088/3312 1230/1087/3311 1355/1089/3313 1231/1090/3314
f 1230/1087/3311 1164/1084/3308 1239/1091/3315 1355/1089/3313
f 1355/1089/3313 1239/1091/3315 1170/1092/3316 1241/1093/3317
f 1231/1090/3314 1355/1089/3313 1241/1093/3317 1165/1094/3318
f 1164/1084/3308 1229/1083/3307 1356/1095/3319 1239/1091/3315
f 1229/1083/3307 1160/1082/3306 1232/1096/3320 1356/1095/3319
f 1356/1095/3319 1232/1096/3320 1166/1097/3321 1240/1098/3322
f 1239/1091/3315 1356/1095/3319 1240/1098/3322 1170/1092/3316
f 1215/1099/3323 1312/1100/3324 1357/1101/3325 1348/1102/3326
f 1312/1100/3324 1214/1103/3327 1350/1104/3328 1357/1101/3325
f 1357/1105/3325 1350/1106/3328 1171/1107/3329 1267/1108/3330
f 1348/1109/3326 1357/1105/3325 1267/1108/3330 1184/1110/3331
f 1202/1111/3332 1299/1112/3333 1358/1113/3334 1349/1114/3335
f 1299/1112/3333 1205/1115/3336 1342/1116/3337 1358/1113/3334
f 1358/1113/3334 1342/1116/3337 1219/1117/3338 1326/1118/3339
f 1349/1114/3335 1358/1113/3334 1326/1118/3339 1213/1119/3340
f 1165/1094/3318 1241/1093/3317 1359/1120/3341 1308/1121/3342
f 1241/1093/3317 1170/1092/3316 1309/1122/3343 1359/1120/3341
f 1359/1120/3341 1309/1122/3343 1203/1123/3344 1296/1124/3345
f 1308/1121/3342 1359/1120/3341 1296/1124/3345 1201/1125/3346
f 1180/1126/3347 1257/1127/3348 1360/1128/3349 1292/1129/3350
f 1257/1127/3348 1175/1130/3351 1291/1131/3352 1360/1128/3349
f 1360/1128/3349 1291/1131/3352 1191/1132/3353 1283/1133/3354
f 1292/1129/3350 1360/1128/3349 1283/1133/3354 1192/1134/3355
f 1177/1135/3356 1256/1136/3357 1361/1137/3358 1266/1138/3359
f 1256/1136/3357 1179/1139/3360 1242/1140/3361 1361/1137/3358
f 1361/1137/3358 1242/1140/3361 1198/1141/3362 1282/1142/3363
f 1266/1138/3359 1361/1137/3358 1282/1142/3363 1196/1143/3364
f 1199/1144/3365 1302/1145/3366 1362/1146/3367 1304/1147/3368
f 1302/1145/3366 1206/1148/3369 1305/1149/3370 1362/1146/3367
f 1362/1146/3367 1305/1149/3370 1172/1150/3371 1246/1151/3372
f 1304/1147/3368 1362/1146/3367 1246/1151/3372 1167/1152/3373
f 1216/1153/3374 1317/1154/3375 1363/1155/3376 1345/1156/3377
f 1317/1154/3375 1212/1157/3378 1346/1158/3379 1363/1155/3376
f 1363/1155/3376 1346/1158/3379 1201/1125/3346 1296/1124/3345
f 1345/1156/3377 1363/1155/3376 1296/1124/3345 1203/1123/3344
f 1165/1094/3318 1308/1121/3342 1364/1159/3380 1247/1160/3381
f 1308/1121/3342 1201/1125/3346 1298/1161/3382 1364/1159/3380
f 1364/1159/3380 1298/1161/3382 1204/1162/3383 1303/1163/3384
f 1247/1160/3381 1364/1159/3380 1303/1163/3384 1173/1164/3385
f 1172/1150/3371 1244/1165/3386 1365/1166/3387 1245/1167/3388
f 1244/1165/3386 1168/1168/3389 1234/1169/3390 1365/1166/3387
f 1365/1166/3387 1234/1169/3390 1158/1075/3299 1226/1073/3297
f 1245/1167/3388 1365/1166/3387 1226/1073/3297 1162/1068/3292
f 1167/1152/3373 1246/1151/3372 1366/1170/3391 1233/1171/3392
f 1246/1151/3372 1172/1150/3371 1245/1167/3388 1366/1170/3391
f 1366/1170/3391 1245/1167/3388 1162/1068/3292 1225/1065/3289
f 1233/1171/3392 1366/1170/3391 1225/1065/3289 1157/1064/3288
f 1159/1088/3312 1231/1090/3314 1367/1172/3393 1223/1086/3310
f 1231/1090/3314 1165/1094/3318 1247/1160/3381 1367/1172/3393
f 1367/1172/3393 1247/1160/3381 1173/1164/3385 1249/1173/3394
f 1223/1086/3310 1367/1172/3393 1249/1173/3394 1161/1072/3296
f 1211/1174/3395 1315/1175/3396 1368/1176/3397 1347/1177/3398
f 1315/1175/3396 1215/1099/3323 1348/1102/3326 1368/1176/3397
f 1368/1178/3397 1348/1109/3326 1184/1110/3331 1268/1179/3399
f 1347/1180/3398 1368/1178/3397 1268/1179/3399 1185/1181/3400
f 1199/1144/3365 1297/1182/3401 1369/1183/3402 1336/1184/3403
f 1297/1182/3401 1204/1162/3383 1339/1185/3404 1369/1183/3402
f 1369/1183/3402 1339/1185/3404 1217/1186/3405 1321/1187/3406
f 1336/1184/3403 1369/1183/3402 1321/1187/3406 1208/1188/3407
f 1161/1072/3296 1249/1173/3394 1370/1189/3408 1224/1067/3291
f 1249/1173/3394 1173/1164/3385 1248/1190/3409 1370/1189/3408
f 1370/1189/3408 1248/1190/3409 1167/1152/3373 1233/1171/3392
f 1224/1067/3291 1370/1189/3408 1233/1171/3392 1157/1064/3288
f 1170/1092/3316 1240/1098/3322 1371/1191/3410 1309/1122/3343
f 1240/1098/3322 1166/1097/3321 1310/1192/3411 1371/1191/3410
f 1371/1191/3410 1310/1192/3411 1202/1111/3332 1295/1193/3412
f 1309/1122/3343 1371/1191/3410 1295/1193/3412 1203/1123/3344
f 1166/1097/3321 1232/1096/3320 1372/1194/3413 1250/1195/3414
f 1232/1096/3320 1160/1082/3306 1228/1081/3305 1372/1194/3413
f 1372/1194/3413 1228/1081/3305 1163/1077/3301 1251/1196/3415
f 1250/1195/3414 1372/1194/3413 1251/1196/3415 1174/1197/3416
f 1174/1197/3416 1251/1196/3415 1373/1198/3417 1252/1199/3418
f 1251/1196/3415 1163/1077/3301 1227/1076/3300 1373/1198/3417
f 1373/1198/3417 1227/1076/3300 1158/1075/3299 1234/1169/3390
f 1252/1199/3418 1373/1198/3417 1234/1169/3390 1168/1168/3389
f 1220/1200/3419 1328/1201/3420 1374/1202/3421 1344/1203/3422
f 1328/1201/3420 1210/1204/3423 1343/1205/3424 1374/1202/3421
f 1374/1206/3421 1343/1207/3424 1189/1208/3425 1272/1209/3426
f 1344/1210/3422 1374/1206/3421 1272/1209/3426 1188/1211/3427
f 1177/1135/3356 1254/1212/3428 1375/1213/3429 1256/1136/3357
f 1254/1212/3428 1176/1214/3430 1261/1215/3431 1375/1213/3429
f 1375/1213/3429 1261/1215/3431 1183/1216/3432 1264/1217/3433
f 1256/1136/3357 1375/1213/3429 1264/1217/3433 1179/1139/3360
f 1176/1214/3430 1253/1218/3434 1376/1219/3435 1261/1215/3431
f 1253/1218/3434 1175/1130/3351 1257/1127/3348 1376/1219/3435
f 1376/1219/3435 1257/1127/3348 1180/1126/3347 1262/1220/3436
f 1261/1215/3431 1376/1219/3435 1262/1220/3436 1183/1216/3432
f 1183/1216/3432 1262/1220/3436 1377/1221/3437 1263/1222/3438
f 1262/1220/3436 1180/1126/3347 1258/1223/3439 1377/1221/3437
f 1377/1221/3437 1258/1223/3439 1181/1224/3440 1259/1225/3441
f 1263/1222/3438 1377/1221/3437 1259/1225/3441 1182/1226/3442
f 1179/1139/3360 1264/1217/3433 1378/1227/3443 1255/1228/3444
f 1264/1217/3433 1183/1216/3432 1263/1222/3438 1378/1227/3443
f 1378/1227/3443 1263/1222/3438 1182/1226/3442 1260/1229/3445
f 1255/1228/3444 1378/1227/3443 1260/1229/3445 1178/1230/3446
f 1179/1139/3360 1255/1228/3444 1379/1231/3447 1242/1140/3361
f 1255/1228/3444 1178/1230/3446 1243/1232/3448 1379/1231/3447
f 1379/1231/3447 1243/1232/3448 1197/1233/3449 1281/1234/3450
f 1242/1140/3361 1379/1231/3447 1281/1234/3450 1198/1141/3362
f 1202/1111/3332 1310/1192/3411 1380/1235/3451 1299/1112/3333
f 1310/1192/3411 1166/1097/3321 1250/1195/3414 1380/1235/3451
f 1380/1235/3451 1250/1195/3414 1174/1197/3416 1306/1236/3452
f 1299/1112/3333 1380/1235/3451 1306/1236/3452 1205/1115/3336
f 1176/1214/3430 1254/1212/3428 1381/1237/3453 1265/1238/3454
f 1254/1212/3428 1177/1135/3356 1266/1138/3359 1381/1237/3453
f 1381/1237/3453 1266/1138/3359 1196/1143/3364 1280/1239/3455
f 1265/1238/3454 1381/1237/3453 1280/1239/3455 1195/1240/3456
f 1184/1110/3331 1267/1108/3330 1382/1241/3457 1289/1242/3458
f 1267/1108/3330 1171/1107/3329 1275/1243/3459 1382/1241/3457
f 1382/1241/3457 1275/1243/3459 1191/1132/3353 1279/1244/3460
f 1289/1242/3458 1382/1241/3457 1279/1244/3460 1195/1240/3456
f 1186/1245/3461 1269/1246/3462 1383/1247/3463 1288/1248/3464
f 1269/1246/3462 1187/1249/3465 1287/1250/3466 1383/1247/3463
f 1383/1247/3463 1287/1250/3466 1198/1141/3362 1281/1234/3450
f 1288/1248/3464 1383/1247/3463 1281/1234/3450 1197/1233/3449
f 1171/1107/3329 1271/1251/3467 1384/1252/3468 1275/1243/3459
f 1271/1251/3467 1188/1211/3427 1276/1253/3469 1384/1252/3468
f 1384/1252/3468 1276/1253/3469 1192/1134/3355 1283/1133/3354
f 1275/1243/3459 1384/1252/3468 1283/1133/3354 1191/1132/3353
f 1189/1208/3425 1273/1254/3470 1385/1255/3471 1277/1256/3472
f 1273/1254/3470 1190/1257/3473 1278/1258/3474 1385/1255/3471
f 1385/1255/3471 1278/1258/3474 1194/1259/3475 1285/1260/3476
f 1277/1256/3472 1385/1255/3471 1285/1260/3476 1193/1261/3477
f 1190/1257/3473 1274/1262/3478 1386/1263/3479 1278/1258/3474
f 1274/1262/3478 1186/1245/3461 1288/1248/3464 1386/1263/3479
f 1386/1263/3479 1288/1248/3464 1197/1233/3449 1286/1264/3480
f 1278/1258/3474 1386/1263/3479 1286/1264/3480 1194/1259/3475
f 1188/1211/3427 1272/1209/3426 1387/1265/3481 1276/1253/3469
f 1272/1209/3426 1189/1208/3425 1277/1256/3472 1387/1265/3481
f 1387/1265/3481 1277/1256/3472 1193/1261/3477 1284/1266/3482
f 1276/1253/3469 1387/1265/3481 1284/1266/3482 1192/1134/3355
f 1187/1249/3465 1270/1267/3483 1388/1268/3484 1287/1250/3466
f 1270/1267/3483 1185/1181/3400 1290/1269/3485 1388/1268/3484
f 1388/1268/3484 1290/1269/3485 1196/1143/3364 1282/1142/3363
f 1287/1250/3466 1388/1268/3484 1282/1142/3363 1198/1141/3362
f 1185/1181/3400 1268/1179/3399 1389/1270/3486 1290/1269/3485
f 1268/1179/3399 1184/1110/3331 1289/1242/3458 1389/1270/3486
f 1389/1270/3486 1289/1242/3458 1195/1240/3456 1280/1239/3455
f 1290/1269/3485 1389/1270/3486 1280/1239/3455 1196/1143/3364
f 1181/1224/3440 1258/1223/3439 1390/1271/3487 1293/1272/3488
f 1258/1223/3439 1180/1126/3347 1292/1129/3350 1390/1271/3487
f 1390/1271/3487 1292/1129/3350 1192/1134/3355 1284/1266/3482
f 1293/1272/3488 1390/1271/3487 1284/1266/3482 1193/1261/3477
f 1182/1226/3442 1259/1225/3441 1391/1273/3489 1294/1274/3490
f 1259/1225/3441 1181/1224/3440 1293/1272/3488 1391/1273/3489
f 1391/1273/3489 1293/1272/3488 1193/1261/3477 1285/1260/3476
f 1294/1274/3490 1391/1273/3489 1285/1260/3476 1194/1259/3475
f 1205/1115/3336 1306/1236/3452 1392/1275/3491 1300/1276/3492
f 1306/1236/3452 1174/1197/3416 1252/1199/3418 1392/1275/3491
f 1392/1275/3491 1252/1199/3418 1168/1168/3389 1307/1277/3493
f 1300/1276/3492 1392/1275/3491 1307/1277/3493 1200/1278/3494
f 1178/1230/3446 1260/1229/3445 1393/1279/3495 1243/1232/3448
f 1260/1229/3445 1182/1226/3442 1294/1274/3490 1393/1279/3495
f 1393/1279/3495 1294/1274/3490 1194/1259/3475 1286/1264/3480
f 1243/1232/3448 1393/1279/3495 1286/1264/3480 1197/1233/3449
f 1206/1148/3369 1301/1280/3496 1394/1281/3497 1305/1149/3370
f 1301/1280/3496 1200/1278/3494 1307/1277/3493 1394/1281/3497
f 1394/1281/3497 1307/1277/3493 1168/1168/3389 1244/1165/3386
f 1305/1149/3370 1394/1281/3497 1244/1165/3386 1172/1150/3371
f 1175/1130/3351 1253/1218/3434 1395/1282/3498 1291/1131/3352
f 1253/1218/3434 1176/1214/3430 1265/1238/3454 1395/1282/3498
f 1395/1282/3498 1265/1238/3454 1195/1240/3456 1279/1244/3460
f 1291/1131/3352 1395/1282/3498 1279/1244/3460 1191/1132/3353
f 1200/1278/3494 1301/1280/3496 1396/1283/3499 1341/1284/3500
f 1301/1280/3496 1206/1148/3369 1335/1285/3501 1396/1283/3499
f 1396/1283/3499 1335/1285/3501 1221/1286/3502 1332/1287/3503
f 1341/1284/3500 1396/1283/3499 1332/1287/3503 1209/1288/3504
f 1214/1103/3327 1325/1289/3505 1397/1290/3506 1350/1104/3328
f 1325/1289/3505 1220/1200/3419 1344/1203/3422 1397/1290/3506
f 1397/1291/3506 1344/1210/3422 1188/1211/3427 1271/1251/3467
f 1350/1106/3328 1397/1291/3506 1271/1251/3467 1171/1107/3329
f 1204/1162/3383 1298/1161/3382 1398/1292/3507 1339/1185/3404
f 1298/1161/3382 1201/1125/3346 1346/1158/3379 1398/1292/3507
f 1398/1292/3507 1346/1158/3379 1212/1157/3378 1323/1293/3508
f 1339/1185/3404 1398/1292/3507 1323/1293/3508 1217/1186/3405
f 1207/1294/3509 1319/1295/3510 1399/1296/3511 1338/1297/3512
f 1319/1295/3510 1218/1298/3513 1340/1299/3514 1399/1296/3511
f 1399/1300/3511 1340/1301/3514 1187/1249/3465 1269/1246/3462
f 1338/1302/3512 1399/1300/3511 1269/1246/3462 1186/1245/3461
f 1218/1298/3513 1322/1303/3515 1400/1304/3516 1340/1299/3514
f 1322/1303/3515 1211/1174/3395 1347/1177/3398 1400/1304/3516
f 1400/1305/3516 1347/1180/3398 1185/1181/3400 1270/1267/3483
f 1340/1301/3514 1400/1305/3516 1270/1267/3483 1187/1249/3465
f 1213/1119/3340 1314/1306/3517 1401/1307/3518 1349/1114/3335
f 1314/1306/3517 1216/1153/3374 1345/1156/3377 1401/1307/3518
f 1401/1307/3518 1345/1156/3377 1203/1123/3344 1295/1193/3412
f 1349/1114/3335 1401/1307/3518 1295/1193/3412 1202/1111/3332
f 1210/1204/3423 1331/1308/3519 1402/1309/3520 1343/1205/3424
f 1331/1308/3519 1222/1310/3521 1337/1311/3522 1402/1309/3520
f 1402/1312/3520 1337/1313/3522 1190/1257/3473 1273/1254/3470
f 1343/1207/3424 1402/1312/3520 1273/1254/3470 1189/1208/3425
f 1205/1115/3336 1300/1276/3492 1403/1314/3523 1342/1116/3337
f 1300/1276/3492 1200/1278/3494 1341/1284/3500 1403/1314/3523
f 1403/1314/3523 1341/1284/3500 1209/1288/3504 1329/1315/3524
f 1342/1116/3337 1403/1314/3523 1329/1315/3524 1219/1117/3338
f 1222/1310/3521 1333/1316/3525 1404/1317/3526 1337/1311/3522
f 1333/1316/3525 1207/1294/3509 1338/1297/3512 1404/1317/3526
f 1404/1318/3526 1338/1302/3512 1186/1245/3461 1274/1262/3478
f 1337/1313/3522 1404/1318/3526 1274/1262/3478 1190/1257/3473
f 1173/1164/3385 1303/1163/3384 1405/1319/3527 1248/1190/3409
f 1303/1163/3384 1204/1162/3383 1297/1182/3401 1405/1319/3527
f 1405/1319/3527 1297/1182/3401 1199/1144/3365 1304/1147/3368
f 1248/1190/3409 1405/1319/3527 1304/1147/3368 1167/1152/3373
f 1214/1103/3327 1312/1100/3324 1406/1320/3528 1311/1321/3529
f 1312/1100/3324 1215/1099/3323 1313/1322/3530 1406/1320/3528
f 1406/1320/3528 1313/1322/3530 1216/1153/3374 1314/1306/3517
f 1311/1321/3529 1406/1320/3528 1314/1306/3517 1213/1119/3340
f 1215/1099/3323 1315/1175/3396 1407/1323/3531 1313/1322/3530
f 1315/1175/3396 1211/1174/3395 1316/1324/3532 1407/1323/3531
f 1407/1323/3531 1316/1324/3532 1212/1157/3378 1317/1154/3375
f 1313/1322/3530 1407/1323/3531 1317/1154/3375 1216/1153/3374
f 1218/1298/3513 1319/1295/3510 1408/1325/3533 1318/1326/3534
f 1319/1295/3510 1207/1294/3509 1320/1327/3535 1408/1325/3533
f 1408/1325/3533 1320/1327/3535 1208/1188/3407 1321/1187/3406
f 1318/1326/3534 1408/1325/3533 1321/1187/3406 1217/1186/3405
f 1211/1174/3395 1322/1303/3515 1409/1328/3536 1316/1324/3532
f 1322/1303/3515 1218/1298/3513 1318/1326/3534 1409/1328/3536
f 1409/1328/3536 1318/1326/3534 1217/1186/3405 1323/1293/3508
f 1316/1324/3532 1409/1328/3536 1323/1293/3508 1212/1157/3378
f 1220/1200/3419 1325/1289/3505 1410/1329/3537 1324/1330/3538
f 1325/1289/3505 1214/1103/3327 1311/1321/3529 1410/1329/3537
f 1410/1329/3537 1311/1321/3529 1213/1119/3340 1326/1118/3339
f 1324/1330/3538 1410/1329/3537 1326/1118/3339 1219/1117/3338
f 1210/1204/3423 1328/1201/3420 1411/1331/3539 1327/1332/3540
f 1328/1201/3420 1220/1200/3419 1324/1330/3538 1411/1331/3539
f 1411/1331/3539 1324/1330/3538 1219/1117/3338 1329/1315/3524
f 1327/1332/3540 1411/1331/3539 1329/1315/3524 1209/1288/3504
f 1222/1310/3521 1331/1308/3519 1412/1333/3541 1330/1334/3542
f 1331/1308/3519 1210/1204/3423 1327/1332/3540 1412/1333/3541
f 1412/1333/3541 1327/1332/3540 1209/1288/3504 1332/1287/3503
f 1330/1334/3542 1412/1333/3541 1332/1287/3503 1221/1286/3502
f 1207/1294/3509 1333/1316/3525 1413/1335/3543 1320/1327/3535
f 1333/1316/3525 1222/1310/3521 1330/1334/3542 1413/1335/3543
f 1413/1335/3543 1330/1334/3542 1221/1286/3502 1334/1336/3544
f 1320/1327/3535 1413/1335/3543 1334/1336/3544 1208/1188/3407
f 1206/1148/3369 1302/1145/3366 1414/1337/3545 1335/1285/3501
f 1302/1145/3366 1199/1144/3365 1336/1184/3403 1414/1337/3545
f 1414/1337/3545 1336/1184/3403 1208/1188/3407 1334/1336/3544
f 1335/1285/3501 1414/1337/3545 1334/1336/3544 1221/1286/3502
o 立方体.002
v -0.107131 0.084078 -0.101981
v -0.125363 0.142723 -0.108083
v -0.170139 0.081728 0.051167
v -0.180865 0.132380 0.035765
v -0.133013 0.081072 -0.031133
v -0.109641 0.112813 -0.107135
v -0.145552 0.141086 -0.039821
v -0.174412 0.101883 0.050407
v -0.215488 0.075503 0.043714
v -0.227249 0.143304 0.028632
v -0.151548 0.076070 -0.117991
v -0.172091 0.145555 -0.125789
v -0.132561 0.106708 -0.040775
v -0.231695 0.107397 0.049746
v -0.291645 0.147843 -0.004857
v -0.164726 0.109523 -0.135788
v -0.181833 0.066741 -0.035221
v -0.199791 0.152202 -0.049505
v -0.295103 0.142068 -0.022237
v -0.299287 0.104286 -0.022036
v -0.285761 0.067329 -0.014974
v -0.206135 0.068651 -0.150847
v -0.253961 0.063033 -0.076568
v -0.266404 0.146410 -0.083707
v -0.221721 0.143855 -0.155565
v -0.220137 0.105375 -0.163536
v -0.272313 0.103893 -0.089983
v -0.299067 0.105091 0.001664
v -0.281250 0.063218 0.003876
v -0.185848 0.065015 -0.154708
v -0.239586 0.054591 -0.066366
v -0.254567 0.156925 -0.075654
v -0.203980 0.150277 -0.160268
v -0.197557 0.106681 -0.174885
v -0.295621 0.147763 -0.008917
v -0.258986 0.156986 -0.078938
v -0.207823 0.150124 -0.164230
v -0.201108 0.106262 -0.179705
v -0.303047 0.104706 -0.002732
v -0.285357 0.062494 -0.000611
v -0.190280 0.064250 -0.158949
v -0.244329 0.053768 -0.070104
v -0.169210 0.072229 -0.129400
v -0.188903 0.146969 -0.136473
v -0.242231 0.071586 0.028604
v -0.253500 0.145311 0.015937
v -0.259487 0.107667 0.031766
v -0.207021 0.062343 -0.045307
v -0.223805 0.153918 -0.057823
v -0.182418 0.108480 -0.148776
v -0.184962 0.067932 -0.145962
v -0.178241 0.069555 -0.139695
v -0.197212 0.147759 -0.145978
v -0.203230 0.148022 -0.151760
v -0.271887 0.066476 0.004281
v -0.261355 0.068462 0.011871
v -0.272066 0.145395 0.001509
v -0.282291 0.145711 -0.004972
v -0.288617 0.105685 0.002056
v -0.278106 0.106464 0.010630
v -0.224762 0.060040 -0.057041
v -0.234475 0.058214 -0.062937
v -0.240377 0.153664 -0.067577
v -0.249456 0.154091 -0.072527
v -0.191337 0.107630 -0.157965
v -0.197103 0.107027 -0.164660
v -0.153077 0.079878 0.020908
v -0.112039 0.081925 -0.075336
v -0.104083 0.095509 -0.106974
v -0.115612 0.131062 -0.109666
v -0.129399 0.144748 -0.082517
v -0.164648 0.135159 0.006570
v -0.177290 0.116543 0.044995
v -0.171007 0.090856 0.056288
v -0.190960 0.077972 0.052748
v -0.202835 0.139974 0.036690
v -0.125289 0.079356 -0.111612
v -0.145992 0.145264 -0.119043
v -0.110602 0.112489 -0.076793
v -0.131267 0.122154 -0.037187
v -0.151537 0.099043 0.009172
v -0.132288 0.095046 -0.039261
v -0.204881 0.105235 0.058426
v -0.232695 0.127152 0.043834
v -0.225895 0.089543 0.053492
v -0.247646 0.055371 -0.072141
v -0.195742 0.065267 -0.157594
v -0.168685 0.129953 -0.137600
v -0.135970 0.111011 -0.125784
v -0.154743 0.090479 -0.132771
v -0.200232 0.068280 0.011099
v -0.163036 0.068733 -0.082290
v -0.155176 0.071449 -0.031306
v -0.215243 0.150544 -0.005219
v -0.173205 0.149896 -0.045099
v -0.183881 0.151903 -0.093235
v -0.299251 0.127642 -0.021478
v -0.293245 0.081273 -0.016769
v -0.225344 0.064578 -0.121537
v -0.274999 0.063724 -0.036380
v -0.285683 0.145457 -0.043993
v -0.240140 0.146512 -0.127514
v -0.221882 0.129184 -0.162716
v -0.210418 0.082456 -0.160125
v -0.290123 0.103928 -0.050830
v -0.272024 0.127974 -0.088484
v -0.245696 0.104512 -0.131429
v -0.264201 0.080381 -0.084394
v -0.302769 0.104549 -0.007870
v -0.285972 0.063670 -0.005519
v -0.298997 0.129486 0.001627
v -0.292830 0.081052 0.007042
v -0.208388 0.056687 -0.115477
v -0.264160 0.055551 -0.022612
v -0.276961 0.155539 -0.032355
v -0.226057 0.156864 -0.123242
v -0.199825 0.131739 -0.174554
v -0.186526 0.082758 -0.171780
v -0.294327 0.148161 -0.006226
v -0.256735 0.157411 -0.077336
v -0.205247 0.150604 -0.163079
v -0.198684 0.106490 -0.178258
v -0.302912 0.129277 -0.002640
v -0.296829 0.080475 0.002491
v -0.213071 0.055863 -0.119344
v -0.268618 0.054755 -0.026686
v -0.281220 0.155553 -0.035947
v -0.230244 0.156849 -0.126754
v -0.203354 0.131453 -0.178977
v -0.190560 0.082148 -0.176431
v -0.241853 0.053735 -0.068244
v -0.187337 0.064286 -0.157648
v -0.301924 0.104871 0.000134
v -0.283969 0.062461 0.002295
v -0.295985 0.146210 -0.013495
v -0.261801 0.154897 -0.080554
v -0.212657 0.148376 -0.162674
v -0.206107 0.105956 -0.177677
v -0.259858 0.128895 0.027842
v -0.253238 0.087212 0.035885
v -0.184356 0.064412 -0.092538
v -0.226849 0.063936 -0.000950
v -0.241009 0.152522 -0.014752
v -0.203936 0.153478 -0.102423
v -0.185670 0.130412 -0.149522
v -0.171810 0.087777 -0.145326
v -0.197830 0.064123 -0.040030
v -0.164695 0.073944 -0.123723
v -0.177748 0.108866 -0.143211
v -0.215043 0.153338 -0.053421
v -0.184567 0.146101 -0.131167
v -0.231530 0.073521 0.035633
v -0.248511 0.107924 0.040735
v -0.242980 0.144594 0.021888
v -0.277805 0.145320 -0.003050
v -0.288763 0.128535 0.001616
v -0.283866 0.106005 0.004519
v -0.278385 0.128643 0.009329
v -0.282578 0.083191 0.007370
v -0.267302 0.067536 0.006613
v -0.272019 0.084715 0.015832
v -0.230662 0.059303 -0.060702
v -0.205738 0.060133 -0.109263
v -0.182378 0.068812 -0.142869
v -0.197565 0.061898 -0.103340
v -0.256630 0.059208 -0.021209
v -0.246216 0.061194 -0.014660
v -0.245845 0.153554 -0.070623
v -0.269424 0.152836 -0.031407
v -0.259461 0.152391 -0.026006
v -0.200918 0.147707 -0.148864
v -0.223469 0.154107 -0.117264
v -0.216058 0.153734 -0.111991
v -0.194983 0.107283 -0.161132
v -0.199488 0.130610 -0.164748
v -0.193846 0.130701 -0.158558
v -0.186201 0.084560 -0.161708
v -0.180144 0.085749 -0.155059
v -0.186791 0.108058 -0.153755
v -0.173485 0.070716 -0.135001
v -0.197516 0.106844 -0.169745
v -0.185604 0.066463 -0.150309
v -0.216230 0.061008 -0.051433
v -0.237257 0.056376 -0.064672
v -0.192894 0.147559 -0.141669
v -0.232455 0.153922 -0.062923
v -0.203803 0.149135 -0.155977
v -0.252226 0.155509 -0.074096
v -0.269570 0.107099 0.020787
v -0.252478 0.069834 0.020035
v -0.276829 0.064812 0.003989
v -0.294106 0.105377 0.001759
v -0.263484 0.145502 0.008577
v -0.287219 0.146784 -0.004977
v -0.107083 0.096526 -0.076725
v -0.114381 0.129918 -0.077660
v -0.152425 0.111364 0.008168
v -0.149210 0.090841 0.016226
v -0.199962 0.090256 0.063073
v -0.206781 0.123518 0.052389
v -0.294140 0.129012 0.001536
v -0.250807 0.152596 -0.020501
v -0.242357 0.088526 0.044369
v -0.282892 0.153543 -0.038934
v -0.270675 0.056336 -0.030083
v -0.167604 0.088972 -0.139587
v -0.263374 0.085859 0.025524
v -0.216462 0.065865 0.004881
v -0.140928 0.130583 -0.128375
v -0.127144 0.092879 -0.124269
v -0.174800 0.072057 0.018128
v -0.287970 0.082096 0.007102
v -0.190974 0.062967 -0.098309
v -0.135804 0.073085 -0.078250
v -0.249030 0.128434 0.035632
v -0.189871 0.147224 0.001220
v -0.157151 0.150799 -0.088706
v -0.224963 0.155476 -0.120233
v -0.283348 0.080574 -0.044685
v -0.289951 0.127726 -0.049219
v -0.246046 0.128550 -0.130663
v -0.236185 0.081232 -0.127349
v -0.217433 0.057353 -0.119975
v -0.230960 0.151860 -0.010070
v -0.296681 0.080824 -0.002783
v -0.301798 0.129572 0.000193
v -0.210242 0.055855 -0.117871
v -0.279455 0.155983 -0.033764
v -0.200919 0.131836 -0.177730
v -0.187798 0.082263 -0.175070
v -0.227742 0.157318 -0.125481
v -0.266710 0.054703 -0.024245
v -0.295657 0.080522 0.005469
v -0.233997 0.154750 -0.127051
v -0.208343 0.130577 -0.176787
v -0.197599 0.152723 -0.097589
v -0.196032 0.082339 -0.174328
v -0.181354 0.130001 -0.144119
v -0.302674 0.128597 -0.007731
v -0.189625 0.130681 -0.154468
v -0.273427 0.154195 -0.031915
v -0.237094 0.062369 -0.007988
v -0.207274 0.058393 -0.112361
v -0.260640 0.057346 -0.021968
v -0.269887 0.128890 0.018280
v -0.199852 0.131160 -0.169612
v -0.210068 0.153779 -0.107560
v -0.186550 0.083651 -0.166719
v -0.177649 0.066218 -0.087159
v -0.284094 0.128442 0.003826
v -0.277846 0.083948 0.009855
v -0.202587 0.061154 -0.106646
v -0.252333 0.060343 -0.019032
v -0.265265 0.152309 -0.029641
v -0.220586 0.153644 -0.114886
v -0.197380 0.130548 -0.161487
v -0.183933 0.085161 -0.158252
v -0.175753 0.086657 -0.150628
vn 0.6528 -0.7391 -0.1659
vn 0.9428 -0.0906 -0.3209
vn 0.9483 0.0356 0.3154
vn 0.6499 -0.7403 0.1720
vn 0.9016 0.2351 -0.3630
vn 0.9450 0.1734 0.2772
vn 0.8926 0.0851 0.4428
vn 0.8948 0.1095 0.4328
vn 0.6640 -0.6968 0.2712
vn 0.8060 0.4817 -0.3440
vn 0.8486 0.4792 0.2240
vn 0.4598 0.8589 -0.2255
vn 0.4268 0.8992 0.0965
vn 0.4687 0.8411 0.2699
vn 0.8437 0.3188 0.4319
vn 0.8628 0.2338 0.4482
vn 0.8752 0.2672 0.4033
vn 0.5508 0.7560 0.3536
vn 0.4804 0.7002 0.5281
vn 0.6009 0.4107 0.6857
vn 0.6006 0.4082 0.6875
vn 0.9014 0.1665 0.3996
vn 0.6081 -0.7322 0.3068
vn 0.6431 0.0739 0.7622
vn 0.4681 -0.7200 0.5123
vn -0.0221 -0.2153 0.9763
vn 0.0941 -0.8918 0.4424
vn -0.0036 0.3019 0.9533
vn -0.3825 0.1615 0.9097
vn -0.3498 -0.3624 0.8639
vn -0.0669 -0.9098 0.4096
vn 0.0445 0.5106 0.8587
vn 0.1427 0.8811 0.4509
vn -0.0512 0.9151 0.4000
vn -0.2764 0.5239 0.8057
vn -0.2493 0.0866 0.9646
vn -0.1943 0.2177 0.9565
vn 0.0224 0.1732 0.9846
vn -0.0384 0.1099 0.9932
vn 0.0253 0.8289 0.5589
vn 0.1918 0.7546 0.6275
vn 0.0138 0.8266 0.5626
vn -0.2090 0.2105 0.9550
vn -0.2634 0.0710 0.9621
vn -0.2137 0.9059 0.3657
vn -0.0293 0.9930 0.1142
vn -0.0737 0.9926 0.0966
vn -0.2846 0.8939 0.3463
vn 0.0302 0.9992 0.0245
vn -0.0118 0.9999 0.0085
vn -0.0239 0.9997 0.0040
vn -0.0852 0.9920 0.0931
vn -0.3095 0.8838 0.3509
vn -0.4686 -0.3729 0.8008
vn -0.1132 -0.8989 0.4233
vn -0.5427 0.0924 0.8348
vn -0.6710 0.0362 0.7406
vn -0.5759 -0.3745 0.7267
vn -0.1603 -0.8978 0.4103
vn -0.7868 0.4522 -0.4200
vn -0.8396 0.4184 -0.3464
vn -0.6839 0.6840 -0.2539
vn -0.6094 0.7236 -0.3240
vn -0.8992 0.3331 -0.2837
vn -0.8525 0.4922 -0.1757
vn -0.6730 0.7379 0.0502
vn -0.3932 0.9159 -0.0805
vn -0.3041 0.9399 -0.1552
vn -0.8000 -0.5431 -0.2549
vn -0.7239 -0.6152 -0.3122
vn -0.5453 -0.8129 -0.2045
vn -0.7389 -0.6595 -0.1379
vn -0.6575 -0.6481 -0.3844
vn -0.4589 -0.8445 -0.2762
vn -0.1525 -0.9832 -0.0999
vn -0.2534 -0.9671 -0.0214
vn -0.5534 -0.8271 0.0982
vn 0.5216 -0.8242 -0.2206
vn 0.8030 -0.0689 -0.5920
vn 0.6663 -0.1779 -0.7241
vn 0.4138 -0.8666 -0.2787
vn 0.7523 0.1834 -0.6327
vn 0.6408 0.1349 -0.7558
vn 0.4020 0.0349 -0.9150
vn 0.3909 -0.3423 -0.8544
vn 0.2488 -0.9081 -0.3369
vn -0.7328 -0.0050 0.6804
vn -0.6637 -0.3122 0.6797
vn -0.6490 -0.3514 0.6748
vn -0.7358 0.0030 0.6772
vn -0.2347 -0.8873 0.3971
vn -0.2147 -0.8945 0.3921
vn 0.0782 -0.9828 0.1675
vn 0.0889 -0.9842 0.1532
vn 0.0597 -0.9848 0.1633
vn 0.1414 -0.9880 0.0626
vn 0.1512 -0.9865 0.0635
vn 0.1471 -0.9876 0.0548
vn 0.3616 0.3528 -0.8630
vn 0.4140 0.3314 -0.8478
vn 0.4493 0.0632 -0.8911
vn 0.1600 0.9168 -0.3660
vn 0.2086 0.9167 -0.3409
vn 0.4505 -0.2863 -0.8457
vn 0.3134 -0.8979 -0.3093
vn 0.1980 -0.9661 0.1655
vn 0.2508 -0.9638 0.0903
vn 0.0658 -0.7804 0.6218
vn -0.2329 -0.0683 0.9701
vn -0.0245 0.0195 0.9995
vn 0.2247 -0.6813 0.6967
vn -0.2383 -0.0875 0.9672
vn 0.0693 -0.7794 0.6227
vn 0.2467 -0.9691 -0.0069
vn 0.2061 -0.9784 -0.0167
vn 0.4654 -0.8528 -0.2370
vn 0.1085 -0.9928 0.0503
vn 0.0981 -0.9940 0.0474
vn 0.1744 -0.9844 -0.0251
vn 0.3923 -0.8809 -0.2647
vn 0.2542 -0.9672 -0.0029
vn 0.1745 -0.9835 -0.0476
vn -0.4270 0.4833 0.7643
vn -0.1333 0.9119 0.3882
vn -0.5647 0.4225 0.7090
vn 0.1900 0.9623 0.1949
vn 0.0547 0.9885 0.1413
vn 0.1665 0.9801 0.1078
vn 0.0691 0.9966 0.0451
vn 0.1330 0.9909 -0.0215
vn 0.0732 0.9954 -0.0625
vn 0.2202 0.9662 0.1342
vn 0.2907 0.9521 0.0948
vn 0.4562 0.8671 0.1999
vn 0.3617 0.9077 0.2128
vn 0.6066 0.7925 -0.0636
vn 0.7714 0.6276 0.1054
vn 0.6302 0.7761 -0.0222
vn 0.3237 0.9393 0.1133
vn 0.2459 0.9573 0.1520
vn -0.8775 -0.4025 -0.2609
vn -0.8257 -0.4501 -0.3402
vn -0.9498 -0.1509 -0.2740
vn -0.9176 -0.1640 -0.3621
vn -0.8624 -0.1823 -0.4724
vn -0.7589 -0.4888 -0.4302
vn -0.9496 0.1397 -0.2805
vn -0.9138 0.1759 -0.3660
vn -0.8643 0.1977 -0.4625
vn -0.8139 0.1803 -0.5523
vn -0.7980 -0.2012 -0.5681
vn -0.7411 0.4591 -0.4899
vn -0.7138 0.4082 -0.5691
vn -0.7537 0.1518 -0.6395
vn -0.7323 -0.2101 -0.6477
vn -0.7019 -0.4946 -0.5125
vn -0.6056 -0.6563 -0.4501
vn -0.6496 -0.4805 -0.5891
vn -0.5842 -0.6244 -0.5185
vn -0.3957 -0.8532 -0.3398
vn -0.3803 -0.7723 -0.5088
vn -0.0004 -0.9066 -0.4219
vn -0.0896 -0.9807 -0.1741
vn 0.0164 0.9913 0.1308
vn 0.0604 0.9975 0.0360
vn -0.9104 -0.3920 -0.1327
vn -0.9793 -0.1376 -0.1483
vn -0.9050 -0.3983 0.1493
vn -0.9845 -0.1079 0.1384
vn -0.7375 0.2719 0.6183
vn -0.7770 -0.0320 0.6287
vn -0.3540 0.8748 0.3307
vn -0.9664 0.2195 0.1340
vn 0.7287 -0.6847 -0.0086
vn 0.4255 -0.8930 0.1465
vn 0.1862 -0.9824 -0.0129
vn 0.4058 -0.8833 -0.2346
vn 0.3382 -0.9210 0.1933
vn 0.1147 -0.9916 0.0590
vn 0.1688 0.9579 0.2322
vn -0.1019 0.9905 0.0928
vn -0.0132 0.9999 0.0081
vn 0.9638 0.2141 -0.1591
vn 0.6847 0.3818 -0.6208
vn 0.2730 0.9207 -0.2789
vn 0.9523 0.2469 -0.1793
vn 0.7507 0.1609 -0.6407
vn -0.0022 -0.0560 -0.9984
vn -0.0575 0.3659 -0.9289
vn -0.1543 0.8580 -0.4900
vn 0.9724 0.1160 -0.2025
vn 0.7430 -0.2020 -0.6381
vn 0.0337 -0.4612 -0.8867
vn 0.0471 0.9969 -0.0627
vn -0.2501 0.9404 -0.2304
vn 0.2559 -0.9231 0.2870
vn 0.0174 -0.9883 0.1515
vn -0.2591 -0.8860 0.3844
vn -0.7106 -0.3187 0.6273
vn -0.5525 0.7368 -0.3898
vn -0.5314 0.6225 -0.5745
vn -0.5779 0.2070 -0.7894
vn -0.5614 -0.1836 -0.8069
vn 0.1150 0.9924 -0.0444
vn 0.1209 0.9920 -0.0376
vn 0.3107 0.9041 -0.2934
vn 0.3918 0.8876 -0.2421
vn -0.4775 -0.4878 -0.7308
vn 0.7457 0.3339 -0.5766
vn 0.6130 0.3606 -0.7030
vn -0.9769 0.1529 -0.1495
vn 0.7004 0.3364 -0.6295
vn 0.3295 0.9053 -0.2680
vn 0.7104 0.1648 -0.6842
vn 0.6528 0.1412 -0.7443
vn 0.6219 0.3486 -0.7012
vn 0.2564 0.9181 -0.3023
vn 0.1665 0.9619 0.2169
vn 0.2946 0.9127 0.2832
vn 0.0273 -0.9885 0.1490
vn 0.0194 -0.9891 0.1462
vn 0.7025 -0.7094 -0.0570
vn 0.3934 -0.9107 0.1261
vn 0.5342 -0.8153 0.2232
vn 0.8498 -0.5174 0.1010
vn 0.3151 -0.9327 0.1756
vn 0.4368 -0.8641 0.2502
vn 0.2478 -0.9303 0.2704
vn 0.3642 -0.8684 0.3366
vn -0.6720 0.3037 0.6754
vn -0.6550 0.3552 0.6669
vn 0.9331 0.2413 -0.2667
vn 0.9866 0.1618 -0.0223
vn 0.9240 0.2437 -0.2947
vn 0.9631 0.2630 -0.0569
vn 0.0717 0.9960 -0.0530
vn 0.0375 0.9972 -0.0647
vn 0.9444 0.1148 -0.3081
vn 0.9734 0.2180 -0.0700
vn 0.2228 -0.9746 -0.0237
vn -0.5405 0.2679 0.7976
vn -0.2245 0.8785 0.4217
vn -0.5904 0.0264 0.8067
vn -0.5507 -0.2275 0.8031
vn -0.1600 -0.8678 0.4705
vn 0.2203 -0.9754 0.0094
vn 0.1574 -0.9841 0.0823
vn 0.4407 -0.8664 -0.2349
vn 0.0835 -0.9799 0.1812
vn -0.0148 0.9916 0.1281
vn 0.0425 0.9983 0.0389
vn 0.0914 0.9954 -0.0292
vn 0.3182 0.9096 -0.2672
vn 0.7112 0.3292 -0.6211
vn 0.7442 0.1745 -0.6448
vn 0.7555 -0.1116 -0.6455
vn 0.6806 -0.1753 -0.7113
vn 0.7589 -0.1128 -0.6414
vt 0.866283 0.392475
vt 0.878288 0.377608
vt 0.825700 0.371362
vt 0.825918 0.395613
vt 0.887335 0.365179
vt 0.828004 0.356233
vt 0.752504 0.372194
vt 0.755880 0.387563
vt 0.760945 0.413417
vt 0.896559 0.353941
vt 0.835034 0.346115
vt 0.893928 0.356462
vt 0.843419 0.356484
vt 0.756902 0.379460
vt 0.752852 0.365094
vt 0.671476 0.399895
vt 0.678261 0.404213
vt 0.670919 0.414364
vt 0.624942 0.444832
vt 0.619056 0.443400
vt 0.628880 0.446673
vt 0.686492 0.416795
vt 0.695866 0.438751
vt 0.641209 0.453576
vt 0.657957 0.460281
vt 0.633350 0.494799
vt 0.658023 0.489683
vt 0.620033 0.494032
vt 0.633130 0.535412
vt 0.645620 0.531537
vt 0.669014 0.522685
vt 0.609311 0.491478
vt 0.621030 0.481827
vt 0.633771 0.525603
vt 0.623013 0.534636
vt 0.702507 0.626935
vt 0.691572 0.634488
vt 0.691439 0.643973
vt 0.702769 0.635318
vt 0.693770 0.632135
vt 0.693420 0.641999
vt 0.825082 0.252934
vt 0.803613 0.243882
vt 0.801033 0.247487
vt 0.823389 0.257089
vt 0.855412 0.253482
vt 0.855108 0.257767
vt 0.656333 0.575294
vt 0.706009 0.557007
vt 0.717297 0.577150
vt 0.669606 0.594858
vt 0.787623 0.527812
vt 0.797658 0.546349
vt 0.806597 0.563302
vt 0.727965 0.594973
vt 0.682342 0.611836
vt 0.657678 0.555190
vt 0.678884 0.544360
vt 0.646565 0.561831
vt 0.659781 0.579394
vt 0.668991 0.571007
vt 0.687562 0.558900
vt 0.795773 0.173265
vt 0.798501 0.218162
vt 0.789607 0.219777
vt 0.786178 0.173625
vt 0.804268 0.239961
vt 0.800188 0.246041
vt 0.799170 0.248419
vt 0.788185 0.220546
vt 0.784716 0.173237
vt 0.908036 0.239368
vt 0.914833 0.216986
vt 0.924762 0.218453
vt 0.912487 0.245536
vt 0.919265 0.170901
vt 0.930007 0.170877
vt 0.931914 0.170412
vt 0.926542 0.219211
vt 0.913719 0.247958
vt 0.896607 0.480334
vt 0.930035 0.473964
vt 0.923753 0.466212
vt 0.890610 0.472718
vt 0.950067 0.472259
vt 0.942983 0.463436
vt 0.933948 0.442358
vt 0.916422 0.446974
vt 0.884973 0.454166
vt 0.690378 0.609934
vt 0.694903 0.598629
vt 0.682494 0.585883
vt 0.675753 0.595843
vt 0.707361 0.584838
vt 0.697810 0.572810
vt 0.720412 0.529550
vt 0.713085 0.507899
vt 0.727190 0.543422
vt 0.782788 0.523294
vt 0.776906 0.510725
vt 0.771566 0.489051
vt 0.942805 0.434635
vt 0.928855 0.391375
vt 0.919542 0.401886
vt 0.924254 0.433160
vt 0.913417 0.387793
vt 0.905254 0.409949
vt 0.878326 0.419338
vt 0.704065 0.473357
vt 0.766238 0.451959
vt 0.716118 0.598807
vt 0.705547 0.613807
vt 0.705845 0.621012
vt 0.716480 0.604901
vt 0.886725 0.252743
vt 0.887886 0.256943
vt 0.910122 0.243357
vt 0.912319 0.247018
vt 0.843965 0.499308
vt 0.850154 0.508790
vt 0.902463 0.487439
vt 0.789462 0.535654
vt 0.795415 0.546953
vt 0.855388 0.517925
vt 0.907198 0.494754
vt 0.829450 0.432721
vt 0.833342 0.469416
vt 0.636439 0.562765
vt 0.645704 0.555042
vt 0.649092 0.581906
vt 0.676301 0.456938
vt 0.687219 0.505226
vt 0.763387 0.425492
vt 0.770939 0.477536
vt 0.852715 0.399230
vt 0.859986 0.449716
vt 0.815910 0.583109
vt 0.905184 0.536924
vt 0.911445 0.541507
vt 0.819007 0.589923
vt 0.970676 0.501256
vt 0.979128 0.504209
vt 0.791080 0.115960
vt 0.801017 0.068014
vt 0.798385 0.063937
vt 0.788084 0.114031
vt 0.790149 0.172416
vt 0.787125 0.172887
vt 0.888100 0.243466
vt 0.890418 0.216524
vt 0.854852 0.243978
vt 0.855160 0.216326
vt 0.856011 0.169642
vt 0.893148 0.169957
vt 0.822651 0.243789
vt 0.821015 0.217235
vt 0.819959 0.171379
vt 0.820815 0.112067
vt 0.857543 0.109282
vt 0.796578 0.115471
vt 0.801929 0.075150
vt 0.822593 0.062953
vt 0.859045 0.058234
vt 0.895134 0.109742
vt 0.920919 0.111646
vt 0.896050 0.059933
vt 0.917235 0.070673
vt 0.931538 0.109787
vt 0.923017 0.059339
vt 0.924552 0.055896
vt 0.933440 0.108313
vt 0.696785 0.536507
vt 0.778809 0.509118
vt 0.888222 0.254841
vt 0.854776 0.255684
vt 0.888576 0.257979
vt 0.854813 0.258880
vt 0.822429 0.258718
vt 0.854914 0.259472
vt 0.799571 0.248894
vt 0.822160 0.258116
vt 0.922719 0.058825
vt 0.931374 0.109574
vt 0.933057 0.108308
vt 0.924223 0.056259
vt 0.929940 0.170138
vt 0.931560 0.170238
vt 0.790405 0.219660
vt 0.788702 0.220641
vt 0.785326 0.173049
vt 0.823820 0.040226
vt 0.822804 0.037148
vt 0.796777 0.061561
vt 0.860342 0.034618
vt 0.860261 0.031316
vt 0.860114 0.030671
vt 0.822381 0.036591
vt 0.796183 0.061245
vt 0.897248 0.036874
vt 0.898129 0.033663
vt 0.898270 0.033071
vt 0.786273 0.112909
vt 0.785627 0.112945
vt 0.924763 0.218341
vt 0.926246 0.219317
vt 0.913511 0.248447
vt 0.888501 0.258589
vt 0.787043 0.114275
vt 0.797187 0.064500
vt 0.822472 0.040911
vt 0.859831 0.035149
vt 0.868112 0.478166
vt 0.877579 0.492316
vt 0.933529 0.457631
vt 0.943485 0.467541
vt 0.897627 0.037490
vt 0.961247 0.465993
vt 0.952532 0.457078
vt 0.822416 0.255017
vt 0.969035 0.474507
vt 0.953076 0.477028
vt 0.956067 0.480727
vt 0.960729 0.489432
vt 0.975086 0.483523
vt 0.960671 0.487056
vt 0.738097 0.615769
vt 0.738803 0.624597
vt 0.793344 0.217278
vt 0.735100 0.556969
vt 0.742431 0.568949
vt 0.913286 0.504979
vt 0.861177 0.529324
vt 0.864150 0.532143
vt 0.917684 0.507152
vt 0.801419 0.559835
vt 0.803064 0.563682
vt 0.928400 0.111744
vt 0.927049 0.169769
vt 0.920058 0.063220
vt 0.749505 0.582469
vt 0.750275 0.587449
vt 0.922074 0.215953
vt 0.679212 0.615631
vt 0.664657 0.600044
vt 0.984097 0.496198
vt 0.992322 0.498685
vt 0.968336 0.501128
vt 0.975249 0.503505
vt 0.825435 0.045468
vt 0.860369 0.040223
vt 0.887394 0.506238
vt 0.895539 0.519796
vt 0.946625 0.499372
vt 0.952281 0.501496
vt 0.895646 0.042338
vt 0.838164 0.489467
vt 0.688107 0.626102
vt 0.690486 0.623222
vt 0.699084 0.619403
vt 0.702451 0.607159
vt 0.713433 0.592845
vt 0.858674 0.524776
vt 0.799199 0.554735
vt 0.910268 0.500817
vt 0.747176 0.576945
vt 0.734875 0.606968
vt 0.812318 0.575038
vt 0.900679 0.530015
vt 0.965472 0.495484
vt 0.979143 0.491085
vt 0.964074 0.496457
vt 0.943022 0.495114
vt 0.939973 0.488832
vt 0.935596 0.481255
s 1
usemtl 材质.011
f 1415/1338/3546 1483/1339/3547 1609/1340/3548 1482/1341/3549
f 1483/1339/3547 1420/1342/3550 1493/1343/3551 1609/1340/3548
f 1609/1340/3548 1493/1343/3551 1427/1344/3552 1496/1345/3553
f 1482/1341/3549 1609/1340/3548 1496/1345/3553 1419/1346/3554
f 1420/1342/3550 1484/1347/3555 1610/1348/3556 1493/1343/3551
f 1484/1347/3555 1416/1349/3557 1485/1350/3558 1610/1348/3556
f 1610/1348/3556 1485/1350/3558 1421/1351/3559 1494/1352/3560
f 1493/1343/3551 1610/1348/3556 1494/1352/3560 1427/1344/3552
f 1427/1344/3552 1494/1352/3560 1611/1353/3561 1495/1354/3562
f 1494/1352/3560 1421/1351/3559 1486/1355/3563 1611/1353/3561
f 1611/1353/3561 1486/1355/3563 1418/1356/3564 1487/1357/3565
f 1495/1354/3562 1611/1353/3561 1487/1357/3565 1422/1358/3566
f 1419/1346/3554 1496/1345/3553 1612/1359/3567 1481/1360/3568
f 1496/1345/3553 1427/1344/3552 1495/1354/3562 1612/1359/3567
f 1612/1359/3567 1495/1354/3562 1422/1358/3566 1488/1361/3569
f 1481/1360/3568 1612/1359/3567 1488/1361/3569 1417/1362/3570
f 1417/1362/3570 1488/1361/3569 1613/1363/3571 1489/1364/3572
f 1488/1361/3569 1422/1358/3566 1497/1365/3573 1613/1363/3571
f 1613/1363/3571 1497/1365/3573 1428/1366/3574 1499/1367/3575
f 1489/1364/3572 1613/1363/3571 1499/1367/3575 1423/1368/3576
f 1422/1358/3566 1487/1357/3565 1614/1369/3577 1497/1365/3573
f 1487/1357/3565 1418/1356/3564 1490/1370/3578 1614/1369/3577
f 1614/1369/3577 1490/1370/3578 1424/1371/3579 1498/1372/3580
f 1497/1365/3573 1614/1369/3577 1498/1372/3580 1428/1366/3574
f 1473/1373/3581 1570/1374/3582 1615/1375/3583 1606/1376/3584
f 1570/1374/3582 1472/1377/3585 1608/1378/3586 1615/1375/3583
f 1615/1379/3583 1608/1380/3586 1429/1381/3587 1525/1382/3588
f 1606/1383/3584 1615/1379/3583 1525/1382/3588 1442/1384/3589
f 1460/1385/3590 1557/1386/3591 1616/1387/3592 1607/1388/3593
f 1557/1386/3591 1463/1389/3594 1600/1390/3595 1616/1387/3592
f 1616/1387/3592 1600/1390/3595 1477/1391/3596 1584/1392/3597
f 1607/1388/3593 1616/1387/3592 1584/1392/3597 1471/1393/3598
f 1423/1368/3576 1499/1367/3575 1617/1394/3599 1566/1395/3600
f 1499/1367/3575 1428/1366/3574 1567/1396/3601 1617/1394/3599
f 1617/1394/3599 1567/1396/3601 1461/1397/3602 1554/1398/3603
f 1566/1395/3600 1617/1394/3599 1554/1398/3603 1459/1399/3604
f 1438/1400/3605 1515/1401/3606 1618/1402/3607 1550/1403/3608
f 1515/1401/3606 1433/1404/3609 1549/1405/3610 1618/1402/3607
f 1618/1402/3607 1549/1405/3610 1449/1406/3611 1541/1407/3612
f 1550/1403/3608 1618/1402/3607 1541/1407/3612 1450/1408/3613
f 1435/1409/3614 1514/1410/3615 1619/1411/3616 1524/1412/3617
f 1514/1410/3615 1437/1413/3618 1500/1414/3619 1619/1411/3616
f 1619/1411/3616 1500/1414/3619 1456/1415/3620 1540/1416/3621
f 1524/1412/3617 1619/1411/3616 1540/1416/3621 1454/1417/3622
f 1457/1418/3623 1560/1419/3624 1620/1420/3625 1562/1421/3626
f 1560/1419/3624 1464/1422/3627 1563/1423/3628 1620/1420/3625
f 1620/1420/3625 1563/1423/3628 1430/1424/3629 1504/1425/3630
f 1562/1421/3626 1620/1420/3625 1504/1425/3630 1425/1426/3631
f 1474/1427/3632 1575/1428/3633 1621/1429/3634 1603/1430/3635
f 1575/1428/3633 1470/1431/3636 1604/1432/3637 1621/1429/3634
f 1621/1429/3634 1604/1432/3637 1459/1399/3604 1554/1398/3603
f 1603/1430/3635 1621/1429/3634 1554/1398/3603 1461/1397/3602
f 1423/1368/3576 1566/1395/3600 1622/1433/3638 1505/1434/3639
f 1566/1395/3600 1459/1399/3604 1556/1435/3640 1622/1433/3638
f 1622/1433/3638 1556/1435/3640 1462/1436/3641 1561/1437/3642
f 1505/1434/3639 1622/1433/3638 1561/1437/3642 1431/1438/3643
f 1430/1424/3629 1502/1439/3644 1623/1440/3645 1503/1441/3646
f 1502/1439/3644 1426/1442/3647 1492/1443/3648 1623/1440/3645
f 1623/1440/3645 1492/1443/3648 1416/1349/3557 1484/1347/3555
f 1503/1441/3646 1623/1440/3645 1484/1347/3555 1420/1342/3550
f 1425/1426/3631 1504/1425/3630 1624/1444/3649 1491/1445/3650
f 1504/1425/3630 1430/1424/3629 1503/1441/3646 1624/1444/3649
f 1624/1444/3649 1503/1441/3646 1420/1342/3550 1483/1339/3547
f 1491/1445/3650 1624/1444/3649 1483/1339/3547 1415/1338/3546
f 1417/1362/3570 1489/1364/3572 1625/1446/3651 1481/1360/3568
f 1489/1364/3572 1423/1368/3576 1505/1434/3639 1625/1446/3651
f 1625/1446/3651 1505/1434/3639 1431/1438/3643 1507/1447/3652
f 1481/1360/3568 1625/1446/3651 1507/1447/3652 1419/1346/3554
f 1469/1448/3653 1573/1449/3654 1626/1450/3655 1605/1451/3656
f 1573/1449/3654 1473/1373/3581 1606/1376/3584 1626/1450/3655
f 1626/1452/3655 1606/1383/3584 1442/1384/3589 1526/1453/3657
f 1605/1454/3656 1626/1452/3655 1526/1453/3657 1443/1455/3658
f 1457/1418/3623 1555/1456/3659 1627/1457/3660 1594/1458/3661
f 1555/1456/3659 1462/1436/3641 1597/1459/3662 1627/1457/3660
f 1627/1457/3660 1597/1459/3662 1475/1460/3663 1579/1461/3664
f 1594/1458/3661 1627/1457/3660 1579/1461/3664 1466/1462/3665
f 1419/1346/3554 1507/1447/3652 1628/1463/3666 1482/1341/3549
f 1507/1447/3652 1431/1438/3643 1506/1464/3667 1628/1463/3666
f 1628/1463/3666 1506/1464/3667 1425/1426/3631 1491/1445/3650
f 1482/1341/3549 1628/1463/3666 1491/1445/3650 1415/1338/3546
f 1428/1366/3574 1498/1372/3580 1629/1465/3668 1567/1396/3601
f 1498/1372/3580 1424/1371/3579 1568/1466/3669 1629/1465/3668
f 1629/1465/3668 1568/1466/3669 1460/1385/3590 1553/1467/3670
f 1567/1396/3601 1629/1465/3668 1553/1467/3670 1461/1397/3602
f 1424/1371/3579 1490/1370/3578 1630/1468/3671 1508/1469/3672
f 1490/1370/3578 1418/1356/3564 1486/1355/3563 1630/1468/3671
f 1630/1468/3671 1486/1355/3563 1421/1351/3559 1509/1470/3673
f 1508/1469/3672 1630/1468/3671 1509/1470/3673 1432/1471/3674
f 1432/1471/3674 1509/1470/3673 1631/1472/3675 1510/1473/3676
f 1509/1470/3673 1421/1351/3559 1485/1350/3558 1631/1472/3675
f 1631/1472/3675 1485/1350/3558 1416/1349/3557 1492/1443/3648
f 1510/1473/3676 1631/1472/3675 1492/1443/3648 1426/1442/3647
f 1478/1474/3677 1586/1475/3678 1632/1476/3679 1602/1477/3680
f 1586/1475/3678 1468/1478/3681 1601/1479/3682 1632/1476/3679
f 1632/1480/3679 1601/1481/3682 1447/1482/3683 1530/1483/3684
f 1602/1484/3680 1632/1480/3679 1530/1483/3684 1446/1485/3685
f 1435/1409/3614 1512/1486/3686 1633/1487/3687 1514/1410/3615
f 1512/1486/3686 1434/1488/3688 1519/1489/3689 1633/1487/3687
f 1633/1487/3687 1519/1489/3689 1441/1490/3690 1522/1491/3691
f 1514/1410/3615 1633/1487/3687 1522/1491/3691 1437/1413/3618
f 1434/1488/3688 1511/1492/3692 1634/1493/3693 1519/1489/3689
f 1511/1492/3692 1433/1404/3609 1515/1401/3606 1634/1493/3693
f 1634/1493/3693 1515/1401/3606 1438/1400/3605 1520/1494/3694
f 1519/1489/3689 1634/1493/3693 1520/1494/3694 1441/1490/3690
f 1441/1490/3690 1520/1494/3694 1635/1495/3695 1521/1496/3696
f 1520/1494/3694 1438/1400/3605 1516/1497/3697 1635/1495/3695
f 1635/1495/3695 1516/1497/3697 1439/1498/3698 1517/1499/3699
f 1521/1496/3696 1635/1495/3695 1517/1499/3699 1440/1500/3700
f 1437/1413/3618 1522/1491/3691 1636/1501/3701 1513/1502/3702
f 1522/1491/3691 1441/1490/3690 1521/1496/3696 1636/1501/3701
f 1636/1501/3701 1521/1496/3696 1440/1500/3700 1518/1503/3703
f 1513/1502/3702 1636/1501/3701 1518/1503/3703 1436/1504/3704
f 1437/1413/3618 1513/1502/3702 1637/1505/3705 1500/1414/3619
f 1513/1502/3702 1436/1504/3704 1501/1506/3706 1637/1505/3705
f 1637/1505/3705 1501/1506/3706 1455/1507/3707 1539/1508/3708
f 1500/1414/3619 1637/1505/3705 1539/1508/3708 1456/1415/3620
f 1460/1385/3590 1568/1466/3669 1638/1509/3709 1557/1386/3591
f 1568/1466/3669 1424/1371/3579 1508/1469/3672 1638/1509/3709
f 1638/1509/3709 1508/1469/3672 1432/1471/3674 1564/1510/3710
f 1557/1386/3591 1638/1509/3709 1564/1510/3710 1463/1389/3594
f 1434/1488/3688 1512/1486/3686 1639/1511/3711 1523/1512/3712
f 1512/1486/3686 1435/1409/3614 1524/1412/3617 1639/1511/3711
f 1639/1511/3711 1524/1412/3617 1454/1417/3622 1538/1513/3713
f 1523/1512/3712 1639/1511/3711 1538/1513/3713 1453/1514/3714
f 1442/1384/3589 1525/1382/3588 1640/1515/3715 1547/1516/3716
f 1525/1382/3588 1429/1381/3587 1533/1517/3717 1640/1515/3715
f 1640/1515/3715 1533/1517/3717 1449/1406/3611 1537/1518/3718
f 1547/1516/3716 1640/1515/3715 1537/1518/3718 1453/1514/3714
f 1444/1519/3719 1527/1520/3720 1641/1521/3721 1546/1522/3722
f 1527/1520/3720 1445/1523/3723 1545/1524/3724 1641/1521/3721
f 1641/1521/3721 1545/1524/3724 1456/1415/3620 1539/1508/3708
f 1546/1522/3722 1641/1521/3721 1539/1508/3708 1455/1507/3707
f 1429/1381/3587 1529/1525/3725 1642/1526/3726 1533/1517/3717
f 1529/1525/3725 1446/1485/3685 1534/1527/3727 1642/1526/3726
f 1642/1526/3726 1534/1527/3727 1450/1408/3613 1541/1407/3612
f 1533/1517/3717 1642/1526/3726 1541/1407/3612 1449/1406/3611
f 1447/1482/3683 1531/1528/3728 1643/1529/3729 1535/1530/3730
f 1531/1528/3728 1448/1531/3731 1536/1532/3732 1643/1529/3729
f 1643/1529/3729 1536/1532/3732 1452/1533/3733 1543/1534/3734
f 1535/1530/3730 1643/1529/3729 1543/1534/3734 1451/1535/3735
f 1448/1531/3731 1532/1536/3736 1644/1537/3737 1536/1532/3732
f 1532/1536/3736 1444/1519/3719 1546/1522/3722 1644/1537/3737
f 1644/1537/3737 1546/1522/3722 1455/1507/3707 1544/1538/3738
f 1536/1532/3732 1644/1537/3737 1544/1538/3738 1452/1533/3733
f 1446/1485/3685 1530/1483/3684 1645/1539/3739 1534/1527/3727
f 1530/1483/3684 1447/1482/3683 1535/1530/3730 1645/1539/3739
f 1645/1539/3739 1535/1530/3730 1451/1535/3735 1542/1540/3740
f 1534/1527/3727 1645/1539/3739 1542/1540/3740 1450/1408/3613
f 1445/1523/3723 1528/1541/3741 1646/1542/3742 1545/1524/3724
f 1528/1541/3741 1443/1455/3658 1548/1543/3743 1646/1542/3742
f 1646/1542/3742 1548/1543/3743 1454/1417/3622 1540/1416/3621
f 1545/1524/3724 1646/1542/3742 1540/1416/3621 1456/1415/3620
f 1443/1455/3658 1526/1453/3657 1647/1544/3744 1548/1543/3743
f 1526/1453/3657 1442/1384/3589 1547/1516/3716 1647/1544/3744
f 1647/1544/3744 1547/1516/3716 1453/1514/3714 1538/1513/3713
f 1548/1543/3743 1647/1544/3744 1538/1513/3713 1454/1417/3622
f 1439/1498/3698 1516/1497/3697 1648/1545/3745 1551/1546/3746
f 1516/1497/3697 1438/1400/3605 1550/1403/3608 1648/1545/3745
f 1648/1545/3745 1550/1403/3608 1450/1408/3613 1542/1540/3740
f 1551/1546/3746 1648/1545/3745 1542/1540/3740 1451/1535/3735
f 1440/1500/3700 1517/1499/3699 1649/1547/3747 1552/1548/3748
f 1517/1499/3699 1439/1498/3698 1551/1546/3746 1649/1547/3747
f 1649/1547/3747 1551/1546/3746 1451/1535/3735 1543/1534/3734
f 1552/1548/3748 1649/1547/3747 1543/1534/3734 1452/1533/3733
f 1463/1389/3594 1564/1510/3710 1650/1549/3749 1558/1550/3750
f 1564/1510/3710 1432/1471/3674 1510/1473/3676 1650/1549/3749
f 1650/1549/3749 1510/1473/3676 1426/1442/3647 1565/1551/3751
f 1558/1550/3750 1650/1549/3749 1565/1551/3751 1458/1552/3752
f 1436/1504/3704 1518/1503/3703 1651/1553/3753 1501/1506/3706
f 1518/1503/3703 1440/1500/3700 1552/1548/3748 1651/1553/3753
f 1651/1553/3753 1552/1548/3748 1452/1533/3733 1544/1538/3738
f 1501/1506/3706 1651/1553/3753 1544/1538/3738 1455/1507/3707
f 1464/1422/3627 1559/1554/3754 1652/1555/3755 1563/1423/3628
f 1559/1554/3754 1458/1552/3752 1565/1551/3751 1652/1555/3755
f 1652/1555/3755 1565/1551/3751 1426/1442/3647 1502/1439/3644
f 1563/1423/3628 1652/1555/3755 1502/1439/3644 1430/1424/3629
f 1433/1404/3609 1511/1492/3692 1653/1556/3756 1549/1405/3610
f 1511/1492/3692 1434/1488/3688 1523/1512/3712 1653/1556/3756
f 1653/1556/3756 1523/1512/3712 1453/1514/3714 1537/1518/3718
f 1549/1405/3610 1653/1556/3756 1537/1518/3718 1449/1406/3611
f 1458/1552/3752 1559/1554/3754 1654/1557/3757 1599/1558/3758
f 1559/1554/3754 1464/1422/3627 1593/1559/3759 1654/1557/3757
f 1654/1557/3757 1593/1559/3759 1479/1560/3760 1590/1561/3761
f 1599/1558/3758 1654/1557/3757 1590/1561/3761 1467/1562/3762
f 1472/1377/3585 1583/1563/3763 1655/1564/3764 1608/1378/3586
f 1583/1563/3763 1478/1474/3677 1602/1477/3680 1655/1564/3764
f 1655/1565/3764 1602/1484/3680 1446/1485/3685 1529/1525/3725
f 1608/1380/3586 1655/1565/3764 1529/1525/3725 1429/1381/3587
f 1462/1436/3641 1556/1435/3640 1656/1566/3765 1597/1459/3662
f 1556/1435/3640 1459/1399/3604 1604/1432/3637 1656/1566/3765
f 1656/1566/3765 1604/1432/3637 1470/1431/3636 1581/1567/3766
f 1597/1459/3662 1656/1566/3765 1581/1567/3766 1475/1460/3663
f 1465/1568/3767 1577/1569/3768 1657/1570/3769 1596/1571/3770
f 1577/1569/3768 1476/1572/3771 1598/1573/3772 1657/1570/3769
f 1657/1574/3769 1598/1575/3772 1445/1523/3723 1527/1520/3720
f 1596/1576/3770 1657/1574/3769 1527/1520/3720 1444/1519/3719
f 1476/1572/3771 1580/1577/3773 1658/1578/3774 1598/1573/3772
f 1580/1577/3773 1469/1448/3653 1605/1451/3656 1658/1578/3774
f 1658/1579/3774 1605/1454/3656 1443/1455/3658 1528/1541/3741
f 1598/1575/3772 1658/1579/3774 1528/1541/3741 1445/1523/3723
f 1471/1393/3598 1572/1580/3775 1659/1581/3776 1607/1388/3593
f 1572/1580/3775 1474/1427/3632 1603/1430/3635 1659/1581/3776
f 1659/1581/3776 1603/1430/3635 1461/1397/3602 1553/1467/3670
f 1607/1388/3593 1659/1581/3776 1553/1467/3670 1460/1385/3590
f 1468/1478/3681 1589/1582/3777 1660/1583/3778 1601/1479/3682
f 1589/1582/3777 1480/1584/3779 1595/1585/3780 1660/1583/3778
f 1660/1586/3778 1595/1587/3780 1448/1531/3731 1531/1528/3728
f 1601/1481/3682 1660/1586/3778 1531/1528/3728 1447/1482/3683
f 1463/1389/3594 1558/1550/3750 1661/1588/3781 1600/1390/3595
f 1558/1550/3750 1458/1552/3752 1599/1558/3758 1661/1588/3781
f 1661/1588/3781 1599/1558/3758 1467/1562/3762 1587/1589/3782
f 1600/1390/3595 1661/1588/3781 1587/1589/3782 1477/1391/3596
f 1480/1584/3779 1591/1590/3783 1662/1591/3784 1595/1585/3780
f 1591/1590/3783 1465/1568/3767 1596/1571/3770 1662/1591/3784
f 1662/1592/3784 1596/1576/3770 1444/1519/3719 1532/1536/3736
f 1595/1587/3780 1662/1592/3784 1532/1536/3736 1448/1531/3731
f 1431/1438/3643 1561/1437/3642 1663/1593/3785 1506/1464/3667
f 1561/1437/3642 1462/1436/3641 1555/1456/3659 1663/1593/3785
f 1663/1593/3785 1555/1456/3659 1457/1418/3623 1562/1421/3626
f 1506/1464/3667 1663/1593/3785 1562/1421/3626 1425/1426/3631
f 1472/1377/3585 1570/1374/3582 1664/1594/3786 1569/1595/3787
f 1570/1374/3582 1473/1373/3581 1571/1596/3788 1664/1594/3786
f 1664/1594/3786 1571/1596/3788 1474/1427/3632 1572/1580/3775
f 1569/1595/3787 1664/1594/3786 1572/1580/3775 1471/1393/3598
f 1473/1373/3581 1573/1449/3654 1665/1597/3789 1571/1596/3788
f 1573/1449/3654 1469/1448/3653 1574/1598/3790 1665/1597/3789
f 1665/1597/3789 1574/1598/3790 1470/1431/3636 1575/1428/3633
f 1571/1596/3788 1665/1597/3789 1575/1428/3633 1474/1427/3632
f 1476/1572/3771 1577/1569/3768 1666/1599/3791 1576/1600/3792
f 1577/1569/3768 1465/1568/3767 1578/1601/3793 1666/1599/3791
f 1666/1599/3791 1578/1601/3793 1466/1462/3665 1579/1461/3664
f 1576/1600/3792 1666/1599/3791 1579/1461/3664 1475/1460/3663
f 1469/1448/3653 1580/1577/3773 1667/1602/3794 1574/1598/3790
f 1580/1577/3773 1476/1572/3771 1576/1600/3792 1667/1602/3794
f 1667/1602/3794 1576/1600/3792 1475/1460/3663 1581/1567/3766
f 1574/1598/3790 1667/1602/3794 1581/1567/3766 1470/1431/3636
f 1478/1474/3677 1583/1563/3763 1668/1603/3795 1582/1604/3796
f 1583/1563/3763 1472/1377/3585 1569/1595/3787 1668/1603/3795
f 1668/1603/3795 1569/1595/3787 1471/1393/3598 1584/1392/3597
f 1582/1604/3796 1668/1603/3795 1584/1392/3597 1477/1391/3596
f 1468/1478/3681 1586/1475/3678 1669/1605/3797 1585/1606/3798
f 1586/1475/3678 1478/1474/3677 1582/1604/3796 1669/1605/3797
f 1669/1605/3797 1582/1604/3796 1477/1391/3596 1587/1589/3782
f 1585/1606/3798 1669/1605/3797 1587/1589/3782 1467/1562/3762
f 1480/1584/3779 1589/1582/3777 1670/1607/3799 1588/1608/3800
f 1589/1582/3777 1468/1478/3681 1585/1606/3798 1670/1607/3799
f 1670/1607/3799 1585/1606/3798 1467/1562/3762 1590/1561/3761
f 1588/1608/3800 1670/1607/3799 1590/1561/3761 1479/1560/3760
f 1465/1568/3767 1591/1590/3783 1671/1609/3801 1578/1601/3793
f 1591/1590/3783 1480/1584/3779 1588/1608/3800 1671/1609/3801
f 1671/1609/3801 1588/1608/3800 1479/1560/3760 1592/1610/3802
f 1578/1601/3793 1671/1609/3801 1592/1610/3802 1466/1462/3665
f 1464/1422/3627 1560/1419/3624 1672/1611/3803 1593/1559/3759
f 1560/1419/3624 1457/1418/3623 1594/1458/3661 1672/1611/3803
f 1672/1611/3803 1594/1458/3661 1466/1462/3665 1592/1610/3802
f 1593/1559/3759 1672/1611/3803 1592/1610/3802 1479/1560/3760
o 立方体.003
v -0.096016 0.083238 0.072825
v -0.096016 0.128625 0.072825
v -0.059630 0.083238 0.092654
v -0.059630 0.128625 0.092654
v -0.142795 0.074477 0.089235
v -0.142795 0.137386 0.089235
v -0.149781 0.074477 0.139861
v -0.149781 0.137386 0.139861
v -0.078274 0.075673 0.084288
v -0.107448 0.105932 0.067721
v -0.078274 0.136191 0.084288
v -0.052535 0.105932 0.095107
v -0.099994 0.078700 0.133627
v -0.099994 0.133164 0.133627
v -0.157504 0.105932 0.155058
v -0.144800 0.064129 0.111052
v -0.144800 0.147734 0.111052
v -0.137141 0.105932 0.075399
v -0.115325 0.078700 0.088741
v -0.115325 0.133164 0.088741
v -0.208204 0.140227 0.115133
v -0.097256 0.105932 0.145510
v -0.239026 0.150153 0.054062
v -0.118329 0.105932 0.076632
v -0.108856 0.068615 0.106968
v -0.108856 0.143249 0.106968
v -0.055111 0.085459 0.052941
v -0.072306 0.078958 0.054929
v -0.090477 0.085459 0.052964
v -0.103994 0.105932 0.054938
v -0.090478 0.126404 0.052964
v -0.072306 0.132905 0.054929
v -0.055111 0.126404 0.052941
v -0.049094 0.105932 0.050393
v -0.224754 0.105932 0.128109
v -0.208204 0.071636 0.115133
v -0.168541 0.071636 0.073237
v -0.186809 0.060745 0.093776
v -0.186809 0.151118 0.093776
v -0.168541 0.140227 0.073237
v -0.151918 0.105932 0.063335
v -0.223930 0.153926 0.005681
v -0.254204 0.105932 0.056311
v -0.239026 0.061711 0.054062
v -0.173514 0.061711 0.041222
v -0.209597 0.047668 0.047600
v -0.209597 0.164196 0.047600
v -0.173514 0.150153 0.041222
v -0.150033 0.105932 0.044187
v -0.073421 0.091177 0.025484
v -0.229896 0.105932 -0.004321
v -0.223930 0.057937 0.005681
v -0.155542 0.057937 0.015979
v -0.185417 0.047425 0.000084
v -0.185417 0.164438 0.000084
v -0.155542 0.153926 0.015979
v -0.137350 0.105932 0.021354
v -0.171680 0.105932 -0.016656
v -0.085599 0.088844 0.029497
v -0.095662 0.091177 0.038525
v -0.104850 0.105932 0.040558
v -0.095662 0.120687 0.038525
v -0.085599 0.123019 0.029497
v -0.073421 0.120687 0.025484
v -0.075187 0.105932 0.019029
v -0.094191 0.105932 0.021085
v -0.068331 0.077429 0.089196
v -0.087444 0.077429 0.078371
v -0.103860 0.093370 0.069068
v -0.103860 0.118494 0.069068
v -0.087444 0.134434 0.078371
v -0.068331 0.134434 0.089196
v -0.054276 0.118494 0.094547
v -0.054276 0.093370 0.094547
v -0.123739 0.076240 0.141190
v -0.077083 0.081278 0.115402
v -0.077083 0.130586 0.115402
v -0.123739 0.135623 0.141190
v -0.154783 0.123366 0.150763
v -0.154783 0.088497 0.150763
v -0.144262 0.066509 0.099373
v -0.146353 0.066509 0.125444
v -0.146353 0.145354 0.125444
v -0.144262 0.145354 0.099373
v -0.139301 0.123366 0.079798
v -0.139301 0.088497 0.079797
v -0.104224 0.081278 0.082086
v -0.128505 0.076240 0.091085
v -0.128505 0.135623 0.091085
v -0.104224 0.130586 0.082086
v -0.091360 0.127651 0.062848
v -0.071868 0.134593 0.069802
v -0.052462 0.127651 0.071860
v -0.045331 0.105932 0.071115
v -0.071350 0.105932 0.122700
v -0.097807 0.120845 0.142440
v -0.125742 0.105932 0.155538
v -0.097807 0.091019 0.142440
v -0.165827 0.148702 0.105876
v -0.156918 0.138359 0.083514
v -0.145855 0.105932 0.070662
v -0.156918 0.073505 0.083514
v -0.127311 0.105932 0.077424
v -0.117446 0.120845 0.080583
v -0.111798 0.105932 0.073111
v -0.117446 0.091019 0.080583
v -0.104165 0.071118 0.120389
v -0.126200 0.065778 0.111464
v -0.112550 0.071118 0.096993
v -0.091767 0.072416 0.097336
v -0.104165 0.140746 0.120389
v -0.091767 0.139448 0.097336
v -0.112550 0.140746 0.096993
v -0.126200 0.146085 0.111464
v -0.062986 0.080415 0.054509
v -0.081319 0.080415 0.053797
v -0.099627 0.094547 0.053982
v -0.099627 0.117317 0.053982
v -0.081319 0.131448 0.053797
v -0.062986 0.131448 0.054509
v -0.050506 0.117317 0.051212
v -0.050506 0.094547 0.051212
v -0.092894 0.088159 0.044075
v -0.104996 0.105932 0.048434
v -0.092894 0.123704 0.044075
v -0.077984 0.129116 0.040763
v -0.104750 0.105932 0.061437
v -0.091360 0.084213 0.062848
v -0.071868 0.077271 0.069802
v -0.052462 0.084213 0.071860
v -0.219462 0.125004 0.124151
v -0.219462 0.086860 0.124151
v -0.178073 0.063186 0.082918
v -0.196823 0.063186 0.104678
v -0.196823 0.148677 0.104678
v -0.178073 0.148677 0.082918
v -0.157533 0.125004 0.066121
v -0.157533 0.086860 0.066121
v -0.229666 0.144494 0.087020
v -0.203675 0.156741 0.073234
v -0.175017 0.144494 0.058212
v -0.153857 0.105932 0.053892
v -0.179545 0.073504 0.132090
v -0.165827 0.063162 0.105876
v -0.192780 0.105932 0.147184
v -0.179545 0.138359 0.132090
v -0.249740 0.130523 0.055740
v -0.249740 0.081340 0.055740
v -0.191854 0.050816 0.043418
v -0.225416 0.050816 0.051328
v -0.225416 0.161048 0.051328
v -0.191854 0.161048 0.043418
v -0.157246 0.130523 0.042647
v -0.157246 0.081340 0.042647
v -0.200420 0.041978 0.021536
v -0.234138 0.057164 0.024363
v -0.200420 0.169885 0.021536
v -0.163750 0.154700 0.025838
v -0.203675 0.055123 0.073234
v -0.175017 0.067369 0.058212
v -0.246064 0.105932 0.095060
v -0.229666 0.067369 0.087020
v -0.227577 0.135914 -0.001122
v -0.227577 0.075950 -0.001122
v -0.166253 0.050404 0.006823
v -0.207290 0.050404 0.000431
v -0.207290 0.161460 0.000431
v -0.166253 0.161460 0.006823
v -0.143516 0.135914 0.018536
v -0.143516 0.075950 0.018536
v -0.201700 0.105932 -0.018160
v -0.175122 0.140673 -0.012644
v -0.148279 0.105932 0.000415
v -0.175122 0.071191 -0.012644
v -0.248395 0.105932 0.021626
v -0.141135 0.105932 0.034989
v -0.234138 0.154700 0.024363
v -0.163750 0.057164 0.025838
v -0.079298 0.089582 0.025746
v -0.091499 0.089582 0.034112
v -0.101452 0.097220 0.039348
v -0.101452 0.114644 0.039348
v -0.091499 0.122281 0.034112
v -0.079298 0.122281 0.025746
v -0.074769 0.114644 0.020813
v -0.074769 0.097220 0.020813
v -0.100896 0.105932 0.030477
v -0.091730 0.114991 0.023043
v -0.086061 0.105932 0.016126
v -0.091730 0.096872 0.023043
v -0.077984 0.082747 0.040763
v -0.064659 0.088159 0.035667
v -0.061064 0.105932 0.031718
v -0.064659 0.123704 0.035667
v -0.061433 0.078834 0.071591
v -0.100494 0.093861 0.061535
v -0.081752 0.133029 0.066226
v -0.047053 0.118003 0.071434
v -0.072759 0.092388 0.120869
v -0.072759 0.119476 0.120869
v -0.124814 0.122277 0.151677
v -0.124814 0.089586 0.151677
v -0.188397 0.087906 0.142721
v -0.171618 0.065488 0.119054
v -0.161786 0.146376 0.094053
v -0.149806 0.087906 0.074575
v -0.127895 0.089586 0.081882
v -0.127895 0.122277 0.081882
v -0.109433 0.119476 0.075888
v -0.109433 0.092388 0.075888
v -0.084058 0.074577 0.106793
v -0.124427 0.068298 0.126290
v -0.127835 0.068298 0.100370
v -0.098398 0.074577 0.089181
v -0.124427 0.143566 0.126290
v -0.084058 0.137287 0.106793
v -0.098398 0.137287 0.089181
v -0.127835 0.143566 0.100370
v -0.061824 0.095974 0.032886
v -0.070666 0.083964 0.038310
v -0.100994 0.095974 0.046760
v -0.085272 0.127899 0.042292
v -0.047053 0.093861 0.071434
v -0.061433 0.133029 0.071591
v -0.100494 0.118003 0.061535
v -0.081752 0.078834 0.066226
v -0.240992 0.127377 0.092590
v -0.189785 0.057868 0.065056
v -0.216928 0.153995 0.080561
v -0.160613 0.127377 0.054735
v -0.149806 0.123957 0.074575
v -0.171618 0.146376 0.119054
v -0.161786 0.065488 0.094053
v -0.188397 0.123957 0.142721
v -0.148075 0.133488 0.031538
v -0.244422 0.078375 0.022841
v -0.218771 0.045410 0.022990
v -0.181507 0.166453 0.022210
v -0.160613 0.084487 0.054735
v -0.189785 0.153995 0.065056
v -0.216928 0.057868 0.080561
v -0.240992 0.084487 0.092590
v -0.202348 0.072690 -0.013429
v -0.202348 0.139173 -0.013429
v -0.153462 0.139173 0.000971
v -0.153462 0.072690 0.000971
v -0.218771 0.166453 0.022990
v -0.181507 0.045410 0.022210
v -0.244422 0.133488 0.022841
v -0.148075 0.078375 0.031538
v -0.097891 0.097153 0.030871
v -0.097891 0.114711 0.030871
v -0.084466 0.114711 0.018403
v -0.084466 0.097153 0.018403
v -0.070666 0.127899 0.038310
v -0.100994 0.115889 0.046760
v -0.085272 0.083964 0.042292
v -0.061824 0.115889 0.032886
vn 0.6653 -0.6789 0.3108
vn 0.3586 -0.9261 0.1171
vn 0.3698 -0.9289 -0.0211
vn 0.7340 -0.6781 0.0366
vn 0.0853 -0.9918 -0.0954
vn 0.0463 -0.9941 -0.0977
vn 0.0090 -0.9833 -0.1815
vn 0.3276 -0.9178 -0.2244
vn 0.6812 -0.6701 -0.2947
vn -0.4801 -0.7645 -0.4302
vn -0.7216 -0.4761 -0.5027
vn -0.8105 -0.5229 -0.2639
vn -0.5551 -0.7992 -0.2305
vn -0.8435 -0.0000 -0.5371
vn -0.9593 -0.0000 -0.2823
vn -1.0000 -0.0000 -0.0082
vn -0.8289 -0.5573 -0.0484
vn -0.5815 -0.8061 -0.1101
vn -0.4801 0.7645 -0.4302
vn -0.1892 0.9373 -0.2926
vn -0.2539 0.9515 -0.1735
vn -0.5551 0.7992 -0.2305
vn 0.0853 0.9918 -0.0954
vn 0.0463 0.9941 -0.0977
vn 0.0090 0.9833 -0.1815
vn -0.2930 0.9432 -0.1566
vn -0.5815 0.8061 -0.1101
vn 0.6653 0.6789 0.3108
vn 0.8545 0.3171 0.4115
vn 0.9481 0.3132 0.0546
vn 0.7340 0.6781 0.0366
vn 0.9016 -0.0000 0.4326
vn 0.9985 -0.0000 0.0544
vn 0.9308 -0.0000 -0.3655
vn 0.8855 0.3078 -0.3480
vn 0.6812 0.6701 -0.2947
vn 0.8545 -0.3171 0.4115
vn 0.7029 -0.3426 0.6234
vn 0.5533 -0.6938 0.4610
vn 0.7458 -0.0000 0.6662
vn 0.4981 -0.0000 0.8671
vn 0.4728 -0.3784 0.7958
vn 0.3882 -0.7193 0.5761
vn 0.7029 0.3426 0.6234
vn 0.5533 0.6938 0.4610
vn 0.3882 0.7193 0.5761
vn 0.4728 0.3784 0.7958
vn 0.1533 0.4158 0.8964
vn 0.1500 -0.0000 0.9887
vn 0.1514 0.7468 0.6475
vn -0.0539 0.7646 0.6423
vn -0.1055 0.4515 0.8860
vn -0.1287 -0.0000 0.9917
vn 0.1533 -0.4158 0.8964
vn 0.1514 -0.7468 0.6475
vn -0.1055 -0.4515 0.8860
vn -0.0539 -0.7646 0.6423
vn -0.3187 -0.4817 0.8163
vn -0.2071 -0.7717 0.6013
vn -0.3812 -0.0000 0.9245
vn -0.6914 -0.0000 0.7225
vn -0.5856 -0.4805 0.6529
vn -0.3861 -0.7598 0.5231
vn 0.0690 -0.9976 -0.0025
vn 0.0079 -0.9420 0.3356
vn -0.0782 -0.9380 0.3377
vn 0.0634 -0.9974 0.0339
vn -0.1544 -0.9252 0.3466
vn 0.0973 -0.9883 0.1171
vn 0.0690 0.9976 -0.0025
vn 0.1483 0.9109 -0.3850
vn 0.2361 0.9265 -0.2930
vn 0.0634 0.9974 0.0339
vn 0.2370 0.7014 -0.6721
vn 0.4096 0.7372 -0.5374
vn 0.5969 0.7592 -0.2595
vn 0.3595 0.9270 -0.1072
vn 0.0973 0.9883 0.1171
vn 0.3360 -0.0000 -0.9419
vn 0.3045 -0.4449 -0.8422
vn 0.5471 -0.4732 -0.6905
vn 0.6233 -0.0000 -0.7820
vn 0.2370 -0.7014 -0.6721
vn 0.4096 -0.7372 -0.5374
vn 0.5969 -0.7592 -0.2595
vn 0.7871 -0.4967 -0.3657
vn 0.8998 -0.0000 -0.4362
vn 0.0697 -0.4314 -0.8995
vn 0.0815 -0.6784 -0.7302
vn 0.0568 -0.0000 -0.9984
vn -0.2884 -0.0000 -0.9575
vn -0.2291 -0.4317 -0.8725
vn -0.1251 -0.6795 -0.7229
vn 0.3045 0.4449 -0.8422
vn 0.0697 0.4314 -0.8995
vn 0.0815 0.6784 -0.7302
vn -0.1251 0.6795 -0.7229
vn -0.2291 0.4317 -0.8725
vn -0.5292 0.4430 -0.7236
vn -0.6298 -0.0000 -0.7768
vn -0.3339 0.7115 -0.6183
vn -0.7216 0.4761 -0.5027
vn -0.5292 -0.4430 -0.7236
vn -0.3339 -0.7115 -0.6183
vn 0.3355 -0.9220 0.1931
vn 0.2694 -0.9251 0.2677
vn 0.1550 -0.9854 -0.0704
vn 0.1351 -0.9853 -0.1047
vn 0.1391 -0.9363 0.3225
vn 0.1206 -0.9923 -0.0274
vn 0.0963 -0.8963 -0.4328
vn 0.0122 -0.8910 -0.4539
vn 0.1483 -0.9109 -0.3850
vn -0.0944 -0.9065 -0.4116
vn -0.1892 -0.9373 -0.2926
vn 0.1391 0.9363 0.3225
vn 0.0079 0.9420 0.3356
vn 0.2694 0.9251 0.2677
vn 0.1550 0.9854 -0.0704
vn 0.1206 0.9923 -0.0274
vn 0.3355 0.9220 0.1931
vn 0.3586 0.9261 0.1171
vn 0.1351 0.9853 -0.1047
vn -0.0944 0.9065 -0.4116
vn 0.0122 0.8910 -0.4539
vn 0.0963 0.8963 -0.4328
vn 0.8855 -0.3078 -0.3480
vn 0.7298 -0.2886 -0.6198
vn 0.7625 -0.0000 -0.6470
vn 0.5448 -0.6524 -0.5269
vn 0.3888 -0.6311 -0.6712
vn 0.4244 -0.3543 -0.8333
vn 0.4572 -0.0000 -0.8894
vn 0.2019 -0.8940 -0.4001
vn -0.0905 -0.9461 -0.3109
vn -0.2987 -0.8357 -0.4608
vn 0.0084 -0.7929 -0.6093
vn -0.8375 -0.5463 0.0124
vn -0.6014 -0.7924 -0.1016
vn -0.9979 -0.0000 0.0646
vn -0.9846 -0.0000 -0.1748
vn -0.8417 -0.5050 -0.1909
vn -0.6503 -0.7340 -0.1958
vn -0.3573 0.9066 -0.2244
vn -0.6014 0.7924 -0.1016
vn -0.0905 0.9461 -0.3109
vn -0.2987 0.8357 -0.4608
vn -0.5039 0.7938 -0.3406
vn -0.6503 0.7340 -0.1958
vn 0.9481 -0.3132 0.0546
vn 0.3698 0.9289 -0.0211
vn 0.3276 0.9178 -0.2244
vn -0.8105 0.5229 -0.2639
vn -0.8289 0.5573 -0.0484
vn -0.2539 -0.9515 -0.1735
vn -0.2930 -0.9432 -0.1566
vn -0.5856 0.4805 0.6529
vn -0.8158 0.4229 0.3944
vn -0.9164 -0.0000 0.4002
vn -0.3861 0.7598 0.5231
vn -0.5892 0.7106 0.3844
vn -0.7439 0.6558 0.1284
vn -0.9360 0.3459 0.0659
vn -0.9993 -0.0000 0.0376
vn 0.3595 -0.9270 -0.1072
vn 0.4058 -0.9037 0.1364
vn 0.6625 -0.7408 0.1108
vn 0.0872 -0.9716 0.2202
vn 0.0207 -0.9722 0.2330
vn 0.3515 -0.8829 0.3113
vn 0.5822 -0.7012 0.4116
vn -0.1544 0.9252 0.3466
vn -0.2699 0.9055 0.3274
vn 0.0872 0.9716 0.2202
vn 0.0207 0.9722 0.2330
vn -0.3919 0.9015 0.1833
vn 0.7871 0.4967 -0.3657
vn 0.8677 0.4865 0.1024
vn 0.6625 0.7408 0.1108
vn 0.9959 -0.0000 0.0901
vn 0.8418 -0.0000 0.5398
vn 0.7453 0.4470 0.4947
vn 0.5822 0.7012 0.4116
vn 0.5471 0.4732 -0.6905
vn -0.0782 0.9380 0.3377
vn -0.2071 0.7717 0.6013
vn 0.2361 -0.9265 -0.2930
vn -0.3187 0.4817 0.8163
vn 0.7582 0.4156 0.5024
vn 0.5540 0.7185 0.4204
vn 0.8587 -0.0000 0.5125
vn 0.9985 -0.0000 -0.0548
vn 0.9192 0.3926 -0.0299
vn 0.7328 0.6795 0.0350
vn -0.7439 -0.6558 0.1284
vn -0.9360 -0.3459 0.0659
vn -0.8979 -0.2887 -0.3323
vn -0.7470 -0.6223 -0.2340
vn -0.9280 -0.0000 -0.3727
vn -0.6512 -0.0000 -0.7589
vn -0.6412 -0.2624 -0.7211
vn -0.6039 -0.5488 -0.5780
vn -0.3919 -0.9015 0.1833
vn -0.3889 -0.9116 -0.1334
vn -0.0001 -0.9999 -0.0170
vn -0.2854 -0.7128 -0.6406
vn 0.1237 -0.8071 -0.5773
vn 0.3515 0.8829 0.3113
vn 0.3199 0.9299 0.1816
vn -0.0001 0.9999 -0.0170
vn 0.5117 0.7980 -0.3184
vn 0.1236 0.8071 -0.5773
vn 0.8677 -0.4865 0.1024
vn 0.7453 -0.4470 0.4947
vn 0.4058 0.9037 0.1364
vn -0.2699 -0.9055 0.3274
vn -0.5892 -0.7106 0.3844
vn -0.8158 -0.4229 0.3944
vn -0.2121 -0.2961 -0.9313
vn -0.2038 -0.0000 -0.9790
vn 0.3230 -0.0000 -0.9464
vn 0.2739 -0.3294 -0.9036
vn -0.6412 0.2624 -0.7211
vn -0.2121 0.2961 -0.9313
vn -0.6039 0.5488 -0.5780
vn -0.2854 0.7128 -0.6406
vn 0.2739 0.3294 -0.9036
vn 0.6991 0.3335 -0.6325
vn 0.7555 -0.0000 -0.6551
vn 0.6991 -0.3335 -0.6325
vn 0.5117 -0.7980 -0.3184
vn 0.9192 -0.3926 -0.0299
vn 0.7328 -0.6795 0.0350
vn -0.3889 0.9116 -0.1334
vn -0.7470 0.6223 -0.2340
vn 0.3199 -0.9299 0.1816
vn 0.5540 -0.7185 0.4204
vn -0.8979 0.2887 -0.3323
vn 0.7582 -0.4156 0.5024
vn -0.7410 -0.5035 -0.4443
vn -0.5039 -0.7938 -0.3406
vn -0.8772 -0.0000 -0.4802
vn -0.6809 -0.0000 -0.7323
vn -0.5539 -0.5329 -0.6397
vn -0.8417 0.5050 -0.1909
vn -0.7410 0.5035 -0.4443
vn -0.5539 0.5329 -0.6397
vn -0.1257 0.4813 -0.8675
vn -0.1790 -0.0000 -0.9839
vn 0.0084 0.7929 -0.6093
vn 0.3888 0.6311 -0.6712
vn 0.4244 0.3543 -0.8333
vn -0.1257 -0.4813 -0.8675
vn 0.2019 0.8940 -0.4001
vn 0.5448 0.6524 -0.5269
vn -0.8375 0.5463 0.0124
vn -0.3573 -0.9066 -0.2244
vn 0.7298 0.2886 -0.6198
vt 0.078432 0.282855
vt 0.094019 0.273370
vt 0.075018 0.241797
vt 0.057871 0.245243
vt 0.111521 0.260695
vt 0.094484 0.234954
vt 0.090468 0.206235
vt 0.072426 0.208471
vt 0.056784 0.208029
vt 0.141866 0.232878
vt 0.155711 0.223098
vt 0.146783 0.209723
vt 0.129664 0.215228
vt 0.162165 0.219339
vt 0.154929 0.208146
vt 0.151354 0.195906
vt 0.142652 0.195495
vt 0.124741 0.196527
vt 0.127208 0.246332
vt 0.112306 0.224856
vt 0.107417 0.201117
vt 0.068763 0.288240
vt 0.047339 0.246191
vt 0.065600 0.289884
vt 0.043927 0.246140
vt 0.044391 0.205098
vt 0.047372 0.206210
vt 0.056784 0.208029
vt 0.112867 0.332778
vt 0.119391 0.320863
vt 0.110759 0.336757
vt 0.167980 0.372123
vt 0.168037 0.366046
vt 0.169362 0.348399
vt 0.222942 0.374975
vt 0.225984 0.382090
vt 0.217452 0.355178
vt 0.267053 0.344123
vt 0.280222 0.363434
vt 0.286853 0.370799
vt 0.342181 0.337009
vt 0.321702 0.319474
vt 0.352059 0.344153
vt 0.407264 0.297065
vt 0.395804 0.291188
vt 0.371229 0.277537
vt 0.248077 0.290397
vt 0.255761 0.317542
vt 0.302217 0.297015
vt 0.286788 0.273587
vt 0.345949 0.261166
vt 0.323151 0.243488
vt 0.243230 0.268134
vt 0.275163 0.252190
vt 0.237103 0.249135
vt 0.262370 0.233531
vt 0.281344 0.209990
vt 0.302820 0.225479
vt 0.221721 0.224397
vt 0.227307 0.232142
vt 0.245786 0.218679
vt 0.236917 0.212450
vt 0.257871 0.199912
vt 0.246174 0.196394
vt 0.206074 0.239872
vt 0.210251 0.257353
vt 0.203496 0.231497
vt 0.185980 0.232906
vt 0.185573 0.240787
vt 0.184161 0.257153
vt 0.168645 0.234382
vt 0.172282 0.228275
vt 0.160661 0.247992
vt 0.129982 0.302044
vt 0.173053 0.321604
vt 0.177683 0.294285
vt 0.141705 0.281358
vt 0.213909 0.326325
vt 0.212476 0.297260
vt 0.211994 0.275412
vt 0.181524 0.273914
vt 0.151784 0.263524
vt 0.094019 0.273370
vt 0.063134 0.167306
vt 0.061292 0.165310
vt 0.069488 0.171723
vt 0.082998 0.149297
vt 0.084062 0.139882
vt 0.084283 0.136320
vt 0.081892 0.174840
vt 0.096754 0.177163
vt 0.107707 0.153032
vt 0.094375 0.147881
vt 0.142921 0.181174
vt 0.126481 0.178660
vt 0.151157 0.183082
vt 0.148305 0.167997
vt 0.141381 0.166782
vt 0.129988 0.167092
vt 0.111255 0.177721
vt 0.120549 0.159972
vt 0.426867 0.223520
vt 0.437417 0.226610
vt 0.403286 0.216516
vt 0.410509 0.150136
vt 0.431642 0.149863
vt 0.440406 0.149502
vt 0.302820 0.225479
vt 0.319490 0.187337
vt 0.288882 0.179008
vt 0.348848 0.198515
vt 0.351858 0.147330
vt 0.316400 0.145086
vt 0.280447 0.146856
vt 0.376704 0.208264
vt 0.348848 0.198515
vt 0.383467 0.149327
vt 0.260072 0.177030
vt 0.246817 0.177617
vt 0.236301 0.160218
vt 0.249657 0.154905
vt 0.302217 0.297015
vt 0.228410 0.136555
vt 0.256665 0.120487
vt 0.216202 0.145452
vt 0.204479 0.120490
vt 0.215405 0.113063
vt 0.237675 0.104223
vt 0.431642 0.149863
vt 0.410683 0.088389
vt 0.391422 0.094671
vt 0.417920 0.084757
vt 0.373907 0.040944
vt 0.370494 0.047848
vt 0.365710 0.062110
vt 0.383467 0.149327
vt 0.361448 0.097051
vt 0.325716 0.100247
vt 0.332024 0.057455
vt 0.289886 0.063930
vt 0.316400 0.145086
vt 0.289597 0.107717
vt 0.325716 0.100247
vt 0.255265 0.083134
vt 0.260072 0.177030
vt 0.319490 0.187337
vt 0.318003 0.032440
vt 0.315215 0.023560
vt 0.258027 0.036253
vt 0.265950 0.042838
vt 0.370494 0.047848
vt 0.318003 0.032440
vt 0.228780 0.076067
vt 0.218641 0.076692
vt 0.228780 0.076067
vt 0.289597 0.107717
vt 0.256665 0.120487
vt 0.131771 0.151659
vt 0.137417 0.149921
vt 0.121468 0.134064
vt 0.117379 0.138629
vt 0.141381 0.166782
vt 0.101907 0.132086
vt 0.104228 0.127190
vt 0.081892 0.174840
s 1
usemtl 材质.012
f 1675/1612/3804 1739/1613/3805 1867/1614/3806 1802/1615/3807
f 1739/1613/3805 1681/1616/3808 1801/1617/3809 1867/1614/3806
f 1867/1614/3806 1801/1617/3809 1700/1618/3810 1787/1619/3811
f 1802/1615/3807 1867/1614/3806 1787/1619/3811 1699/1620/3812
f 1673/1621/3813 1741/1622/3814 1868/1623/3815 1800/1624/3816
f 1741/1622/3814 1682/1625/3817 1799/1626/3818 1868/1623/3815
f 1868/1623/3815 1799/1626/3818 1702/1627/3819 1789/1628/3820
f 1800/1624/3816 1868/1623/3815 1789/1628/3820 1701/1629/3821
f 1674/1621/3822 1743/1630/3823 1869/1631/3824 1763/1624/3825
f 1743/1630/3823 1683/1616/3826 1764/1617/3827 1869/1631/3824
f 1869/1631/3824 1764/1617/3827 1704/1618/3828 1791/1632/3829
f 1763/1624/3825 1869/1631/3824 1791/1632/3829 1703/1629/3830
f 1676/1612/3831 1745/1633/3832 1870/1634/3833 1765/1615/3834
f 1745/1633/3832 1684/1635/3835 1766/1636/3836 1870/1634/3833
f 1870/1634/3833 1766/1636/3836 1706/1637/3837 1793/1638/3838
f 1765/1615/3834 1870/1634/3833 1793/1638/3838 1705/1639/3839
f 1675/1612/3804 1746/1633/3840 1871/1640/3841 1748/1641/3842
f 1746/1633/3840 1684/1635/3835 1767/1642/3843 1871/1640/3841
f 1871/1640/3841 1767/1642/3843 1694/1643/3844 1770/1644/3845
f 1748/1641/3842 1871/1640/3841 1770/1644/3845 1685/1645/3846
f 1684/1635/3835 1745/1633/3832 1872/1640/3847 1767/1642/3843
f 1745/1633/3832 1676/1612/3831 1749/1641/3848 1872/1640/3847
f 1872/1640/3847 1749/1641/3848 1686/1645/3849 1768/1644/3850
f 1767/1642/3843 1872/1640/3847 1768/1644/3850 1694/1643/3844
f 1694/1643/3844 1768/1644/3850 1873/1646/3851 1769/1647/3852
f 1768/1644/3850 1686/1645/3849 1750/1648/3853 1873/1646/3851
f 1873/1646/3851 1750/1648/3853 1680/1649/3854 1751/1650/3855
f 1769/1647/3852 1873/1646/3851 1751/1650/3855 1687/1651/3856
f 1685/1645/3846 1770/1644/3845 1874/1646/3857 1747/1648/3858
f 1770/1644/3845 1694/1643/3844 1769/1647/3852 1874/1646/3857
f 1874/1646/3857 1769/1647/3852 1687/1651/3856 1752/1650/3859
f 1747/1648/3858 1874/1646/3857 1752/1650/3859 1679/1649/3860
f 1679/1649/3860 1752/1650/3859 1875/1652/3861 1815/1653/3862
f 1752/1650/3859 1687/1651/3856 1817/1654/3863 1875/1652/3861
f 1875/1652/3861 1817/1654/3863 1707/1655/3864 1804/1656/3865
f 1815/1653/3862 1875/1652/3861 1804/1656/3865 1708/1657/3866
f 1688/1658/3867 1754/1659/3868 1876/1660/3869 1816/1661/3870
f 1754/1659/3868 1679/1649/3860 1815/1653/3862 1876/1660/3869
f 1876/1660/3869 1815/1653/3862 1708/1657/3866 1806/1662/3871
f 1816/1661/3870 1876/1660/3869 1806/1662/3871 1710/1663/3872
f 1689/1658/3873 1756/1664/3874 1877/1665/3875 1771/1661/3876
f 1756/1664/3874 1678/1666/3877 1772/1667/3878 1877/1665/3875
f 1877/1665/3875 1772/1667/3878 1712/1668/3879 1808/1669/3880
f 1771/1661/3876 1877/1665/3875 1808/1669/3880 1711/1663/3881
f 1690/1670/3882 1758/1671/3883 1878/1672/3884 1773/1673/3885
f 1758/1671/3883 1677/1666/3886 1774/1667/3887 1878/1672/3884
f 1878/1672/3884 1774/1667/3887 1709/1668/3888 1810/1674/3889
f 1773/1673/3885 1878/1672/3884 1810/1674/3889 1713/1675/3890
f 1677/1666/3886 1758/1671/3883 1879/1676/3891 1760/1677/3892
f 1758/1671/3883 1690/1670/3882 1775/1678/3893 1879/1676/3891
f 1879/1676/3891 1775/1678/3893 1696/1679/3894 1778/1680/3895
f 1760/1677/3892 1879/1676/3891 1778/1680/3895 1691/1681/3896
f 1690/1670/3882 1757/1671/3897 1880/1676/3898 1775/1678/3893
f 1757/1671/3897 1678/1666/3877 1761/1677/3899 1880/1676/3898
f 1880/1676/3898 1761/1677/3899 1692/1681/3900 1776/1680/3901
f 1775/1678/3893 1880/1676/3898 1776/1680/3901 1696/1679/3894
f 1696/1679/3894 1776/1680/3901 1881/1682/3902 1777/1683/3903
f 1776/1680/3901 1692/1681/3900 1762/1684/3904 1881/1682/3902
f 1881/1682/3902 1762/1684/3904 1674/1621/3822 1742/1622/3905
f 1777/1683/3903 1881/1682/3902 1742/1622/3905 1682/1625/3817
f 1691/1681/3896 1778/1680/3895 1882/1682/3906 1759/1684/3907
f 1778/1680/3895 1696/1679/3894 1777/1683/3903 1882/1682/3906
f 1882/1682/3906 1777/1683/3903 1682/1625/3817 1741/1622/3814
f 1759/1684/3907 1882/1682/3906 1741/1622/3814 1673/1621/3813
f 1675/1612/3804 1748/1641/3842 1883/1685/3908 1739/1613/3805
f 1748/1641/3842 1685/1645/3846 1779/1686/3909 1883/1685/3908
f 1883/1685/3908 1779/1686/3909 1697/1687/3910 1782/1688/3911
f 1739/1613/3805 1883/1685/3908 1782/1688/3911 1681/1616/3808
f 1685/1645/3846 1747/1648/3858 1884/1689/3912 1779/1686/3909
f 1747/1648/3858 1679/1649/3860 1754/1659/3868 1884/1689/3912
f 1884/1689/3912 1754/1659/3868 1688/1658/3867 1780/1690/3913
f 1779/1686/3909 1884/1689/3912 1780/1690/3913 1697/1687/3910
f 1697/1687/3910 1780/1690/3913 1885/1691/3914 1781/1692/3915
f 1780/1690/3913 1688/1658/3867 1753/1664/3916 1885/1691/3914
f 1885/1691/3914 1753/1664/3916 1677/1666/3886 1760/1677/3892
f 1781/1692/3915 1885/1691/3914 1760/1677/3892 1691/1681/3896
f 1681/1616/3808 1782/1688/3911 1886/1693/3917 1740/1630/3918
f 1782/1688/3911 1697/1687/3910 1781/1692/3915 1886/1693/3917
f 1886/1693/3917 1781/1692/3915 1691/1681/3896 1759/1684/3907
f 1740/1630/3918 1886/1693/3917 1759/1684/3907 1673/1621/3813
f 1680/1649/3854 1750/1648/3853 1887/1689/3919 1755/1659/3920
f 1750/1648/3853 1686/1645/3849 1783/1686/3921 1887/1689/3919
f 1887/1689/3919 1783/1686/3921 1698/1687/3922 1786/1690/3923
f 1755/1659/3920 1887/1689/3919 1786/1690/3923 1689/1658/3873
f 1686/1645/3849 1749/1641/3848 1888/1685/3924 1783/1686/3921
f 1749/1641/3848 1676/1612/3831 1744/1694/3925 1888/1685/3924
f 1888/1685/3924 1744/1694/3925 1683/1616/3826 1784/1688/3926
f 1783/1686/3921 1888/1685/3924 1784/1688/3926 1698/1687/3922
f 1698/1687/3922 1784/1688/3926 1889/1693/3927 1785/1692/3928
f 1784/1688/3926 1683/1616/3826 1743/1630/3823 1889/1693/3927
f 1889/1693/3927 1743/1630/3823 1674/1621/3822 1762/1684/3904
f 1785/1692/3928 1889/1693/3927 1762/1684/3904 1692/1681/3900
f 1689/1658/3873 1786/1690/3923 1890/1691/3929 1756/1664/3874
f 1786/1690/3923 1698/1687/3922 1785/1692/3928 1890/1691/3929
f 1890/1691/3929 1785/1692/3928 1692/1681/3900 1761/1677/3899
f 1756/1664/3874 1890/1691/3929 1761/1677/3899 1678/1666/3877
f 1706/1637/3837 1794/1638/3930 1891/1695/3931 1865/1696/3932
f 1794/1638/3930 1699/1620/3812 1864/1697/3933 1891/1695/3931
f 1891/1695/3931 1864/1697/3933 1722/1698/3934 1858/1699/3935
f 1865/1696/3932 1891/1695/3931 1858/1699/3935 1737/1700/3936
f 1699/1620/3812 1787/1619/3811 1892/1701/3937 1864/1697/3933
f 1787/1619/3811 1700/1618/3810 1863/1702/3938 1892/1701/3937
f 1892/1701/3937 1863/1702/3938 1731/1703/3939 1851/1704/3940
f 1864/1697/3933 1892/1701/3937 1851/1704/3940 1722/1698/3934
f 1701/1629/3821 1789/1628/3820 1893/1705/3941 1795/1706/3942
f 1789/1628/3820 1702/1627/3819 1796/1707/3943 1893/1705/3941
f 1893/1705/3941 1796/1707/3943 1733/1708/3944 1853/1709/3945
f 1795/1706/3942 1893/1705/3941 1853/1709/3945 1732/1710/3946
f 1703/1629/3830 1791/1632/3829 1894/1711/3947 1797/1706/3948
f 1791/1632/3829 1704/1618/3828 1798/1702/3949 1894/1711/3947
f 1894/1711/3947 1798/1702/3949 1735/1703/3950 1855/1712/3951
f 1797/1706/3948 1894/1711/3947 1855/1712/3951 1734/1710/3952
f 1684/1635/3835 1746/1633/3840 1895/1634/3953 1766/1636/3836
f 1746/1633/3840 1675/1612/3804 1802/1615/3807 1895/1634/3953
f 1895/1634/3953 1802/1615/3807 1699/1620/3812 1794/1638/3930
f 1766/1636/3836 1895/1634/3953 1794/1638/3930 1706/1637/3837
f 1683/1616/3826 1744/1694/3925 1896/1614/3954 1764/1617/3827
f 1744/1694/3925 1676/1612/3831 1765/1615/3834 1896/1614/3954
f 1896/1614/3954 1765/1615/3834 1705/1639/3839 1792/1619/3955
f 1764/1617/3827 1896/1614/3954 1792/1619/3955 1704/1618/3828
f 1682/1625/3817 1742/1622/3905 1897/1623/3956 1799/1626/3818
f 1742/1622/3905 1674/1621/3822 1763/1624/3825 1897/1623/3956
f 1897/1623/3956 1763/1624/3825 1703/1629/3830 1790/1628/3957
f 1799/1626/3818 1897/1623/3956 1790/1628/3957 1702/1627/3819
f 1681/1616/3808 1740/1630/3918 1898/1631/3958 1801/1617/3809
f 1740/1630/3918 1673/1621/3813 1800/1624/3816 1898/1631/3958
f 1898/1631/3958 1800/1624/3816 1701/1629/3821 1788/1632/3959
f 1801/1617/3809 1898/1631/3958 1788/1632/3959 1700/1618/3810
f 1707/1655/3864 1803/1656/3960 1899/1713/3961 1833/1714/3962
f 1803/1656/3960 1693/1657/3963 1811/1715/3964 1899/1713/3961
f 1899/1713/3961 1811/1715/3964 1695/1716/3965 1819/1717/3966
f 1833/1714/3962 1899/1713/3961 1819/1717/3966 1715/1718/3967
f 1709/1668/3888 1805/1719/3968 1900/1720/3969 1832/1721/3970
f 1805/1719/3968 1710/1663/3872 1831/1722/3971 1900/1720/3969
f 1900/1720/3969 1831/1722/3971 1718/1723/3972 1821/1724/3973
f 1832/1721/3970 1900/1720/3969 1821/1724/3973 1717/1725/3974
f 1693/1657/3963 1807/1662/3975 1901/1726/3976 1811/1715/3964
f 1807/1662/3975 1711/1663/3881 1812/1727/3977 1901/1726/3976
f 1901/1726/3976 1812/1727/3977 1719/1723/3978 1823/1728/3979
f 1811/1715/3964 1901/1726/3976 1823/1728/3979 1695/1716/3965
f 1712/1668/3879 1809/1674/3980 1902/1729/3981 1813/1721/3982
f 1809/1674/3980 1713/1675/3890 1814/1730/3983 1902/1729/3981
f 1902/1729/3981 1814/1730/3983 1721/1731/3984 1825/1732/3985
f 1813/1721/3982 1902/1729/3981 1825/1732/3985 1720/1725/3986
f 1678/1666/3877 1757/1671/3897 1903/1672/3987 1772/1667/3878
f 1757/1671/3897 1690/1670/3882 1773/1673/3885 1903/1672/3987
f 1903/1672/3987 1773/1673/3885 1713/1675/3890 1809/1674/3980
f 1772/1667/3878 1903/1672/3987 1809/1674/3980 1712/1668/3879
f 1680/1649/3854 1755/1659/3920 1904/1733/3988 1818/1653/3989
f 1755/1659/3920 1689/1658/3873 1771/1661/3876 1904/1733/3988
f 1904/1733/3988 1771/1661/3876 1711/1663/3881 1807/1662/3975
f 1818/1653/3989 1904/1733/3988 1807/1662/3975 1693/1657/3963
f 1677/1666/3886 1753/1664/3916 1905/1665/3990 1774/1667/3887
f 1753/1664/3916 1688/1658/3867 1816/1661/3870 1905/1665/3990
f 1905/1665/3990 1816/1661/3870 1710/1663/3872 1805/1719/3968
f 1774/1667/3887 1905/1665/3990 1805/1719/3968 1709/1668/3888
f 1687/1651/3856 1751/1650/3855 1906/1652/3991 1817/1654/3863
f 1751/1650/3855 1680/1649/3854 1818/1653/3989 1906/1652/3991
f 1906/1652/3991 1818/1653/3989 1693/1657/3963 1803/1656/3960
f 1817/1654/3863 1906/1652/3991 1803/1656/3960 1707/1655/3864
f 1720/1725/3986 1825/1732/3985 1907/1734/3992 1830/1735/3993
f 1825/1732/3985 1721/1731/3984 1848/1736/3994 1907/1734/3992
f 1907/1734/3992 1848/1736/3994 1729/1737/3995 1841/1738/3996
f 1830/1735/3993 1907/1734/3992 1841/1738/3996 1728/1739/3997
f 1716/1716/3998 1820/1740/3999 1908/1741/4000 1828/1742/4001
f 1820/1740/3999 1715/1718/3967 1847/1743/4002 1908/1741/4000
f 1908/1741/4000 1847/1743/4002 1723/1744/4003 1836/1745/4004
f 1828/1742/4001 1908/1741/4000 1836/1745/4004 1724/1746/4005
f 1718/1723/3972 1822/1747/4006 1909/1748/4007 1827/1749/4008
f 1822/1747/4006 1716/1716/3998 1828/1742/4001 1909/1748/4007
f 1909/1748/4007 1828/1742/4001 1724/1746/4005 1838/1750/4009
f 1827/1749/4008 1909/1748/4007 1838/1750/4009 1726/1751/4010
f 1719/1723/3978 1824/1752/4011 1910/1753/4012 1829/1754/4013
f 1824/1752/4011 1720/1725/3986 1830/1735/3993 1910/1753/4012
f 1910/1753/4012 1830/1735/3993 1728/1739/3997 1840/1755/4014
f 1829/1754/4013 1910/1753/4012 1840/1755/4014 1727/1751/4015
f 1713/1675/3890 1810/1674/3889 1911/1756/4016 1814/1730/3983
f 1810/1674/3889 1709/1668/3888 1832/1721/3970 1911/1756/4016
f 1911/1756/4016 1832/1721/3970 1717/1725/3974 1826/1732/4017
f 1814/1730/3983 1911/1756/4016 1826/1732/4017 1721/1731/3984
f 1711/1663/3881 1808/1669/3880 1912/1757/4018 1812/1727/3977
f 1808/1669/3880 1712/1668/3879 1813/1721/3982 1912/1757/4018
f 1912/1757/4018 1813/1721/3982 1720/1725/3986 1824/1752/4011
f 1812/1727/3977 1912/1757/4018 1824/1752/4011 1719/1723/3978
f 1710/1663/3872 1806/1662/3871 1913/1726/4019 1831/1722/3971
f 1806/1662/3871 1708/1657/3866 1834/1715/4020 1913/1726/4019
f 1913/1726/4019 1834/1715/4020 1716/1716/3998 1822/1747/4006
f 1831/1722/3971 1913/1726/4019 1822/1747/4006 1718/1723/3972
f 1708/1657/3866 1804/1656/3865 1914/1713/4021 1834/1715/4020
f 1804/1656/3865 1707/1655/3864 1833/1714/3962 1914/1713/4021
f 1914/1713/4021 1833/1714/3962 1715/1718/3967 1820/1740/3999
f 1834/1715/4020 1914/1713/4021 1820/1740/3999 1716/1716/3998
f 1724/1746/4005 1836/1745/4004 1915/1758/4022 1838/1750/4009
f 1836/1745/4004 1723/1744/4003 1843/1759/4023 1915/1758/4022
f 1915/1758/4022 1843/1759/4023 1730/1760/4024 1846/1761/4025
f 1838/1750/4009 1915/1758/4022 1846/1761/4025 1726/1751/4010
f 1723/1744/4003 1835/1762/4026 1916/1763/4027 1843/1759/4023
f 1835/1762/4026 1714/1746/4028 1839/1750/4029 1916/1763/4027
f 1916/1763/4027 1839/1750/4029 1727/1751/4015 1844/1761/4030
f 1843/1759/4023 1916/1763/4027 1844/1761/4030 1730/1760/4024
f 1730/1760/4024 1844/1761/4030 1917/1764/4031 1845/1765/4032
f 1844/1761/4030 1727/1751/4015 1840/1755/4014 1917/1764/4031
f 1917/1764/4031 1840/1755/4014 1728/1739/3997 1841/1738/3996
f 1845/1765/4032 1917/1764/4031 1841/1738/3996 1729/1737/3995
f 1726/1751/4010 1846/1761/4025 1918/1766/4033 1837/1755/4034
f 1846/1761/4025 1730/1760/4024 1845/1765/4032 1918/1766/4033
f 1918/1766/4033 1845/1765/4032 1729/1737/3995 1842/1738/4035
f 1837/1755/4034 1918/1766/4033 1842/1738/4035 1725/1739/4036
f 1695/1716/3965 1823/1728/3979 1919/1748/4037 1849/1742/4038
f 1823/1728/3979 1719/1723/3978 1829/1754/4013 1919/1748/4037
f 1919/1748/4037 1829/1754/4013 1727/1751/4015 1839/1750/4029
f 1849/1742/4038 1919/1748/4037 1839/1750/4029 1714/1746/4028
f 1717/1725/3974 1821/1724/3973 1920/1767/4039 1850/1768/4040
f 1821/1724/3973 1718/1723/3972 1827/1749/4008 1920/1767/4039
f 1920/1767/4039 1827/1749/4008 1726/1751/4010 1837/1755/4034
f 1850/1768/4040 1920/1767/4039 1837/1755/4034 1725/1739/4036
f 1715/1718/3967 1819/1717/3966 1921/1741/4041 1847/1743/4002
f 1819/1717/3966 1695/1716/3965 1849/1742/4038 1921/1741/4041
f 1921/1741/4041 1849/1742/4038 1714/1746/4028 1835/1762/4026
f 1847/1743/4002 1921/1741/4041 1835/1762/4026 1723/1744/4003
f 1721/1731/3984 1826/1732/4017 1922/1734/4042 1848/1736/3994
f 1826/1732/4017 1717/1725/3974 1850/1768/4040 1922/1734/4042
f 1922/1734/4042 1850/1768/4040 1725/1739/4036 1842/1738/4035
f 1848/1736/3994 1922/1734/4042 1842/1738/4035 1729/1737/3995
f 1732/1710/3946 1853/1709/3945 1923/1769/4043 1852/1712/4044
f 1853/1709/3945 1733/1708/3944 1859/1770/4045 1923/1769/4043
f 1923/1769/4043 1859/1770/4045 1738/1771/4046 1862/1772/4047
f 1852/1712/4044 1923/1769/4043 1862/1772/4047 1731/1703/3939
f 1733/1708/3944 1854/1773/4048 1924/1769/4049 1859/1770/4045
f 1854/1773/4048 1734/1710/3952 1855/1712/3951 1924/1769/4049
f 1924/1769/4049 1855/1712/3951 1735/1703/3950 1860/1772/4050
f 1859/1770/4045 1924/1769/4049 1860/1772/4050 1738/1771/4046
f 1738/1771/4046 1860/1772/4050 1925/1774/4051 1861/1775/4052
f 1860/1772/4050 1735/1703/3950 1856/1704/4053 1925/1774/4051
f 1925/1774/4051 1856/1704/4053 1736/1698/4054 1857/1699/4055
f 1861/1775/4052 1925/1774/4051 1857/1699/4055 1737/1700/3936
f 1731/1703/3939 1862/1772/4047 1926/1774/4056 1851/1704/3940
f 1862/1772/4047 1738/1771/4046 1861/1775/4052 1926/1774/4056
f 1926/1774/4056 1861/1775/4052 1737/1700/3936 1858/1699/3935
f 1851/1704/3940 1926/1774/4056 1858/1699/3935 1722/1698/3934
f 1704/1618/3828 1792/1619/3955 1927/1776/4057 1798/1702/3949
f 1792/1619/3955 1705/1639/3839 1866/1697/4058 1927/1776/4057
f 1927/1776/4057 1866/1697/4058 1736/1698/4054 1856/1704/4053
f 1798/1702/3949 1927/1776/4057 1856/1704/4053 1735/1703/3950
f 1702/1627/3819 1790/1628/3957 1928/1705/4059 1796/1707/3943
f 1790/1628/3957 1703/1629/3830 1797/1706/3948 1928/1705/4059
f 1928/1705/4059 1797/1706/3948 1734/1710/3952 1854/1773/4048
f 1796/1707/3943 1928/1705/4059 1854/1773/4048 1733/1708/3944
f 1700/1618/3810 1788/1632/3959 1929/1711/4060 1863/1702/3938
f 1788/1632/3959 1701/1629/3821 1795/1706/3942 1929/1711/4060
f 1929/1711/4060 1795/1706/3942 1732/1710/3946 1852/1712/4044
f 1863/1702/3938 1929/1711/4060 1852/1712/4044 1731/1703/3939
f 1705/1639/3839 1793/1638/3838 1930/1695/4061 1866/1697/4058
f 1793/1638/3838 1706/1637/3837 1865/1696/3932 1930/1695/4061
f 1930/1695/4061 1865/1696/3932 1737/1700/3936 1857/1699/4055
f 1866/1697/4058 1930/1695/4061 1857/1699/4055 1736/1698/4054
o 立方体.004
v -0.090570 0.062545 0.211527
v -0.095017 0.115642 0.220116
v -0.022609 0.073491 0.076874
v -0.037480 0.109587 0.109499
v -0.066401 0.064136 0.141527
v -0.100808 0.087727 0.220651
v -0.074144 0.119276 0.158966
v -0.033591 0.092086 0.082131
v 0.022460 0.072697 0.090999
v 0.006283 0.112876 0.133641
v -0.049818 0.060700 0.232682
v -0.055037 0.122175 0.242053
v -0.086373 0.090822 0.143223
v 0.023690 0.094141 0.100821
v 0.078847 0.142907 0.144491
v -0.057099 0.089550 0.256878
v -0.012706 0.058917 0.157081
v -0.023369 0.129460 0.180859
v 0.081851 0.138304 0.159742
v 0.091759 0.105117 0.160540
v 0.088009 0.074003 0.147232
v 0.002963 0.060601 0.264378
v 0.054553 0.064214 0.199934
v 0.048256 0.137825 0.211076
v -0.002061 0.127694 0.272082
v 0.001504 0.092912 0.281093
v 0.059820 0.100021 0.218166
v 0.092982 0.105736 0.140685
v 0.086151 0.070766 0.129397
v -0.014788 0.054923 0.266069
v 0.044128 0.055743 0.188707
v 0.036227 0.146102 0.202551
v -0.020425 0.130960 0.274608
v -0.022351 0.090727 0.290839
v 0.082828 0.143965 0.147450
v 0.040847 0.147016 0.205358
v -0.016127 0.131392 0.278286
v -0.018148 0.090827 0.294757
v 0.096813 0.106357 0.143913
v 0.089878 0.070628 0.133450
v -0.010505 0.054726 0.269902
v 0.048578 0.055581 0.192185
v -0.032499 0.059431 0.244059
v -0.037867 0.125625 0.253126
v 0.048389 0.072488 0.106812
v 0.037093 0.125321 0.138028
v 0.052816 0.098311 0.119098
v 0.012223 0.058324 0.168746
v 0.002784 0.136100 0.188620
v -0.039967 0.090484 0.269130
v -0.016547 0.057447 0.258907
v -0.023298 0.058105 0.253303
v -0.028710 0.127560 0.262037
v -0.021979 0.128718 0.267434
v 0.076430 0.071927 0.129349
v 0.066385 0.072176 0.122491
v 0.057881 0.133868 0.143633
v 0.068853 0.137940 0.146552
v 0.082095 0.103610 0.141772
v 0.071502 0.101570 0.135931
v 0.029016 0.058440 0.180381
v 0.038413 0.058088 0.185960
v 0.020747 0.139730 0.196542
v 0.030572 0.142141 0.200485
v -0.030261 0.090812 0.276941
v -0.023674 0.091026 0.282454
v -0.041808 0.068538 0.099221
v -0.085216 0.061588 0.184276
v -0.098397 0.071685 0.217320
v -0.101107 0.104517 0.222696
v -0.090652 0.119119 0.195496
v -0.053894 0.114907 0.126510
v -0.037350 0.102490 0.094803
v -0.026945 0.081560 0.073190
v -0.001011 0.072490 0.079236
v -0.018899 0.109077 0.120804
v -0.073652 0.060499 0.223467
v -0.078596 0.119288 0.232644
v -0.101542 0.089095 0.184902
v -0.085482 0.106645 0.149767
v -0.062397 0.091718 0.104478
v -0.081103 0.075600 0.139659
v -0.003516 0.092111 0.086305
v 0.016358 0.103181 0.117042
v 0.027126 0.083835 0.087819
v 0.051101 0.057265 0.194435
v -0.005751 0.056294 0.269186
v -0.058649 0.107370 0.255724
v -0.080887 0.088151 0.243964
v -0.055792 0.072612 0.250607
v 0.007809 0.064060 0.117313
v -0.033994 0.056926 0.198966
v -0.039761 0.059425 0.148784
v -0.007246 0.122356 0.154517
v -0.049939 0.125358 0.171585
v -0.041365 0.129929 0.213367
v 0.087635 0.125315 0.160777
v 0.091588 0.086026 0.151788
v 0.024072 0.060461 0.238700
v 0.077143 0.068880 0.165267
v 0.070625 0.140009 0.177756
v 0.018330 0.133474 0.247962
v -0.001993 0.114022 0.279965
v 0.001125 0.072418 0.275118
v 0.080606 0.103062 0.185072
v 0.055036 0.121191 0.217122
v 0.029460 0.096214 0.253521
v 0.058695 0.079501 0.210155
v 0.096208 0.106137 0.148294
v 0.089809 0.071469 0.138093
v 0.088529 0.126518 0.141680
v 0.092993 0.086424 0.130693
v 0.011171 0.051948 0.231070
v 0.070026 0.061290 0.151039
v 0.061823 0.148117 0.166522
v 0.004116 0.141329 0.242338
v -0.025550 0.112876 0.289459
v -0.022349 0.069342 0.284572
v 0.081598 0.143990 0.145244
v 0.038527 0.147021 0.203905
v -0.018879 0.131454 0.277093
v -0.020857 0.090695 0.293590
v 0.092409 0.127507 0.144573
v 0.096688 0.086549 0.134567
v 0.015618 0.051750 0.234658
v 0.074124 0.061116 0.154790
v 0.066167 0.149184 0.169297
v 0.008629 0.141969 0.245603
v -0.021337 0.113150 0.293311
v -0.018142 0.069259 0.288513
v 0.046385 0.055287 0.190379
v -0.013213 0.054424 0.268602
v 0.095838 0.106242 0.141617
v 0.088792 0.070507 0.130779
v 0.083028 0.142547 0.151572
v 0.043680 0.145432 0.207092
v -0.011210 0.130498 0.277361
v -0.012947 0.091284 0.293041
v 0.046872 0.111832 0.129622
v 0.054180 0.085055 0.106064
v -0.012974 0.055834 0.210098
v 0.033847 0.063590 0.130611
v 0.022385 0.133253 0.158239
v -0.020235 0.134378 0.223392
v -0.042085 0.109700 0.267580
v -0.039113 0.072146 0.262564
v 0.003196 0.058715 0.163270
v -0.037248 0.060406 0.238924
v -0.044814 0.090318 0.264221
v -0.006846 0.133412 0.185095
v -0.042556 0.124226 0.248142
v 0.037977 0.072802 0.099886
v 0.041421 0.096570 0.110930
v 0.024750 0.119683 0.136800
v 0.064045 0.136007 0.145976
v 0.077709 0.122476 0.143877
v 0.077234 0.102663 0.140348
v 0.066796 0.118830 0.140151
v 0.082392 0.086198 0.131078
v 0.071933 0.072146 0.127299
v 0.072150 0.085685 0.124001
v 0.034600 0.058519 0.183922
v 0.007778 0.054608 0.225969
v -0.019236 0.057927 0.256213
v -0.000235 0.055171 0.220453
v 0.062032 0.063203 0.150040
v 0.052071 0.063556 0.143934
v 0.026640 0.140816 0.199040
v 0.053699 0.143371 0.166990
v 0.042948 0.139888 0.163915
v -0.024640 0.128066 0.264813
v 0.000910 0.138187 0.237416
v -0.007207 0.136598 0.232504
v -0.026194 0.090979 0.279558
v -0.026726 0.111804 0.281271
v -0.033176 0.111062 0.275775
v -0.023648 0.070979 0.276409
v -0.030123 0.071320 0.270823
v -0.035249 0.090623 0.273402
v -0.028058 0.058586 0.249059
v -0.022830 0.090894 0.286630
v -0.015465 0.056206 0.262470
v 0.020994 0.058267 0.174868
v 0.041505 0.056930 0.187355
v -0.033461 0.126741 0.257960
v 0.012191 0.138181 0.192728
v -0.020998 0.129858 0.270997
v 0.033645 0.144178 0.201502
v 0.063011 0.100014 0.128139
v 0.058108 0.072253 0.114920
v 0.081559 0.071364 0.129446
v 0.087831 0.104740 0.141270
v 0.048445 0.130257 0.140443
v 0.074149 0.140550 0.145463
v -0.097910 0.073003 0.182659
v -0.101014 0.105865 0.189422
v -0.062884 0.105110 0.113716
v -0.055735 0.078654 0.098070
v 0.002077 0.082746 0.074348
v -0.010470 0.100487 0.102222
v 0.083421 0.124610 0.142751
v 0.033437 0.137093 0.160843
v 0.043419 0.084721 0.097903
v 0.067780 0.147533 0.172133
v 0.075411 0.062554 0.158191
v -0.043643 0.072729 0.257575
v 0.063950 0.085345 0.115483
v 0.023722 0.063953 0.124645
v -0.082206 0.105441 0.244024
v -0.079443 0.071682 0.238855
v -0.017335 0.064407 0.106928
v 0.087973 0.086346 0.130958
v -0.006537 0.055343 0.215628
v -0.060274 0.057221 0.191362
v 0.034792 0.107851 0.124618
v -0.032981 0.117840 0.143726
v -0.067135 0.126180 0.205113
v 0.002735 0.139789 0.239861
v 0.080120 0.083263 0.176013
v 0.076257 0.123811 0.184242
v 0.024820 0.117450 0.252720
v 0.028183 0.075485 0.247043
v 0.019169 0.053520 0.235706
v 0.010762 0.128603 0.156754
v 0.096068 0.086637 0.139326
v 0.091381 0.127434 0.142366
v 0.013059 0.051427 0.233178
v 0.064411 0.149190 0.167461
v -0.024083 0.113127 0.292161
v -0.020864 0.069028 0.287300
v 0.005994 0.142035 0.244314
v 0.072522 0.060900 0.152495
v 0.095760 0.086470 0.131940
v 0.012428 0.140513 0.246289
v -0.016088 0.113127 0.291638
v -0.027043 0.132623 0.218742
v -0.012951 0.070165 0.286912
v -0.046555 0.108812 0.262613
v 0.091930 0.126872 0.148906
v -0.037817 0.110458 0.272060
v 0.058036 0.145841 0.166718
v 0.043556 0.063475 0.137520
v 0.009692 0.053296 0.228516
v 0.066282 0.062259 0.150590
v 0.057774 0.115689 0.135124
v -0.025948 0.112357 0.285343
v -0.013654 0.135669 0.228266
v -0.022810 0.070181 0.280471
v -0.019685 0.056586 0.204841
v 0.072779 0.120794 0.143173
v 0.077690 0.085977 0.129118
v 0.004575 0.055111 0.223618
v 0.057797 0.063576 0.148067
v 0.049214 0.141628 0.166131
v -0.002302 0.137250 0.235282
v -0.029227 0.111436 0.278436
v -0.026168 0.071251 0.273539
v -0.034793 0.071607 0.267065
vn -0.4290 -0.8975 0.1021
vn -0.8087 -0.5369 0.2402
vn -0.8369 -0.5069 -0.2065
vn -0.3731 -0.9200 -0.1202
vn -0.9426 -0.1290 0.3080
vn -0.9806 -0.0447 -0.1908
vn -0.8951 0.0310 -0.4449
vn -0.7453 -0.5271 -0.4082
vn -0.3219 -0.9169 -0.2361
vn -0.9010 0.3185 0.2944
vn -0.8880 0.4252 -0.1753
vn -0.5656 0.8008 0.1972
vn -0.4743 0.8775 -0.0713
vn -0.3416 0.9095 -0.2369
vn -0.7371 0.5554 -0.3851
vn -0.5409 0.6604 -0.5209
vn -0.7368 0.1997 -0.6459
vn -0.1817 0.9283 -0.3244
vn 0.0109 0.9286 -0.3710
vn -0.1326 0.8197 -0.5572
vn -0.2797 0.6108 -0.7408
vn -0.6676 -0.4347 -0.6045
vn -0.2719 -0.8977 -0.3467
vn -0.3505 -0.0777 -0.9333
vn -0.1494 -0.8178 -0.5558
vn 0.2555 0.2521 -0.9334
vn 0.1145 -0.8673 -0.4845
vn 0.1448 0.8285 -0.5410
vn 0.1916 0.8334 -0.5184
vn 0.4425 0.2939 -0.8472
vn 0.2405 -0.8599 -0.4503
vn 0.1477 0.8896 -0.4322
vn 0.1127 0.9290 -0.3526
vn -0.0316 0.8734 -0.4860
vn 0.0810 0.8663 -0.4929
vn 0.0191 0.3322 -0.9430
vn -0.0533 0.1172 -0.9917
vn -0.1900 0.0381 -0.9810
vn -0.1410 0.2759 -0.9508
vn -0.2959 0.5872 -0.7534
vn -0.3964 0.4858 -0.7790
vn -0.2379 0.6452 -0.7260
vn 0.0066 0.0988 -0.9951
vn 0.0675 0.2675 -0.9612
vn -0.1367 0.7342 -0.6651
vn -0.2420 0.9033 -0.3543
vn -0.1973 0.9383 -0.2840
vn -0.0595 0.7628 -0.6439
vn -0.2108 0.9654 -0.1534
vn -0.1768 0.9788 -0.1036
vn -0.1644 0.9836 -0.0745
vn -0.1741 0.9552 -0.2393
vn -0.0125 0.7858 -0.6183
vn 0.4983 0.2747 -0.8224
vn 0.2774 -0.8408 -0.4649
vn 0.2345 0.7681 -0.5959
vn 0.3611 0.6622 -0.6566
vn 0.5937 0.2184 -0.7745
vn 0.3206 -0.8329 -0.4512
vn 0.6483 0.5470 0.5296
vn 0.7163 0.5302 0.4538
vn 0.5409 0.7729 0.3318
vn 0.4499 0.7959 0.4052
vn 0.7952 0.4629 0.3917
vn 0.7472 0.6104 0.2629
vn 0.5294 0.8474 -0.0407
vn 0.2179 0.9713 0.0956
vn 0.1255 0.9750 0.1832
vn 0.8349 -0.4490 0.3185
vn 0.7631 -0.5325 0.3662
vn 0.6202 -0.7509 0.2268
vn 0.8050 -0.5636 0.1853
vn 0.6975 -0.5697 0.4347
vn 0.5352 -0.7933 0.2903
vn 0.2732 -0.9583 0.0835
vn 0.3767 -0.9262 0.0139
vn 0.6742 -0.7337 -0.0846
vn -0.2912 -0.9458 0.1438
vn -0.6191 -0.5929 0.5149
vn -0.5047 -0.6362 0.5836
vn -0.2181 -0.9578 0.1870
vn -0.7059 -0.1479 0.6927
vn -0.6207 -0.1574 0.7681
vn -0.4717 -0.1684 0.8655
vn -0.3390 -0.6637 0.6667
vn -0.1175 -0.9631 0.2420
vn 0.5031 0.4436 -0.7417
vn 0.6509 0.1768 -0.7383
vn 0.6577 0.1826 -0.7308
vn 0.4747 0.5407 -0.6944
vn 0.3855 -0.8139 -0.4347
vn 0.3698 -0.8239 -0.4295
vn 0.0829 -0.9790 -0.1862
vn 0.0728 -0.9816 -0.1764
vn 0.0995 -0.9783 -0.1818
vn 0.0206 -0.9959 -0.0877
vn 0.0123 -0.9960 -0.0886
vn 0.0157 -0.9966 -0.0809
vn -0.4599 0.4103 0.7875
vn -0.5777 0.3478 0.7385
vn -0.6056 -0.1719 0.7770
vn -0.2856 0.8967 0.3381
vn -0.3406 0.8860 0.3145
vn -0.4630 -0.6214 0.6321
vn -0.1842 -0.9584 0.2182
vn -0.0079 -0.9799 -0.1991
vn -0.0576 -0.9919 -0.1136
vn 0.0639 -0.7208 -0.6902
vn 0.1170 0.3168 -0.9413
vn -0.0681 0.3143 -0.9469
vn -0.1039 -0.6338 -0.7664
vn 0.1548 0.2310 -0.9605
vn 0.0672 -0.7270 -0.6833
vn -0.0743 -0.9969 -0.0268
vn -0.0417 -0.9990 -0.0165
vn -0.2498 -0.9544 0.1634
vn 0.0475 -0.9960 -0.0753
vn 0.0566 -0.9958 -0.0723
vn -0.0156 -0.9998 -0.0075
vn -0.1940 -0.9619 0.1927
vn -0.0822 -0.9964 -0.0185
vn -0.0217 -0.9997 0.0137
vn 0.0525 0.7577 -0.6504
vn -0.1580 0.7656 -0.6237
vn 0.1582 0.6141 -0.7732
vn 0.0049 0.9600 -0.2800
vn -0.1154 0.9186 -0.3779
vn -0.1168 0.9791 -0.1666
vn -0.1427 0.9713 -0.1901
vn -0.2073 0.9781 0.0197
vn -0.1825 0.9827 0.0322
vn -0.3680 0.9057 -0.2104
vn -0.3855 0.9156 -0.1145
vn -0.5055 0.8351 -0.2169
vn -0.4737 0.8320 -0.2888
vn -0.5969 0.7966 0.0952
vn -0.7414 0.6680 -0.0647
vn -0.6372 0.7688 0.0540
vn -0.4098 0.9044 -0.1190
vn -0.3786 0.9024 -0.2056
vn 0.8930 -0.2870 0.3467
vn 0.8373 -0.3442 0.4248
vn 0.9232 0.0015 0.3842
vn 0.8779 -0.0151 0.4786
vn 0.8075 -0.0276 0.5893
vn 0.7686 -0.3806 0.5142
vn 0.8691 0.2990 0.3941
vn 0.8116 0.3276 0.4837
vn 0.7403 0.3405 0.5796
vn 0.6833 0.3186 0.6569
vn 0.7383 -0.0333 0.6737
vn 0.5979 0.5377 0.5945
vn 0.5741 0.4877 0.6577
vn 0.6303 0.2898 0.7203
vn 0.6782 -0.0363 0.7340
vn 0.7130 -0.3723 0.5941
vn 0.6485 -0.5747 0.4991
vn 0.6605 -0.3551 0.6616
vn 0.6236 -0.5381 0.5671
vn 0.4738 -0.8083 0.3495
vn 0.4399 -0.7371 0.5130
vn 0.1162 -0.9213 0.3710
vn 0.2097 -0.9661 0.1505
vn -0.2436 0.8795 -0.4087
vn -0.2153 0.9568 -0.1956
vn 0.9453 -0.2458 0.2146
vn 0.9677 0.0371 0.2493
vn 0.9779 -0.1816 -0.1038
vn 0.9896 0.1135 -0.0879
vn 0.6045 0.3167 -0.7309
vn 0.6904 0.2284 -0.6865
vn 0.1633 0.8872 -0.4315
vn 0.9187 0.3806 -0.1052
vn -0.4953 -0.8681 -0.0338
vn -0.2342 -0.9551 -0.1814
vn -0.0275 -0.9993 -0.0236
vn -0.2162 -0.9610 0.1727
vn -0.1535 -0.9618 -0.2266
vn 0.0413 -0.9952 -0.0889
vn -0.3629 0.8719 -0.3288
vn -0.0914 0.9863 -0.1372
vn -0.1534 0.9879 -0.0245
vn -0.9441 0.1934 0.2669
vn -0.6400 0.3718 0.6725
vn -0.3581 0.8884 0.2873
vn -0.9502 -0.1037 0.2937
vn -0.6657 -0.1308 0.7347
vn 0.0045 -0.1078 0.9942
vn -0.0310 0.4105 0.9113
vn -0.0055 0.8670 0.4983
vn -0.8942 -0.3891 0.2213
vn -0.5598 -0.5864 0.5855
vn 0.0340 -0.5822 0.8124
vn -0.1901 0.9792 0.0709
vn 0.0743 0.9618 0.2635
vn -0.0782 -0.9444 -0.3193
vn 0.1383 -0.9746 -0.1762
vn 0.4103 -0.8114 -0.4164
vn 0.7449 -0.0034 -0.6672
vn 0.3860 0.7949 0.4682
vn 0.3610 0.6854 0.6324
vn 0.4426 0.3278 0.8346
vn 0.5027 -0.0583 0.8625
vn -0.2408 0.9706 0.0023
vn -0.2516 0.9678 0.0037
vn -0.3897 0.8790 0.2747
vn -0.4481 0.8628 0.2339
vn 0.4829 -0.4329 0.7612
vn -0.7147 0.3516 0.6047
vn -0.6157 0.3863 0.6868
vn 0.9142 0.3186 0.2504
vn -0.6594 0.3604 0.6598
vn -0.3997 0.8780 0.2631
vn -0.6431 -0.1468 0.7516
vn -0.5690 -0.1451 0.8094
vn -0.5778 0.3728 0.7260
vn -0.3422 0.8909 0.2988
vn -0.3856 0.8525 -0.3529
vn -0.4773 0.7784 -0.4077
vn 0.1270 -0.9777 -0.1672
vn 0.1345 -0.9772 -0.1645
vn -0.4440 -0.8959 0.0129
vn -0.2000 -0.9671 -0.1573
vn -0.3263 -0.9108 -0.2529
vn -0.6089 -0.7829 -0.1279
vn -0.1294 -0.9699 -0.2061
vn -0.2391 -0.9288 -0.2831
vn -0.0662 -0.9524 -0.2976
vn -0.1757 -0.9120 -0.3707
vn 0.3597 0.3613 -0.8603
vn 0.2959 0.4733 -0.8297
vn -0.8991 0.2159 0.3809
vn -0.9854 0.1192 0.1217
vn -0.9061 -0.1136 0.4075
vn -0.9848 -0.0887 0.1496
vn -0.2131 0.9765 0.0315
vn -0.1862 0.9811 0.0523
vn -0.8408 -0.4332 0.3246
vn -0.9521 -0.2924 0.0901
vn -0.0573 -0.9983 -0.0107
vn 0.2318 0.2539 -0.9390
vn -0.0904 0.7411 -0.6652
vn 0.3405 0.3930 -0.8542
vn 0.4779 0.2379 -0.8456
vn 0.3048 -0.7990 -0.5183
vn -0.0530 -0.9977 -0.0412
vn 0.0074 -0.9941 -0.1085
vn -0.2287 -0.9588 0.1683
vn 0.0798 -0.9763 -0.2013
vn -0.2327 0.9369 -0.2610
vn -0.2207 0.9698 -0.1041
vn -0.2305 0.9729 0.0178
vn -0.3818 0.8827 0.2738
vn -0.6457 0.3397 0.6838
vn -0.6581 -0.1400 0.7398
vn -0.5604 -0.5803 0.5909
vn -0.4879 -0.6087 0.6256
vn -0.5674 -0.5994 0.5646
vt 0.866283 0.392475
vt 0.878288 0.377608
vt 0.825700 0.371362
vt 0.825918 0.395613
vt 0.887335 0.365179
vt 0.828004 0.356233
vt 0.752504 0.372194
vt 0.755880 0.387563
vt 0.760945 0.413417
vt 0.896559 0.353941
vt 0.835034 0.346115
vt 0.893928 0.356462
vt 0.843419 0.356484
vt 0.756902 0.379460
vt 0.752852 0.365094
vt 0.671476 0.399895
vt 0.678261 0.404213
vt 0.670919 0.414364
vt 0.624942 0.444832
vt 0.619056 0.443400
vt 0.628880 0.446673
vt 0.686492 0.416795
vt 0.695866 0.438751
vt 0.641209 0.453576
vt 0.657957 0.460281
vt 0.633350 0.494799
vt 0.658023 0.489683
vt 0.620033 0.494032
vt 0.633130 0.535412
vt 0.645620 0.531537
vt 0.669014 0.522685
vt 0.609311 0.491478
vt 0.621030 0.481827
vt 0.633771 0.525603
vt 0.623013 0.534636
vt 0.702507 0.626935
vt 0.691572 0.634488
vt 0.691439 0.643973
vt 0.702769 0.635318
vt 0.693770 0.632135
vt 0.693420 0.641999
vt 0.825082 0.252934
vt 0.803613 0.243882
vt 0.801033 0.247487
vt 0.823389 0.257089
vt 0.855412 0.253482
vt 0.855108 0.257767
vt 0.656333 0.575294
vt 0.706009 0.557007
vt 0.717297 0.577150
vt 0.669606 0.594858
vt 0.787623 0.527812
vt 0.797658 0.546349
vt 0.806597 0.563302
vt 0.727965 0.594973
vt 0.682342 0.611836
vt 0.657678 0.555190
vt 0.678884 0.544360
vt 0.646565 0.561831
vt 0.659781 0.579394
vt 0.668991 0.571007
vt 0.687562 0.558900
vt 0.795773 0.173265
vt 0.798501 0.218162
vt 0.789607 0.219777
vt 0.786178 0.173625
vt 0.804268 0.239961
vt 0.800188 0.246041
vt 0.799170 0.248419
vt 0.788185 0.220546
vt 0.784716 0.173237
vt 0.908036 0.239368
vt 0.914833 0.216986
vt 0.924762 0.218453
vt 0.912487 0.245536
vt 0.919265 0.170901
vt 0.930007 0.170877
vt 0.931914 0.170412
vt 0.926542 0.219211
vt 0.913719 0.247958
vt 0.896607 0.480334
vt 0.930035 0.473964
vt 0.923753 0.466212
vt 0.890610 0.472718
vt 0.950067 0.472259
vt 0.942983 0.463436
vt 0.933948 0.442358
vt 0.916422 0.446974
vt 0.884973 0.454166
vt 0.690378 0.609934
vt 0.694903 0.598629
vt 0.682494 0.585883
vt 0.675753 0.595843
vt 0.707361 0.584838
vt 0.697810 0.572810
vt 0.720412 0.529550
vt 0.713085 0.507899
vt 0.727190 0.543422
vt 0.782788 0.523294
vt 0.776906 0.510725
vt 0.771566 0.489051
vt 0.942805 0.434635
vt 0.928855 0.391375
vt 0.919542 0.401886
vt 0.924254 0.433160
vt 0.913417 0.387793
vt 0.905254 0.409949
vt 0.878326 0.419338
vt 0.704065 0.473357
vt 0.766238 0.451959
vt 0.716118 0.598807
vt 0.705547 0.613807
vt 0.705845 0.621012
vt 0.716480 0.604901
vt 0.886725 0.252743
vt 0.887886 0.256943
vt 0.910122 0.243357
vt 0.912319 0.247018
vt 0.843965 0.499308
vt 0.850154 0.508790
vt 0.902463 0.487439
vt 0.789462 0.535654
vt 0.795415 0.546953
vt 0.855388 0.517925
vt 0.907198 0.494754
vt 0.829450 0.432721
vt 0.833342 0.469416
vt 0.636439 0.562765
vt 0.645704 0.555042
vt 0.649092 0.581906
vt 0.676301 0.456938
vt 0.687219 0.505226
vt 0.763387 0.425492
vt 0.770939 0.477536
vt 0.852715 0.399230
vt 0.859986 0.449716
vt 0.815910 0.583109
vt 0.905184 0.536924
vt 0.911445 0.541507
vt 0.819007 0.589923
vt 0.970676 0.501256
vt 0.979128 0.504209
vt 0.791080 0.115960
vt 0.801017 0.068014
vt 0.798385 0.063937
vt 0.788084 0.114031
vt 0.790149 0.172416
vt 0.787125 0.172887
vt 0.888100 0.243466
vt 0.890418 0.216524
vt 0.854852 0.243978
vt 0.855160 0.216326
vt 0.856011 0.169642
vt 0.893148 0.169957
vt 0.822651 0.243789
vt 0.821015 0.217235
vt 0.819959 0.171379
vt 0.820815 0.112067
vt 0.857543 0.109282
vt 0.796578 0.115471
vt 0.801929 0.075150
vt 0.822593 0.062953
vt 0.859045 0.058234
vt 0.895134 0.109742
vt 0.920919 0.111646
vt 0.896050 0.059933
vt 0.917235 0.070673
vt 0.931538 0.109787
vt 0.923017 0.059339
vt 0.924552 0.055896
vt 0.933440 0.108313
vt 0.696785 0.536507
vt 0.778809 0.509118
vt 0.888222 0.254841
vt 0.854776 0.255684
vt 0.888576 0.257979
vt 0.854813 0.258880
vt 0.822429 0.258718
vt 0.854914 0.259472
vt 0.799571 0.248894
vt 0.822160 0.258116
vt 0.922719 0.058825
vt 0.931374 0.109574
vt 0.933057 0.108308
vt 0.924223 0.056259
vt 0.929940 0.170138
vt 0.931560 0.170238
vt 0.790405 0.219660
vt 0.788702 0.220641
vt 0.785326 0.173049
vt 0.823820 0.040226
vt 0.822804 0.037148
vt 0.796777 0.061561
vt 0.860342 0.034618
vt 0.860261 0.031316
vt 0.860114 0.030671
vt 0.822381 0.036591
vt 0.796183 0.061245
vt 0.897248 0.036874
vt 0.898129 0.033663
vt 0.898270 0.033071
vt 0.786273 0.112909
vt 0.785627 0.112945
vt 0.924763 0.218341
vt 0.926246 0.219317
vt 0.913511 0.248447
vt 0.888501 0.258589
vt 0.787043 0.114275
vt 0.797187 0.064500
vt 0.822472 0.040911
vt 0.859831 0.035149
vt 0.868112 0.478166
vt 0.877579 0.492316
vt 0.933529 0.457631
vt 0.943485 0.467541
vt 0.897627 0.037490
vt 0.961247 0.465993
vt 0.952532 0.457078
vt 0.822416 0.255017
vt 0.969035 0.474507
vt 0.953076 0.477028
vt 0.956067 0.480727
vt 0.960729 0.489432
vt 0.975086 0.483523
vt 0.960671 0.487056
vt 0.738097 0.615769
vt 0.738803 0.624597
vt 0.793344 0.217278
vt 0.735100 0.556969
vt 0.742431 0.568949
vt 0.913286 0.504979
vt 0.861177 0.529324
vt 0.864150 0.532143
vt 0.917684 0.507152
vt 0.801419 0.559835
vt 0.803064 0.563682
vt 0.928400 0.111744
vt 0.927049 0.169769
vt 0.920058 0.063220
vt 0.749505 0.582469
vt 0.750275 0.587449
vt 0.922074 0.215953
vt 0.679212 0.615631
vt 0.664657 0.600044
vt 0.984097 0.496198
vt 0.992322 0.498685
vt 0.968336 0.501128
vt 0.975249 0.503505
vt 0.825435 0.045468
vt 0.860369 0.040223
vt 0.887394 0.506238
vt 0.895539 0.519796
vt 0.946625 0.499372
vt 0.952281 0.501496
vt 0.895646 0.042338
vt 0.838164 0.489467
vt 0.688107 0.626102
vt 0.690486 0.623222
vt 0.699084 0.619403
vt 0.702451 0.607159
vt 0.713433 0.592845
vt 0.858674 0.524776
vt 0.799199 0.554735
vt 0.910268 0.500817
vt 0.747176 0.576945
vt 0.734875 0.606968
vt 0.812318 0.575038
vt 0.900679 0.530015
vt 0.965472 0.495484
vt 0.979143 0.491085
vt 0.964074 0.496457
vt 0.943022 0.495114
vt 0.939973 0.488832
vt 0.935596 0.481255
s 1
usemtl 材质.013
f 1931/1777/4062 1999/1778/4063 2125/1779/4064 1998/1780/4065
f 1999/1778/4063 1936/1781/4066 2009/1782/4067 2125/1779/4064
f 2125/1779/4064 2009/1782/4067 1943/1783/4068 2012/1784/4069
f 1998/1780/4065 2125/1779/4064 2012/1784/4069 1935/1785/4070
f 1936/1781/4066 2000/1786/4071 2126/1787/4072 2009/1782/4067
f 2000/1786/4071 1932/1788/4073 2001/1789/4074 2126/1787/4072
f 2126/1787/4072 2001/1789/4074 1937/1790/4075 2010/1791/4076
f 2009/1782/4067 2126/1787/4072 2010/1791/4076 1943/1783/4068
f 1943/1783/4068 2010/1791/4076 2127/1792/4077 2011/1793/4078
f 2010/1791/4076 1937/1790/4075 2002/1794/4079 2127/1792/4077
f 2127/1792/4077 2002/1794/4079 1934/1795/4080 2003/1796/4081
f 2011/1793/4078 2127/1792/4077 2003/1796/4081 1938/1797/4082
f 1935/1785/4070 2012/1784/4069 2128/1798/4083 1997/1799/4084
f 2012/1784/4069 1943/1783/4068 2011/1793/4078 2128/1798/4083
f 2128/1798/4083 2011/1793/4078 1938/1797/4082 2004/1800/4085
f 1997/1799/4084 2128/1798/4083 2004/1800/4085 1933/1801/4086
f 1933/1801/4086 2004/1800/4085 2129/1802/4087 2005/1803/4088
f 2004/1800/4085 1938/1797/4082 2013/1804/4089 2129/1802/4087
f 2129/1802/4087 2013/1804/4089 1944/1805/4090 2015/1806/4091
f 2005/1803/4088 2129/1802/4087 2015/1806/4091 1939/1807/4092
f 1938/1797/4082 2003/1796/4081 2130/1808/4093 2013/1804/4089
f 2003/1796/4081 1934/1795/4080 2006/1809/4094 2130/1808/4093
f 2130/1808/4093 2006/1809/4094 1940/1810/4095 2014/1811/4096
f 2013/1804/4089 2130/1808/4093 2014/1811/4096 1944/1805/4090
f 1989/1812/4097 2086/1813/4098 2131/1814/4099 2122/1815/4100
f 2086/1813/4098 1988/1816/4101 2124/1817/4102 2131/1814/4099
f 2131/1818/4099 2124/1819/4102 1945/1820/4103 2041/1821/4104
f 2122/1822/4100 2131/1818/4099 2041/1821/4104 1958/1823/4105
f 1976/1824/4106 2073/1825/4107 2132/1826/4108 2123/1827/4109
f 2073/1825/4107 1979/1828/4110 2116/1829/4111 2132/1826/4108
f 2132/1826/4108 2116/1829/4111 1993/1830/4112 2100/1831/4113
f 2123/1827/4109 2132/1826/4108 2100/1831/4113 1987/1832/4114
f 1939/1807/4092 2015/1806/4091 2133/1833/4115 2082/1834/4116
f 2015/1806/4091 1944/1805/4090 2083/1835/4117 2133/1833/4115
f 2133/1833/4115 2083/1835/4117 1977/1836/4118 2070/1837/4119
f 2082/1834/4116 2133/1833/4115 2070/1837/4119 1975/1838/4120
f 1954/1839/4121 2031/1840/4122 2134/1841/4123 2066/1842/4124
f 2031/1840/4122 1949/1843/4125 2065/1844/4126 2134/1841/4123
f 2134/1841/4123 2065/1844/4126 1965/1845/4127 2057/1846/4128
f 2066/1842/4124 2134/1841/4123 2057/1846/4128 1966/1847/4129
f 1951/1848/4130 2030/1849/4131 2135/1850/4132 2040/1851/4133
f 2030/1849/4131 1953/1852/4134 2016/1853/4135 2135/1850/4132
f 2135/1850/4132 2016/1853/4135 1972/1854/4136 2056/1855/4137
f 2040/1851/4133 2135/1850/4132 2056/1855/4137 1970/1856/4138
f 1973/1857/4139 2076/1858/4140 2136/1859/4141 2078/1860/4142
f 2076/1858/4140 1980/1861/4143 2079/1862/4144 2136/1859/4141
f 2136/1859/4141 2079/1862/4144 1946/1863/4145 2020/1864/4146
f 2078/1860/4142 2136/1859/4141 2020/1864/4146 1941/1865/4147
f 1990/1866/4148 2091/1867/4149 2137/1868/4150 2119/1869/4151
f 2091/1867/4149 1986/1870/4152 2120/1871/4153 2137/1868/4150
f 2137/1868/4150 2120/1871/4153 1975/1838/4120 2070/1837/4119
f 2119/1869/4151 2137/1868/4150 2070/1837/4119 1977/1836/4118
f 1939/1807/4092 2082/1834/4116 2138/1872/4154 2021/1873/4155
f 2082/1834/4116 1975/1838/4120 2072/1874/4156 2138/1872/4154
f 2138/1872/4154 2072/1874/4156 1978/1875/4157 2077/1876/4158
f 2021/1873/4155 2138/1872/4154 2077/1876/4158 1947/1877/4159
f 1946/1863/4145 2018/1878/4160 2139/1879/4161 2019/1880/4162
f 2018/1878/4160 1942/1881/4163 2008/1882/4164 2139/1879/4161
f 2139/1879/4161 2008/1882/4164 1932/1788/4073 2000/1786/4071
f 2019/1880/4162 2139/1879/4161 2000/1786/4071 1936/1781/4066
f 1941/1865/4147 2020/1864/4146 2140/1883/4165 2007/1884/4166
f 2020/1864/4146 1946/1863/4145 2019/1880/4162 2140/1883/4165
f 2140/1883/4165 2019/1880/4162 1936/1781/4066 1999/1778/4063
f 2007/1884/4166 2140/1883/4165 1999/1778/4063 1931/1777/4062
f 1933/1801/4086 2005/1803/4088 2141/1885/4167 1997/1799/4084
f 2005/1803/4088 1939/1807/4092 2021/1873/4155 2141/1885/4167
f 2141/1885/4167 2021/1873/4155 1947/1877/4159 2023/1886/4168
f 1997/1799/4084 2141/1885/4167 2023/1886/4168 1935/1785/4070
f 1985/1887/4169 2089/1888/4170 2142/1889/4171 2121/1890/4172
f 2089/1888/4170 1989/1812/4097 2122/1815/4100 2142/1889/4171
f 2142/1891/4171 2122/1822/4100 1958/1823/4105 2042/1892/4173
f 2121/1893/4172 2142/1891/4171 2042/1892/4173 1959/1894/4174
f 1973/1857/4139 2071/1895/4175 2143/1896/4176 2110/1897/4177
f 2071/1895/4175 1978/1875/4157 2113/1898/4178 2143/1896/4176
f 2143/1896/4176 2113/1898/4178 1991/1899/4179 2095/1900/4180
f 2110/1897/4177 2143/1896/4176 2095/1900/4180 1982/1901/4181
f 1935/1785/4070 2023/1886/4168 2144/1902/4182 1998/1780/4065
f 2023/1886/4168 1947/1877/4159 2022/1903/4183 2144/1902/4182
f 2144/1902/4182 2022/1903/4183 1941/1865/4147 2007/1884/4166
f 1998/1780/4065 2144/1902/4182 2007/1884/4166 1931/1777/4062
f 1944/1805/4090 2014/1811/4096 2145/1904/4184 2083/1835/4117
f 2014/1811/4096 1940/1810/4095 2084/1905/4185 2145/1904/4184
f 2145/1904/4184 2084/1905/4185 1976/1824/4106 2069/1906/4186
f 2083/1835/4117 2145/1904/4184 2069/1906/4186 1977/1836/4118
f 1940/1810/4095 2006/1809/4094 2146/1907/4187 2024/1908/4188
f 2006/1809/4094 1934/1795/4080 2002/1794/4079 2146/1907/4187
f 2146/1907/4187 2002/1794/4079 1937/1790/4075 2025/1909/4189
f 2024/1908/4188 2146/1907/4187 2025/1909/4189 1948/1910/4190
f 1948/1910/4190 2025/1909/4189 2147/1911/4191 2026/1912/4192
f 2025/1909/4189 1937/1790/4075 2001/1789/4074 2147/1911/4191
f 2147/1911/4191 2001/1789/4074 1932/1788/4073 2008/1882/4164
f 2026/1912/4192 2147/1911/4191 2008/1882/4164 1942/1881/4163
f 1994/1913/4193 2102/1914/4194 2148/1915/4195 2118/1916/4196
f 2102/1914/4194 1984/1917/4197 2117/1918/4198 2148/1915/4195
f 2148/1919/4195 2117/1920/4198 1963/1921/4199 2046/1922/4200
f 2118/1923/4196 2148/1919/4195 2046/1922/4200 1962/1924/4201
f 1951/1848/4130 2028/1925/4202 2149/1926/4203 2030/1849/4131
f 2028/1925/4202 1950/1927/4204 2035/1928/4205 2149/1926/4203
f 2149/1926/4203 2035/1928/4205 1957/1929/4206 2038/1930/4207
f 2030/1849/4131 2149/1926/4203 2038/1930/4207 1953/1852/4134
f 1950/1927/4204 2027/1931/4208 2150/1932/4209 2035/1928/4205
f 2027/1931/4208 1949/1843/4125 2031/1840/4122 2150/1932/4209
f 2150/1932/4209 2031/1840/4122 1954/1839/4121 2036/1933/4210
f 2035/1928/4205 2150/1932/4209 2036/1933/4210 1957/1929/4206
f 1957/1929/4206 2036/1933/4210 2151/1934/4211 2037/1935/4212
f 2036/1933/4210 1954/1839/4121 2032/1936/4213 2151/1934/4211
f 2151/1934/4211 2032/1936/4213 1955/1937/4214 2033/1938/4215
f 2037/1935/4212 2151/1934/4211 2033/1938/4215 1956/1939/4216
f 1953/1852/4134 2038/1930/4207 2152/1940/4217 2029/1941/4218
f 2038/1930/4207 1957/1929/4206 2037/1935/4212 2152/1940/4217
f 2152/1940/4217 2037/1935/4212 1956/1939/4216 2034/1942/4219
f 2029/1941/4218 2152/1940/4217 2034/1942/4219 1952/1943/4220
f 1953/1852/4134 2029/1941/4218 2153/1944/4221 2016/1853/4135
f 2029/1941/4218 1952/1943/4220 2017/1945/4222 2153/1944/4221
f 2153/1944/4221 2017/1945/4222 1971/1946/4223 2055/1947/4224
f 2016/1853/4135 2153/1944/4221 2055/1947/4224 1972/1854/4136
f 1976/1824/4106 2084/1905/4185 2154/1948/4225 2073/1825/4107
f 2084/1905/4185 1940/1810/4095 2024/1908/4188 2154/1948/4225
f 2154/1948/4225 2024/1908/4188 1948/1910/4190 2080/1949/4226
f 2073/1825/4107 2154/1948/4225 2080/1949/4226 1979/1828/4110
f 1950/1927/4204 2028/1925/4202 2155/1950/4227 2039/1951/4228
f 2028/1925/4202 1951/1848/4130 2040/1851/4133 2155/1950/4227
f 2155/1950/4227 2040/1851/4133 1970/1856/4138 2054/1952/4229
f 2039/1951/4228 2155/1950/4227 2054/1952/4229 1969/1953/4230
f 1958/1823/4105 2041/1821/4104 2156/1954/4231 2063/1955/4232
f 2041/1821/4104 1945/1820/4103 2049/1956/4233 2156/1954/4231
f 2156/1954/4231 2049/1956/4233 1965/1845/4127 2053/1957/4234
f 2063/1955/4232 2156/1954/4231 2053/1957/4234 1969/1953/4230
f 1960/1958/4235 2043/1959/4236 2157/1960/4237 2062/1961/4238
f 2043/1959/4236 1961/1962/4239 2061/1963/4240 2157/1960/4237
f 2157/1960/4237 2061/1963/4240 1972/1854/4136 2055/1947/4224
f 2062/1961/4238 2157/1960/4237 2055/1947/4224 1971/1946/4223
f 1945/1820/4103 2045/1964/4241 2158/1965/4242 2049/1956/4233
f 2045/1964/4241 1962/1924/4201 2050/1966/4243 2158/1965/4242
f 2158/1965/4242 2050/1966/4243 1966/1847/4129 2057/1846/4128
f 2049/1956/4233 2158/1965/4242 2057/1846/4128 1965/1845/4127
f 1963/1921/4199 2047/1967/4244 2159/1968/4245 2051/1969/4246
f 2047/1967/4244 1964/1970/4247 2052/1971/4248 2159/1968/4245
f 2159/1968/4245 2052/1971/4248 1968/1972/4249 2059/1973/4250
f 2051/1969/4246 2159/1968/4245 2059/1973/4250 1967/1974/4251
f 1964/1970/4247 2048/1975/4252 2160/1976/4253 2052/1971/4248
f 2048/1975/4252 1960/1958/4235 2062/1961/4238 2160/1976/4253
f 2160/1976/4253 2062/1961/4238 1971/1946/4223 2060/1977/4254
f 2052/1971/4248 2160/1976/4253 2060/1977/4254 1968/1972/4249
f 1962/1924/4201 2046/1922/4200 2161/1978/4255 2050/1966/4243
f 2046/1922/4200 1963/1921/4199 2051/1969/4246 2161/1978/4255
f 2161/1978/4255 2051/1969/4246 1967/1974/4251 2058/1979/4256
f 2050/1966/4243 2161/1978/4255 2058/1979/4256 1966/1847/4129
f 1961/1962/4239 2044/1980/4257 2162/1981/4258 2061/1963/4240
f 2044/1980/4257 1959/1894/4174 2064/1982/4259 2162/1981/4258
f 2162/1981/4258 2064/1982/4259 1970/1856/4138 2056/1855/4137
f 2061/1963/4240 2162/1981/4258 2056/1855/4137 1972/1854/4136
f 1959/1894/4174 2042/1892/4173 2163/1983/4260 2064/1982/4259
f 2042/1892/4173 1958/1823/4105 2063/1955/4232 2163/1983/4260
f 2163/1983/4260 2063/1955/4232 1969/1953/4230 2054/1952/4229
f 2064/1982/4259 2163/1983/4260 2054/1952/4229 1970/1856/4138
f 1955/1937/4214 2032/1936/4213 2164/1984/4261 2067/1985/4262
f 2032/1936/4213 1954/1839/4121 2066/1842/4124 2164/1984/4261
f 2164/1984/4261 2066/1842/4124 1966/1847/4129 2058/1979/4256
f 2067/1985/4262 2164/1984/4261 2058/1979/4256 1967/1974/4251
f 1956/1939/4216 2033/1938/4215 2165/1986/4263 2068/1987/4264
f 2033/1938/4215 1955/1937/4214 2067/1985/4262 2165/1986/4263
f 2165/1986/4263 2067/1985/4262 1967/1974/4251 2059/1973/4250
f 2068/1987/4264 2165/1986/4263 2059/1973/4250 1968/1972/4249
f 1979/1828/4110 2080/1949/4226 2166/1988/4265 2074/1989/4266
f 2080/1949/4226 1948/1910/4190 2026/1912/4192 2166/1988/4265
f 2166/1988/4265 2026/1912/4192 1942/1881/4163 2081/1990/4267
f 2074/1989/4266 2166/1988/4265 2081/1990/4267 1974/1991/4268
f 1952/1943/4220 2034/1942/4219 2167/1992/4269 2017/1945/4222
f 2034/1942/4219 1956/1939/4216 2068/1987/4264 2167/1992/4269
f 2167/1992/4269 2068/1987/4264 1968/1972/4249 2060/1977/4254
f 2017/1945/4222 2167/1992/4269 2060/1977/4254 1971/1946/4223
f 1980/1861/4143 2075/1993/4270 2168/1994/4271 2079/1862/4144
f 2075/1993/4270 1974/1991/4268 2081/1990/4267 2168/1994/4271
f 2168/1994/4271 2081/1990/4267 1942/1881/4163 2018/1878/4160
f 2079/1862/4144 2168/1994/4271 2018/1878/4160 1946/1863/4145
f 1949/1843/4125 2027/1931/4208 2169/1995/4272 2065/1844/4126
f 2027/1931/4208 1950/1927/4204 2039/1951/4228 2169/1995/4272
f 2169/1995/4272 2039/1951/4228 1969/1953/4230 2053/1957/4234
f 2065/1844/4126 2169/1995/4272 2053/1957/4234 1965/1845/4127
f 1974/1991/4268 2075/1993/4270 2170/1996/4273 2115/1997/4274
f 2075/1993/4270 1980/1861/4143 2109/1998/4275 2170/1996/4273
f 2170/1996/4273 2109/1998/4275 1995/1999/4276 2106/2000/4277
f 2115/1997/4274 2170/1996/4273 2106/2000/4277 1983/2001/4278
f 1988/1816/4101 2099/2002/4279 2171/2003/4280 2124/1817/4102
f 2099/2002/4279 1994/1913/4193 2118/1916/4196 2171/2003/4280
f 2171/2004/4280 2118/1923/4196 1962/1924/4201 2045/1964/4241
f 2124/1819/4102 2171/2004/4280 2045/1964/4241 1945/1820/4103
f 1978/1875/4157 2072/1874/4156 2172/2005/4281 2113/1898/4178
f 2072/1874/4156 1975/1838/4120 2120/1871/4153 2172/2005/4281
f 2172/2005/4281 2120/1871/4153 1986/1870/4152 2097/2006/4282
f 2113/1898/4178 2172/2005/4281 2097/2006/4282 1991/1899/4179
f 1981/2007/4283 2093/2008/4284 2173/2009/4285 2112/2010/4286
f 2093/2008/4284 1992/2011/4287 2114/2012/4288 2173/2009/4285
f 2173/2013/4285 2114/2014/4288 1961/1962/4239 2043/1959/4236
f 2112/2015/4286 2173/2013/4285 2043/1959/4236 1960/1958/4235
f 1992/2011/4287 2096/2016/4289 2174/2017/4290 2114/2012/4288
f 2096/2016/4289 1985/1887/4169 2121/1890/4172 2174/2017/4290
f 2174/2018/4290 2121/1893/4172 1959/1894/4174 2044/1980/4257
f 2114/2014/4288 2174/2018/4290 2044/1980/4257 1961/1962/4239
f 1987/1832/4114 2088/2019/4291 2175/2020/4292 2123/1827/4109
f 2088/2019/4291 1990/1866/4148 2119/1869/4151 2175/2020/4292
f 2175/2020/4292 2119/1869/4151 1977/1836/4118 2069/1906/4186
f 2123/1827/4109 2175/2020/4292 2069/1906/4186 1976/1824/4106
f 1984/1917/4197 2105/2021/4293 2176/2022/4294 2117/1918/4198
f 2105/2021/4293 1996/2023/4295 2111/2024/4296 2176/2022/4294
f 2176/2025/4294 2111/2026/4296 1964/1970/4247 2047/1967/4244
f 2117/1920/4198 2176/2025/4294 2047/1967/4244 1963/1921/4199
f 1979/1828/4110 2074/1989/4266 2177/2027/4297 2116/1829/4111
f 2074/1989/4266 1974/1991/4268 2115/1997/4274 2177/2027/4297
f 2177/2027/4297 2115/1997/4274 1983/2001/4278 2103/2028/4298
f 2116/1829/4111 2177/2027/4297 2103/2028/4298 1993/1830/4112
f 1996/2023/4295 2107/2029/4299 2178/2030/4300 2111/2024/4296
f 2107/2029/4299 1981/2007/4283 2112/2010/4286 2178/2030/4300
f 2178/2031/4300 2112/2015/4286 1960/1958/4235 2048/1975/4252
f 2111/2026/4296 2178/2031/4300 2048/1975/4252 1964/1970/4247
f 1947/1877/4159 2077/1876/4158 2179/2032/4301 2022/1903/4183
f 2077/1876/4158 1978/1875/4157 2071/1895/4175 2179/2032/4301
f 2179/2032/4301 2071/1895/4175 1973/1857/4139 2078/1860/4142
f 2022/1903/4183 2179/2032/4301 2078/1860/4142 1941/1865/4147
f 1988/1816/4101 2086/1813/4098 2180/2033/4302 2085/2034/4303
f 2086/1813/4098 1989/1812/4097 2087/2035/4304 2180/2033/4302
f 2180/2033/4302 2087/2035/4304 1990/1866/4148 2088/2019/4291
f 2085/2034/4303 2180/2033/4302 2088/2019/4291 1987/1832/4114
f 1989/1812/4097 2089/1888/4170 2181/2036/4305 2087/2035/4304
f 2089/1888/4170 1985/1887/4169 2090/2037/4306 2181/2036/4305
f 2181/2036/4305 2090/2037/4306 1986/1870/4152 2091/1867/4149
f 2087/2035/4304 2181/2036/4305 2091/1867/4149 1990/1866/4148
f 1992/2011/4287 2093/2008/4284 2182/2038/4307 2092/2039/4308
f 2093/2008/4284 1981/2007/4283 2094/2040/4309 2182/2038/4307
f 2182/2038/4307 2094/2040/4309 1982/1901/4181 2095/1900/4180
f 2092/2039/4308 2182/2038/4307 2095/1900/4180 1991/1899/4179
f 1985/1887/4169 2096/2016/4289 2183/2041/4310 2090/2037/4306
f 2096/2016/4289 1992/2011/4287 2092/2039/4308 2183/2041/4310
f 2183/2041/4310 2092/2039/4308 1991/1899/4179 2097/2006/4282
f 2090/2037/4306 2183/2041/4310 2097/2006/4282 1986/1870/4152
f 1994/1913/4193 2099/2002/4279 2184/2042/4311 2098/2043/4312
f 2099/2002/4279 1988/1816/4101 2085/2034/4303 2184/2042/4311
f 2184/2042/4311 2085/2034/4303 1987/1832/4114 2100/1831/4113
f 2098/2043/4312 2184/2042/4311 2100/1831/4113 1993/1830/4112
f 1984/1917/4197 2102/1914/4194 2185/2044/4313 2101/2045/4314
f 2102/1914/4194 1994/1913/4193 2098/2043/4312 2185/2044/4313
f 2185/2044/4313 2098/2043/4312 1993/1830/4112 2103/2028/4298
f 2101/2045/4314 2185/2044/4313 2103/2028/4298 1983/2001/4278
f 1996/2023/4295 2105/2021/4293 2186/2046/4315 2104/2047/4316
f 2105/2021/4293 1984/1917/4197 2101/2045/4314 2186/2046/4315
f 2186/2046/4315 2101/2045/4314 1983/2001/4278 2106/2000/4277
f 2104/2047/4316 2186/2046/4315 2106/2000/4277 1995/1999/4276
f 1981/2007/4283 2107/2029/4299 2187/2048/4317 2094/2040/4309
f 2107/2029/4299 1996/2023/4295 2104/2047/4316 2187/2048/4317
f 2187/2048/4317 2104/2047/4316 1995/1999/4276 2108/2049/4318
f 2094/2040/4309 2187/2048/4317 2108/2049/4318 1982/1901/4181
f 1980/1861/4143 2076/1858/4140 2188/2050/4319 2109/1998/4275
f 2076/1858/4140 1973/1857/4139 2110/1897/4177 2188/2050/4319
f 2188/2050/4319 2110/1897/4177 1982/1901/4181 2108/2049/4318
f 2109/1998/4275 2188/2050/4319 2108/2049/4318 1995/1999/4276
o 立方体.005
v -0.006833 0.084438 -0.210751
v -0.007275 0.129291 -0.209439
v 0.021141 0.085588 -0.240663
v 0.020699 0.130441 -0.239351
v -0.002599 0.074392 -0.162184
v -0.003211 0.136563 -0.160366
v 0.044139 0.074291 -0.142979
v 0.043526 0.136462 -0.141161
v 0.008598 0.077525 -0.225111
v -0.014766 0.106505 -0.200418
v 0.008009 0.137333 -0.223362
v 0.025021 0.108236 -0.246190
v 0.050433 0.079965 -0.192038
v 0.049903 0.133789 -0.190464
v 0.056472 0.105175 -0.130922
v 0.017892 0.064153 -0.155169
v 0.017078 0.146776 -0.152753
v -0.014753 0.105619 -0.170107
v 0.003675 0.079400 -0.188470
v 0.003145 0.133224 -0.186896
v 0.005388 0.137438 -0.091292
v 0.062220 0.106986 -0.190932
v -0.060789 0.146175 -0.076616
v -0.008924 0.106194 -0.187802
v 0.022821 0.069670 -0.190443
v 0.022094 0.143428 -0.188287
v -0.015781 0.087833 -0.254744
v -0.018064 0.080889 -0.237987
v -0.024499 0.086757 -0.220897
v -0.026149 0.106582 -0.206885
v -0.024898 0.127221 -0.219714
v -0.018589 0.134203 -0.236428
v -0.016180 0.128297 -0.253561
v -0.016933 0.108242 -0.260540
v 0.014054 0.103070 -0.073237
v 0.006056 0.069652 -0.093274
v -0.024249 0.070767 -0.141588
v -0.008996 0.059493 -0.119342
v -0.009875 0.148805 -0.116730
v -0.024917 0.138552 -0.139605
v -0.029954 0.105143 -0.158951
v -0.103409 0.150257 -0.102916
v -0.061956 0.102017 -0.062814
v -0.059928 0.058772 -0.079172
v -0.056029 0.060736 -0.145034
v -0.058704 0.045775 -0.109335
v -0.059838 0.160934 -0.105967
v -0.056890 0.148139 -0.142478
v -0.047819 0.105158 -0.165490
v -0.046646 0.092866 -0.243849
v -0.113992 0.102623 -0.101068
v -0.102475 0.055395 -0.105690
v -0.075717 0.057498 -0.168582
v -0.098213 0.046166 -0.144230
v -0.099352 0.161805 -0.140849
v -0.076651 0.152360 -0.165808
v -0.066542 0.105494 -0.183272
v -0.111412 0.104366 -0.159824
v -0.045791 0.090199 -0.231271
v -0.039658 0.092218 -0.219343
v -0.040127 0.106525 -0.209621
v -0.039946 0.121381 -0.218490
v -0.046124 0.123973 -0.230283
v -0.046934 0.122029 -0.242996
v -0.053405 0.107380 -0.243329
v -0.056134 0.106806 -0.224636
v 0.015736 0.079575 -0.233361
v 0.000651 0.078969 -0.217749
v -0.012467 0.094203 -0.203881
v -0.012712 0.119032 -0.203155
v 0.000096 0.135305 -0.216101
v 0.015181 0.135910 -0.231713
v 0.023932 0.120596 -0.244299
v 0.024177 0.095767 -0.245025
v 0.051829 0.076829 -0.167518
v 0.038623 0.083169 -0.218394
v 0.038143 0.131898 -0.216969
v 0.051251 0.135514 -0.165802
v 0.052862 0.122478 -0.134084
v 0.053202 0.088019 -0.135092
v 0.006821 0.066496 -0.158503
v 0.031262 0.066490 -0.150055
v 0.030494 0.144408 -0.147776
v 0.006053 0.144415 -0.156225
v -0.011246 0.122793 -0.166449
v -0.010907 0.088334 -0.167456
v 0.000023 0.082271 -0.200662
v 0.002686 0.076573 -0.175349
v 0.002108 0.135259 -0.173633
v -0.000457 0.130999 -0.199237
v -0.015667 0.128448 -0.216389
v -0.004260 0.135917 -0.233120
v 0.002573 0.129651 -0.251381
v 0.003834 0.108402 -0.259016
v 0.046786 0.107724 -0.221362
v 0.059000 0.121701 -0.190733
v 0.064780 0.106142 -0.161196
v 0.059291 0.092225 -0.191595
v 0.006917 0.147081 -0.133885
v -0.012188 0.137082 -0.148239
v -0.021442 0.105344 -0.162940
v -0.011557 0.072989 -0.150113
v -0.010385 0.105923 -0.179012
v -0.005068 0.120967 -0.187240
v -0.010681 0.106385 -0.194923
v -0.004778 0.091492 -0.188102
v 0.036804 0.072316 -0.191540
v 0.022866 0.066349 -0.172817
v 0.012335 0.072009 -0.189303
v 0.017786 0.073925 -0.209067
v 0.036126 0.141126 -0.189528
v 0.017133 0.140170 -0.207130
v 0.011657 0.140820 -0.187291
v 0.022084 0.145713 -0.170496
v -0.016177 0.082612 -0.246967
v -0.021390 0.082053 -0.229601
v -0.025875 0.095462 -0.211629
v -0.026096 0.117964 -0.210971
v -0.021886 0.132486 -0.228126
v -0.016674 0.133045 -0.245492
v -0.016609 0.119452 -0.258657
v -0.016387 0.096950 -0.259315
v -0.033632 0.089332 -0.220706
v -0.032623 0.106538 -0.207534
v -0.033978 0.124460 -0.219679
v -0.033517 0.130254 -0.234608
v -0.020115 0.106574 -0.204554
v -0.015244 0.085520 -0.217645
v -0.003701 0.079268 -0.234777
v 0.002996 0.086723 -0.252636
v 0.011388 0.122071 -0.078729
v 0.011759 0.084375 -0.079832
v -0.017255 0.062147 -0.130317
v -0.001057 0.061625 -0.106994
v -0.001890 0.146112 -0.104524
v -0.018087 0.146634 -0.127846
v -0.028861 0.123827 -0.152338
v -0.028489 0.086131 -0.153441
v -0.026870 0.140941 -0.077585
v -0.033763 0.153803 -0.105510
v -0.040943 0.142539 -0.137001
v -0.039473 0.105063 -0.159431
v 0.029353 0.072408 -0.116449
v 0.007750 0.062546 -0.136357
v 0.040216 0.104085 -0.099115
v 0.028722 0.136501 -0.114575
v -0.061638 0.126454 -0.066517
v -0.061160 0.077849 -0.067938
v -0.058354 0.049416 -0.127257
v -0.059075 0.048413 -0.093186
v -0.060148 0.157350 -0.090000
v -0.059427 0.158354 -0.124071
v -0.051315 0.129238 -0.158258
v -0.050836 0.080633 -0.159679
v -0.081332 0.040374 -0.124726
v -0.087106 0.054362 -0.091325
v -0.082577 0.166779 -0.121030
v -0.069248 0.152896 -0.155493
v -0.032773 0.053379 -0.108447
v -0.040192 0.066319 -0.139230
v -0.022850 0.102350 -0.061020
v -0.026119 0.064721 -0.079814
v -0.110648 0.132330 -0.101630
v -0.110064 0.073070 -0.103363
v -0.087055 0.049707 -0.160815
v -0.103315 0.048445 -0.123129
v -0.104397 0.158197 -0.119920
v -0.088136 0.159459 -0.157606
v -0.071055 0.134930 -0.177203
v -0.070471 0.075670 -0.178936
v -0.120272 0.103450 -0.131471
v -0.108761 0.138603 -0.154534
v -0.089288 0.105115 -0.177993
v -0.108084 0.069937 -0.156542
v -0.093724 0.102117 -0.076951
v -0.054425 0.105409 -0.176279
v -0.088055 0.150752 -0.088506
v -0.068299 0.056506 -0.158312
v -0.047832 0.091112 -0.238207
v -0.042839 0.090759 -0.224463
v -0.040361 0.098016 -0.213424
v -0.040530 0.115235 -0.212921
v -0.043157 0.123074 -0.223518
v -0.048151 0.123427 -0.237262
v -0.051680 0.116006 -0.243037
v -0.051510 0.098786 -0.243540
v -0.048800 0.106623 -0.215898
v -0.053740 0.115838 -0.226245
v -0.058872 0.107042 -0.233642
v -0.053563 0.097932 -0.226769
v -0.033065 0.084430 -0.235948
v -0.034703 0.090172 -0.249802
v -0.037768 0.107837 -0.253705
v -0.035049 0.125300 -0.248775
v 0.000574 0.081134 -0.244274
v -0.018852 0.094774 -0.208951
v -0.010110 0.134063 -0.224592
v 0.003596 0.120280 -0.256941
v 0.044817 0.094292 -0.220858
v 0.044553 0.121062 -0.220076
v 0.061154 0.122316 -0.162565
v 0.061472 0.090008 -0.163510
v 0.037202 0.086394 -0.104933
v 0.018911 0.064698 -0.127489
v -0.003380 0.144880 -0.140743
v -0.018496 0.087418 -0.158713
v -0.006103 0.089761 -0.177823
v -0.006421 0.122068 -0.176878
v -0.007570 0.119848 -0.196108
v -0.007306 0.093078 -0.196890
v 0.028723 0.076316 -0.214042
v 0.037473 0.068926 -0.170774
v 0.011818 0.068765 -0.173924
v 0.008319 0.075841 -0.204676
v 0.036740 0.143310 -0.168599
v 0.028112 0.138290 -0.212230
v 0.007709 0.137815 -0.202864
v 0.011085 0.143149 -0.171749
v -0.036741 0.097976 -0.252976
v -0.033616 0.085850 -0.243522
v -0.033139 0.096815 -0.212065
v -0.033843 0.128833 -0.227291
v 0.003832 0.096421 -0.257638
v 0.000047 0.134693 -0.242708
v -0.019087 0.118632 -0.208254
v -0.009582 0.080505 -0.226159
v -0.024170 0.123692 -0.065864
v -0.037196 0.056496 -0.123681
v -0.029998 0.150703 -0.091096
v -0.040545 0.126053 -0.152138
v -0.018847 0.123046 -0.157671
v 0.018123 0.144635 -0.125152
v -0.002593 0.064942 -0.143081
v 0.036851 0.122022 -0.103891
v -0.059712 0.132423 -0.169695
v -0.091311 0.075008 -0.081248
v -0.084508 0.043210 -0.106709
v -0.077225 0.163964 -0.139060
v -0.040127 0.083667 -0.153378
v -0.038132 0.151495 -0.120903
v -0.029062 0.055704 -0.093874
v -0.023752 0.081305 -0.067104
v -0.115579 0.070589 -0.130642
v -0.116226 0.136292 -0.128721
v -0.090360 0.137810 -0.171936
v -0.089713 0.072108 -0.173857
v -0.085686 0.162832 -0.103211
v -0.076046 0.044342 -0.142558
v -0.091847 0.129474 -0.079656
v -0.059175 0.077957 -0.171288
v -0.047594 0.098039 -0.218930
v -0.047765 0.115391 -0.218423
v -0.056384 0.115772 -0.234352
v -0.056213 0.098420 -0.234859
v -0.034044 0.129269 -0.242252
v -0.033333 0.116496 -0.211490
v -0.033415 0.085415 -0.228561
v -0.036935 0.117657 -0.252401
vn 0.4739 -0.6574 -0.5859
vn 0.2121 -0.9144 -0.3448
vn 0.0812 -0.9171 -0.3903
vn 0.2256 -0.6551 -0.7210
vn -0.0612 -0.9889 -0.1354
vn -0.0732 -0.9925 -0.0983
vn -0.1638 -0.9830 -0.0829
vn -0.1263 -0.9078 -0.4000
vn -0.1085 -0.6495 -0.7526
vn -0.5290 -0.7799 0.3346
vn -0.6624 -0.4991 0.5586
vn -0.4530 -0.5482 0.7031
vn -0.3540 -0.8164 0.4562
vn -0.7309 -0.0271 0.6820
vn -0.5131 -0.0301 0.8578
vn -0.2579 -0.0308 0.9657
vn -0.2486 -0.5826 0.7738
vn -0.2440 -0.8238 0.5117
vn -0.5441 0.7484 0.3793
vn -0.3398 0.9304 0.1374
vn -0.2408 0.9429 0.2302
vn -0.3698 0.7812 0.5029
vn -0.0808 0.9937 -0.0774
vn -0.0928 0.9949 -0.0402
vn -0.1832 0.9827 -0.0254
vn -0.2342 0.9334 0.2720
vn -0.2599 0.7875 0.5588
vn 0.4605 0.6997 -0.5462
vn 0.6089 0.3441 -0.7148
vn 0.2868 0.3423 -0.8947
vn 0.2122 0.7005 -0.6814
vn 0.6442 0.0287 -0.7644
vn 0.3022 0.0308 -0.9527
vn -0.1213 0.0278 -0.9922
vn -0.1187 0.3341 -0.9350
vn -0.1217 0.6901 -0.7134
vn 0.6151 -0.2897 -0.7333
vn 0.7826 -0.3194 -0.5343
vn 0.5914 -0.6754 -0.4405
vn 0.8314 0.0244 -0.5551
vn 0.9640 0.0173 -0.2652
vn 0.8924 -0.3619 -0.2696
vn 0.6619 -0.7057 -0.2526
vn 0.7759 0.3654 -0.5143
vn 0.5778 0.7115 -0.3999
vn 0.6478 0.7322 -0.2106
vn 0.8849 0.3945 -0.2474
vn 0.9022 0.4223 0.0880
vn 0.9947 0.0068 0.1022
vn 0.6574 0.7526 0.0372
vn 0.6008 0.7640 0.2351
vn 0.8270 0.4500 0.3369
vn 0.9280 -0.0018 0.3726
vn 0.9103 -0.4089 0.0637
vn 0.6721 -0.7404 -0.0064
vn 0.8359 -0.4525 0.3105
vn 0.6159 -0.7645 0.1904
vn 0.7154 -0.4895 0.4986
vn 0.5381 -0.7763 0.3283
vn 0.7998 -0.0097 0.6002
vn 0.5267 -0.0197 0.8498
vn 0.4905 -0.4968 0.7159
vn 0.4175 -0.7701 0.4823
vn 0.0246 -0.9950 -0.0966
vn 0.3362 -0.9405 0.0488
vn 0.3166 -0.9392 0.1327
vn 0.0585 -0.9949 -0.0820
vn 0.3062 -0.9287 0.2091
vn 0.1474 -0.9846 -0.0938
vn 0.0050 0.9993 -0.0382
vn -0.3447 0.9142 -0.2132
vn -0.2338 0.9327 -0.2748
vn 0.0389 0.9990 -0.0237
vn -0.5984 0.7069 -0.3770
vn -0.4252 0.7482 -0.5093
vn -0.1096 0.7766 -0.6203
vn -0.0230 0.9374 -0.3476
vn 0.1279 0.9911 -0.0360
vn -0.8279 0.0082 -0.5608
vn -0.7350 -0.4372 -0.5184
vn -0.5271 -0.4577 -0.7160
vn -0.6013 0.0174 -0.7988
vn -0.5846 -0.6953 -0.4180
vn -0.4107 -0.7254 -0.5524
vn -0.0946 -0.7411 -0.6647
vn -0.1524 -0.4731 -0.8677
vn -0.1975 0.0267 -0.9799
vn -0.8492 -0.4311 -0.3051
vn -0.6799 -0.6772 -0.2813
vn -0.9524 -0.0005 -0.3047
vn -0.9992 -0.0110 0.0396
vn -0.8977 -0.4404 -0.0091
vn -0.7245 -0.6847 -0.0796
vn -0.7437 0.4521 -0.4923
vn -0.8577 0.4313 -0.2799
vn -0.6933 0.6789 -0.2417
vn -0.7379 0.6737 -0.0399
vn -0.9062 0.4225 0.0161
vn -0.8373 0.4249 0.3441
vn -0.9095 -0.0211 0.4152
vn -0.6891 0.6995 0.1893
vn -0.6718 0.4525 0.5865
vn -0.8285 -0.4607 0.3182
vn -0.6751 -0.7228 0.1477
vn 0.2799 -0.9109 -0.3034
vn 0.3356 -0.9157 -0.2208
vn -0.0197 -0.9803 -0.1964
vn -0.0579 -0.9809 -0.1857
vn 0.3562 -0.9308 -0.0813
vn 0.0134 -0.9882 -0.1525
vn -0.3861 -0.8939 -0.2276
vn -0.4276 -0.8912 -0.1513
vn -0.3267 -0.9068 -0.2665
vn -0.4131 -0.9099 -0.0381
vn -0.3213 -0.9434 0.0826
vn 0.3378 0.9408 -0.0266
vn 0.3176 0.9425 0.1038
vn 0.3174 0.9335 -0.1668
vn -0.0391 0.9895 -0.1388
vn -0.0062 0.9955 -0.0945
vn 0.2617 0.9324 -0.2495
vn 0.1939 0.9370 -0.2906
vn -0.0773 0.9887 -0.1281
vn -0.4310 0.9022 0.0149
vn -0.4452 0.8899 -0.0993
vn -0.4038 0.8979 -0.1752
vn -0.1126 -0.2812 -0.9530
vn -0.4148 -0.2674 -0.8697
vn -0.4359 0.0220 -0.8997
vn -0.3676 -0.6365 -0.6781
vn -0.5465 -0.6204 -0.5626
vn -0.6972 -0.3429 -0.6295
vn -0.7468 0.0121 -0.6649
vn -0.3281 -0.8882 -0.3216
vn -0.3144 -0.9491 -0.0179
vn -0.5126 -0.8455 0.1494
vn -0.5800 -0.7936 -0.1837
vn -0.1920 -0.5717 0.7977
vn -0.2409 -0.8108 0.5335
vn -0.1868 -0.0306 0.9819
vn -0.4153 -0.0307 0.9092
vn -0.3903 -0.5311 0.7521
vn -0.3449 -0.7541 0.5590
vn -0.3155 0.8947 0.3161
vn -0.2565 0.7733 0.5798
vn -0.3330 0.9422 0.0374
vn -0.5290 0.8251 0.1982
vn -0.4635 0.7772 0.4256
vn -0.3593 0.7132 0.6019
vn 0.2930 -0.2837 -0.9131
vn 0.0629 0.9397 -0.3360
vn -0.1444 0.9269 -0.3464
vn -0.4633 0.4971 0.7337
vn -0.2596 0.5314 0.8064
vn -0.2221 -0.9593 0.1745
vn -0.2156 -0.9521 0.2168
vn 0.4810 0.4637 0.7440
vn 0.1738 0.3985 0.9006
vn 0.1584 -0.0273 0.9870
vn 0.4025 0.7487 0.5267
vn 0.2180 0.6930 0.6872
vn -0.0681 0.6329 0.7712
vn -0.1736 0.3171 0.9324
vn -0.2134 -0.0307 0.9765
vn -0.0048 -0.9157 -0.4018
vn 0.2424 -0.8905 -0.3850
vn 0.2802 -0.7198 -0.6351
vn 0.2445 -0.9679 -0.0577
vn 0.2404 -0.9706 0.0098
vn 0.3980 -0.8710 -0.2881
vn 0.5509 -0.6820 -0.4809
vn 0.2879 0.9208 0.2632
vn 0.2406 0.8975 0.3695
vn 0.2254 0.9743 -0.0009
vn 0.2212 0.9729 0.0667
vn 0.0707 0.8895 0.4515
vn -0.1622 0.5199 -0.8387
vn 0.3112 0.5131 -0.7999
vn 0.2656 0.7611 -0.5918
vn 0.3361 0.0308 -0.9413
vn 0.7331 0.0271 -0.6796
vn 0.6608 0.4708 -0.5845
vn 0.5371 0.7197 -0.4400
vn -0.5365 0.4883 -0.6883
vn 0.2982 0.9359 0.1876
vn 0.5229 0.7663 0.3734
vn -0.2156 -0.9194 -0.3289
vn 0.7059 0.4735 0.5267
vn 0.6719 0.4398 -0.5960
vn 0.5385 0.7362 -0.4100
vn 0.7108 0.0276 -0.7029
vn 0.1965 0.0306 -0.9800
vn 0.1969 0.4206 -0.8856
vn 0.2103 0.7018 -0.6806
vn -0.0552 -0.6781 0.7329
vn -0.1668 -0.3744 0.9122
vn -0.5433 -0.3169 0.7774
vn -0.4071 -0.6455 0.6462
vn -0.5928 -0.0294 0.8048
vn -0.8975 -0.0217 0.4404
vn -0.8559 -0.2836 0.4325
vn -0.7051 -0.5684 0.4238
vn 0.0884 -0.9128 0.3988
vn -0.2174 -0.9234 0.3164
vn -0.0067 -0.9994 -0.0334
vn -0.6846 -0.7227 0.0951
vn -0.5201 -0.8042 -0.2877
vn 0.3806 0.8940 -0.2365
vn 0.2466 0.9397 -0.2370
vn -0.0264 0.9993 0.0251
vn -0.1882 0.8127 -0.5515
vn -0.5360 0.8092 -0.2405
vn 0.3208 -0.4593 -0.8283
vn 0.6696 -0.4227 -0.6106
vn 0.2246 0.9161 -0.3322
vn 0.2584 -0.9127 0.3166
vn 0.2319 -0.7276 0.6456
vn 0.1821 -0.4469 0.8758
vn -0.9518 -0.3046 -0.0364
vn -0.9988 -0.0084 -0.0477
vn -0.8356 0.0078 -0.5493
vn -0.8032 -0.3228 -0.5008
vn -0.8610 0.2410 0.4478
vn -0.9576 0.2874 -0.0191
vn -0.7160 0.5287 0.4559
vn -0.6986 0.7023 0.1368
vn -0.8096 0.3356 -0.4815
vn -0.4409 0.3535 -0.8250
vn -0.4455 0.0218 -0.8950
vn -0.4343 -0.3133 -0.8445
vn -0.1725 -0.7826 -0.5981
vn 0.2046 -0.3642 -0.9086
vn 0.2237 -0.6566 -0.7203
vn -0.2354 0.8989 0.3697
vn -0.4194 0.5985 0.6826
vn 0.2650 -0.9192 -0.2913
vn 0.5526 -0.7002 -0.4520
vn -0.5490 0.2602 0.7943
vn 0.6801 -0.3909 -0.6202
vn -0.6104 -0.5271 0.5913
vn -0.4479 -0.8097 0.3792
vn -0.6841 -0.0281 0.7288
vn -0.8793 -0.0226 0.4758
vn -0.7525 -0.5511 0.3605
vn -0.4002 0.4784 0.7816
vn -0.6203 0.4795 0.6207
vn -0.7630 0.5142 0.3917
vn -0.8761 0.4752 -0.0812
vn -0.9973 -0.0077 -0.0729
vn -0.5956 0.7914 -0.1373
vn -0.5589 0.6413 -0.5257
vn -0.7042 0.3653 -0.6088
vn -0.8666 -0.4868 -0.1094
vn -0.3457 0.8989 -0.2693
vn -0.3804 0.6676 -0.6399
vn -0.2027 0.5203 0.8296
vn -0.2977 -0.9177 0.2632
vn -0.4205 0.3096 -0.8528
vt 0.078432 0.282855
vt 0.094019 0.273370
vt 0.075018 0.241797
vt 0.057871 0.245243
vt 0.111521 0.260695
vt 0.094484 0.234954
vt 0.090468 0.206235
vt 0.072426 0.208471
vt 0.056784 0.208029
vt 0.141866 0.232878
vt 0.155711 0.223098
vt 0.146783 0.209723
vt 0.129664 0.215228
vt 0.162165 0.219339
vt 0.154929 0.208146
vt 0.151354 0.195906
vt 0.142652 0.195495
vt 0.124741 0.196527
vt 0.127208 0.246332
vt 0.112306 0.224856
vt 0.107417 0.201117
vt 0.068763 0.288240
vt 0.047339 0.246191
vt 0.065600 0.289884
vt 0.043927 0.246140
vt 0.044391 0.205098
vt 0.047372 0.206210
vt 0.056784 0.208029
vt 0.112867 0.332778
vt 0.119391 0.320863
vt 0.110759 0.336757
vt 0.167980 0.372123
vt 0.168037 0.366046
vt 0.169362 0.348399
vt 0.222942 0.374975
vt 0.225984 0.382090
vt 0.217452 0.355178
vt 0.267053 0.344123
vt 0.280222 0.363434
vt 0.286853 0.370799
vt 0.342181 0.337009
vt 0.321702 0.319474
vt 0.352059 0.344153
vt 0.407264 0.297065
vt 0.395804 0.291188
vt 0.371229 0.277537
vt 0.248077 0.290397
vt 0.255761 0.317542
vt 0.302217 0.297015
vt 0.286788 0.273587
vt 0.345949 0.261166
vt 0.323151 0.243488
vt 0.243230 0.268134
vt 0.275163 0.252190
vt 0.237103 0.249135
vt 0.262370 0.233531
vt 0.281344 0.209990
vt 0.302820 0.225479
vt 0.221721 0.224397
vt 0.227307 0.232142
vt 0.245786 0.218679
vt 0.236917 0.212450
vt 0.257871 0.199912
vt 0.246174 0.196394
vt 0.206074 0.239872
vt 0.210251 0.257353
vt 0.203496 0.231497
vt 0.185980 0.232906
vt 0.185573 0.240787
vt 0.184161 0.257153
vt 0.168645 0.234382
vt 0.172282 0.228275
vt 0.160661 0.247992
vt 0.129982 0.302044
vt 0.173053 0.321604
vt 0.177683 0.294285
vt 0.141705 0.281358
vt 0.213909 0.326325
vt 0.212476 0.297260
vt 0.211994 0.275412
vt 0.181524 0.273914
vt 0.151784 0.263524
vt 0.094019 0.273370
vt 0.063134 0.167306
vt 0.061292 0.165310
vt 0.069488 0.171723
vt 0.082998 0.149297
vt 0.084062 0.139882
vt 0.084283 0.136320
vt 0.081892 0.174840
vt 0.096754 0.177163
vt 0.107707 0.153032
vt 0.094375 0.147881
vt 0.142921 0.181174
vt 0.126481 0.178660
vt 0.151157 0.183082
vt 0.148305 0.167997
vt 0.141381 0.166782
vt 0.129988 0.167092
vt 0.111255 0.177721
vt 0.120549 0.159972
vt 0.426867 0.223520
vt 0.437417 0.226610
vt 0.403286 0.216516
vt 0.410509 0.150136
vt 0.431642 0.149863
vt 0.440406 0.149502
vt 0.302820 0.225479
vt 0.319490 0.187337
vt 0.288882 0.179008
vt 0.348848 0.198515
vt 0.351858 0.147330
vt 0.316400 0.145086
vt 0.280447 0.146856
vt 0.376704 0.208264
vt 0.348848 0.198515
vt 0.383467 0.149327
vt 0.260072 0.177030
vt 0.246817 0.177617
vt 0.236301 0.160218
vt 0.249657 0.154905
vt 0.302217 0.297015
vt 0.228410 0.136555
vt 0.256665 0.120487
vt 0.216202 0.145452
vt 0.204479 0.120490
vt 0.215405 0.113063
vt 0.237675 0.104223
vt 0.431642 0.149863
vt 0.410683 0.088389
vt 0.391422 0.094671
vt 0.417920 0.084757
vt 0.373907 0.040944
vt 0.370494 0.047848
vt 0.365710 0.062110
vt 0.383467 0.149327
vt 0.361448 0.097051
vt 0.325716 0.100247
vt 0.332024 0.057455
vt 0.289886 0.063930
vt 0.316400 0.145086
vt 0.289597 0.107717
vt 0.325716 0.100247
vt 0.255265 0.083134
vt 0.260072 0.177030
vt 0.319490 0.187337
vt 0.318003 0.032440
vt 0.315215 0.023560
vt 0.258027 0.036253
vt 0.265950 0.042838
vt 0.370494 0.047848
vt 0.318003 0.032440
vt 0.228780 0.076067
vt 0.218641 0.076692
vt 0.228780 0.076067
vt 0.289597 0.107717
vt 0.256665 0.120487
vt 0.131771 0.151659
vt 0.137417 0.149921
vt 0.121468 0.134064
vt 0.117379 0.138629
vt 0.141381 0.166782
vt 0.101907 0.132086
vt 0.104228 0.127190
vt 0.081892 0.174840
s 1
usemtl 材质.014
f 2191/2051/4320 2255/2052/4321 2383/2053/4322 2318/2054/4323
f 2255/2052/4321 2197/2055/4324 2317/2056/4325 2383/2053/4322
f 2383/2053/4322 2317/2056/4325 2216/2057/4326 2303/2058/4327
f 2318/2054/4323 2383/2053/4322 2303/2058/4327 2215/2059/4328
f 2189/2060/4329 2257/2061/4330 2384/2062/4331 2316/2063/4332
f 2257/2061/4330 2198/2064/4333 2315/2065/4334 2384/2062/4331
f 2384/2062/4331 2315/2065/4334 2218/2066/4335 2305/2067/4336
f 2316/2063/4332 2384/2062/4331 2305/2067/4336 2217/2068/4337
f 2190/2060/4338 2259/2069/4339 2385/2070/4340 2279/2063/4341
f 2259/2069/4339 2199/2055/4342 2280/2056/4343 2385/2070/4340
f 2385/2070/4340 2280/2056/4343 2220/2057/4344 2307/2071/4345
f 2279/2063/4341 2385/2070/4340 2307/2071/4345 2219/2068/4346
f 2192/2051/4347 2261/2072/4348 2386/2073/4349 2281/2054/4350
f 2261/2072/4348 2200/2074/4351 2282/2075/4352 2386/2073/4349
f 2386/2073/4349 2282/2075/4352 2222/2076/4353 2309/2077/4354
f 2281/2054/4350 2386/2073/4349 2309/2077/4354 2221/2078/4355
f 2191/2051/4320 2262/2072/4356 2387/2079/4357 2264/2080/4358
f 2262/2072/4356 2200/2074/4351 2283/2081/4359 2387/2079/4357
f 2387/2079/4357 2283/2081/4359 2210/2082/4360 2286/2083/4361
f 2264/2080/4358 2387/2079/4357 2286/2083/4361 2201/2084/4362
f 2200/2074/4351 2261/2072/4348 2388/2079/4363 2283/2081/4359
f 2261/2072/4348 2192/2051/4347 2265/2080/4364 2388/2079/4363
f 2388/2079/4363 2265/2080/4364 2202/2084/4365 2284/2083/4366
f 2283/2081/4359 2388/2079/4363 2284/2083/4366 2210/2082/4360
f 2210/2082/4360 2284/2083/4366 2389/2085/4367 2285/2086/4368
f 2284/2083/4366 2202/2084/4365 2266/2087/4369 2389/2085/4367
f 2389/2085/4367 2266/2087/4369 2196/2088/4370 2267/2089/4371
f 2285/2086/4368 2389/2085/4367 2267/2089/4371 2203/2090/4372
f 2201/2084/4362 2286/2083/4361 2390/2085/4373 2263/2087/4374
f 2286/2083/4361 2210/2082/4360 2285/2086/4368 2390/2085/4373
f 2390/2085/4373 2285/2086/4368 2203/2090/4372 2268/2089/4375
f 2263/2087/4374 2390/2085/4373 2268/2089/4375 2195/2088/4376
f 2195/2088/4376 2268/2089/4375 2391/2091/4377 2331/2092/4378
f 2268/2089/4375 2203/2090/4372 2333/2093/4379 2391/2091/4377
f 2391/2091/4377 2333/2093/4379 2223/2094/4380 2320/2095/4381
f 2331/2092/4378 2391/2091/4377 2320/2095/4381 2224/2096/4382
f 2204/2097/4383 2270/2098/4384 2392/2099/4385 2332/2100/4386
f 2270/2098/4384 2195/2088/4376 2331/2092/4378 2392/2099/4385
f 2392/2099/4385 2331/2092/4378 2224/2096/4382 2322/2101/4387
f 2332/2100/4386 2392/2099/4385 2322/2101/4387 2226/2102/4388
f 2205/2097/4389 2272/2103/4390 2393/2104/4391 2287/2100/4392
f 2272/2103/4390 2194/2105/4393 2288/2106/4394 2393/2104/4391
f 2393/2104/4391 2288/2106/4394 2228/2107/4395 2324/2108/4396
f 2287/2100/4392 2393/2104/4391 2324/2108/4396 2227/2102/4397
f 2206/2109/4398 2274/2110/4399 2394/2111/4400 2289/2112/4401
f 2274/2110/4399 2193/2105/4402 2290/2106/4403 2394/2111/4400
f 2394/2111/4400 2290/2106/4403 2225/2107/4404 2326/2113/4405
f 2289/2112/4401 2394/2111/4400 2326/2113/4405 2229/2114/4406
f 2193/2105/4402 2274/2110/4399 2395/2115/4407 2276/2116/4408
f 2274/2110/4399 2206/2109/4398 2291/2117/4409 2395/2115/4407
f 2395/2115/4407 2291/2117/4409 2212/2118/4410 2294/2119/4411
f 2276/2116/4408 2395/2115/4407 2294/2119/4411 2207/2120/4412
f 2206/2109/4398 2273/2110/4413 2396/2115/4414 2291/2117/4409
f 2273/2110/4413 2194/2105/4393 2277/2116/4415 2396/2115/4414
f 2396/2115/4414 2277/2116/4415 2208/2120/4416 2292/2119/4417
f 2291/2117/4409 2396/2115/4414 2292/2119/4417 2212/2118/4410
f 2212/2118/4410 2292/2119/4417 2397/2121/4418 2293/2122/4419
f 2292/2119/4417 2208/2120/4416 2278/2123/4420 2397/2121/4418
f 2397/2121/4418 2278/2123/4420 2190/2060/4338 2258/2061/4421
f 2293/2122/4419 2397/2121/4418 2258/2061/4421 2198/2064/4333
f 2207/2120/4412 2294/2119/4411 2398/2121/4422 2275/2123/4423
f 2294/2119/4411 2212/2118/4410 2293/2122/4419 2398/2121/4422
f 2398/2121/4422 2293/2122/4419 2198/2064/4333 2257/2061/4330
f 2275/2123/4423 2398/2121/4422 2257/2061/4330 2189/2060/4329
f 2191/2051/4320 2264/2080/4358 2399/2124/4424 2255/2052/4321
f 2264/2080/4358 2201/2084/4362 2295/2125/4425 2399/2124/4424
f 2399/2124/4424 2295/2125/4425 2213/2126/4426 2298/2127/4427
f 2255/2052/4321 2399/2124/4424 2298/2127/4427 2197/2055/4324
f 2201/2084/4362 2263/2087/4374 2400/2128/4428 2295/2125/4425
f 2263/2087/4374 2195/2088/4376 2270/2098/4384 2400/2128/4428
f 2400/2128/4428 2270/2098/4384 2204/2097/4383 2296/2129/4429
f 2295/2125/4425 2400/2128/4428 2296/2129/4429 2213/2126/4426
f 2213/2126/4426 2296/2129/4429 2401/2130/4430 2297/2131/4431
f 2296/2129/4429 2204/2097/4383 2269/2103/4432 2401/2130/4430
f 2401/2130/4430 2269/2103/4432 2193/2105/4402 2276/2116/4408
f 2297/2131/4431 2401/2130/4430 2276/2116/4408 2207/2120/4412
f 2197/2055/4324 2298/2127/4427 2402/2132/4433 2256/2069/4434
f 2298/2127/4427 2213/2126/4426 2297/2131/4431 2402/2132/4433
f 2402/2132/4433 2297/2131/4431 2207/2120/4412 2275/2123/4423
f 2256/2069/4434 2402/2132/4433 2275/2123/4423 2189/2060/4329
f 2196/2088/4370 2266/2087/4369 2403/2128/4435 2271/2098/4436
f 2266/2087/4369 2202/2084/4365 2299/2125/4437 2403/2128/4435
f 2403/2128/4435 2299/2125/4437 2214/2126/4438 2302/2129/4439
f 2271/2098/4436 2403/2128/4435 2302/2129/4439 2205/2097/4389
f 2202/2084/4365 2265/2080/4364 2404/2124/4440 2299/2125/4437
f 2265/2080/4364 2192/2051/4347 2260/2133/4441 2404/2124/4440
f 2404/2124/4440 2260/2133/4441 2199/2055/4342 2300/2127/4442
f 2299/2125/4437 2404/2124/4440 2300/2127/4442 2214/2126/4438
f 2214/2126/4438 2300/2127/4442 2405/2132/4443 2301/2131/4444
f 2300/2127/4442 2199/2055/4342 2259/2069/4339 2405/2132/4443
f 2405/2132/4443 2259/2069/4339 2190/2060/4338 2278/2123/4420
f 2301/2131/4444 2405/2132/4443 2278/2123/4420 2208/2120/4416
f 2205/2097/4389 2302/2129/4439 2406/2130/4445 2272/2103/4390
f 2302/2129/4439 2214/2126/4438 2301/2131/4444 2406/2130/4445
f 2406/2130/4445 2301/2131/4444 2208/2120/4416 2277/2116/4415
f 2272/2103/4390 2406/2130/4445 2277/2116/4415 2194/2105/4393
f 2222/2076/4353 2310/2077/4446 2407/2134/4447 2381/2135/4448
f 2310/2077/4446 2215/2059/4328 2380/2136/4449 2407/2134/4447
f 2407/2134/4447 2380/2136/4449 2238/2137/4450 2374/2138/4451
f 2381/2135/4448 2407/2134/4447 2374/2138/4451 2253/2139/4452
f 2215/2059/4328 2303/2058/4327 2408/2140/4453 2380/2136/4449
f 2303/2058/4327 2216/2057/4326 2379/2141/4454 2408/2140/4453
f 2408/2140/4453 2379/2141/4454 2247/2142/4455 2367/2143/4456
f 2380/2136/4449 2408/2140/4453 2367/2143/4456 2238/2137/4450
f 2217/2068/4337 2305/2067/4336 2409/2144/4457 2311/2145/4458
f 2305/2067/4336 2218/2066/4335 2312/2146/4459 2409/2144/4457
f 2409/2144/4457 2312/2146/4459 2249/2147/4460 2369/2148/4461
f 2311/2145/4458 2409/2144/4457 2369/2148/4461 2248/2149/4462
f 2219/2068/4346 2307/2071/4345 2410/2150/4463 2313/2145/4464
f 2307/2071/4345 2220/2057/4344 2314/2141/4465 2410/2150/4463
f 2410/2150/4463 2314/2141/4465 2251/2142/4466 2371/2151/4467
f 2313/2145/4464 2410/2150/4463 2371/2151/4467 2250/2149/4468
f 2200/2074/4351 2262/2072/4356 2411/2073/4469 2282/2075/4352
f 2262/2072/4356 2191/2051/4320 2318/2054/4323 2411/2073/4469
f 2411/2073/4469 2318/2054/4323 2215/2059/4328 2310/2077/4446
f 2282/2075/4352 2411/2073/4469 2310/2077/4446 2222/2076/4353
f 2199/2055/4342 2260/2133/4441 2412/2053/4470 2280/2056/4343
f 2260/2133/4441 2192/2051/4347 2281/2054/4350 2412/2053/4470
f 2412/2053/4470 2281/2054/4350 2221/2078/4355 2308/2058/4471
f 2280/2056/4343 2412/2053/4470 2308/2058/4471 2220/2057/4344
f 2198/2064/4333 2258/2061/4421 2413/2062/4472 2315/2065/4334
f 2258/2061/4421 2190/2060/4338 2279/2063/4341 2413/2062/4472
f 2413/2062/4472 2279/2063/4341 2219/2068/4346 2306/2067/4473
f 2315/2065/4334 2413/2062/4472 2306/2067/4473 2218/2066/4335
f 2197/2055/4324 2256/2069/4434 2414/2070/4474 2317/2056/4325
f 2256/2069/4434 2189/2060/4329 2316/2063/4332 2414/2070/4474
f 2414/2070/4474 2316/2063/4332 2217/2068/4337 2304/2071/4475
f 2317/2056/4325 2414/2070/4474 2304/2071/4475 2216/2057/4326
f 2223/2094/4380 2319/2095/4476 2415/2152/4477 2349/2153/4478
f 2319/2095/4476 2209/2096/4479 2327/2154/4480 2415/2152/4477
f 2415/2152/4477 2327/2154/4480 2211/2155/4481 2335/2156/4482
f 2349/2153/4478 2415/2152/4477 2335/2156/4482 2231/2157/4483
f 2225/2107/4404 2321/2158/4484 2416/2159/4485 2348/2160/4486
f 2321/2158/4484 2226/2102/4388 2347/2161/4487 2416/2159/4485
f 2416/2159/4485 2347/2161/4487 2234/2162/4488 2337/2163/4489
f 2348/2160/4486 2416/2159/4485 2337/2163/4489 2233/2164/4490
f 2209/2096/4479 2323/2101/4491 2417/2165/4492 2327/2154/4480
f 2323/2101/4491 2227/2102/4397 2328/2166/4493 2417/2165/4492
f 2417/2165/4492 2328/2166/4493 2235/2162/4494 2339/2167/4495
f 2327/2154/4480 2417/2165/4492 2339/2167/4495 2211/2155/4481
f 2228/2107/4395 2325/2113/4496 2418/2168/4497 2329/2160/4498
f 2325/2113/4496 2229/2114/4406 2330/2169/4499 2418/2168/4497
f 2418/2168/4497 2330/2169/4499 2237/2170/4500 2341/2171/4501
f 2329/2160/4498 2418/2168/4497 2341/2171/4501 2236/2164/4502
f 2194/2105/4393 2273/2110/4413 2419/2111/4503 2288/2106/4394
f 2273/2110/4413 2206/2109/4398 2289/2112/4401 2419/2111/4503
f 2419/2111/4503 2289/2112/4401 2229/2114/4406 2325/2113/4496
f 2288/2106/4394 2419/2111/4503 2325/2113/4496 2228/2107/4395
f 2196/2088/4370 2271/2098/4436 2420/2172/4504 2334/2092/4505
f 2271/2098/4436 2205/2097/4389 2287/2100/4392 2420/2172/4504
f 2420/2172/4504 2287/2100/4392 2227/2102/4397 2323/2101/4491
f 2334/2092/4505 2420/2172/4504 2323/2101/4491 2209/2096/4479
f 2193/2105/4402 2269/2103/4432 2421/2104/4506 2290/2106/4403
f 2269/2103/4432 2204/2097/4383 2332/2100/4386 2421/2104/4506
f 2421/2104/4506 2332/2100/4386 2226/2102/4388 2321/2158/4484
f 2290/2106/4403 2421/2104/4506 2321/2158/4484 2225/2107/4404
f 2203/2090/4372 2267/2089/4371 2422/2091/4507 2333/2093/4379
f 2267/2089/4371 2196/2088/4370 2334/2092/4505 2422/2091/4507
f 2422/2091/4507 2334/2092/4505 2209/2096/4479 2319/2095/4476
f 2333/2093/4379 2422/2091/4507 2319/2095/4476 2223/2094/4380
f 2236/2164/4502 2341/2171/4501 2423/2173/4508 2346/2174/4509
f 2341/2171/4501 2237/2170/4500 2364/2175/4510 2423/2173/4508
f 2423/2173/4508 2364/2175/4510 2245/2176/4511 2357/2177/4512
f 2346/2174/4509 2423/2173/4508 2357/2177/4512 2244/2178/4513
f 2232/2155/4514 2336/2179/4515 2424/2180/4516 2344/2181/4517
f 2336/2179/4515 2231/2157/4483 2363/2182/4518 2424/2180/4516
f 2424/2180/4516 2363/2182/4518 2239/2183/4519 2352/2184/4520
f 2344/2181/4517 2424/2180/4516 2352/2184/4520 2240/2185/4521
f 2234/2162/4488 2338/2186/4522 2425/2187/4523 2343/2188/4524
f 2338/2186/4522 2232/2155/4514 2344/2181/4517 2425/2187/4523
f 2425/2187/4523 2344/2181/4517 2240/2185/4521 2354/2189/4525
f 2343/2188/4524 2425/2187/4523 2354/2189/4525 2242/2190/4526
f 2235/2162/4494 2340/2191/4527 2426/2192/4528 2345/2193/4529
f 2340/2191/4527 2236/2164/4502 2346/2174/4509 2426/2192/4528
f 2426/2192/4528 2346/2174/4509 2244/2178/4513 2356/2194/4530
f 2345/2193/4529 2426/2192/4528 2356/2194/4530 2243/2190/4531
f 2229/2114/4406 2326/2113/4405 2427/2195/4532 2330/2169/4499
f 2326/2113/4405 2225/2107/4404 2348/2160/4486 2427/2195/4532
f 2427/2195/4532 2348/2160/4486 2233/2164/4490 2342/2171/4533
f 2330/2169/4499 2427/2195/4532 2342/2171/4533 2237/2170/4500
f 2227/2102/4397 2324/2108/4396 2428/2196/4534 2328/2166/4493
f 2324/2108/4396 2228/2107/4395 2329/2160/4498 2428/2196/4534
f 2428/2196/4534 2329/2160/4498 2236/2164/4502 2340/2191/4527
f 2328/2166/4493 2428/2196/4534 2340/2191/4527 2235/2162/4494
f 2226/2102/4388 2322/2101/4387 2429/2165/4535 2347/2161/4487
f 2322/2101/4387 2224/2096/4382 2350/2154/4536 2429/2165/4535
f 2429/2165/4535 2350/2154/4536 2232/2155/4514 2338/2186/4522
f 2347/2161/4487 2429/2165/4535 2338/2186/4522 2234/2162/4488
f 2224/2096/4382 2320/2095/4381 2430/2152/4537 2350/2154/4536
f 2320/2095/4381 2223/2094/4380 2349/2153/4478 2430/2152/4537
f 2430/2152/4537 2349/2153/4478 2231/2157/4483 2336/2179/4515
f 2350/2154/4536 2430/2152/4537 2336/2179/4515 2232/2155/4514
f 2240/2185/4521 2352/2184/4520 2431/2197/4538 2354/2189/4525
f 2352/2184/4520 2239/2183/4519 2359/2198/4539 2431/2197/4538
f 2431/2197/4538 2359/2198/4539 2246/2199/4540 2362/2200/4541
f 2354/2189/4525 2431/2197/4538 2362/2200/4541 2242/2190/4526
f 2239/2183/4519 2351/2201/4542 2432/2202/4543 2359/2198/4539
f 2351/2201/4542 2230/2185/4544 2355/2189/4545 2432/2202/4543
f 2432/2202/4543 2355/2189/4545 2243/2190/4531 2360/2200/4546
f 2359/2198/4539 2432/2202/4543 2360/2200/4546 2246/2199/4540
f 2246/2199/4540 2360/2200/4546 2433/2203/4547 2361/2204/4548
f 2360/2200/4546 2243/2190/4531 2356/2194/4530 2433/2203/4547
f 2433/2203/4547 2356/2194/4530 2244/2178/4513 2357/2177/4512
f 2361/2204/4548 2433/2203/4547 2357/2177/4512 2245/2176/4511
f 2242/2190/4526 2362/2200/4541 2434/2205/4549 2353/2194/4550
f 2362/2200/4541 2246/2199/4540 2361/2204/4548 2434/2205/4549
f 2434/2205/4549 2361/2204/4548 2245/2176/4511 2358/2177/4551
f 2353/2194/4550 2434/2205/4549 2358/2177/4551 2241/2178/4552
f 2211/2155/4481 2339/2167/4495 2435/2187/4553 2365/2181/4554
f 2339/2167/4495 2235/2162/4494 2345/2193/4529 2435/2187/4553
f 2435/2187/4553 2345/2193/4529 2243/2190/4531 2355/2189/4545
f 2365/2181/4554 2435/2187/4553 2355/2189/4545 2230/2185/4544
f 2233/2164/4490 2337/2163/4489 2436/2206/4555 2366/2207/4556
f 2337/2163/4489 2234/2162/4488 2343/2188/4524 2436/2206/4555
f 2436/2206/4555 2343/2188/4524 2242/2190/4526 2353/2194/4550
f 2366/2207/4556 2436/2206/4555 2353/2194/4550 2241/2178/4552
f 2231/2157/4483 2335/2156/4482 2437/2180/4557 2363/2182/4518
f 2335/2156/4482 2211/2155/4481 2365/2181/4554 2437/2180/4557
f 2437/2180/4557 2365/2181/4554 2230/2185/4544 2351/2201/4542
f 2363/2182/4518 2437/2180/4557 2351/2201/4542 2239/2183/4519
f 2237/2170/4500 2342/2171/4533 2438/2173/4558 2364/2175/4510
f 2342/2171/4533 2233/2164/4490 2366/2207/4556 2438/2173/4558
f 2438/2173/4558 2366/2207/4556 2241/2178/4552 2358/2177/4551
f 2364/2175/4510 2438/2173/4558 2358/2177/4551 2245/2176/4511
f 2248/2149/4462 2369/2148/4461 2439/2208/4559 2368/2151/4560
f 2369/2148/4461 2249/2147/4460 2375/2209/4561 2439/2208/4559
f 2439/2208/4559 2375/2209/4561 2254/2210/4562 2378/2211/4563
f 2368/2151/4560 2439/2208/4559 2378/2211/4563 2247/2142/4455
f 2249/2147/4460 2370/2212/4564 2440/2208/4565 2375/2209/4561
f 2370/2212/4564 2250/2149/4468 2371/2151/4467 2440/2208/4565
f 2440/2208/4565 2371/2151/4467 2251/2142/4466 2376/2211/4566
f 2375/2209/4561 2440/2208/4565 2376/2211/4566 2254/2210/4562
f 2254/2210/4562 2376/2211/4566 2441/2213/4567 2377/2214/4568
f 2376/2211/4566 2251/2142/4466 2372/2143/4569 2441/2213/4567
f 2441/2213/4567 2372/2143/4569 2252/2137/4570 2373/2138/4571
f 2377/2214/4568 2441/2213/4567 2373/2138/4571 2253/2139/4452
f 2247/2142/4455 2378/2211/4563 2442/2213/4572 2367/2143/4456
f 2378/2211/4563 2254/2210/4562 2377/2214/4568 2442/2213/4572
f 2442/2213/4572 2377/2214/4568 2253/2139/4452 2374/2138/4451
f 2367/2143/4456 2442/2213/4572 2374/2138/4451 2238/2137/4450
f 2220/2057/4344 2308/2058/4471 2443/2215/4573 2314/2141/4465
f 2308/2058/4471 2221/2078/4355 2382/2136/4574 2443/2215/4573
f 2443/2215/4573 2382/2136/4574 2252/2137/4570 2372/2143/4569
f 2314/2141/4465 2443/2215/4573 2372/2143/4569 2251/2142/4466
f 2218/2066/4335 2306/2067/4473 2444/2144/4575 2312/2146/4459
f 2306/2067/4473 2219/2068/4346 2313/2145/4464 2444/2144/4575
f 2444/2144/4575 2313/2145/4464 2250/2149/4468 2370/2212/4564
f 2312/2146/4459 2444/2144/4575 2370/2212/4564 2249/2147/4460
f 2216/2057/4326 2304/2071/4475 2445/2150/4576 2379/2141/4454
f 2304/2071/4475 2217/2068/4337 2311/2145/4458 2445/2150/4576
f 2445/2150/4576 2311/2145/4458 2248/2149/4462 2368/2151/4560
f 2379/2141/4454 2445/2150/4576 2368/2151/4560 2247/2142/4455
f 2221/2078/4355 2309/2077/4354 2446/2134/4577 2382/2136/4574
f 2309/2077/4354 2222/2076/4353 2381/2135/4448 2446/2134/4577
f 2446/2134/4577 2381/2135/4448 2253/2139/4452 2373/2138/4571
f 2382/2136/4574 2446/2134/4577 2373/2138/4571 2252/2137/4570
