v 0.2775876 0.691483855 -0.201679468
v 0.271894217 0.6792859 -0.197542965
v 0.31963104 0.6792859 -0.103854626
v 0.326324165 0.6914839 -0.106029309
v 0.201678157 0.6914839 -0.277588278
v 0.197542414 0.6792859 -0.271894455
v 0.106028743 0.6914839 -0.326323956
v 0.103854671 0.6792859 -0.319631279
v -3.05175774E-07 0.6914839 -0.343116879
v -3.05175774E-07 0.6792859 -0.336079657
v -0.106028132 0.6914839 -0.326323956
v -0.10385406 0.6792859 -0.319631279
v -0.201677546 0.6914839 -0.277588278
v -0.1975418 0.6792859 -0.271894455
v -0.277586967 0.6914839 -0.201679468
v 0.3360788 0.6792859 4.824641E-08
v 0.343116134 0.6914839 4.824641E-08
v 0.2517758 0.659600735 -0.18292658
v 0.182925716 0.659600735 -0.251776069
v 0.182925716 0.659600735 -0.251776069
v 0.09616913 0.659600735 -0.295980781
v 0.09616913 0.659600735 -0.295980781
v -3.05175774E-07 0.659600735 -0.311212718
v -3.05175774E-07 0.659600735 -0.311212718
v -0.09616974 0.659600735 -0.295980781
v -0.09616974 0.659600735 -0.295980781
v -0.182926327 0.659600735 -0.251776069
v -0.279583424 0.754742265 -0.203130126
v -0.203128964 0.754742265 -0.2795852
v -0.106791072 0.754742265 -0.328671068
v -3.05175774E-07 0.754742265 -0.3455848
v 0.106791683 0.754742265 -0.328671068
v 0.203129575 0.754742265 -0.2795852
v 0.279584646 0.7547422 -0.203130126
v -0.278140545 0.770325363 -0.202081844
v -0.326973557 0.770325363 -0.106241405
v -0.328669727 0.754742265 -0.1067924
v -0.202080384 0.770325363 -0.278142333
v -0.10623993 0.770325363 -0.32697475
v -3.05175774E-07 0.770325363 -0.34380123
v 0.106240541 0.770325363 -0.32697475
v 0.202081 0.770325363 -0.278142333
v 0.278140545 0.770325243 -0.202081844
v -0.277586967 0.6914839 -0.201679468
v -0.271894842 0.6792859 -0.197542965
v -0.1975418 0.6792859 -0.271894455
v -0.326322943 0.6914839 -0.106029615
v -0.3196304 0.6792859 -0.103854626
v -0.34311676 0.6914839 4.824641E-08
v -0.3360794 0.6792859 4.824641E-08
v -0.182926327 0.659600735 -0.251776069
v -0.2517752 0.659600735 -0.18292658
v -0.2517752 0.659600735 -0.18292658
v -0.2959805 0.659600735 -0.09616999
v -0.2959805 0.659600735 -0.09616999
v -0.311211228 0.659600735 4.824641E-08
v -0.328669727 0.754742265 -0.1067924
v -0.279583424 0.754742265 -0.203130126
v -0.326322943 0.691483855 0.10602849
v -0.3196304 0.6792859 0.103853807
v -0.3360794 0.6792859 4.824641E-08
v -0.34311676 0.6914839 4.824641E-08
v -0.277586967 0.6914839 0.201678827
v -0.271894842 0.6792859 0.197542161
v -0.311211228 0.659600735 4.824641E-08
v -0.2959805 0.659600735 0.09616948
v -0.2959805 0.659600735 0.09616948
v -0.2517752 0.659600735 0.182925165
v -0.201677546 0.6914839 0.277586728
v -0.1975418 0.6792859 0.27189368
v -0.271894842 0.6792859 0.197542161
v -0.277586967 0.6914839 0.201678827
v -0.106029354 0.6914839 0.326322973
v -0.10385406 0.6792859 0.319630176
v -3.05175774E-07 0.691483855 0.3431168
v -3.05175774E-07 0.6792859 0.336079121
v 0.106028743 0.6914839 0.326322973
v 0.103854671 0.6792859 0.319630176
v -0.2517752 0.659600735 0.182925165
v -0.182926327 0.659600735 0.2517762
v -0.182926327 0.659600735 0.2517762
v -0.09616974 0.659600735 0.295980573
v -0.09616974 0.659600735 0.295980573
v -3.05175774E-07 0.659600735 0.3112125
v 0.106791683 0.754742265 0.328670084
v -3.05175774E-07 0.7547422 0.3455849
v -0.106792293 0.754742265 0.328670084
v -0.203128964 0.754742265 0.279583484
v -0.279583424 0.754742265 0.20312947
v -0.326322943 0.691483855 0.10602849
v -0.328669727 0.7547422 0.106791124
v -0.34311676 0.6914839 4.824641E-08
v -0.345585018 0.754742265 4.824641E-08
v -0.278140545 0.770325363 0.2020812
v -0.326973557 0.770325243 0.106239974
v -0.343800962 0.770325363 4.824641E-08
v -3.05175774E-07 0.770325243 0.3438013
v -0.106241144 0.770325363 0.326973915
v -0.202080384 0.770325363 0.2781406
v 0.201678157 0.6914839 0.277586728
v 0.197542414 0.6792859 0.27189368
v 0.103854671 0.6792859 0.319630176
v 0.106028743 0.6914839 0.326322973
v 0.277586371 0.6914839 0.201678827
v 0.271894217 0.6792859 0.197542161
v 0.326324165 0.691483855 0.10602849
v 0.31963104 0.6792859 0.103853807
v 0.09616913 0.659600735 0.295980573
v 0.182925716 0.659600735 0.2517762
v 0.182925716 0.659600735 0.2517762
v 0.251774579 0.659600735 0.182925165
v 0.203129575 0.754742265 0.279583484
v 0.2795822 0.754742265 0.20312947
v 0.106791683 0.754742265 0.328670084
v 0.278139323 0.770325363 0.2020812
v 0.326974779 0.770325243 0.106239974
v 0.328671575 0.7547422 0.106791124
v 0.202081 0.770325363 0.2781406
v 0.106240541 0.770325363 0.326973915
v -3.05175774E-07 0.7547422 0.3455849
v -3.05175774E-07 0.770325243 0.3438013
v 0.343116134 0.6914839 4.824641E-08
v 0.3360788 0.6792859 4.824641E-08
v 0.31963104 0.6792859 0.103853807
v 0.326324165 0.691483855 0.10602849
v 0.295979917 0.659600735 0.09616948
v 0.311211854 0.659600735 4.824641E-08
v 0.3455844 0.754742265 4.824641E-08
v 0.328671575 0.7547422 0.106791124
v 0.277586371 0.6914839 0.201678827
v 0.2795822 0.754742265 0.20312947
v 0.201678157 0.6914839 0.277586728
v 0.343800962 0.770325363 4.824641E-08
v 0.326974779 0.770325243 0.106239974
v 0.251774579 0.659600735 0.182925165
v 0.271894217 0.6792859 0.197542161
v 0.295979917 0.659600735 0.09616948
v 0.2717563 0.785710633 -0.197442114
v 0.278140545 0.770325243 -0.202081844
v 0.326974779 0.770325363 -0.106240794
v 0.319467455 0.7888302 -0.10380137
v 0.343800962 0.770325363 4.824641E-08
v 0.335907876 0.7888302 4.824641E-08
v 0.295979917 0.659600735 -0.0961703
v 0.31963104 0.6792859 -0.103854626
v 0.271894217 0.6792859 -0.197542965
v 0.2517758 0.659600735 -0.18292658
v 0.311211854 0.659600735 4.824641E-08
v 0.3360788 0.6792859 4.824641E-08
v 0.295979917 0.659600735 -0.0961703
v 0.197441712 0.785710633 -0.2717556
v 0.202081 0.770325363 -0.278142333
v 0.278140545 0.770325243 -0.202081844
v 0.2717563 0.785710633 -0.197442114
v 0.10380096 0.785710633 -0.3194674
v 0.106240541 0.770325363 -0.32697475
v -3.05175774E-07 0.785710633 -0.335907847
v -3.05175774E-07 0.770325363 -0.34380123
v -0.10380096 0.785710633 -0.3194674
v -0.10623993 0.770325363 -0.32697475
v -0.1974411 0.785710633 -0.2717556
v -0.202080384 0.770325363 -0.278142333
v -0.271755069 0.785710633 -0.197442114
v -0.278140545 0.770325363 -0.202081844
v -0.319466859 0.785710633 -0.103801675
v -0.326973557 0.770325363 -0.106241405
v -0.33590728 0.785710633 4.824641E-08
v -0.343800962 0.770325363 4.824641E-08
v -0.326973557 0.770325363 -0.106241405
v -0.319466859 0.785710633 -0.103801675
v -0.310518473 0.7929785 -0.09993373
v -0.326346725 0.7929785 4.824641E-08
v -0.264584661 0.7929785 -0.190085083
v -0.271755069 0.785710633 -0.197442114
v -0.193039849 0.7929785 -0.261629283
v -0.1974411 0.785710633 -0.2717556
v -0.1028891 0.7929785 -0.307563424
v -0.10380096 0.785710633 -0.3194674
v -0.00295623764 0.7929785 -0.323391229
v -3.05175774E-07 0.785710633 -0.335907847
v 0.0969778448 0.7929785 -0.307563424
v 0.10380096 0.785710633 -0.3194674
v 0.187127993 0.7929785 -0.261629283
v 0.197441712 0.785710633 -0.2717556
v 0.258674 0.7929785 -0.190085083
v 0.2717563 0.785710633 -0.197442114
v 0.319467455 0.7888302 -0.10380137
v 0.304607838 0.796098053 -0.09993357
v 0.335907876 0.7888302 4.824641E-08
v 0.320435464 0.796098053 4.824641E-08
v -0.0973165855 0.7933309 -0.2904136
v -0.1824411 0.7933309 -0.247040033
v -0.24999541 0.7933309 -0.179485261
v -0.293368816 0.7933309 -0.0943612158
v -0.3083145 0.7933309 4.824641E-08
v 0.287456959 0.7933309 -0.0943612158
v 0.244084165 0.7933309 -0.179485261
v 0.176529229 0.7933309 -0.247040033
v 0.09140533 0.7933309 -0.2904136
v -0.00295623764 0.7933309 -0.305358678
v -0.2904483 0.789698 4.824641E-08
v -0.276222825 0.789698 -0.08981318
v -0.234939873 0.789698 -0.170834139
v -0.17064178 0.789698 -0.235132992
v -0.0896200538 0.789698 -0.276416272
v 0.000191955565 0.789698 -0.2906408
v 0.09000579 0.789698 -0.276416272
v 0.1710263 0.789698 -0.235132992
v 0.23532562 0.789698 -0.170834139
v 0.276607364 0.789698 -0.08981318
v 0.302404463 0.7933309 4.824641E-08
v 0.290833443 0.789698 4.824641E-08
v -0.319466859 0.785710633 0.103800856
v -0.326973557 0.770325243 0.106239974
v -0.343800962 0.770325363 4.824641E-08
v -0.33590728 0.785710633 4.824641E-08
v -0.326346725 0.7929785 4.824641E-08
v -0.310518473 0.7929785 0.09993306
v -0.271755069 0.785710633 0.197441459
v -0.264584661 0.7929785 0.190084428
v -0.193039849 0.7929785 0.261628479
v -0.1974411 0.785710633 0.2717545
v -0.10380096 0.785710633 0.319466442
v -0.1028891 0.7929785 0.30756247
v -3.05175774E-07 0.785710633 0.335907936
v -0.00295623764 0.7929785 0.3233913
v 0.10380096 0.785710633 0.319466442
v 0.0969778448 0.7929785 0.30756247
v 0.197441712 0.785710633 0.2717545
v 0.187127993 0.7929785 0.261628479
v 0.271753848 0.785710633 0.197441459
v 0.258672774 0.7929785 0.190084428
v 0.319467455 0.785710633 0.103800856
v 0.304607838 0.7929785 0.09993306
v 0.335907876 0.7888302 4.824641E-08
v 0.320435464 0.796098053 4.824641E-08
v 0.287456959 0.7933309 0.0943607
v 0.302404463 0.7933309 4.824641E-08
v 0.244084165 0.7933309 0.179485217
v 0.176529229 0.7933309 0.24704
v 0.09140533 0.7933309 0.2904125
v -0.00295623764 0.7933309 0.305358171
v -0.0973165855 0.7933309 0.2904125
v -0.1824411 0.7933309 0.24704
v -0.24999541 0.7933309 0.179485217
v -0.293368816 0.7933309 0.0943607
v -0.3083145 0.7933309 4.824641E-08
v -0.234939873 0.789698 0.170834556
v -0.276222825 0.789698 0.0898126662
v -0.2904483 0.789698 4.824641E-08
v 0.09000579 0.789698 0.276415139
v 0.1710263 0.789698 0.23513326
v 0.23532562 0.789698 0.170834556
v 0.276607364 0.789698 0.0898126662
v 0.290833443 0.789698 4.824641E-08
v 0.000191955565 0.789698 0.29064
v -0.0896200538 0.789698 0.276415139
v -0.17064178 0.789698 0.23513326
v -0.271755069 0.785710633 0.197441459
v -0.278140545 0.770325363 0.2020812
v -0.326973557 0.770325243 0.106239974
v -0.319466859 0.785710633 0.103800856
v -0.1974411 0.785710633 0.2717545
v -0.202080384 0.770325363 0.2781406
v -0.10380096 0.785710633 0.319466442
v -0.106241144 0.770325363 0.326973915
v -3.05175774E-07 0.785710633 0.335907936
v -3.05175774E-07 0.770325243 0.3438013
v -0.106241144 0.770325363 0.326973915
v -0.10380096 0.785710633 0.319466442
v 0.10380096 0.785710633 0.319466442
v 0.106240541 0.770325363 0.326973915
v 0.197441712 0.785710633 0.2717545
v 0.202081 0.770325363 0.2781406
v 0.271753848 0.785710633 0.197441459
v 0.278139323 0.770325363 0.2020812
v 0.319467455 0.785710633 0.103800856
v 0.326974779 0.770325243 0.106239974
v 0.335907876 0.7888302 4.824641E-08
v -3.05175774E-07 0.659600735 0.3112125
v -3.05175774E-07 0.6792859 0.336079121
v 0.09616913 0.659600735 0.295980573
v 0.335907876 0.7888302 4.824641E-08
v 0.343800962 0.770325363 4.824641E-08
v 0.326974779 0.770325243 0.106239974
v 0.222821951 0.0318106823 -0.07239939
v 0.189543754 0.0318106823 -0.137712047
v 0.180692434 0.00918159 -0.131281689
v 0.212416679 0.00918159 -0.0690186545
v 0.1985031 0.103707634 -0.14422144
v 0.144220278 0.103707634 -0.198503971
v 0.233354181 0.103707634 -0.07582148
v 0.234288022 0.0318106823 4.824641E-08
v 0.245362237 0.103707634 4.824641E-08
v 0.223348081 0.00918159 4.824641E-08
v 0.2517758 0.659600735 -0.18292658
v 0.295979917 0.659600735 -0.0961703
v 0.311211854 0.659600735 4.824641E-08
v 0.212416679 0.00918159 -0.0690186545
v 0.180692434 0.00918159 -0.131281689
v 0.16555877 0 -0.120286509
v 0.194626153 0 -0.06323848
v -3.05175774E-07 0 4.824641E-08
v 0.12028534 0 -0.165559322
v 0.06323822 0 -0.194627017
v -3.05175774E-07 0 -0.204643488
v -0.06323761 0 -0.194627017
v -0.120285951 0 -0.165559322
v -0.165559381 0 -0.120286509
v -0.194626763 0 -0.06323848
v -0.204642639 0 4.824641E-08
v -0.194626763 0 0.06323766
v -0.165559381 0 0.120284773
v -0.120285951 0 0.16555883
v -0.06323761 0 0.194626525
v -3.05175774E-07 0 0.204641476
v 0.06323822 0 0.194626525
v 0.12028534 0 0.16555883
v 0.16555877 0 0.120284773
v 0.194626153 0 0.06323766
v 0.204642028 0 4.824641E-08
v -0.131281435 0.00918159 -0.1806936
v -0.0690182447 0.00918159 -0.2124174
v -3.05175774E-07 0.00918159 -0.2233497
v 0.0690188557 0.00918159 -0.2124174
v 0.131280825 0.00918159 -0.1806936
v 0.180692434 0.00918159 0.131281018
v 0.131280825 0.00918159 0.1806922
v 0.06901764 0.00918159 0.212416887
v -3.05175774E-07 0.00918159 0.223348588
v -0.0690182447 0.00918159 0.212416887
v -0.131281435 0.00918159 0.1806922
v -0.180693045 0.00918159 0.131281018
v -0.21241729 0.00918159 0.06901814
v -0.223348692 0.00918159 4.824641E-08
v -0.21241729 0.00918159 -0.0690186545
v -0.180693045 0.00918159 -0.131280765
v 0.189543754 0.0318106823 -0.137712047
v 0.144220278 0.103707634 -0.198503971
v 0.137710869 0.0318106823 -0.189544618
v 0.07582184 0.103707634 -0.233353823
v 0.0723995939 0.0318106823 -0.2228213
v -3.05175774E-07 0.103707634 -0.245363861
v -3.05175774E-07 0.0318106823 -0.234289333
v 0.131280825 0.00918159 -0.1806936
v 0.180692434 0.00918159 -0.131281689
v 0.0690188557 0.00918159 -0.2124174
v -3.05175774E-07 0.00918159 -0.2233497
v -0.0690182447 0.00918159 -0.2124174
v -0.07239898 0.0318106823 -0.2228213
v -0.131281435 0.00918159 -0.1806936
v -0.13771148 0.0318106823 -0.189544618
v -0.144220889 0.103707634 -0.198503971
v 0.09616913 0.659600735 -0.295980781
v 0.182925716 0.659600735 -0.251776069
v -3.05175774E-07 0.659600735 -0.311212718
v -0.09616974 0.659600735 -0.295980781
v 0.1985031 0.103707634 -0.14422144
v 0.2517758 0.659600735 -0.18292658
v -0.07582123 0.103707634 -0.233353823
v -0.182926327 0.659600735 -0.251776069
v -3.05175774E-07 0.0318106823 -0.234289333
v -3.05175774E-07 0.103707634 -0.245363861
v -0.07582123 0.103707634 -0.233353823
v -0.07239898 0.0318106823 -0.2228213
v -0.144220889 0.103707634 -0.198503971
v -0.182926327 0.659600735 -0.251776069
v -0.2517752 0.659600735 -0.18292658
v -0.1985025 0.103707634 -0.144221142
v -0.13771148 0.0318106823 -0.189544618
v -0.189543143 0.0318106823 -0.137711748
v -0.233354792 0.103707634 -0.07582148
v -0.222821951 0.0318106823 -0.07239939
v -0.245362848 0.103707634 4.824641E-08
v -0.234288633 0.0318106823 4.824641E-08
v -0.180693045 0.00918159 -0.131280765
v -0.131281435 0.00918159 -0.1806936
v -0.21241729 0.00918159 -0.0690186545
v -0.223348692 0.00918159 4.824641E-08
v -0.311211228 0.659600735 4.824641E-08
v -0.2959805 0.659600735 -0.09616999
v -0.234288633 0.0318106823 4.824641E-08
v -0.245362848 0.103707634 4.824641E-08
v -0.233354792 0.103707634 0.07582127
v -0.222821951 0.0318106823 0.0723990351
v -0.21241729 0.00918159 0.06901814
v -0.223348692 0.00918159 4.824641E-08
v -0.222821951 0.0318106823 0.0723990351
v -0.233354792 0.103707634 0.07582127
v -0.1985025 0.103707634 0.14422062
v -0.189543143 0.0318106823 0.137711227
v -0.144220889 0.103707634 0.198502555
v -0.13771148 0.0318106823 0.1895429
v -0.07582123 0.103707634 0.233353928
v -0.07239898 0.0318106823 0.222821251
v -3.05175774E-07 0.103707634 0.2453623
v -0.180693045 0.00918159 0.131281018
v -0.21241729 0.00918159 0.06901814
v -0.131281435 0.00918159 0.1806922
v -3.05175774E-07 0.659600735 0.3112125
v -0.09616974 0.659600735 0.295980573
v -0.182926327 0.659600735 0.2517762
v -0.2517752 0.659600735 0.182925165
v -0.2959805 0.659600735 0.09616948
v -0.245362848 0.103707634 4.824641E-08
v -0.311211228 0.659600735 4.824641E-08
v -0.07239898 0.0318106823 0.222821251
v -3.05175774E-07 0.103707634 0.2453623
v -3.05175774E-07 0.0318106823 0.23428762
v 0.07582062 0.103707634 0.233353928
v 0.07239837 0.0318106823 0.222821251
v -3.05175774E-07 0.00918159 0.223348588
v -0.0690182447 0.00918159 0.212416887
v -0.13771148 0.0318106823 0.1895429
v -0.131281435 0.00918159 0.1806922
v 0.06901764 0.00918159 0.212416887
v 0.131280825 0.00918159 0.1806922
v 0.137710869 0.0318106823 0.1895429
v 0.180692434 0.00918159 0.131281018
v 0.189543754 0.0318106823 0.137710616
v 0.09616913 0.659600735 0.295980573
v 0.182925716 0.659600735 0.2517762
v 0.144220278 0.103707634 0.198502555
v 0.251774579 0.659600735 0.182925165
v -3.05175774E-07 0.659600735 0.3112125
v 0.07239837 0.0318106823 0.222821251
v 0.07582062 0.103707634 0.233353928
v 0.144220278 0.103707634 0.198502555
v 0.137710869 0.0318106823 0.1895429
v 0.1985031 0.103707634 0.144220009
v 0.189543754 0.0318106823 0.137710616
v 0.233354181 0.103707634 0.07582127
v 0.222821951 0.0318106823 0.0723990351
v 0.245362237 0.103707634 4.824641E-08
v 0.234288022 0.0318106823 4.824641E-08
v 0.212416679 0.00918159 0.06901814
v 0.180692434 0.00918159 0.131281018
v 0.223348081 0.00918159 4.824641E-08
v 0.311211854 0.659600735 4.824641E-08
v 0.295979917 0.659600735 0.09616948
v 0.251774579 0.659600735 0.182925165
v 0.212416679 0.00918159 0.06901814
v 0.223348081 0.00918159 4.824641E-08
v -0.345585018 0.754742265 4.824641E-08
v -0.34311676 0.6914839 4.824641E-08
v -0.326322943 0.6914839 -0.106029615
v -0.328669727 0.754742265 -0.1067924
v -0.343800962 0.770325363 4.824641E-08
v -0.326973557 0.770325363 -0.106241405
v 0.279584646 0.7547422 -0.203130126
v 0.326324165 0.6914839 -0.106029309
v 0.328671575 0.754742265 -0.106791943
v 0.343116134 0.6914839 4.824641E-08
v 0.3455844 0.754742265 4.824641E-08
v 0.278140545 0.770325243 -0.202081844
v 0.326974779 0.770325363 -0.106240794
v 0.343800962 0.770325363 4.824641E-08
v -0.09616974 0.659600735 -0.295980781
v -0.182093814 0.112723313 -0.0591657534
v -3.05175774E-07 0.112208456 2.008343E-07
v -0.19146271 0.112723313 2.008343E-07
v -0.182093814 0.112723313 0.0591649339
v -0.154895321 0.112723313 0.112539411
v -0.112539366 0.112723313 0.154896587
v -0.05916656 0.112723313 0.18209143
v -3.05175774E-07 0.112723313 0.191462457
v 0.0591671728 0.112723313 0.18209143
v 0.112538755 0.112723313 0.154896587
v 0.154895931 0.112723313 0.112539411
v 0.1820932 0.112723313 0.0591649339
v 0.1914633 0.112723313 2.008343E-07
v -0.154895321 0.112723313 -0.11253947
v -0.112539366 0.112723313 -0.154896945
v -0.05916656 0.112723313 -0.18209298
v -3.05175774E-07 0.112723313 -0.1914628
v 0.0591671728 0.112723313 -0.18209298
v 0.112538755 0.112723313 -0.154896945
v 0.154895931 0.112723313 -0.11253947
v 0.1820932 0.112723313 -0.0591657534
v -0.123756409 0.133360729 -0.170334414
v -0.06506256 0.133360729 -0.200240716
v 0.326364428 0.7888972 3.53422166E-07
v 0.324496746 0.7695292 3.53422166E-07
v 0.3086142 0.769529343 -0.100275367
v 0.310390323 0.7888972 -0.100852765
v 0.262522876 0.769529343 -0.190734491
v 0.264034122 0.7888972 -0.191832677
v 0.19073455 0.769529343 -0.262522817
v 0.191831961 0.7888972 -0.264034361
v 0.10027618 0.769529343 -0.3086152
v 0.100852966 0.7888972 -0.310392082
v 3.05175774E-07 0.769529343 -0.324496567
v -3.05175774E-07 0.7888972 -0.326364845
v -3.05175774E-07 0.6902132 -0.316845626
v 0.09791046 0.6902132 -0.301338732
v 0.09648712 0.6786725 -0.2969578
v -3.05175774E-07 0.6786725 -0.312239319
v -3.05175774E-07 0.652677 -0.290897161
v 0.08989227 0.652677 -0.276660085
v 0.18353118 0.6786725 -0.2526066
v 0.1709848 0.652677 -0.235340357
v 0.08831268 0.642301559 -0.2718
v 0.167981252 0.642301559 -0.231206149
v 0.235339046 0.652677 -0.170985043
v 0.231204525 0.642301559 -0.167981356
v 0.276658624 0.652677 -0.08989268
v 0.271799 0.642301559 -0.08831355
v 0.06957855 0.157470733 -0.214142546
v -3.05175774E-07 0.157470733 -0.2251626
v -3.05175774E-07 0.642301559 -0.285787135
v -0.06957977 0.157470733 -0.214142546
v 0.132347718 0.157470733 -0.182160124
v 0.182159722 0.157470733 -0.13234736
v 0.214142755 0.157470733 -0.069579415
v 0.285787046 0.642301559 4.824641E-08
v 0.2526059 0.6786725 -0.18352975
v 0.2969577 0.6786725 -0.096487835
v 0.1862387 0.6902132 -0.256333083
v 0.2563327 0.6902132 -0.186237127
v 0.3013388 0.6902132 -0.09791117
v 0.3168466 0.6902132 2.008343E-07
v -3.05175774E-07 0.133360729 -0.210545287
v 0.06506317 0.133360729 -0.200240716
v 0.1237558 0.133360729 -0.170334414
v 0.170335382 0.133360729 -0.123755746
v 0.200240165 0.133360729 -0.0650625154
v 0.225162044 0.157470733 2.008343E-07
v 0.210546568 0.133360729 2.008343E-07
v -3.05175774E-07 0.7888972 -0.326364845
v 3.05175774E-07 0.769529343 -0.324496567
v -0.100273743 0.769529343 -0.3086152
v -0.100851133 0.7888972 -0.310392082
v -0.190735161 0.769529343 -0.262522817
v -0.1918338 0.7888972 -0.264034361
v -0.262521654 0.769529343 -0.190734491
v -0.2640335 0.7888972 -0.191832677
v -0.3086148 0.769529343 -0.100275367
v -0.310392141 0.7888972 -0.100852765
v -0.0979098454 0.6902132 -0.301338732
v -3.05175774E-07 0.6902132 -0.316845626
v -3.05175774E-07 0.6786725 -0.312239319
v -0.09648712 0.6786725 -0.2969578
v -0.08989288 0.652677 -0.276660085
v -0.170985416 0.652677 -0.235340357
v -0.167981863 0.642301559 -0.231206149
v -0.231205747 0.642301559 -0.167981356
v -0.235339656 0.652677 -0.170985043
v -0.271799624 0.642301559 -0.08831355
v -0.27665922 0.652677 -0.08989268
v -0.0883139 0.642301559 -0.2718
v -3.05175774E-07 0.652677 -0.290897161
v -3.05175774E-07 0.642301559 -0.285787135
v 0.08989227 0.652677 -0.276660085
v 0.08831268 0.642301559 -0.2718
v -0.214142755 0.157470733 -0.069579415
v -0.182159722 0.157470733 -0.13234736
v -0.132348329 0.157470733 -0.182160124
v -0.06957977 0.157470733 -0.214142546
v -0.2526053 0.6786725 -0.18352975
v -0.296957076 0.6786725 -0.096487835
v -0.18353118 0.6786725 -0.2526066
v -0.3013382 0.6902132 -0.09791117
v -0.256331474 0.6902132 -0.186237127
v -0.1862381 0.6902132 -0.256333083
v -0.200240776 0.133360729 -0.0650625154
v -0.210544735 0.133360729 2.008343E-07
v -0.225162044 0.157470733 2.008343E-07
v -0.200240776 0.133360729 0.0650623
v -0.214142755 0.157470733 0.06957951
v -0.123756409 0.133360729 -0.170334414
v -0.170334771 0.133360729 -0.123755746
v -0.06506256 0.133360729 -0.200240716
v -3.05175774E-07 0.133360729 -0.210545287
v -0.310392141 0.7888972 -0.100852765
v -0.3086148 0.769529343 -0.100275367
v -0.324494928 0.769529343 3.53422166E-07
v -0.326363832 0.7888972 3.53422166E-07
v -0.3086148 0.769529343 0.100275159
v -0.310392141 0.7888972 0.1008524
v -0.262521654 0.769529343 0.190732926
v -0.2640335 0.7888972 0.191830948
v -0.190735161 0.769529343 0.2625243
v -0.1918338 0.7888972 0.2640357
v -0.100273743 0.769529343 0.308614552
v -0.100851133 0.7888972 0.310391277
v -0.0979098454 0.6902132 0.301337928
v -0.1862381 0.6902132 0.256334424
v -0.18353118 0.6786725 0.252607942
v -0.09648712 0.6786725 0.296957135
v -0.08989288 0.652677 0.27665928
v -0.170985416 0.652677 0.235341549
v -0.0883139 0.642301559 0.2717992
v -0.2526053 0.6786725 0.1835285
v -0.235339656 0.652677 0.170983791
v -0.167981863 0.642301559 0.231207475
v -0.231205747 0.642301559 0.16798009
v -0.27665922 0.652677 0.0898921639
v -0.271799624 0.642301559 0.0883130357
v -0.2908963 0.652677 2.008343E-07
v -0.28578642 0.642301559 2.008343E-07
v -0.27665922 0.652677 -0.08989268
v -0.271799624 0.642301559 -0.08831355
v -0.132348329 0.157470733 0.182160541
v -0.06957977 0.157470733 0.2141422
v -0.182159722 0.157470733 0.132346392
v -0.214142755 0.157470733 0.06957951
v -0.225162044 0.157470733 2.008343E-07
v -0.214142755 0.157470733 -0.069579415
v -0.296957076 0.6786725 0.0964871645
v -0.312239081 0.6786725 3.53422166E-07
v -0.296957076 0.6786725 -0.096487835
v -0.256331474 0.6902132 0.18623586
v -0.3013382 0.6902132 0.09791066
v -0.3168454 0.6902132 3.53422166E-07
v -0.3013382 0.6902132 -0.09791117
v -0.170334771 0.133360729 0.123755231
v -0.200240776 0.133360729 0.0650623
v -0.123756409 0.133360729 0.170334831
v -0.100851133 0.7888972 0.310391277
v -0.100273743 0.769529343 0.308614552
v 3.05175774E-07 0.769529343 0.324495882
v -3.05175774E-07 0.7888972 0.326364
v 0.10027618 0.769529343 0.308614552
v 0.100852966 0.7888972 0.310391277
v 0.09791046 0.6902132 0.301337928
v -3.05175774E-07 0.6902132 0.316845
v -3.05175774E-07 0.6786725 0.3122388
v 0.09648712 0.6786725 0.296957135
v 0.08989227 0.652677 0.27665928
v -3.05175774E-07 0.652677 0.2908965
v 0.08831268 0.642301559 0.2717992
v -3.05175774E-07 0.642301559 0.28578648
v -0.08989288 0.652677 0.27665928
v -0.0883139 0.642301559 0.2717992
v 0.06957855 0.157470733 0.2141422
v -3.05175774E-07 0.157470733 0.225162864
v -0.06957977 0.157470733 0.2141422
v -0.167981863 0.642301559 0.231207475
v -0.170985416 0.652677 0.235341549
v 0.132347718 0.157470733 0.182160541
v 0.167981252 0.642301559 0.231207475
v 0.182159722 0.157470733 0.132346392
v -0.09648712 0.6786725 0.296957135
v -0.0979098454 0.6902132 0.301337928
v 0.170335382 0.133360729 0.123755231
v 0.200240165 0.133360729 0.0650623
v 0.1237558 0.133360729 0.170334831
v 0.06506317 0.133360729 0.200240225
v -3.05175774E-07 0.133360729 0.2105457
v -0.06506256 0.133360729 0.200240225
v -0.132348329 0.157470733 0.182160541
v -0.123756409 0.133360729 0.170334831
v 0.100852966 0.7888972 0.310391277
v 0.10027618 0.769529343 0.308614552
v 0.19073455 0.769529343 0.2625243
v 0.191831961 0.7888972 0.2640357
v 0.262522876 0.769529343 0.190732926
v 0.264034122 0.7888972 0.191830948
v 0.2563327 0.6902132 0.18623586
v 0.3013388 0.6902132 0.09791066
v 0.2526059 0.6786725 0.1835285
v 0.2969577 0.6786725 0.0964871645
v 0.276658624 0.652677 0.0898921639
v 0.2908969 0.652677 4.824641E-08
v 0.285787046 0.642301559 4.824641E-08
v 0.271799 0.642301559 0.0883130357
v 0.235339046 0.652677 0.170983791
v 0.231204525 0.642301559 0.16798009
v 0.225162044 0.157470733 2.008343E-07
v 0.214142755 0.157470733 0.06957951
v 0.182159722 0.157470733 0.132346392
v 0.167981252 0.642301559 0.231207475
v 0.1709848 0.652677 0.235341549
v 0.08989227 0.652677 0.27665928
v 0.08831268 0.642301559 0.2717992
v 0.312239677 0.6786725 4.824641E-08
v 0.3168466 0.6902132 2.008343E-07
v 0.210546568 0.133360729 2.008343E-07
v 0.200240165 0.133360729 0.0650623
v 0.3086142 0.769529343 0.100275159
v 0.324496746 0.7695292 3.53422166E-07
v 0.264034122 0.7888972 0.191830948
v 0.262522876 0.769529343 0.190732926
v 0.3086142 0.769529343 0.100275159
v 0.310390323 0.7888972 0.1008524
v 0.324496746 0.7695292 3.53422166E-07
v 0.326364428 0.7888972 3.53422166E-07
v 0.2908969 0.652677 4.824641E-08
v 0.285787046 0.642301559 4.824641E-08
v 0.271799 0.642301559 -0.08831355
v 0.276658624 0.652677 -0.08989268
v 0.312239677 0.6786725 4.824641E-08
v 0.2969577 0.6786725 -0.096487835
v 0.3168466 0.6902132 2.008343E-07
v 0.225162044 0.157470733 2.008343E-07
v 0.214142755 0.157470733 -0.069579415
v 0.1709848 0.652677 0.235341549
v 0.231204525 0.642301559 0.16798009
v 0.235339046 0.652677 0.170983791
v 0.18353118 0.6786725 0.252607942
v 0.2526059 0.6786725 0.1835285
v 0.18353118 0.6786725 0.252607942
v 0.1862387 0.6902132 0.256334424
v 0.09648712 0.6786725 0.296957135
v 0.09791046 0.6902132 0.301337928
v 0.0591671728 0.112723313 -0.18209298
v -3.05175774E-07 0.112723313 -0.1914628
v -3.05175774E-07 0.133360729 -0.210545287
v 0.06506317 0.133360729 -0.200240716
v 0.112538755 0.112723313 -0.154896945
v 0.1237558 0.133360729 -0.170334414
v 0.154895931 0.112723313 -0.11253947
v 0.170335382 0.133360729 -0.123755746
v 0.1820932 0.112723313 -0.0591657534
v 0.200240165 0.133360729 -0.0650625154
v 0.1914633 0.112723313 2.008343E-07
v 0.210546568 0.133360729 2.008343E-07
v 0.200240165 0.133360729 0.0650623
v 0.1820932 0.112723313 0.0591649339
v 0.1914633 0.112723313 2.008343E-07
v 0.210546568 0.133360729 2.008343E-07
v 0.154895931 0.112723313 0.112539411
v 0.1820932 0.112723313 0.0591649339
v 0.200240165 0.133360729 0.0650623
v 0.170335382 0.133360729 0.123755231
v 0.112538755 0.112723313 0.154896587
v 0.1237558 0.133360729 0.170334831
v 0.0591671728 0.112723313 0.18209143
v 0.06506317 0.133360729 0.200240225
v -3.05175774E-07 0.112723313 0.191462457
v -3.05175774E-07 0.133360729 0.2105457
v -0.05916656 0.112723313 0.18209143
v -0.06506256 0.133360729 0.200240225
v -0.112539366 0.112723313 0.154896587
v -0.123756409 0.133360729 0.170334831
v -0.154895321 0.112723313 0.112539411
v -0.112539366 0.112723313 0.154896587
v -0.123756409 0.133360729 0.170334831
v -0.170334771 0.133360729 0.123755231
v -0.182093814 0.112723313 0.0591649339
v -0.200240776 0.133360729 0.0650623
v -0.19146271 0.112723313 2.008343E-07
v -0.182093814 0.112723313 0.0591649339
v -0.200240776 0.133360729 0.0650623
v -0.210544735 0.133360729 2.008343E-07
v -0.182093814 0.112723313 -0.0591657534
v -0.200240776 0.133360729 -0.0650625154
v -0.154895321 0.112723313 -0.11253947
v -0.170334771 0.133360729 -0.123755746
v -0.112539366 0.112723313 -0.154896945
v -0.123756409 0.133360729 -0.170334414
v -0.210544735 0.133360729 2.008343E-07
v -3.05175774E-07 0.112723313 -0.1914628
v -0.06506256 0.133360729 -0.200240716
v -3.05175774E-07 0.133360729 -0.210545287
vt 0.6928711 0.453125
vt 0.6899414 0.4519043
vt 0.681152344 0.473876953
vt 0.684082031 0.4753418
vt 0.699707031 0.4296875
vt 0.696777344 0.428710938
vt 0.704101563 0.4050293
vt 0.7011719 0.404296875
vt 0.7060547 0.3798828
vt 0.703125 0.379394531
vt 0.7055664 0.354248047
vt 0.702148438 0.354248047
vt 0.7026367 0.329101563
vt 0.69921875 0.329589844
vt 0.6972656 0.3046875
vt 0.6699219 0.494384766
vt 0.6723633 0.4958496
vt 0.68359375 0.44921875
vt 0.6899414 0.426269531
vt 0.6899414 0.426269531
vt 0.694335938 0.40234375
vt 0.694335938 0.40234375
vt 0.6958008 0.3779297
vt 0.6958008 0.3779297
vt 0.6953125 0.353515625
vt 0.6953125 0.353515625
vt 0.6923828 0.329101563
vt 0.7104492 0.302001953
vt 0.7158203 0.327880859
vt 0.7192383 0.3544922
vt 0.719726563 0.381347656
vt 0.717285156 0.407714844
vt 0.7128906 0.4333496
vt 0.7055664 0.4580078
vt 0.7133789 0.301513672
vt 0.7055664 0.2763672
vt 0.7026367 0.2770996
vt 0.7192383 0.327636719
vt 0.722167969 0.3544922
vt 0.72265625 0.3815918
vt 0.7207031 0.408447266
vt 0.7158203 0.434326172
vt 0.7089844 0.459228516
vt 0.6972656 0.3046875
vt 0.694335938 0.305419922
vt 0.69921875 0.329589844
vt 0.6894531 0.281005859
vt 0.686523438 0.282226563
vt 0.6791992 0.258789063
vt 0.676269531 0.2602539
vt 0.6923828 0.329101563
vt 0.6870117 0.305664063
vt 0.6870117 0.305664063
vt 0.6796875 0.283203125
vt 0.6796875 0.283203125
vt 0.6699219 0.262451172
vt 0.7026367 0.2770996
vt 0.7104492 0.302001953
vt 0.2529297 0.42578125
vt 0.254394531 0.422851563
vt 0.233886719 0.411865234
vt 0.232177734 0.414306641
vt 0.275146484 0.434326172
vt 0.2763672 0.431396484
vt 0.2376709 0.405761719
vt 0.257080078 0.4165039
vt 0.257080078 0.4165039
vt 0.278564453 0.424560547
vt 0.298828125 0.4404297
vt 0.2998047 0.437255859
vt 0.2763672 0.431396484
vt 0.275146484 0.434326172
vt 0.323486328 0.4440918
vt 0.32421875 0.440917969
vt 0.348876953 0.4453125
vt 0.3491211 0.442138672
vt 0.374267578 0.4440918
vt 0.374267578 0.440917969
vt 0.278564453 0.424560547
vt 0.3017578 0.430664063
vt 0.3017578 0.430664063
vt 0.325927734 0.434326172
vt 0.325927734 0.434326172
vt 0.3503418 0.435302734
vt 0.374511719 0.457763672
vt 0.3479004 0.458984375
vt 0.321289063 0.457519531
vt 0.295410156 0.453613281
vt 0.2705078 0.447265625
vt 0.2529297 0.42578125
vt 0.247314453 0.438232422
vt 0.232177734 0.414306641
vt 0.225952148 0.4267578
vt 0.26953125 0.450439453
vt 0.24609375 0.4411621
vt 0.2244873 0.429931641
vt 0.34765625 0.4621582
vt 0.320800781 0.460693359
vt 0.294677734 0.4567871
vt 0.399414063 0.4404297
vt 0.399169922 0.437255859
vt 0.374267578 0.440917969
vt 0.374267578 0.4440918
vt 0.424072266 0.434326172
vt 0.4230957 0.431152344
vt 0.447265625 0.42578125
vt 0.446044922 0.422851563
vt 0.375 0.434082031
vt 0.399169922 0.430175781
vt 0.399169922 0.430175781
vt 0.422607422 0.4243164
vt 0.401123047 0.453857422
vt 0.427001953 0.447509766
vt 0.374511719 0.457763672
vt 0.427490234 0.4506836
vt 0.452636719 0.441894531
vt 0.451660156 0.4387207
vt 0.4013672 0.45703125
vt 0.374511719 0.4609375
vt 0.3479004 0.458984375
vt 0.34765625 0.4621582
vt 0.469238281 0.414794922
vt 0.467773438 0.412109375
vt 0.446044922 0.422851563
vt 0.447265625 0.42578125
vt 0.444824219 0.416259766
vt 0.465332031 0.405761719
vt 0.474365234 0.427734375
vt 0.451660156 0.4387207
vt 0.424072266 0.434326172
vt 0.427001953 0.447509766
vt 0.399414063 0.4404297
vt 0.475830078 0.4309082
vt 0.452636719 0.441894531
vt 0.422607422 0.4243164
vt 0.4230957 0.431152344
vt 0.444824219 0.416259766
vt 0.9243164 0.145507813
vt 0.9267578 0.147949219
vt 0.94140625 0.12890625
vt 0.9379883 0.126953125
vt 0.9511719 0.106750488
vt 0.9477539 0.10534668
vt 0.6748047 0.470703125
vt 0.681152344 0.473876953
vt 0.6899414 0.4519043
vt 0.68359375 0.44921875
vt 0.6640625 0.4909668
vt 0.6699219 0.494384766
vt 0.6748047 0.470703125
vt 0.9057617 0.159423828
vt 0.907226563 0.162475586
vt 0.9267578 0.147949219
vt 0.9243164 0.145507813
vt 0.884277344 0.16809082
vt 0.8847656 0.171508789
vt 0.860839844 0.171142578
vt 0.860839844 0.174560547
vt 0.8378906 0.16809082
vt 0.836914063 0.171508789
vt 0.81640625 0.159301758
vt 0.8149414 0.162353516
vt 0.797851563 0.145385742
vt 0.795410156 0.147827148
vt 0.7836914 0.1270752
vt 0.7807617 0.12890625
vt 0.774414063 0.105529785
vt 0.7709961 0.106750488
vt 0.7807617 0.12890625
vt 0.7836914 0.1270752
vt 0.7861328 0.125244141
vt 0.776855469 0.104797363
vt 0.800292969 0.142578125
vt 0.797851563 0.145385742
vt 0.8178711 0.155883789
vt 0.81640625 0.159301758
vt 0.8383789 0.16418457
vt 0.8378906 0.16809082
vt 0.860351563 0.167114258
vt 0.860839844 0.171142578
vt 0.8823242 0.164306641
vt 0.884277344 0.16809082
vt 0.902832031 0.155883789
vt 0.9057617 0.159423828
vt 0.920898438 0.142578125
vt 0.9243164 0.145507813
vt 0.9379883 0.126953125
vt 0.934082031 0.12487793
vt 0.9477539 0.10534668
vt 0.943847656 0.104309082
vt 0.839355469 0.160888672
vt 0.819335938 0.1529541
vt 0.8027344 0.140136719
vt 0.7890625 0.123413086
vt 0.7807617 0.103942871
vt 0.9316406 0.123291016
vt 0.918457031 0.140136719
vt 0.9013672 0.1529541
vt 0.881347656 0.160888672
vt 0.860351563 0.163696289
vt 0.785644531 0.102539063
vt 0.793457031 0.122802734
vt 0.805664063 0.138671875
vt 0.821289063 0.151245117
vt 0.840332031 0.159057617
vt 0.8613281 0.161743164
vt 0.881835938 0.159057617
vt 0.9008789 0.151000977
vt 0.9169922 0.1385498
vt 0.928710938 0.122558594
vt 0.9394531 0.10345459
vt 0.936035156 0.102233887
vt 0.2536621 0.470947266
vt 0.2553711 0.468017578
vt 0.233276367 0.458251953
vt 0.232055664 0.461914063
vt 0.231323242 0.464355469
vt 0.251953125 0.473876953
vt 0.271972656 0.4855957
vt 0.2692871 0.487792969
vt 0.2824707 0.5053711
vt 0.285888672 0.50390625
vt 0.294677734 0.5253906
vt 0.290771484 0.5258789
vt 0.297607422 0.5488281
vt 0.293701172 0.547851563
vt 0.294677734 0.571777344
vt 0.290771484 0.5698242
vt 0.285888672 0.5932617
vt 0.282226563 0.5908203
vt 0.271972656 0.6118164
vt 0.269042969 0.608398438
vt 0.2536621 0.625976563
vt 0.251464844 0.6220703
vt 0.231811523 0.6352539
vt 0.230834961 0.631347656
vt 0.249633789 0.6191406
vt 0.229980469 0.6269531
vt 0.266601563 0.605957031
vt 0.279296875 0.5888672
vt 0.287353516 0.569335938
vt 0.2902832 0.547851563
vt 0.287597656 0.526855469
vt 0.279541016 0.5073242
vt 0.2668457 0.490234375
vt 0.25 0.476806641
vt 0.23046875 0.468261719
vt 0.265136719 0.492919922
vt 0.249633789 0.480957031
vt 0.2290039 0.473144531
vt 0.285644531 0.569335938
vt 0.2775879 0.5883789
vt 0.265136719 0.6044922
vt 0.248901367 0.616210938
vt 0.228759766 0.623535156
vt 0.288330078 0.5488281
vt 0.285644531 0.527832031
vt 0.2775879 0.508789063
vt 0.271972656 0.4855957
vt 0.274414063 0.482910156
vt 0.2553711 0.468017578
vt 0.2536621 0.470947266
vt 0.285888672 0.50390625
vt 0.2890625 0.5024414
vt 0.294677734 0.5253906
vt 0.2980957 0.524902344
vt 0.297607422 0.5488281
vt 0.3010254 0.5488281
vt 0.2980957 0.524902344
vt 0.294677734 0.5253906
vt 0.294677734 0.571777344
vt 0.2980957 0.5727539
vt 0.285888672 0.5932617
vt 0.288818359 0.594726563
vt 0.271972656 0.6118164
vt 0.274414063 0.6142578
vt 0.2536621 0.625976563
vt 0.2553711 0.62890625
vt 0.231811523 0.6352539
vt 0.3503418 0.435302734
vt 0.3491211 0.442138672
vt 0.375 0.434082031
vt 0.231811523 0.6352539
vt 0.233276367 0.6386719
vt 0.2553711 0.62890625
vt 0.5395508 0.429443359
vt 0.545898438 0.4152832
vt 0.540527344 0.413085938
vt 0.5341797 0.427001953
vt 0.5620117 0.419677734
vt 0.566894531 0.404541016
vt 0.5551758 0.434326172
vt 0.53125 0.443115234
vt 0.5463867 0.44921875
vt 0.5263672 0.4404297
vt 0.68359375 0.44921875
vt 0.6748047 0.470703125
vt 0.6640625 0.4909668
vt 0.982910156 0.946777344
vt 0.982910156 0.931152344
vt 0.9785156 0.9316406
vt 0.9785156 0.946289063
vt 0.933105469 0.938964844
vt 0.9741211 0.91796875
vt 0.965332031 0.90625
vt 0.9536133 0.8979492
vt 0.9399414 0.8935547
vt 0.92578125 0.8935547
vt 0.9121094 0.8979492
vt 0.9003906 0.90625
vt 0.892089844 0.91796875
vt 0.8876953 0.9316406
vt 0.8876953 0.946289063
vt 0.892089844 0.959960938
vt 0.9003906 0.9716797
vt 0.9121094 0.979980469
vt 0.92578125 0.984375
vt 0.9399414 0.984375
vt 0.9536133 0.979980469
vt 0.965332031 0.9716797
vt 0.9741211 0.959960938
vt 0.9248047 0.889160156
vt 0.940917969 0.889160156
vt 0.9560547 0.894042969
vt 0.96875 0.9033203
vt 0.978027344 0.9160156
vt 0.9560547 0.9838867
vt 0.940917969 0.988769531
vt 0.9248047 0.988769531
vt 0.91015625 0.9838867
vt 0.896972656 0.9746094
vt 0.8876953 0.961914063
vt 0.8828125 0.946777344
vt 0.8828125 0.931152344
vt 0.8876953 0.9160156
vt 0.896972656 0.9033203
vt 0.91015625 0.894042969
vt 0.545898438 0.4152832
vt 0.566894531 0.404541016
vt 0.55078125 0.4013672
vt 0.5698242 0.3894043
vt 0.553710938 0.387207031
vt 0.571289063 0.374023438
vt 0.5546875 0.373046875
vt 0.545410156 0.399169922
vt 0.540527344 0.413085938
vt 0.548339844 0.385498047
vt 0.5488281 0.371826172
vt 0.548339844 0.3581543
vt 0.553710938 0.358886719
vt 0.545410156 0.344726563
vt 0.551269531 0.344726563
vt 0.5673828 0.343017578
vt 0.694335938 0.40234375
vt 0.6899414 0.426269531
vt 0.6958008 0.3779297
vt 0.6953125 0.353515625
vt 0.5620117 0.419677734
vt 0.68359375 0.44921875
vt 0.5703125 0.358398438
vt 0.6923828 0.329101563
vt 0.5546875 0.373046875
vt 0.571289063 0.374023438
vt 0.5703125 0.358398438
vt 0.553710938 0.358886719
vt 0.5673828 0.343017578
vt 0.6923828 0.329101563
vt 0.6870117 0.305664063
vt 0.5629883 0.327636719
vt 0.551269531 0.344726563
vt 0.546875 0.3305664
vt 0.5566406 0.312255859
vt 0.540527344 0.3161621
vt 0.5488281 0.296875
vt 0.5332031 0.3017578
vt 0.5410156 0.3310547
vt 0.545410156 0.344726563
vt 0.53515625 0.3173828
vt 0.527832031 0.303955078
vt 0.6699219 0.262451172
vt 0.6796875 0.283203125
vt 0.280273438 0.272705078
vt 0.2746582 0.2878418
vt 0.289550781 0.296142578
vt 0.2939453 0.280273438
vt 0.296386719 0.275146484
vt 0.282714844 0.267578125
vt 0.2939453 0.280273438
vt 0.289550781 0.296142578
vt 0.304443359 0.302490234
vt 0.3083496 0.286376953
vt 0.319824219 0.306884766
vt 0.322509766 0.290771484
vt 0.335205078 0.3095703
vt 0.336669922 0.2932129
vt 0.350585938 0.310302734
vt 0.310302734 0.281005859
vt 0.296386719 0.275146484
vt 0.3244629 0.28515625
vt 0.3503418 0.435302734
vt 0.325927734 0.434326172
vt 0.3017578 0.430664063
vt 0.278564453 0.424560547
vt 0.257080078 0.4165039
vt 0.2746582 0.2878418
vt 0.2376709 0.405761719
vt 0.336669922 0.2932129
vt 0.350585938 0.310302734
vt 0.351074219 0.293701172
vt 0.3659668 0.3088379
vt 0.365234375 0.292480469
vt 0.352050781 0.288085938
vt 0.3383789 0.287597656
vt 0.322509766 0.290771484
vt 0.3244629 0.28515625
vt 0.365722656 0.2866211
vt 0.3791504 0.283447266
vt 0.379394531 0.289306641
vt 0.392822266 0.2788086
vt 0.3935547 0.284423828
vt 0.375 0.434082031
vt 0.399169922 0.430175781
vt 0.381347656 0.305664063
vt 0.422607422 0.4243164
vt 0.3503418 0.435302734
vt 0.365234375 0.292480469
vt 0.3659668 0.3088379
vt 0.381347656 0.305664063
vt 0.379394531 0.289306641
vt 0.396728516 0.3005371
vt 0.3935547 0.284423828
vt 0.411865234 0.2939453
vt 0.407714844 0.277832031
vt 0.427001953 0.285644531
vt 0.421630859 0.270019531
vt 0.40625 0.272460938
vt 0.392822266 0.2788086
vt 0.4194336 0.264892578
vt 0.465332031 0.405761719
vt 0.444824219 0.416259766
vt 0.422607422 0.4243164
vt 0.96875 0.9746094
vt 0.978027344 0.961914063
vt 0.6923828 0.25390625
vt 0.6791992 0.258789063
vt 0.6894531 0.281005859
vt 0.7026367 0.2770996
vt 0.6953125 0.2529297
vt 0.7055664 0.2763672
vt 0.7055664 0.4580078
vt 0.684082031 0.4753418
vt 0.696289063 0.481201172
vt 0.6723633 0.4958496
vt 0.6850586 0.5024414
vt 0.7089844 0.459228516
vt 0.69921875 0.482421875
vt 0.6879883 0.50390625
vt 0.6953125 0.353515625
vt 0.891601563 0.110717773
vt 0.858398438 0.09362793
vt 0.8847656 0.120178223
vt 0.875 0.1270752
vt 0.863769531 0.130615234
vt 0.8520508 0.130615234
vt 0.8413086 0.126953125
vt 0.831542969 0.119995117
vt 0.824707031 0.110534668
vt 0.821289063 0.0993652344
vt 0.821289063 0.0876464844
vt 0.824707031 0.0765380859
vt 0.83203125 0.06707764
vt 0.895019531 0.099609375
vt 0.895019531 0.087890625
vt 0.891601563 0.07672119
vt 0.8847656 0.06726074
vt 0.8754883 0.06036377
vt 0.8642578 0.05670166
vt 0.852539063 0.0566711426
vt 0.8413086 0.0602417
vt 0.9003906 0.0869751
vt 0.8964844 0.07421875
vt 0.039276123 0.668457031
vt 0.0403747559 0.6723633
vt 0.0575561523 0.667480469
vt 0.05657959 0.6635742
vt 0.07495117 0.6635742
vt 0.0740356445 0.659667969
vt 0.09240723 0.659667969
vt 0.09161377 0.6557617
vt 0.109924316 0.6567383
vt 0.10925293 0.652832031
vt 0.127563477 0.6538086
vt 0.1270752 0.649902344
vt 0.129882813 0.670410156
vt 0.1126709 0.673339844
vt 0.113098145 0.675292969
vt 0.130249023 0.672851563
vt 0.130859375 0.6772461
vt 0.113830566 0.6801758
vt 0.0960083 0.678710938
vt 0.09692383 0.683105469
vt 0.114196777 0.6821289
vt 0.0973510742 0.6850586
vt 0.080078125 0.686523438
vt 0.0805664063 0.688964844
vt 0.06335449 0.6904297
vt 0.06390381 0.6928711
vt 0.134155273 0.8017578
vt 0.147705078 0.7998047
vt 0.131103516 0.6796875
vt 0.161499023 0.797851563
vt 0.120544434 0.8041992
vt 0.107055664 0.8071289
vt 0.0935668945 0.8100586
vt 0.0473938 0.6972656
vt 0.07910156 0.6821289
vt 0.06222534 0.686035156
vt 0.0955810547 0.676269531
vt 0.07861328 0.6796875
vt 0.0616760254 0.684082031
vt 0.0448913574 0.688476563
vt 0.14831543 0.803222656
vt 0.134765625 0.805664063
vt 0.12121582 0.808105469
vt 0.107849121 0.8105469
vt 0.09454346 0.813964844
vt 0.0803833 0.813964844
vt 0.08154297 0.8173828
vt 0.1270752 0.649902344
vt 0.127563477 0.6538086
vt 0.145263672 0.651855469
vt 0.144897461 0.6479492
vt 0.163085938 0.649902344
vt 0.162719727 0.6459961
vt 0.1809082 0.6489258
vt 0.180664063 0.645019531
vt 0.198730469 0.6479492
vt 0.1986084 0.644042969
vt 0.147094727 0.668457031
vt 0.129882813 0.670410156
vt 0.130249023 0.672851563
vt 0.147338867 0.670898438
vt 0.147949219 0.675292969
vt 0.165039063 0.6738281
vt 0.165161133 0.67578125
vt 0.182250977 0.6748047
vt 0.1821289 0.6723633
vt 0.19934082 0.6738281
vt 0.19934082 0.671875
vt 0.148193359 0.6772461
vt 0.130859375 0.6772461
vt 0.131103516 0.6796875
vt 0.113830566 0.6801758
vt 0.114196777 0.6821289
vt 0.202758789 0.795410156
vt 0.188964844 0.795898438
vt 0.1751709 0.796875
vt 0.161499023 0.797851563
vt 0.181884766 0.66796875
vt 0.19921875 0.6669922
vt 0.164672852 0.6689453
vt 0.19909668 0.665039063
vt 0.1817627 0.665527344
vt 0.164428711 0.6669922
vt 0.202880859 0.7988281
vt 0.216552734 0.7988281
vt 0.216552734 0.7949219
vt 0.230224609 0.7988281
vt 0.23034668 0.795410156
vt 0.175537109 0.800292969
vt 0.189208984 0.7993164
vt 0.161865234 0.8017578
vt 0.14831543 0.803222656
vt 0.1986084 0.644042969
vt 0.198730469 0.6479492
vt 0.216552734 0.6479492
vt 0.216552734 0.644042969
vt 0.234375 0.6479492
vt 0.23449707 0.644042969
vt 0.252197266 0.6489258
vt 0.2524414 0.645019531
vt 0.270019531 0.649902344
vt 0.270263672 0.6459961
vt 0.2878418 0.651855469
vt 0.288330078 0.6479492
vt 0.285888672 0.668457031
vt 0.2685547 0.6669922
vt 0.2685547 0.6689453
vt 0.285644531 0.670898438
vt 0.28515625 0.675292969
vt 0.2680664 0.6738281
vt 0.2849121 0.6772461
vt 0.2512207 0.66796875
vt 0.250976563 0.6723633
vt 0.267822266 0.67578125
vt 0.250732422 0.6748047
vt 0.233764648 0.671875
vt 0.233642578 0.6738281
vt 0.216552734 0.6713867
vt 0.216552734 0.6738281
vt 0.19934082 0.671875
vt 0.19934082 0.6738281
vt 0.2578125 0.796875
vt 0.271728516 0.797851563
vt 0.244140625 0.795898438
vt 0.23034668 0.795410156
vt 0.216552734 0.7949219
vt 0.202758789 0.795410156
vt 0.233886719 0.6669922
vt 0.216552734 0.6669922
vt 0.19921875 0.6669922
vt 0.2512207 0.665527344
vt 0.233886719 0.665039063
vt 0.216552734 0.6645508
vt 0.19909668 0.665039063
vt 0.243896484 0.7993164
vt 0.230224609 0.7988281
vt 0.257568359 0.800292969
vt 0.288330078 0.6479492
vt 0.2878418 0.651855469
vt 0.305419922 0.6538086
vt 0.3059082 0.649902344
vt 0.322998047 0.6567383
vt 0.323730469 0.652832031
vt 0.3203125 0.673339844
vt 0.303222656 0.670410156
vt 0.302978516 0.672851563
vt 0.320068359 0.675292969
vt 0.319335938 0.6801758
vt 0.3022461 0.6772461
vt 0.318847656 0.6821289
vt 0.302001953 0.6796875
vt 0.28515625 0.675292969
vt 0.2849121 0.6772461
vt 0.298828125 0.8017578
vt 0.2854004 0.7998047
vt 0.271728516 0.797851563
vt 0.267822266 0.67578125
vt 0.2680664 0.6738281
vt 0.3125 0.8041992
vt 0.335693359 0.6850586
vt 0.325927734 0.8071289
vt 0.285644531 0.670898438
vt 0.285888672 0.668457031
vt 0.3251953 0.8105469
vt 0.338623047 0.813964844
vt 0.311767578 0.808105469
vt 0.298339844 0.805664063
vt 0.2849121 0.803222656
vt 0.271240234 0.8017578
vt 0.2578125 0.796875
vt 0.257568359 0.800292969
vt 0.323730469 0.652832031
vt 0.322998047 0.6567383
vt 0.340576172 0.659667969
vt 0.341552734 0.6557617
vt 0.3581543 0.6635742
vt 0.359130859 0.659667969
vt 0.3544922 0.6796875
vt 0.3713379 0.684082031
vt 0.3540039 0.6821289
vt 0.3708496 0.686035156
vt 0.3696289 0.6904297
vt 0.386230469 0.6948242
vt 0.3857422 0.6972656
vt 0.369140625 0.6928711
vt 0.353027344 0.686523438
vt 0.352539063 0.688964844
vt 0.3527832 0.813964844
vt 0.339355469 0.8100586
vt 0.325927734 0.8071289
vt 0.335693359 0.6850586
vt 0.336181641 0.683105469
vt 0.319335938 0.6801758
vt 0.318847656 0.6821289
vt 0.387451172 0.6904297
vt 0.3881836 0.688476563
vt 0.3515625 0.8173828
vt 0.338623047 0.813964844
vt 0.375488281 0.667480469
vt 0.392578125 0.6723633
vt 0.359130859 0.659667969
vt 0.3581543 0.6635742
vt 0.375488281 0.667480469
vt 0.376464844 0.6635742
vt 0.392578125 0.6723633
vt 0.393798828 0.668457031
vt 0.04675293 0.6948242
vt 0.0473938 0.6972656
vt 0.06390381 0.6928711
vt 0.06335449 0.6904297
vt 0.04550171 0.6904297
vt 0.06222534 0.686035156
vt 0.0448913574 0.688476563
vt 0.0803833 0.813964844
vt 0.0935668945 0.8100586
vt 0.336181641 0.683105469
vt 0.352539063 0.688964844
vt 0.353027344 0.686523438
vt 0.336914063 0.678710938
vt 0.3540039 0.6821289
vt 0.336914063 0.678710938
vt 0.337402344 0.676269531
vt 0.320068359 0.675292969
vt 0.3203125 0.673339844
vt 0.8754883 0.06036377
vt 0.8847656 0.06726074
vt 0.8886719 0.06335449
vt 0.8774414 0.05545044
vt 0.8642578 0.05670166
vt 0.8647461 0.05126953
vt 0.852539063 0.0566711426
vt 0.8515625 0.05126953
vt 0.8413086 0.0602417
vt 0.8388672 0.0554199219
vt 0.83203125 0.06707764
vt 0.8276367 0.06329346
vt 0.8198242 0.0741577148
vt 0.824707031 0.0765380859
vt 0.83203125 0.06707764
vt 0.8276367 0.06329346
vt 0.821289063 0.0876464844
vt 0.824707031 0.0765380859
vt 0.8198242 0.0741577148
vt 0.815917969 0.08691406
vt 0.821289063 0.0993652344
vt 0.815917969 0.1003418
vt 0.824707031 0.110534668
vt 0.8198242 0.113098145
vt 0.831542969 0.119995117
vt 0.8276367 0.1239624
vt 0.8413086 0.126953125
vt 0.8388672 0.131835938
vt 0.8520508 0.130615234
vt 0.8515625 0.135986328
vt 0.863769531 0.130615234
vt 0.8520508 0.130615234
vt 0.8515625 0.135986328
vt 0.8647461 0.135986328
vt 0.875 0.1270752
vt 0.8774414 0.131835938
vt 0.8847656 0.120178223
vt 0.875 0.1270752
vt 0.8774414 0.131835938
vt 0.8886719 0.1239624
vt 0.891601563 0.110717773
vt 0.8964844 0.11315918
vt 0.895019531 0.099609375
vt 0.9003906 0.100402832
vt 0.895019531 0.087890625
vt 0.9003906 0.0869751
vt 0.8886719 0.1239624
vt 0.8847656 0.06726074
vt 0.8964844 0.07421875
vt 0.8886719 0.06335449
vn 0.803150535 -0.120188311 -0.5835272
vn 0.7983665 -0.211747289 -0.563714564
vn 0.925323963 -0.211746931 -0.3145455
vn 0.944163263 -0.120194919 -0.3067719
vn 0.583522141 -0.120192431 -0.8031536
vn 0.5632259 -0.286041975 -0.775213957
vn 0.306772321 -0.120189659 -0.94416374
vn 0.296104938 -0.286041945 -0.9113188
vn 0 -0.120185815 -0.9927515
vn 0 -0.286042035 -0.9582171
vn -0.3067744 -0.120187491 -0.9441634
vn -0.29610604 -0.28604 -0.9113191
vn -0.583522737 -0.120191932 -0.8031533
vn -0.5632259 -0.286038935 -0.775215
vn -0.803152144 -0.1201828 -0.5835262
vn 0.958216846 -0.286042929 0
vn 0.992749035 -0.120206073 0
vn 0.442214221 -0.7803142 -0.4422176
vn 0.442214251 -0.780314147 -0.442217559
vn 0.2839183 -0.780319333 -0.557218254
vn 0.2839183 -0.780319333 -0.557218254
vn 0.09783237 -0.7803073 -0.6176969
vn 0.09783235 -0.7803073 -0.6176968
vn -0.09783318 -0.7803061 -0.617698252
vn -0.09783318 -0.7803061 -0.6176982
vn -0.283925 -0.7803072 -0.557231843
vn -0.283925056 -0.7803072 -0.5572319
vn -0.808985054 -0.008840192 -0.587762833
vn -0.5877627 -0.008840608 -0.8089851
vn -0.309002936 -0.008841686 -0.95102
vn 0 -0.008837351 -0.999961
vn 0.3090012 -0.008841272 -0.951020539
vn 0.5877623 -0.008841487 -0.808985353
vn 0.808984756 -0.00884079 -0.587763131
vn -0.8044971 0.105550013 -0.584502935
vn -0.9457437 0.10554897 -0.307291925
vn -0.951018751 -0.008848268 -0.309006661
vn -0.584501266 0.105550036 -0.8044983
vn -0.307290018 0.105550021 -0.9457442
vn 0 0.105549015 -0.9944141
vn 0.307290077 0.105548039 -0.9457444
vn 0.5845027 0.105547942 -0.80449754
vn 0.8189546 0.00593136763 -0.573827744
vn -0.803152144 -0.1201828 -0.5835262
vn -0.7752148 -0.286039919 -0.5632258
vn -0.5632259 -0.286038935 -0.775215
vn -0.9441634 -0.120176218 -0.306778818
vn -0.9113188 -0.286041945 -0.296104938
vn -0.9927522 -0.120180026 0
vn -0.9582171 -0.286042035 -1.00000011E-06
vn -0.442221045 -0.7803071 -0.442223221
vn -0.4422211 -0.7803071 -0.442223221
vn -0.5572368 -0.780304134 -0.283923835
vn -0.5572368 -0.780304134 -0.2839238
vn -0.6176943 -0.7803096 -0.09782954
vn -0.6176943 -0.7803096 -0.09782953
vn -0.951018751 -0.008848268 -0.309006661
vn -0.808985054 -0.008840192 -0.587762833
vn -0.9441629 -0.120178059 0.306779474
vn -0.9113188 -0.286040872 0.296105921
vn -0.9582171 -0.286042035 -1.00000011E-06
vn -0.9927522 -0.120180026 0
vn -0.803151548 -0.1201817 0.5835272
vn -0.775215 -0.286038935 0.5632259
vn -0.617683 -0.7803187 0.097829
vn -0.617683 -0.7803187 0.09782898
vn -0.5572221 -0.780316532 0.283918381
vn -0.5572221 -0.780316532 0.283918351
vn -0.583524168 -0.120188378 0.8031528
vn -0.5632269 -0.286039948 0.775213957
vn -0.775215 -0.286038935 0.5632259
vn -0.803151548 -0.1201817 0.5835272
vn -0.30678156 -0.120190866 0.9441606
vn -0.296104938 -0.286041945 0.9113188
vn 0 -0.120190561 0.9927509
vn 0 -0.286042035 0.9582171
vn 0.306778967 -0.120187543 0.9441619
vn 0.296104938 -0.286041945 0.9113188
vn -0.4422274 -0.7803022 0.4422255
vn -0.442227423 -0.780302167 0.442225516
vn -0.283930957 -0.7802944 0.5572467
vn -0.283931 -0.780294359 0.5572468
vn -0.09783685 -0.78029716 0.6177089
vn -0.09783685 -0.78029716 0.6177089
vn 0.309008658 -0.008841593 0.951018155
vn 0 -0.00883916 0.999961
vn -0.309010118 -0.008836742 0.951017737
vn -0.587763846 -0.00883595 0.8089843
vn -0.8089846 -0.008838423 0.5877634
vn -0.9441629 -0.120178059 0.306779474
vn -0.9510185 -0.008835985 0.309007525
vn -0.9927522 -0.120180026 0
vn -0.9999609 -0.008842379 0
vn -0.8044974 0.105551057 0.584502339
vn -0.9457438 0.105550982 0.3072909
vn -0.9944141 0.105549015 -1.00000011E-06
vn 0 0.105548024 0.9944142
vn -0.307291925 0.10554897 0.9457437
vn -0.5845023 0.105551057 0.8044974
vn 0.583525538 -0.1201817 0.80315274
vn 0.5632259 -0.286041975 0.775213957
vn 0.296104938 -0.286041945 0.9113188
vn 0.306778967 -0.120187543 0.9441619
vn 0.803150654 -0.120175175 0.5835298
vn 0.7752142 -0.286043018 0.563225
vn 0.9441613 -0.120189093 0.30678007
vn 0.911318064 -0.286043 0.296106
vn 0.2839233 -0.7803077 0.557231963
vn 0.2839233 -0.7803077 0.557231963
vn 0.4422216 -0.780311 0.4422158
vn 0.442221552 -0.780311048 0.44221583
vn 0.5877649 -0.008837553 0.8089835
vn 0.808982432 -0.00883049 0.587766469
vn 0.309008658 -0.008841593 0.951018155
vn 0.8044969 0.10555198 0.5845028
vn 0.9457439 0.105549991 0.307290971
vn 0.9510181 -0.008835448 0.3090089
vn 0.584503055 0.105549015 0.8044971
vn 0.307291 0.105549008 0.945744
vn 0 -0.00883916 0.999961
vn 0 0.105548024 0.9944142
vn 0.992749035 -0.120206073 0
vn 0.958216846 -0.286042929 0
vn 0.911318064 -0.286043 0.296106
vn 0.9441613 -0.120189093 0.30678007
vn 0.617696 -0.780308247 0.0978301
vn 0.617696 -0.780308247 0.09783009
vn 0.999960959 -0.008840537 0
vn 0.9510181 -0.008835448 0.3090089
vn 0.803150654 -0.120175175 0.5835298
vn 0.808982432 -0.00883049 0.587766469
vn 0.583525538 -0.1201817 0.80315274
vn 0.9944139 0.10555099 0
vn 0.9457439 0.105549991 0.307290971
vn 0.5572007 -0.7803343 0.283911735
vn 0.7752142 -0.286043018 0.563225
vn 0.5572006 -0.7803343 0.283911735
vn 0.596695542 0.6740493 -0.435444653
vn 0.8189546 0.00593136763 -0.573827744
vn 0.945606649 0.00593170151 -0.3252583
vn 0.7133511 0.6605764 -0.234028175
vn 0.9944139 0.10555099 0
vn 0.748744965 0.6628486 0.00357986148
vn 0.5572241 -0.780314744 -0.283919364
vn 0.925323963 -0.211746931 -0.3145455
vn 0.7983665 -0.211747289 -0.563714564
vn 0.557224154 -0.780314744 -0.283919364
vn 0.617701352 -0.780303955 -0.09783052
vn 0.958216846 -0.286042929 0
vn 0.617701352 -0.780304 -0.0978305042
vn 0.433657825 0.680148065 -0.591049552
vn 0.5845027 0.105547942 -0.80449754
vn 0.8189546 0.00593136763 -0.573827744
vn 0.596695542 0.6740493 -0.435444653
vn 0.234143361 0.6675146 -0.70682466
vn 0.307290077 0.105548039 -0.9457444
vn 0.004801207 0.652619958 -0.7576703
vn 0 0.105549015 -0.9944141
vn -0.233611479 0.636710644 -0.7348642
vn -0.307290018 0.105550021 -0.9457442
vn -0.456912518 0.621369541 -0.6364989
vn -0.584501266 0.105550036 -0.8044983
vn -0.639985263 0.608469844 -0.469237
vn -0.8044971 0.105550013 -0.584502935
vn -0.76038295 0.599829435 -0.249043152
vn -0.9457437 0.10554897 -0.307291925
vn -0.8024144 0.5967672 -8.00118471E-07
vn -0.9944141 0.105549015 -1.00000011E-06
vn -0.9457437 0.10554897 -0.307291925
vn -0.76038295 0.599829435 -0.249043152
vn -0.315487117 0.943519831 -0.101184189
vn -0.332352519 0.9431553 -3.05355371E-07
vn -0.266951233 0.9445704 -0.191112071
vn -0.639985263 0.608469844 -0.469237
vn -0.192635953 0.9461753 -0.260084122
vn -0.456912518 0.621369541 -0.6364989
vn -0.101308435 0.9481376 -0.3012836
vn -0.233611479 0.636710644 -0.7348642
vn -0.003165385 0.950228751 -0.311537027
vn 0.004801207 0.652619958 -0.7576703
vn 0.09169892 0.95223 -0.2912893
vn 0.234143361 0.6675146 -0.70682466
vn 0.174482048 0.9539571 -0.24397108
vn 0.433657825 0.680148065 -0.591049552
vn 0.223297223 0.9582211 -0.178747818
vn 0.596695542 0.6740493 -0.435444653
vn 0.7133511 0.6605764 -0.234028175
vn 0.2384946 0.966841459 -0.09131269
vn 0.748744965 0.6628486 0.00357986148
vn 0.253971368 0.9671349 0.0121949054
vn -0.03309346 0.993879259 -0.1053986
vn -0.0634285957 0.9940284 -0.0887941942
vn -0.08707889 0.994142234 -0.06401982
vn -0.102073073 0.9942129 -0.0334934033
vn -0.107205428 0.9942369 0
vn 0.05904498 0.9978502 -0.0284395069
vn 0.07641908 0.994903743 -0.06577795
vn 0.06861759 0.993349969 -0.09245273
vn 0.0363216661 0.993523538 -0.107665129
vn 0.00123850408 0.9937061 -0.112011969
vn 0 1 0
vn 0 1 0
vn 0 1 0
vn 0 1 0
vn 0 1 0
vn 0 1 0
vn 0 1 0
vn 0 1 0
vn 0 1 0
vn 0 1 0
vn 0.0651084259 0.9978346 0.009329046
vn 0 1 0
vn -0.760386765 0.599822938 0.24904725
vn -0.9457438 0.105550982 0.3072909
vn -0.9944141 0.105549015 -1.00000011E-06
vn -0.8024144 0.5967672 -8.00118471E-07
vn -0.332352519 0.9431553 -3.05355371E-07
vn -0.3154837 0.943520963 0.101183847
vn -0.639983833 0.608471036 0.4692375
vn -0.2669548 0.9445689 0.191114753
vn -0.192636564 0.9461748 0.2600854
vn -0.456912518 0.6213719 0.636496663
vn -0.233611673 0.6367123 0.7348626
vn -0.101308264 0.948138058 0.301282048
vn 0.00480147358 0.652618945 0.7576711
vn -0.003165452 0.9502293 0.311535418
vn 0.234148577 0.667512536 0.706824958
vn 0.0917001739 0.952229857 0.291289181
vn 0.433666319 0.6801373 0.591055751
vn 0.174485371 0.953955352 0.243975535
vn 0.5872329 0.689658463 0.4237084
vn 0.2383327 0.9552718 0.175081119
vn 0.696299553 0.680237 0.229007736
vn 0.265121222 0.959059656 0.09957559
vn 0.748744965 0.6628486 0.00357986148
vn 0.253971368 0.9671349 0.0121949054
vn 0.09353735 0.9948273 0.0396161638
vn 0.0651084259 0.9978346 0.009329046
vn 0.09468316 0.9932051 0.0676669
vn 0.06862 0.993349552 0.09245567
vn 0.0363223851 0.9935234 0.107665934
vn 0.00123873679 0.993706048 0.112012625
vn -0.03309292 0.993879437 0.105397105
vn -0.063429065 0.9940282 0.08879596
vn -0.08708071 0.994142 0.06402154
vn -0.102073178 0.9942129 0.0334937163
vn -0.107205428 0.9942369 0
vn 0 1 0
vn 0 1 0
vn 0 1 0
vn 0 1 0
vn 0 1 0
vn 0 1 0
vn 0 1 0
vn 0 1 0
vn 0 1 0
vn 0 1 0
vn 0 1 0
vn -0.639983833 0.608471036 0.4692375
vn -0.8044974 0.105551057 0.584502339
vn -0.9457438 0.105550982 0.3072909
vn -0.760386765 0.599822938 0.24904725
vn -0.456912518 0.6213719 0.636496663
vn -0.5845023 0.105551057 0.8044974
vn -0.233611673 0.6367123 0.7348626
vn -0.307291925 0.10554897 0.9457437
vn 0.00480147358 0.652618945 0.7576711
vn 0 0.105548024 0.9944142
vn -0.307291925 0.10554897 0.9457437
vn -0.233611673 0.6367123 0.7348626
vn 0.234148577 0.667512536 0.706824958
vn 0.307291 0.105549008 0.945744
vn 0.433666319 0.6801373 0.591055751
vn 0.584503055 0.105549015 0.8044971
vn 0.5872329 0.689658463 0.4237084
vn 0.8044969 0.10555198 0.5845028
vn 0.696299553 0.680237 0.229007736
vn 0.9457439 0.105549991 0.307290971
vn 0.748744965 0.6628486 0.00357986148
vn 0.09783601 -0.780298054 0.617707968
vn 0 -0.286042035 0.9582171
vn 0.09783601 -0.780298054 0.617707968
vn 0.748744965 0.6628486 0.00357986148
vn 0.9944139 0.10555099 0
vn 0.9457439 0.105549991 0.307290971
vn 0.943711758 -0.124043964 -0.3066289
vn 0.80277 -0.124043986 -0.583243966
vn 0.5727291 -0.7062811 -0.416111082
vn 0.6732827 -0.706281662 -0.218761891
vn 0.803069055 -0.12104211 -0.5834629
vn 0.5834606 -0.1210403 -0.803071
vn 0.9440653 -0.121043116 -0.306740046
vn 0.9922767 -0.124043964 0
vn 0.9926473 -0.121042669 0
vn 0.70793134 -0.706281364 0
vn 0.8034004 -0.117634147 -0.5837038
vn 0.9444546 -0.117635377 -0.306867063
vn 0.9930569 -0.117635235 0
vn 0.6732827 -0.706281662 -0.218761891
vn 0.5727291 -0.7062811 -0.416111082
vn 0.071682 -0.996067 -0.05208001
vn 0.08426699 -0.996067 -0.0273799989
vn 0 -1 0
vn 0.05208001 -0.996067 -0.07168199
vn 0.0273799989 -0.996067 -0.08426699
vn 0 -0.996067 -0.0886039957
vn -0.0273799989 -0.996067 -0.08426699
vn -0.05208001 -0.996067 -0.07168199
vn -0.071682 -0.996067 -0.05208001
vn -0.084268 -0.9960669 -0.02738
vn -0.088603 -0.996067047 0
vn -0.084268 -0.9960669 0.02738
vn -0.071682 -0.996067 0.05208001
vn -0.05208001 -0.996067 0.07168199
vn -0.0273799989 -0.996067 0.08426699
vn 0 -0.996067 0.0886039957
vn 0.0273799989 -0.996067 0.08426699
vn 0.05208001 -0.996067 0.07168199
vn 0.071682 -0.996067 0.05208001
vn 0.08426699 -0.996067 0.0273799989
vn 0.0886039957 -0.996067 0
vn -0.416111976 -0.7062808 -0.5727289
vn -0.218763977 -0.706281841 -0.6732818
vn 0 -0.706281364 -0.70793134
vn 0.218763977 -0.706281841 -0.6732818
vn 0.416111082 -0.706282 -0.5727279
vn 0.572729766 -0.7062807 0.416110843
vn 0.416111976 -0.7062808 0.5727289
vn 0.218763024 -0.706281 0.673283041
vn 0 -0.706281364 0.70793134
vn -0.218763977 -0.7062808 0.673282862
vn -0.416111976 -0.7062808 0.5727289
vn -0.572727859 -0.7062798 0.4161149
vn -0.673283637 -0.706280649 0.2187619
vn -0.707930267 -0.7062823 0
vn -0.673283637 -0.706280649 -0.2187619
vn -0.572727859 -0.7062798 -0.4161149
vn 0.80277 -0.124043986 -0.583243966
vn 0.5834606 -0.1210403 -0.803071
vn 0.5832451 -0.124043033 -0.802769244
vn 0.306745172 -0.121041238 -0.9440638
vn 0.306631029 -0.124043025 -0.943711162
vn 0 -0.121041805 -0.9926474
vn 0 -0.124042973 -0.992276847
vn 0.416111082 -0.706282 -0.5727279
vn 0.5727291 -0.7062811 -0.416111082
vn 0.218763977 -0.706281841 -0.6732818
vn 0 -0.706281364 -0.70793134
vn -0.218763977 -0.706281841 -0.6732818
vn -0.306631029 -0.124043025 -0.943711162
vn -0.416111976 -0.7062808 -0.5727289
vn -0.5832463 -0.124043062 -0.8027684
vn -0.5834627 -0.121042237 -0.803069234
vn 0.306871474 -0.117633224 -0.9444535
vn 0.5837018 -0.11763259 -0.803402066
vn 0 -0.117633358 -0.993057132
vn -0.3068716 -0.117633738 -0.944453359
vn 0.803069055 -0.12104211 -0.5834629
vn 0.8034004 -0.117634147 -0.5837038
vn -0.306745 -0.121041648 -0.9440638
vn -0.583703935 -0.11763458 -0.803400159
vn 0 -0.124042973 -0.992276847
vn 0 -0.121041805 -0.9926474
vn -0.306745 -0.121041648 -0.9440638
vn -0.306631029 -0.124043025 -0.943711162
vn -0.5834627 -0.121042237 -0.803069234
vn -0.583703935 -0.11763458 -0.803400159
vn -0.803400636 -0.1176343 -0.583703339
vn -0.8030694 -0.121042274 -0.5834624
vn -0.5832463 -0.124043062 -0.8027684
vn -0.8027684 -0.124043062 -0.5832463
vn -0.944063962 -0.121042922 -0.3067441
vn -0.9437116 -0.124042936 -0.3066298
vn -0.9926475 -0.121041171 0
vn -0.992276847 -0.124042973 0
vn -0.572727859 -0.7062798 -0.4161149
vn -0.416111976 -0.7062808 -0.5727289
vn -0.673283637 -0.706280649 -0.2187619
vn -0.707930267 -0.7062823 0
vn -0.9930572 -0.117632613 0
vn -0.944453537 -0.117634617 -0.306870669
vn -0.992276847 -0.124042973 0
vn -0.9926475 -0.121041171 0
vn -0.944063544 -0.121041492 0.3067459
vn -0.943711162 -0.124043025 0.306631029
vn -0.673283637 -0.706280649 0.2187619
vn -0.707930267 -0.7062823 0
vn -0.943711162 -0.124043025 0.306631029
vn -0.944063544 -0.121041492 0.3067459
vn -0.8030684 -0.121041916 0.583463848
vn -0.8027688 -0.124042958 0.5832458
vn -0.583465934 -0.121043071 0.80306673
vn -0.5832458 -0.124042958 0.8027688
vn -0.30674383 -0.121043056 0.944064
vn -0.3066298 -0.124042936 0.9437116
vn 0 -0.121043533 0.992647231
vn -0.572727859 -0.7062798 0.4161149
vn -0.673283637 -0.706280649 0.2187619
vn -0.416111976 -0.7062808 0.5727289
vn 0 -0.117635272 0.9930569
vn -0.3068707 -0.117634758 0.944453537
vn -0.5837071 -0.117635235 0.803397834
vn -0.8034001 -0.11763376 0.583704233
vn -0.944453239 -0.1176328 0.3068723
vn -0.9926475 -0.121041171 0
vn -0.9930572 -0.117632613 0
vn -0.3066298 -0.124042936 0.9437116
vn 0 -0.121043533 0.992647231
vn 0 -0.124042973 0.992276847
vn 0.30674386 -0.121043243 0.944063962
vn 0.3066298 -0.124042936 0.9437116
vn 0 -0.706281364 0.70793134
vn -0.218763977 -0.7062808 0.673282862
vn -0.5832458 -0.124042958 0.8027688
vn -0.416111976 -0.7062808 0.5727289
vn 0.218763024 -0.706281 0.673283041
vn 0.416111976 -0.7062808 0.5727289
vn 0.5832463 -0.124043062 0.8027684
vn 0.572729766 -0.7062807 0.416110843
vn 0.8027701 -0.124043 0.583244
vn 0.306870669 -0.117635258 0.9444535
vn 0.583706 -0.117634848 0.8033986
vn 0.583465 -0.121042535 0.803067446
vn 0.8034 -0.117633253 0.5837045
vn 0 -0.117635272 0.9930569
vn 0.3066298 -0.124042936 0.9437116
vn 0.30674386 -0.121043243 0.944063962
vn 0.583465 -0.121042535 0.803067446
vn 0.5832463 -0.124043062 0.8027684
vn 0.8030685 -0.121041238 0.5834638
vn 0.8027701 -0.124043 0.583244
vn 0.944063663 -0.121041395 0.306745559
vn 0.943710864 -0.124042988 0.306631953
vn 0.9926473 -0.121042669 0
vn 0.9922767 -0.124043964 0
vn 0.673283041 -0.706281 0.218763024
vn 0.572729766 -0.7062807 0.416110843
vn 0.70793134 -0.706281364 0
vn 0.9930569 -0.117635235 0
vn 0.9444531 -0.1176334 0.306872547
vn 0.8034 -0.117633253 0.5837045
vn 0.673283041 -0.706281 0.218763024
vn 0.70793134 -0.706281364 0
vn -0.9999609 -0.008842379 0
vn -0.9927522 -0.120180026 0
vn -0.9441634 -0.120176218 -0.306778818
vn -0.951018751 -0.008848268 -0.309006661
vn -0.9944141 0.105549015 -1.00000011E-06
vn -0.9457437 0.10554897 -0.307291925
vn 0.808984756 -0.00884079 -0.587763131
vn 0.944163263 -0.120194919 -0.3067719
vn 0.951020956 -0.008842411 -0.309000045
vn 0.992749035 -0.120206073 0
vn 0.999960959 -0.008840537 0
vn 0.8189546 0.00593136763 -0.573827744
vn 0.945606649 0.00593170151 -0.3252583
vn 0.9944139 0.10555099 0
vn -0.3068716 -0.117633738 -0.944453359
vn 0.266083032 0.9600652 0.08645601
vn 0 1 0
vn 0.279776067 0.9600653 0
vn 0.266083032 0.9600652 -0.08645601
vn 0.226341948 0.9600659 -0.164446965
vn 0.164448038 0.960065246 -0.226344064
vn 0.0864550248 0.9600653 -0.2660831
vn 0 0.960065663 -0.2797749
vn -0.08645601 0.9600652 -0.266083032
vn -0.164449 0.960065067 -0.226344019
vn -0.22634311 0.9600654 -0.164448038
vn -0.266083032 0.9600651 -0.08645701
vn -0.279777 0.960065067 0
vn 0.226341948 0.9600657 0.164447933
vn 0.164448038 0.960065246 0.226344064
vn 0.08645601 0.9600652 0.266083032
vn 0 0.9600653 0.279776067
vn -0.08645701 0.9600651 0.266083032
vn -0.164448038 0.9600654 0.22634311
vn -0.226344064 0.960065246 0.164448038
vn -0.266083032 0.9600651 0.08645701
vn 0.4315706 0.6789082 0.593995333
vn 0.2268887 0.6788978 0.6982975
vn -0.992863 0.119261 0
vn -0.9953816 0.09599739 -1.36348277E-07
vn -0.946661949 0.09600907 0.3075932
vn -0.9442681 0.119260013 0.306814
vn -0.805279732 0.09601363 0.5850692
vn -0.8032432 0.119260035 0.5835901
vn -0.5850741 0.09601071 0.8052766
vn -0.5835919 0.119259983 0.8032419
vn -0.307591349 0.09601476 0.946661949
vn -0.3068119 0.119260959 0.9442687
vn -1.23333643E-06 0.09601605 0.9953798
vn 0 0.119261 0.992863
vn 0 0.125243589 0.992126048
vn -0.3065836 0.125243068 0.943568051
vn -0.255766541 0.5612021 0.787169456
vn 0 0.5611962 0.827682853
vn 0 0.593324959 0.804963052
vn -0.248748 0.5933323 0.7655595
vn -0.4865 0.561209261 0.66959846
vn -0.4731426 0.593335152 0.651221633
vn -0.307107717 0.111015558 0.9451775
vn -0.5841552 0.111014366 0.804014
vn -0.651219249 0.5933403 0.473139375
vn -0.8040154 0.111012146 0.5841537
vn -0.7655463 0.5933494 0.248747677
vn -0.945176244 0.11101272 0.307112515
vn -0.307079136 0.111836813 0.945089936
vn 0 0.111836456 0.9937267
vn 0 0.111014925 0.99381876
vn 0.307079256 0.111836024 0.94509
vn -0.5841011 0.111835621 0.8039395
vn -0.8039411 0.111833483 0.5840994
vn -0.945088565 0.111835323 0.3070838
vn -0.993819058 0.111012585 0
vn -0.66960454 0.561205566 0.486495733
vn -0.7871613 0.561212063 0.2557696
vn -0.5831627 0.125238255 0.802643538
vn -0.8026479 0.125237048 0.583156943
vn -0.9435685 0.125229746 0.306587636
vn -0.9921285 0.12522383 0
vn -3.17432438E-07 0.678892255 0.734237969
vn -0.226892069 0.6788927 0.6983013
vn -0.43157348 0.678901136 0.594001353
vn -0.5939978 0.6789092 0.4315658
vn -0.6982942 0.6789 0.226892233
vn -0.993726552 0.111837283 0
vn -0.734242141 0.678887665 -4.74553048E-07
vn 0 0.119261 0.992863
vn -1.23333643E-06 0.09601605 0.9953798
vn 0.3075887 0.09601662 0.9466626
vn 0.3068101 0.11926005 0.9442694
vn 0.5850723 0.0960198939 0.805276752
vn 0.58359015 0.119260035 0.8032432
vn 0.80527854 0.0960283354 0.5850684
vn 0.803244 0.119260006 0.583589
vn 0.946660936 0.09602466 0.3075912
vn 0.9442687 0.119260959 0.3068119
vn 0.306584239 0.125242352 0.943568
vn 0 0.125243589 0.992126048
vn 0 0.5611962 0.827682853
vn 0.255767733 0.5612001 0.78717047
vn 0.2487483 0.593330562 0.7655607
vn 0.473146021 0.5933321 0.6512218
vn 0.5841569 0.111014746 0.8040127
vn 0.8040162 0.111014672 0.584152162
vn 0.6512266 0.5933295 0.473142773
vn 0.945177853 0.11101453 0.3071069
vn 0.7655605 0.5933311 0.248747721
vn 0.3071078 0.111014381 0.9451776
vn 0 0.593324959 0.804963052
vn 0 0.111014925 0.99381876
vn -0.248748 0.5933323 0.7655595
vn -0.307107717 0.111015558 0.9451775
vn 0.945090353 0.111835361 0.3070784
vn 0.8039418 0.11183539 0.584098041
vn 0.5841029 0.111835517 0.8039382
vn 0.307079256 0.111836024 0.94509
vn 0.6696146 0.561187744 0.486502528
vn 0.78717196 0.561196148 0.255771875
vn 0.486507028 0.5611942 0.6696059
vn 0.943566 0.1252488 0.306587666
vn 0.8026464 0.1252488 0.5831566
vn 0.58316 0.125242755 0.802644849
vn 0.698299 0.6788948 0.226892933
vn 0.7342351 0.6788953 -2.14830067E-07
vn 0.9937268 0.111835219 0
vn 0.6982884 0.678906858 -0.22688967
vn 0.9450892 0.111836016 -0.3070815
vn 0.4315706 0.6789082 0.593995333
vn 0.5940017 0.678904 0.431568623
vn 0.2268887 0.6788978 0.6982975
vn -3.17432438E-07 0.678892255 0.734237969
vn 0.9442687 0.119260959 0.3068119
vn 0.946660936 0.09602466 0.3075912
vn 0.9953806 0.09600797 0
vn 0.992863 0.119261 0
vn 0.9466605 0.09601586 -0.307595372
vn 0.9442687 0.119260959 -0.3068119
vn 0.8052818 0.0960269 -0.585064232
vn 0.803244 0.119260006 -0.583589
vn 0.585074544 0.09601893 -0.8052752
vn 0.583589 0.119260006 -0.803244
vn 0.307580233 0.0960127562 -0.9466657
vn 0.3068101 0.11926005 -0.9442694
vn 0.306575358 0.1252408 -0.943571031
vn 0.5831622 0.125243619 -0.802643061
vn 0.486508369 0.5611942 -0.6696049
vn 0.25576055 0.561200738 -0.7871723
vn 0.248741239 0.5933292 -0.765564
vn 0.4731498 0.5933279 -0.651223
vn 0.307102174 0.111014254 -0.9451794
vn 0.669616 0.5611904 -0.486497521
vn 0.6512377 0.593316138 -0.473144144
vn 0.5841589 0.111015081 -0.8040112
vn 0.8040189 0.111013696 -0.5841486
vn 0.765564263 0.5933244 -0.248752132
vn 0.945176959 0.111013912 -0.307109982
vn 0.804958761 0.59333086 0
vn 0.9938189 0.111013718 0
vn 0.7655605 0.5933311 0.248747721
vn 0.945177853 0.11101453 0.3071069
vn 0.584105 0.11183586 -0.8039366
vn 0.3070737 0.111835554 -0.945091844
vn 0.803944349 0.111834958 -0.5840946
vn 0.9450892 0.111836016 -0.3070815
vn 0.9937268 0.111835219 0
vn 0.945090353 0.111835361 0.3070784
vn 0.7871651 0.5612062 -0.255771
vn 0.82767576 0.561206639 -6.350183E-07
vn 0.78717196 0.561196148 0.255771875
vn 0.80264914 0.125251308 -0.5831523
vn 0.943565369 0.125245571 -0.306591
vn 0.9921267 0.1252385 0
vn 0.943566 0.1252488 0.306587666
vn 0.593991637 0.6789182 -0.43155998
vn 0.6982884 0.678906858 -0.22688967
vn 0.431562871 0.6789173 -0.593990564
vn 0.3068101 0.11926005 -0.9442694
vn 0.307580233 0.0960127562 -0.9466657
vn -1.23333666E-06 0.09601618 -0.9953798
vn 0 0.119261 -0.992863
vn -0.307583 0.09601338 -0.9466648
vn -0.3068119 0.119260959 -0.9442687
vn -0.306574941 0.1252426 -0.943571
vn 0 0.125241473 -0.9921263
vn -1.53723846E-07 0.5611926 -0.8276853
vn -0.2557603 0.561198831 -0.787173867
vn -0.248739824 0.5933332 -0.765561461
vn 0 0.5933239 -0.8049639
vn -0.307102025 0.11101453 -0.945179462
vn 0 0.111013316 -0.993818939
vn 0.248741239 0.5933292 -0.765564
vn 0.307102174 0.111014254 -0.9451794
vn -0.307073623 0.111834832 -0.945091963
vn 0 0.111834355 -0.99372685
vn 0.3070737 0.111835554 -0.945091844
vn 0.5841589 0.111015081 -0.8040112
vn 0.4731498 0.5933279 -0.651223
vn -0.5841033 0.11183475 -0.803938031
vn -0.58415705 0.111015104 -0.804012537
vn -0.8039436 0.111833222 -0.5840959
vn 0.25576055 0.561200738 -0.7871723
vn 0.306575358 0.1252408 -0.943571031
vn -0.5940029 0.6789034 -0.4315678
vn -0.698302567 0.678890169 -0.226895928
vn -0.43156597 0.67891103 -0.593995452
vn -0.226887777 0.6789119 -0.69828403
vn 1.18633061E-07 0.6789144 -0.734217465
vn 0.226885691 0.6789117 -0.6982849
vn 0.584105 0.11183586 -0.8039366
vn 0.431562871 0.6789173 -0.593990564
vn -0.3068119 0.119260959 -0.9442687
vn -0.307583 0.09601338 -0.9466648
vn -0.5850764 0.0960065052 -0.8052753
vn -0.5835912 0.11926005 -0.8032424
vn -0.805283368 0.09600614 -0.5850654
vn -0.803244 0.119260006 -0.583589
vn -0.802651048 0.125235543 -0.583153
vn -0.9435674 0.12523 -0.306591123
vn -0.669603467 0.561212659 -0.486489117
vn -0.787154555 0.5612219 -0.255769044
vn -0.765549541 0.593343556 -0.248751789
vn -0.8049488 0.593344331 -5.61504862E-07
vn -0.993819058 0.111012585 0
vn -0.9451756 0.111011349 -0.307114959
vn -0.6512251 0.5933356 -0.473137259
vn -0.80401814 0.111011423 -0.584150136
vn -0.993726552 0.111837283 0
vn -0.945087731 0.111835353 -0.307086319
vn -0.8039436 0.111833222 -0.5840959
vn -0.58415705 0.111015104 -0.804012537
vn -0.473143458 0.5933393 -0.651217163
vn -0.248739824 0.5933332 -0.765561461
vn -0.307102025 0.11101453 -0.945179462
vn -0.8276627 0.5612259 1.22609265E-07
vn -0.9921285 0.12522383 0
vn -0.734242141 0.678887665 -4.74553048E-07
vn -0.698302567 0.678890169 -0.226895928
vn -0.946661234 0.0960023254 -0.30759725
vn -0.9953816 0.09599739 -1.36348277E-07
vn -0.803244 0.119260006 -0.583589
vn -0.805283368 0.09600614 -0.5850654
vn -0.946661234 0.0960023254 -0.30759725
vn -0.9442678 0.119259976 -0.3068149
vn -0.9953816 0.09599739 -1.36348277E-07
vn -0.992863 0.119261 0
vn -0.8049488 0.593344331 -5.61504862E-07
vn -0.993819058 0.111012585 0
vn -0.945176244 0.11101272 0.307112515
vn -0.7655463 0.5933494 0.248747677
vn -0.8276627 0.5612259 1.22609265E-07
vn -0.7871613 0.561212063 0.2557696
vn -0.9921285 0.12522383 0
vn -0.993726552 0.111837283 0
vn -0.945088565 0.111835323 0.3070838
vn -0.473143458 0.5933393 -0.651217163
vn -0.80401814 0.111011423 -0.584150136
vn -0.6512251 0.5933356 -0.473137259
vn -0.4865015 0.561210155 -0.669596553
vn -0.669603467 0.561212659 -0.486489117
vn -0.4865015 0.561210155 -0.669596553
vn -0.583164632 0.1252413 -0.8026417
vn -0.2557603 0.561198831 -0.787173867
vn -0.306574941 0.1252426 -0.943571
vn -0.08645701 0.9600651 0.266083032
vn 0 0.9600653 0.279776067
vn -3.17432438E-07 0.678892255 0.734237969
vn -0.226892069 0.6788927 0.6983013
vn -0.164448038 0.9600654 0.22634311
vn -0.43157348 0.678901136 0.594001353
vn -0.226344064 0.960065246 0.164448038
vn -0.5939978 0.6789092 0.4315658
vn -0.266083032 0.9600651 0.08645701
vn -0.6982942 0.6789 0.226892233
vn -0.279777 0.960065067 0
vn -0.734242141 0.678887665 -4.74553048E-07
vn -0.698302567 0.678890169 -0.226895928
vn -0.266083032 0.9600651 -0.08645701
vn -0.279777 0.960065067 0
vn -0.734242141 0.678887665 -4.74553048E-07
vn -0.22634311 0.9600654 -0.164448038
vn -0.266083032 0.9600651 -0.08645701
vn -0.698302567 0.678890169 -0.226895928
vn -0.5940029 0.6789034 -0.4315678
vn -0.164449 0.960065067 -0.226344019
vn -0.43156597 0.67891103 -0.593995452
vn -0.08645601 0.9600652 -0.266083032
vn -0.226887777 0.6789119 -0.69828403
vn 0 0.960065663 -0.2797749
vn 1.18633061E-07 0.6789144 -0.734217465
vn 0.0864550248 0.9600653 -0.2660831
vn 0.226885691 0.6789117 -0.6982849
vn 0.164448038 0.960065246 -0.226344064
vn 0.431562871 0.6789173 -0.593990564
vn 0.226341948 0.9600659 -0.164446965
vn 0.164448038 0.960065246 -0.226344064
vn 0.431562871 0.6789173 -0.593990564
vn 0.593991637 0.6789182 -0.43155998
vn 0.266083032 0.9600652 -0.08645601
vn 0.6982884 0.678906858 -0.22688967
vn 0.279776067 0.9600653 0
vn 0.266083032 0.9600652 -0.08645601
vn 0.6982884 0.678906858 -0.22688967
vn 0.7342351 0.6788953 -2.14830067E-07
vn 0.266083032 0.9600652 0.08645601
vn 0.698299 0.6788948 0.226892933
vn 0.226341948 0.9600657 0.164447933
vn 0.5940017 0.678904 0.431568623
vn 0.164448038 0.960065246 0.226344064
vn 0.4315706 0.6789082 0.593995333
vn 0.7342351 0.6788953 -2.14830067E-07
vn 0 0.9600653 0.279776067
vn 0.2268887 0.6788978 0.6982975
vn -3.17432438E-07 0.678892255 0.734237969
g m_dlc2_Blender_glass(Clone)_0
f 3/3/3 2/2/2 1/1/1
f 4/4/4 3/3/3 1/1/1
f 1/1/1 2/2/2 5/5/5
f 2/2/2 6/6/6 5/5/5
f 5/5/5 6/6/6 7/7/7
f 6/6/6 8/8/8 7/7/7
f 7/7/7 8/8/8 9/9/9
f 8/8/8 10/10/10 9/9/9
f 9/9/9 10/10/10 11/11/11
f 10/10/10 12/12/12 11/11/11
f 11/11/11 12/12/12 13/13/13
f 12/12/12 14/14/14 13/13/13
f 13/13/13 14/14/14 15/15/15
f 3/3/3 4/4/4 16/16/16
f 4/4/4 17/17/17 16/16/16
f 6/6/6 2/2/2 18/18/18
f 19/19/19 6/6/6 18/18/18
f 8/8/8 6/6/6 20/20/20
f 21/21/21 8/8/8 20/20/20
f 10/10/10 8/8/8 22/22/22
f 23/23/23 10/10/10 22/22/22
f 12/12/12 10/10/10 24/24/24
f 25/25/25 12/12/12 24/24/24
f 14/14/14 12/12/12 26/26/26
f 27/27/27 14/14/14 26/26/26
f 13/13/13 15/15/15 28/28/28
f 29/29/29 13/13/13 28/28/28
f 11/11/11 13/13/13 29/29/29
f 30/30/30 11/11/11 29/29/29
f 9/9/9 11/11/11 30/30/30
f 31/31/31 9/9/9 30/30/30
f 7/7/7 9/9/9 31/31/31
f 32/32/32 7/7/7 31/31/31
f 5/5/5 7/7/7 32/32/32
f 33/33/33 5/5/5 32/32/32
f 1/1/1 5/5/5 33/33/33
f 34/34/34 1/1/1 33/33/33
f 4/4/4 1/1/1 34/34/34
f 29/29/29 28/28/28 35/35/35
f 35/35/35 28/28/28 36/36/36
f 28/28/28 37/37/37 36/36/36
f 38/38/38 29/29/29 35/35/35
f 30/30/30 29/29/29 38/38/38
f 39/39/39 30/30/30 38/38/38
f 31/31/31 30/30/30 39/39/39
f 40/40/40 31/31/31 39/39/39
f 32/32/32 31/31/31 40/40/40
f 41/41/41 32/32/32 40/40/40
f 33/33/33 32/32/32 41/41/41
f 42/42/42 33/33/33 41/41/41
f 34/34/34 33/33/33 42/42/42
f 43/43/43 34/34/34 42/42/42
f 46/46/46 45/45/45 44/44/44
f 44/44/44 45/45/45 47/47/47
f 45/45/45 48/48/48 47/47/47
f 47/47/47 48/48/48 49/49/49
f 48/48/48 50/50/50 49/49/49
f 45/45/45 46/46/46 51/51/51
f 52/52/52 45/45/45 51/51/51
f 48/48/48 45/45/45 53/53/53
f 54/54/54 48/48/48 53/53/53
f 50/50/50 48/48/48 55/55/55
f 56/56/56 50/50/50 55/55/55
f 44/44/44 47/47/47 57/57/57
f 58/58/58 44/44/44 57/57/57
f 61/61/61 60/60/60 59/59/59
f 62/62/62 61/61/61 59/59/59
f 59/59/59 60/60/60 63/63/63
f 60/60/60 64/64/64 63/63/63
f 60/60/60 61/61/61 65/65/65
f 66/66/66 60/60/60 65/65/65
f 64/64/64 60/60/60 67/67/67
f 68/68/68 64/64/64 67/67/67
f 71/71/71 70/70/70 69/69/69
f 72/72/72 71/71/71 69/69/69
f 69/69/69 70/70/70 73/73/73
f 70/70/70 74/74/74 73/73/73
f 73/73/73 74/74/74 75/75/75
f 74/74/74 76/76/76 75/75/75
f 75/75/75 76/76/76 77/77/77
f 76/76/76 78/78/78 77/77/77
f 70/70/70 71/71/71 79/79/79
f 80/80/80 70/70/70 79/79/79
f 74/74/74 70/70/70 81/81/81
f 82/82/82 74/74/74 81/81/81
f 76/76/76 74/74/74 83/83/83
f 84/84/84 76/76/76 83/83/83
f 75/75/75 77/77/77 85/85/85
f 86/86/86 75/75/75 85/85/85
f 73/73/73 75/75/75 86/86/86
f 87/87/87 73/73/73 86/86/86
f 69/69/69 73/73/73 87/87/87
f 88/88/88 69/69/69 87/87/87
f 72/72/72 69/69/69 88/88/88
f 89/89/89 72/72/72 88/88/88
f 90/90/90 72/72/72 89/89/89
f 91/91/91 90/90/90 89/89/89
f 92/92/92 90/90/90 91/91/91
f 93/93/93 92/92/92 91/91/91
f 91/91/91 89/89/89 94/94/94
f 95/95/95 91/91/91 94/94/94
f 93/93/93 91/91/91 95/95/95
f 96/96/96 93/93/93 95/95/95
f 87/87/87 86/86/86 97/97/97
f 98/98/98 87/87/87 97/97/97
f 88/88/88 87/87/87 98/98/98
f 99/99/99 88/88/88 98/98/98
f 89/89/89 88/88/88 99/99/99
f 94/94/94 89/89/89 99/99/99
f 102/102/102 101/101/101 100/100/100
f 103/103/103 102/102/102 100/100/100
f 100/100/100 101/101/101 104/104/104
f 101/101/101 105/105/105 104/104/104
f 104/104/104 105/105/105 106/106/106
f 105/105/105 107/107/107 106/106/106
f 101/101/101 102/102/102 108/108/108
f 109/109/109 101/101/101 108/108/108
f 105/105/105 101/101/101 110/110/110
f 111/111/111 105/105/105 110/110/110
f 103/103/103 100/100/100 112/112/112
f 112/112/112 100/100/100 113/113/113
f 114/114/114 103/103/103 112/112/112
f 112/112/112 113/113/113 115/115/115
f 115/115/115 113/113/113 116/116/116
f 113/113/113 117/117/117 116/116/116
f 118/118/118 112/112/112 115/115/115
f 114/114/114 112/112/112 118/118/118
f 119/119/119 114/114/114 118/118/118
f 120/120/120 114/114/114 119/119/119
f 121/121/121 120/120/120 119/119/119
f 124/124/124 123/123/123 122/122/122
f 125/125/125 124/124/124 122/122/122
f 123/123/123 124/124/124 126/126/126
f 127/127/127 123/123/123 126/126/126
f 125/125/125 122/122/122 128/128/128
f 129/129/129 125/125/125 128/128/128
f 130/130/130 125/125/125 129/129/129
f 131/131/131 130/130/130 129/129/129
f 132/132/132 130/130/130 131/131/131
f 129/129/129 128/128/128 133/133/133
f 134/134/134 129/129/129 133/133/133
f 124/124/124 136/136/136 135/135/135
f 137/137/137 124/124/124 135/135/135
f 140/140/140 139/139/139 138/138/138
f 141/141/141 140/140/140 138/138/138
f 142/142/142 140/140/140 141/141/141
f 143/143/143 142/142/142 141/141/141
f 146/146/146 145/145/145 144/144/144
f 147/147/147 146/146/146 144/144/144
f 145/145/145 149/149/149 148/148/148
f 150/150/150 145/145/145 148/148/148
f 153/153/153 152/152/152 151/151/151
f 154/154/154 153/153/153 151/151/151
f 151/151/151 152/152/152 155/155/155
f 152/152/152 156/156/156 155/155/155
f 155/155/155 156/156/156 157/157/157
f 156/156/156 158/158/158 157/157/157
f 157/157/157 158/158/158 159/159/159
f 158/158/158 160/160/160 159/159/159
f 159/159/159 160/160/160 161/161/161
f 160/160/160 162/162/162 161/161/161
f 161/161/161 162/162/162 163/163/163
f 162/162/162 164/164/164 163/163/163
f 163/163/163 164/164/164 165/165/165
f 164/164/164 166/166/166 165/165/165
f 169/169/169 168/168/168 167/167/167
f 170/170/170 169/169/169 167/167/167
f 170/170/170 167/167/167 171/171/171
f 167/167/167 172/172/172 171/171/171
f 170/170/170 171/171/171 173/173/173
f 174/174/174 170/170/170 173/173/173
f 174/174/174 173/173/173 175/175/175
f 176/176/176 174/174/174 175/175/175
f 176/176/176 175/175/175 177/177/177
f 178/178/178 176/176/176 177/177/177
f 178/178/178 177/177/177 179/179/179
f 180/180/180 178/178/178 179/179/179
f 180/180/180 179/179/179 181/181/181
f 182/182/182 180/180/180 181/181/181
f 182/182/182 181/181/181 183/183/183
f 184/184/184 182/182/182 183/183/183
f 184/184/184 183/183/183 185/185/185
f 186/186/186 184/184/184 185/185/185
f 186/186/186 185/185/185 187/187/187
f 185/185/185 188/188/188 187/187/187
f 187/187/187 188/188/188 189/189/189
f 188/188/188 190/190/190 189/189/189
f 177/177/177 175/175/175 191/191/191
f 175/175/175 192/192/192 191/191/191
f 175/175/175 173/173/173 192/192/192
f 173/173/173 193/193/193 192/192/192
f 173/173/173 171/171/171 193/193/193
f 171/171/171 194/194/194 193/193/193
f 171/171/171 172/172/172 194/194/194
f 172/172/172 195/195/195 194/194/194
f 188/188/188 185/185/185 196/196/196
f 188/188/188 196/196/196 190/190/190
f 185/185/185 197/197/197 196/196/196
f 185/185/185 183/183/183 197/197/197
f 183/183/183 198/198/198 197/197/197
f 183/183/183 181/181/181 198/198/198
f 181/181/181 199/199/199 198/198/198
f 181/181/181 179/179/179 199/199/199
f 179/179/179 200/200/200 199/199/199
f 179/179/179 177/177/177 200/200/200
f 177/177/177 191/191/191 200/200/200
f 195/195/195 201/201/201 194/194/194
f 201/201/201 202/202/202 194/194/194
f 194/194/194 202/202/202 193/193/193
f 202/202/202 203/203/203 193/193/193
f 193/193/193 203/203/203 192/192/192
f 203/203/203 204/204/204 192/192/192
f 192/192/192 204/204/204 191/191/191
f 204/204/204 205/205/205 191/191/191
f 191/191/191 205/205/205 200/200/200
f 205/205/205 206/206/206 200/200/200
f 200/200/200 206/206/206 199/199/199
f 206/206/206 207/207/207 199/199/199
f 199/199/199 207/207/207 198/198/198
f 207/207/207 208/208/208 198/198/198
f 198/198/198 208/208/208 197/197/197
f 208/208/208 209/209/209 197/197/197
f 197/197/197 209/209/209 196/196/196
f 209/209/209 210/210/210 196/196/196
f 196/196/196 210/210/210 211/211/211
f 196/196/196 211/211/211 190/190/190
f 210/210/210 212/212/212 211/211/211
f 215/215/215 214/214/214 213/213/213
f 216/216/216 215/215/215 213/213/213
f 216/216/216 213/213/213 217/217/217
f 213/213/213 218/218/218 217/217/217
f 213/213/213 219/219/219 218/218/218
f 219/219/219 220/220/220 218/218/218
f 220/220/220 219/219/219 221/221/221
f 219/219/219 222/222/222 221/221/221
f 222/222/222 223/223/223 221/221/221
f 223/223/223 224/224/224 221/221/221
f 223/223/223 225/225/225 224/224/224
f 225/225/225 226/226/226 224/224/224
f 225/225/225 227/227/227 226/226/226
f 227/227/227 228/228/228 226/226/226
f 227/227/227 229/229/229 228/228/228
f 229/229/229 230/230/230 228/228/228
f 229/229/229 231/231/231 230/230/230
f 231/231/231 232/232/232 230/230/230
f 231/231/231 233/233/233 232/232/232
f 233/233/233 234/234/234 232/232/232
f 233/233/233 235/235/235 234/234/234
f 235/235/235 236/236/236 234/234/234
f 234/234/234 236/236/236 237/237/237
f 236/236/236 238/238/238 237/237/237
f 234/234/234 237/237/237 239/239/239
f 232/232/232 234/234/234 239/239/239
f 232/232/232 239/239/239 240/240/240
f 230/230/230 232/232/232 240/240/240
f 230/230/230 240/240/240 241/241/241
f 228/228/228 230/230/230 241/241/241
f 228/228/228 241/241/241 242/242/242
f 226/226/226 228/228/228 242/242/242
f 226/226/226 242/242/242 243/243/243
f 224/224/224 226/226/226 243/243/243
f 224/224/224 243/243/243 244/244/244
f 221/221/221 224/224/224 244/244/244
f 221/221/221 244/244/244 245/245/245
f 220/220/220 221/221/221 245/245/245
f 220/220/220 245/245/245 246/246/246
f 218/218/218 220/220/220 246/246/246
f 218/218/218 246/246/246 247/247/247
f 217/217/217 218/218/218 247/247/247
f 245/245/245 248/248/248 246/246/246
f 248/248/248 249/249/249 246/246/246
f 246/246/246 249/249/249 247/247/247
f 249/249/249 250/250/250 247/247/247
f 241/241/241 251/251/251 242/242/242
f 252/252/252 251/251/251 241/241/241
f 240/240/240 252/252/252 241/241/241
f 253/253/253 252/252/252 240/240/240
f 239/239/239 253/253/253 240/240/240
f 254/254/254 253/253/253 239/239/239
f 237/237/237 254/254/254 239/239/239
f 255/255/255 254/254/254 237/237/237
f 238/238/238 255/255/255 237/237/237
f 251/251/251 256/256/256 242/242/242
f 242/242/242 256/256/256 243/243/243
f 256/256/256 257/257/257 243/243/243
f 243/243/243 257/257/257 244/244/244
f 257/257/257 258/258/258 244/244/244
f 244/244/244 258/258/258 245/245/245
f 258/258/258 248/248/248 245/245/245
f 261/261/261 260/260/260 259/259/259
f 262/262/262 261/261/261 259/259/259
f 259/259/259 260/260/260 263/263/263
f 260/260/260 264/264/264 263/263/263
f 263/263/263 264/264/264 265/265/265
f 264/264/264 266/266/266 265/265/265
f 269/269/269 268/268/268 267/267/267
f 270/270/270 269/269/269 267/267/267
f 267/267/267 268/268/268 271/271/271
f 268/268/268 272/272/272 271/271/271
f 271/271/271 272/272/272 273/273/273
f 272/272/272 274/274/274 273/273/273
f 273/273/273 274/274/274 275/275/275
f 274/274/274 276/276/276 275/275/275
f 275/275/275 276/276/276 277/277/277
f 276/276/276 278/278/278 277/277/277
f 277/277/277 278/278/278 279/279/279
f 102/102/102 281/281/281 280/280/280
f 282/282/282 102/102/102 280/280/280
f 285/285/285 284/284/284 283/283/283
f 288/288/288 287/287/287 286/286/286
f 289/289/289 288/288/288 286/286/286
f 287/287/287 290/290/290 286/286/286
f 291/291/291 290/290/290 287/287/287
f 290/290/290 292/292/292 286/286/286
f 286/286/286 292/292/292 293/293/293
f 286/286/286 293/293/293 289/289/289
f 292/292/292 294/294/294 293/293/293
f 293/293/293 295/295/295 289/289/289
f 290/290/290 296/296/296 292/292/292
f 296/296/296 297/297/297 292/292/292
f 292/292/292 297/297/297 294/294/294
f 297/297/297 298/298/298 294/294/294
f 301/301/301 300/300/300 299/299/299
f 302/302/302 301/301/301 299/299/299
f 302/302/302 303/303/303 301/301/301
f 301/301/301 303/303/303 304/304/304
f 301/301/301 304/304/304 300/300/300
f 304/304/304 303/303/303 305/305/305
f 305/305/305 303/303/303 306/306/306
f 306/306/306 303/303/303 307/307/307
f 307/307/307 303/303/303 308/308/308
f 308/308/308 303/303/303 309/309/309
f 309/309/309 303/303/303 310/310/310
f 310/310/310 303/303/303 311/311/311
f 311/311/311 303/303/303 312/312/312
f 312/312/312 303/303/303 313/313/313
f 313/313/313 303/303/303 314/314/314
f 314/314/314 303/303/303 315/315/315
f 315/315/315 303/303/303 316/316/316
f 316/316/316 303/303/303 317/317/317
f 317/317/317 303/303/303 318/318/318
f 318/318/318 303/303/303 319/319/319
f 319/319/319 303/303/303 320/320/320
f 320/320/320 303/303/303 321/321/321
f 321/321/321 303/303/303 302/302/302
f 308/308/308 309/309/309 322/322/322
f 308/308/308 322/322/322 323/323/323
f 307/307/307 308/308/308 323/323/323
f 307/307/307 323/323/323 324/324/324
f 306/306/306 307/307/307 324/324/324
f 306/306/306 324/324/324 325/325/325
f 305/305/305 306/306/306 325/325/325
f 305/305/305 325/325/325 326/326/326
f 304/304/304 305/305/305 326/326/326
f 304/304/304 326/326/326 300/300/300
f 319/319/319 320/320/320 327/327/327
f 319/319/319 327/327/327 328/328/328
f 318/318/318 319/319/319 328/328/328
f 318/318/318 328/328/328 329/329/329
f 317/317/317 318/318/318 329/329/329
f 317/317/317 329/329/329 330/330/330
f 316/316/316 317/317/317 330/330/330
f 316/316/316 330/330/330 331/331/331
f 315/315/315 316/316/316 331/331/331
f 315/315/315 331/331/331 332/332/332
f 314/314/314 315/315/315 332/332/332
f 314/314/314 332/332/332 333/333/333
f 313/313/313 314/314/314 333/333/333
f 313/313/313 333/333/333 334/334/334
f 312/312/312 313/313/313 334/334/334
f 312/312/312 334/334/334 335/335/335
f 311/311/311 312/312/312 335/335/335
f 311/311/311 335/335/335 336/336/336
f 310/310/310 311/311/311 336/336/336
f 310/310/310 336/336/336 337/337/337
f 309/309/309 310/310/310 337/337/337
f 309/309/309 337/337/337 322/322/322
f 340/340/340 339/339/339 338/338/338
f 341/341/341 339/339/339 340/340/340
f 342/342/342 341/341/341 340/340/340
f 343/343/343 341/341/341 342/342/342
f 344/344/344 343/343/343 342/342/342
f 345/345/345 340/340/340 338/338/338
f 346/346/346 345/345/345 338/338/338
f 347/347/347 342/342/342 340/340/340
f 345/345/345 347/347/347 340/340/340
f 348/348/348 344/344/344 342/342/342
f 347/347/347 348/348/348 342/342/342
f 348/348/348 349/349/349 344/344/344
f 349/349/349 350/350/350 344/344/344
f 349/349/349 351/351/351 350/350/350
f 351/351/351 352/352/352 350/350/350
f 352/352/352 353/353/353 350/350/350
f 341/341/341 354/354/354 339/339/339
f 354/354/354 355/355/355 339/339/339
f 356/356/356 354/354/354 341/341/341
f 343/343/343 356/356/356 341/341/341
f 357/357/357 356/356/356 343/343/343
f 355/355/355 359/359/359 358/358/358
f 339/339/339 355/355/355 358/358/358
f 361/361/361 357/357/357 360/360/360
f 364/364/364 363/363/363 362/362/362
f 365/365/365 364/364/364 362/362/362
f 366/366/366 364/364/364 365/365/365
f 366/366/366 367/367/367 364/364/364
f 368/368/368 367/367/367 366/366/366
f 369/369/369 368/368/368 366/366/366
f 369/369/369 366/366/366 370/370/370
f 371/371/371 369/369/369 370/370/370
f 372/372/372 369/369/369 371/371/371
f 373/373/373 372/372/372 371/371/371
f 374/374/374 372/372/372 373/373/373
f 375/375/375 374/374/374 373/373/373
f 376/376/376 371/371/371 370/370/370
f 377/377/377 376/376/376 370/370/370
f 378/378/378 373/373/373 371/371/371
f 376/376/376 378/378/378 371/371/371
f 379/379/379 375/375/375 373/373/373
f 378/378/378 379/379/379 373/373/373
f 374/374/374 380/380/380 372/372/372
f 380/380/380 381/381/381 372/372/372
f 381/381/381 368/368/368 369/369/369
f 372/372/372 381/381/381 369/369/369
f 384/384/384 383/383/383 382/382/382
f 385/385/385 384/384/384 382/382/382
f 386/386/386 385/385/385 382/382/382
f 387/387/387 386/386/386 382/382/382
f 390/390/390 389/389/389 388/388/388
f 391/391/391 390/390/390 388/388/388
f 392/392/392 390/390/390 391/391/391
f 393/393/393 392/392/392 391/391/391
f 394/394/394 392/392/392 393/393/393
f 395/395/395 394/394/394 393/393/393
f 396/396/396 394/394/394 395/395/395
f 397/397/397 391/391/391 388/388/388
f 398/398/398 397/397/397 388/388/388
f 399/399/399 393/393/393 391/391/391
f 397/397/397 399/399/399 391/391/391
f 396/396/396 400/400/400 394/394/394
f 400/400/400 401/401/401 394/394/394
f 394/394/394 401/401/401 392/392/392
f 401/401/401 402/402/402 392/392/392
f 392/392/392 402/402/402 390/390/390
f 402/402/402 403/403/403 390/390/390
f 390/390/390 403/403/403 389/389/389
f 403/403/403 404/404/404 389/389/389
f 389/389/389 404/404/404 405/405/405
f 404/404/404 406/406/406 405/405/405
f 409/409/409 408/408/408 407/407/407
f 410/410/410 408/408/408 409/409/409
f 411/411/411 410/410/410 409/409/409
f 412/412/412 409/409/409 407/407/407
f 413/413/413 412/412/412 407/407/407
f 413/413/413 407/407/407 414/414/414
f 415/415/415 413/413/413 414/414/414
f 416/416/416 411/411/411 409/409/409
f 412/412/412 416/416/416 409/409/409
f 416/416/416 417/417/417 411/411/411
f 417/417/417 418/418/418 411/411/411
f 417/417/417 419/419/419 418/418/418
f 419/419/419 420/420/420 418/418/418
f 410/410/410 421/421/421 408/408/408
f 422/422/422 421/421/421 410/410/410
f 423/423/423 422/422/422 410/410/410
f 424/424/424 422/422/422 423/423/423
f 421/421/421 425/425/425 408/408/408
f 428/428/428 427/427/427 426/426/426
f 429/429/429 428/428/428 426/426/426
f 430/430/430 428/428/428 429/429/429
f 431/431/431 430/430/430 429/429/429
f 432/432/432 430/430/430 431/431/431
f 433/433/433 432/432/432 431/431/431
f 434/434/434 432/432/432 433/433/433
f 435/435/435 434/434/434 433/433/433
f 436/436/436 433/433/433 431/431/431
f 437/437/437 436/436/436 431/431/431
f 438/438/438 435/435/435 433/433/433
f 436/436/436 438/438/438 433/433/433
f 434/434/434 439/439/439 432/432/432
f 439/439/439 440/440/440 432/432/432
f 432/432/432 440/440/440 430/430/430
f 440/440/440 441/441/441 430/430/430
f 430/430/430 441/441/441 428/428/428
f 320/320/320 442/442/442 327/327/327
f 320/320/320 321/321/321 442/442/442
f 321/321/321 443/443/443 442/442/442
f 443/443/443 321/321/321 302/302/302
f 299/299/299 443/443/443 302/302/302
f 446/446/446 445/445/445 444/444/444
f 447/447/447 446/446/446 444/444/444
f 447/447/447 444/444/444 448/448/448
f 449/449/449 447/447/447 448/448/448
f 452/452/452 451/451/451 450/450/450
f 451/451/451 452/452/452 453/453/453
f 452/452/452 454/454/454 453/453/453
f 452/452/452 450/450/450 455/455/455
f 456/456/456 452/452/452 455/455/455
f 452/452/452 456/456/456 454/454/454
f 456/456/456 457/457/457 454/454/454
f 364/364/364 458/458/458 363/363/363
g m_dlc2_Blender_glass(Clone)_1
f 461/461/461 460/460/460 459/459/459
f 461/461/461 462/462/462 460/460/460
f 462/462/462 463/463/463 460/460/460
f 463/463/463 464/464/464 460/460/460
f 464/464/464 465/465/465 460/460/460
f 465/465/465 466/466/466 460/460/460
f 466/466/466 467/467/467 460/460/460
f 467/467/467 468/468/468 460/460/460
f 468/468/468 469/469/469 460/460/460
f 469/469/469 470/470/470 460/460/460
f 460/460/460 470/470/470 471/471/471
f 459/459/459 460/460/460 472/472/472
f 472/472/472 460/460/460 473/473/473
f 473/473/473 460/460/460 474/474/474
f 474/474/474 460/460/460 475/475/475
f 475/475/475 460/460/460 476/476/476
f 476/476/476 460/460/460 477/477/477
f 477/477/477 460/460/460 478/478/478
f 478/478/478 460/460/460 479/479/479
f 479/479/479 460/460/460 471/471/471
f 480/480/480 473/473/473 474/474/474
f 481/481/481 480/480/480 474/474/474
f 481/481/481 474/474/474 475/475/475
f 484/484/484 483/483/483 482/482/482
f 485/485/485 484/484/484 482/482/482
f 486/486/486 484/484/484 485/485/485
f 487/487/487 486/486/486 485/485/485
f 488/488/488 486/486/486 487/487/487
f 489/489/489 488/488/488 487/487/487
f 490/490/490 488/488/488 489/489/489
f 491/491/491 490/490/490 489/489/489
f 492/492/492 490/490/490 491/491/491
f 493/493/493 492/492/492 491/491/491
f 492/492/492 494/494/494 490/490/490
f 494/494/494 495/495/495 490/490/490
f 490/490/490 495/495/495 488/488/488
f 495/495/495 494/494/494 496/496/496
f 494/494/494 497/497/497 496/496/496
f 497/497/497 498/498/498 496/496/496
f 498/498/498 499/499/499 496/496/496
f 496/496/496 499/499/499 500/500/500
f 495/495/495 496/496/496 500/500/500
f 499/499/499 501/501/501 500/500/500
f 499/499/499 502/502/502 501/501/501
f 502/502/502 503/503/503 501/501/501
f 501/501/501 503/503/503 504/504/504
f 503/503/503 505/505/505 504/504/504
f 504/504/504 505/505/505 506/506/506
f 505/505/505 507/507/507 506/506/506
f 502/502/502 508/508/508 503/503/503
f 509/509/509 508/508/508 502/502/502
f 510/510/510 509/509/509 502/502/502
f 511/511/511 509/509/509 510/510/510
f 508/508/508 512/512/512 503/503/503
f 503/503/503 512/512/512 505/505/505
f 512/512/512 513/513/513 505/505/505
f 505/505/505 513/513/513 507/507/507
f 513/513/513 514/514/514 507/507/507
f 507/507/507 514/514/514 515/515/515
f 501/501/501 504/504/504 516/516/516
f 500/500/500 501/501/501 516/516/516
f 504/504/504 506/506/506 517/517/517
f 516/516/516 504/504/504 517/517/517
f 518/518/518 500/500/500 516/516/516
f 518/518/518 495/495/495 500/500/500
f 519/519/519 518/518/518 516/516/516
f 519/519/519 516/516/516 517/517/517
f 520/520/520 519/519/519 517/517/517
f 520/520/520 517/517/517 521/521/521
f 509/509/509 511/511/511 522/522/522
f 509/509/509 522/522/522 508/508/508
f 522/522/522 523/523/523 508/508/508
f 508/508/508 523/523/523 512/512/512
f 523/523/523 524/524/524 512/512/512
f 524/524/524 525/525/525 513/513/513
f 525/525/525 526/526/526 514/514/514
f 495/495/495 518/518/518 488/488/488
f 518/518/518 519/519/519 486/486/486
f 488/488/488 518/518/518 486/486/486
f 519/519/519 520/520/520 484/484/484
f 486/486/486 519/519/519 484/484/484
f 520/520/520 521/521/521 483/483/483
f 484/484/484 520/520/520 483/483/483
f 512/512/512 524/524/524 513/513/513
f 513/513/513 525/525/525 514/514/514
f 514/514/514 526/526/526 527/527/527
f 526/526/526 528/528/528 527/527/527
f 531/531/531 530/530/530 529/529/529
f 532/532/532 531/531/531 529/529/529
f 533/533/533 531/531/531 532/532/532
f 534/534/534 533/533/533 532/532/532
f 535/535/535 533/533/533 534/534/534
f 536/536/536 535/535/535 534/534/534
f 537/537/537 535/535/535 536/536/536
f 538/538/538 537/537/537 536/536/536
f 531/531/531 539/539/539 530/530/530
f 539/539/539 540/540/540 530/530/530
f 540/540/540 539/539/539 541/541/541
f 539/539/539 542/542/542 541/541/541
f 542/542/542 543/543/543 541/541/541
f 544/544/544 543/543/543 542/542/542
f 544/544/544 545/545/545 543/543/543
f 546/546/546 545/545/545 544/544/544
f 547/547/547 546/546/546 544/544/544
f 548/548/548 546/546/546 547/547/547
f 549/549/549 548/548/548 547/547/547
f 545/545/545 550/550/550 543/543/543
f 543/543/543 550/550/550 551/551/551
f 543/543/543 551/551/551 541/541/541
f 550/550/550 552/552/552 551/551/551
f 551/551/551 552/552/552 553/553/553
f 552/552/552 554/554/554 553/553/553
f 548/548/548 555/555/555 546/546/546
f 555/555/555 556/556/556 546/546/546
f 546/546/546 556/556/556 545/545/545
f 556/556/556 557/557/557 545/545/545
f 545/545/545 557/557/557 550/550/550
f 557/557/557 558/558/558 550/550/550
f 550/550/550 558/558/558 552/552/552
f 549/549/549 547/547/547 559/559/559
f 560/560/560 549/549/549 559/559/559
f 559/559/559 547/547/547 561/561/561
f 547/547/547 544/544/544 561/561/561
f 561/561/561 544/544/544 542/542/542
f 562/562/562 560/560/560 559/559/559
f 563/563/563 562/562/562 559/559/559
f 563/563/563 559/559/559 561/561/561
f 564/564/564 563/563/563 561/561/561
f 564/564/564 561/561/561 542/542/542
f 539/539/539 564/564/564 542/542/542
f 555/555/555 565/565/565 556/556/556
f 566/566/566 565/565/565 555/555/555
f 567/567/567 566/566/566 555/555/555
f 568/568/568 566/566/566 567/567/567
f 569/569/569 568/568/568 567/567/567
f 557/557/557 570/570/570 558/558/558
f 571/571/571 570/570/570 557/557/557
f 565/565/565 571/571/571 556/556/556
f 556/556/556 571/571/571 557/557/557
f 562/562/562 563/563/563 535/535/535
f 537/537/537 562/562/562 535/535/535
f 563/563/563 564/564/564 533/533/533
f 535/535/535 563/563/563 533/533/533
f 564/564/564 539/539/539 531/531/531
f 533/533/533 564/564/564 531/531/531
f 570/570/570 572/572/572 558/558/558
f 558/558/558 572/572/572 573/573/573
f 576/576/576 575/575/575 574/574/574
f 577/577/577 576/576/576 574/574/574
f 578/578/578 576/576/576 577/577/577
f 579/579/579 578/578/578 577/577/577
f 580/580/580 578/578/578 579/579/579
f 581/581/581 580/580/580 579/579/579
f 582/582/582 580/580/580 581/581/581
f 583/583/583 582/582/582 581/581/581
f 584/584/584 582/582/582 583/583/583
f 585/585/585 584/584/584 583/583/583
f 584/584/584 586/586/586 582/582/582
f 586/586/586 587/587/587 582/582/582
f 582/582/582 587/587/587 580/580/580
f 587/587/587 586/586/586 588/588/588
f 586/586/586 589/589/589 588/588/588
f 589/589/589 590/590/590 588/588/588
f 590/590/590 591/591/591 588/588/588
f 590/590/590 592/592/592 591/591/591
f 588/588/588 591/591/591 593/593/593
f 587/587/587 588/588/588 593/593/593
f 591/591/591 594/594/594 593/593/593
f 591/591/591 595/595/595 594/594/594
f 595/595/595 596/596/596 594/594/594
f 594/594/594 596/596/596 597/597/597
f 596/596/596 598/598/598 597/597/597
f 597/597/597 598/598/598 599/599/599
f 598/598/598 600/600/600 599/599/599
f 599/599/599 600/600/600 601/601/601
f 600/600/600 602/602/602 601/601/601
f 595/595/595 603/603/603 596/596/596
f 604/604/604 603/603/603 595/595/595
f 603/603/603 605/605/605 596/596/596
f 596/596/596 605/605/605 598/598/598
f 605/605/605 606/606/606 598/598/598
f 598/598/598 606/606/606 600/600/600
f 606/606/606 607/607/607 600/600/600
f 600/600/600 607/607/607 602/602/602
f 607/607/607 608/608/608 602/602/602
f 594/594/594 597/597/597 609/609/609
f 593/593/593 594/594/594 609/609/609
f 597/597/597 599/599/599 610/610/610
f 609/609/609 597/597/597 610/610/610
f 599/599/599 601/601/601 611/611/611
f 610/610/610 599/599/599 611/611/611
f 612/612/612 593/593/593 609/609/609
f 612/612/612 587/587/587 593/593/593
f 613/613/613 612/612/612 609/609/609
f 613/613/613 609/609/609 610/610/610
f 614/614/614 613/613/613 610/610/610
f 614/614/614 610/610/610 611/611/611
f 615/615/615 614/614/614 611/611/611
f 605/605/605 616/616/616 606/606/606
f 616/616/616 617/617/617 606/606/606
f 618/618/618 616/616/616 605/605/605
f 603/603/603 618/618/618 605/605/605
f 587/587/587 612/612/612 580/580/580
f 612/612/612 613/613/613 578/578/578
f 580/580/580 612/612/612 578/578/578
f 613/613/613 614/614/614 576/576/576
f 578/578/578 613/613/613 576/576/576
f 614/614/614 615/615/615 575/575/575
f 576/576/576 614/614/614 575/575/575
f 621/621/621 620/620/620 619/619/619
f 622/622/622 621/621/621 619/619/619
f 623/623/623 621/621/621 622/622/622
f 624/624/624 623/623/623 622/622/622
f 623/623/623 625/625/625 621/621/621
f 625/625/625 626/626/626 621/621/621
f 621/621/621 626/626/626 620/620/620
f 626/626/626 625/625/625 627/627/627
f 625/625/625 628/628/628 627/627/627
f 628/628/628 629/629/629 627/627/627
f 629/629/629 630/630/630 627/627/627
f 629/629/629 631/631/631 630/630/630
f 631/631/631 632/632/632 630/630/630
f 630/630/630 632/632/632 633/633/633
f 632/632/632 634/634/634 633/633/633
f 631/631/631 635/635/635 632/632/632
f 635/635/635 636/636/636 632/632/632
f 632/632/632 636/636/636 634/634/634
f 636/636/636 637/637/637 634/634/634
f 634/634/634 637/637/637 638/638/638
f 634/634/634 638/638/638 639/639/639
f 640/640/640 635/635/635 631/631/631
f 641/641/641 640/640/640 631/631/631
f 642/642/642 640/640/640 641/641/641
f 630/630/630 633/633/633 643/643/643
f 627/627/627 630/630/630 643/643/643
f 626/626/626 627/627/627 643/643/643
f 644/644/644 626/626/626 643/643/643
f 642/642/642 645/645/645 640/640/640
f 646/646/646 645/645/645 642/642/642
f 645/645/645 647/647/647 640/640/640
f 640/640/640 647/647/647 635/635/635
f 647/647/647 648/648/648 635/635/635
f 635/635/635 648/648/648 636/636/636
f 648/648/648 649/649/649 636/636/636
f 636/636/636 649/649/649 637/637/637
f 649/649/649 650/650/650 637/637/637
f 637/637/637 650/650/650 651/651/651
f 650/650/650 652/652/652 651/651/651
f 626/626/626 644/644/644 620/620/620
f 655/655/655 654/654/654 653/653/653
f 656/656/656 655/655/655 653/653/653
f 657/657/657 655/655/655 656/656/656
f 658/658/658 657/657/657 656/656/656
f 657/657/657 659/659/659 655/655/655
f 660/660/660 659/659/659 657/657/657
f 659/659/659 660/660/660 661/661/661
f 660/660/660 662/662/662 661/661/661
f 662/662/662 663/663/663 661/661/661
f 664/664/664 663/663/663 662/662/662
f 664/664/664 665/665/665 663/663/663
f 665/665/665 666/666/666 663/663/663
f 663/663/663 666/666/666 667/667/667
f 663/663/663 667/667/667 661/661/661
f 666/666/666 668/668/668 667/667/667
f 665/665/665 669/669/669 666/666/666
f 669/669/669 670/670/670 666/666/666
f 666/666/666 670/670/670 668/668/668
f 670/670/670 671/671/671 668/668/668
f 668/668/668 671/671/671 672/672/672
f 668/668/668 672/672/672 673/673/673
f 673/673/673 672/672/672 674/674/674
f 672/672/672 675/675/675 674/674/674
f 676/676/676 664/664/664 662/662/662
f 677/677/677 676/676/676 662/662/662
f 660/660/660 677/677/677 662/662/662
f 669/669/669 678/678/678 670/670/670
f 678/678/678 679/679/679 670/670/670
f 670/670/670 679/679/679 671/671/671
f 677/677/677 660/660/660 680/680/680
f 681/681/681 677/677/677 680/680/680
f 680/680/680 660/660/660 657/657/657
f 684/684/684 683/683/683 682/682/682
f 685/685/685 684/684/684 682/682/682
f 686/686/686 684/684/684 685/685/685
f 687/687/687 686/686/686 685/685/685
f 690/690/690 689/689/689 688/688/688
f 691/691/691 690/690/690 688/688/688
f 691/691/691 688/688/688 692/692/692
f 693/693/693 691/691/691 692/692/692
f 693/693/693 692/692/692 694/694/694
f 696/696/696 695/695/695 689/689/689
f 699/699/699 698/698/698 697/697/697
f 699/699/699 697/697/697 700/700/700
f 701/701/701 699/699/699 700/700/700
f 700/700/700 697/697/697 628/628/628
f 697/697/697 629/629/629 628/628/628
f 659/659/659 661/661/661 702/702/702
f 703/703/703 659/659/659 702/702/702
f 703/703/703 702/702/702 704/704/704
f 705/705/705 703/703/703 704/704/704
f 659/659/659 703/703/703 655/655/655
f 703/703/703 705/705/705 654/654/654
f 655/655/655 703/703/703 654/654/654
f 708/708/708 707/707/707 706/706/706
f 709/709/709 708/708/708 706/706/706
f 709/709/709 706/706/706 710/710/710
f 711/711/711 709/709/709 710/710/710
f 711/711/711 710/710/710 712/712/712
f 713/713/713 711/711/711 712/712/712
f 713/713/713 712/712/712 714/714/714
f 715/715/715 713/713/713 714/714/714
f 715/715/715 714/714/714 716/716/716
f 717/717/717 715/715/715 716/716/716
f 720/720/720 719/719/719 718/718/718
f 721/721/721 720/720/720 718/718/718
f 724/724/724 723/723/723 722/722/722
f 725/725/725 724/724/724 722/722/722
f 725/725/725 722/722/722 726/726/726
f 727/727/727 725/725/725 726/726/726
f 727/727/727 726/726/726 728/728/728
f 729/729/729 727/727/727 728/728/728
f 729/729/729 728/728/728 730/730/730
f 731/731/731 729/729/729 730/730/730
f 731/731/731 730/730/730 732/732/732
f 733/733/733 731/731/731 732/732/732
f 733/733/733 732/732/732 734/734/734
f 735/735/735 733/733/733 734/734/734
f 738/738/738 737/737/737 736/736/736
f 739/739/739 738/738/738 736/736/736
f 739/739/739 736/736/736 740/740/740
f 741/741/741 739/739/739 740/740/740
f 744/744/744 743/743/743 742/742/742
f 745/745/745 744/744/744 742/742/742
f 747/747/747 745/745/745 746/746/746
f 747/747/747 746/746/746 748/748/748
f 749/749/749 747/747/747 748/748/748
f 749/749/749 748/748/748 750/750/750
f 751/751/751 749/749/749 750/750/750
f 752/752/752 461/461/461 459/459/459
f 755/755/755 754/754/754 753/753/753
