mtllib Web_Smoothie_Mix_Coral.mtl
usemtl mat_recipe_megaSmoothie_01
v -0.0439720824 0.641585469 -0.0353553258
v 0.0165297221 0.902074337 -0.03535533
v 0.00259369845 0.9065746 0
v -0.0582442358 0.6448675 0
v 0.0165297221 0.902074337 0.03535533
v -0.0439720824 0.641585469 0.03535533
v -0.0439720824 0.641585469 0.03535533
v 0.0165297221 0.902074337 0.03535533
v 0.0501743034 0.8912097 0.04999999
v -0.0095161 0.633661747 0.049999997
v 0.0838188455 0.8803448 0.03535533
v 0.02493989 0.625738144 0.03535533
v 0.0977549 0.875844538 0
v 0.0392120443 0.622456 0
v 0.0392120443 0.622456 0
v 0.0977549 0.875844538 0
v 0.08381886 0.8803448 -0.035355337
v 0.02493989 0.625738144 -0.035355337
v 0.02493989 0.625738144 -0.035355337
v 0.08381886 0.8803448 -0.035355337
v 0.0501743034 0.8912097 -0.049999997
v -0.0095161 0.633661747 -0.0500000045
v 0.0165297221 0.902074337 -0.03535533
v -0.0439720824 0.641585469 -0.0353553258
v 0.4811827 0.835894346 -0.02545639
v 0.468090415 0.814062655 -0.0360007845
v 0.466162473 0.8152188 -0.0290691759
v 0.476733923 0.832847059 -0.020555
v 0.486605674 0.844937265 0
v 0.481112748 0.8401488 0
v 0.455591083 0.7975906 -0.020555
v 0.454998165 0.7922309 -0.02545639
v 0.4811827 0.835894346 0.0254564285
v 0.476733923 0.832847059 0.020555
v 0.468090415 0.814062655 0.0360007845
v 0.466162473 0.8152188 0.0290691368
v 0.454998225 0.7922309 0.0254564285
v 0.455591083 0.7975906 0.020555
v 0.449575275 0.783188 0
v 0.4512122 0.7902888 0
v 0.4512122 0.7902888 0
v 0.449575275 0.783188 0
v 0.475181758 0.851035535 0.035355337
v 0.482713372 0.8635949 0
v 0.475181758 0.851035535 -0.035355337
v 0.456998348 0.8207143 0.049999997
v 0.475181758 0.851035535 -0.035355337
v 0.456998348 0.8207143 -0.049999997
v 0.468090415 0.814062655 -0.0360007845
v 0.4811827 0.835894346 -0.02545639
v 0.454998165 0.7922309 -0.02545639
v 0.438815147 0.790393353 -0.035355337
v 0.423259944 0.799721658 -0.035355337
v 0.441443235 0.8300428 -0.049999997
v 0.2166516 0.923622549 -0.0353553556
v 0.2348349 0.9539438 -0.05000002
v 0.209119871 0.911063135 -1.90734859E-08
v 0.4157282 0.787162244 0
v 0.4596265 0.8603637 -0.035355337
v 0.253018141 0.9842649 -0.0353553
v 0.4312834 0.777834 0
v 0.468090415 0.814062655 0.0360007845
v 0.454998225 0.7922309 0.0254564285
v 0.438815147 0.790393353 0.035355337
v 0.456998348 0.8207143 0.049999997
v 0.4312834 0.777834 0
v 0.449575275 0.783188 0
v 0.423259944 0.799721658 0.035355337
v 0.4157282 0.787162244 0
v 0.2166516 0.923622549 0.03535532
v 0.209119871 0.911063135 -1.90734859E-08
v 0.449575275 0.783188 0
v 0.454998165 0.7922309 -0.02545639
v 0.438815147 0.790393353 -0.035355337
v 0.4312834 0.777834 0
v 0.476733923 0.832847059 -0.020555
v 0.25796932 0.940070331 0
v 0.481112748 0.8401488 0
v 0.476733923 0.832847059 0.020555
v 0.476733923 0.832847059 0.020555
v 0.25796932 0.940070331 0
v 0.466162473 0.8152188 0.0290691368
v 0.455591083 0.7975906 0.020555
v 0.455591083 0.7975906 0.020555
v 0.25796932 0.940070331 0
v 0.4512122 0.7902888 0
v 0.455591083 0.7975906 -0.020555
v 0.455591083 0.7975906 -0.020555
v 0.25796932 0.940070331 0
v 0.466162473 0.8152188 -0.0290691759
v 0.476733923 0.832847059 -0.020555
v 0.2348349 0.9539438 0.04999998
v 0.441443235 0.8300428 0.049999997
v 0.423259944 0.799721658 0.035355337
v 0.2166516 0.923622549 0.03535532
v 0.253018141 0.9842649 0.035355337
v 0.4596265 0.8603637 0.035355337
v 0.438815147 0.790393353 0.035355337
v 0.456998348 0.8207143 0.049999997
v 0.475181758 0.851035535 0.035355337
v 0.260549873 0.996824265 0
v 0.467158228 0.8729232 0
v 0.4596265 0.8603637 0.035355337
v 0.253018141 0.9842649 0.035355337
v 0.253018141 0.9842649 -0.0353553
v 0.4596265 0.8603637 -0.035355337
v 0.475181758 0.851035535 0.035355337
v 0.482713372 0.8635949 0
v 0.475181758 0.851035535 -0.035355337
v 0.125186145 0.968327165 -0.0602638051
v 0.13939859 0.9281542 -0.04261295
v 0.14459902 0.9297938 -0.042612914
v 0.133200735 0.970854 -0.0602637865
v 0.110973783 1.00850022 -0.042612914
v 0.121802486 1.01191413 -0.042612914
v 0.124062508 0.929190338 -0.035355337
v 0.10696137 0.9601348 -0.049999997
v 0.0898602754 0.991079152 -0.035355337
v 0.1528287 0.9745955 -0.04999998
v 0.149089858 1.00975251 -0.035355337
v 0.13939859 0.9281542 -0.04261295
v 0.1452855 0.911513865 0
v 0.1493203 0.912786 0
v 0.14459902 0.9297938 -0.042612914
v 0.131146014 0.9163729 0
v 0.124062508 0.929190338 -0.035355337
v 0.156567559 0.939438462 -0.03535532
v 0.1528287 0.9745955 -0.04999998
v 0.1581162 0.9248759 0
v 0.1452855 0.911513865 0
v 0.139398575 0.9281542 0.0426129326
v 0.144598991 0.9297938 0.0426129326
v 0.1493203 0.912786 0
v 0.133200839 0.970854 0.0602637865
v 0.125186235 0.968327165 0.0602638051
v 0.121802576 1.01191413 0.0426129326
v 0.11097385 1.00850022 0.0426129326
v 0.124062486 0.929190338 0.03535532
v 0.131146014 0.9163729 0
v 0.10696137 0.9601348 0.04999999
v 0.0898602754 0.991079152 0.03535533
v 0.156567559 0.939438462 0.03535532
v 0.152828708 0.9745955 0.049999997
v 0.149089858 1.00975251 0.035355337
v 0.11097385 1.00850022 0.0426129326
v 0.105086908 1.0251404 0
v 0.117081285 1.02892184 0
v 0.121802576 1.01191413 0.0426129326
v 0.121802486 1.01191413 -0.042612914
v 0.110973783 1.00850022 -0.042612914
v 0.08277676 1.00389671 0
v 0.0898602754 0.991079152 0.03535533
v 0.0898602754 0.991079152 -0.035355337
v 0.149089858 1.00975251 0.035355337
v 0.14754118 1.02431512 0
v 0.149089858 1.00975251 -0.035355337
v 0.144598991 0.9297938 0.0426129326
v 0.156567559 0.939438462 0.03535532
v 0.1581162 0.9248759 0
v 0.1493203 0.912786 0
v 0.1701181 0.975194156 -0.0594772138
v 0.1685741 0.9331657 -0.04205675
v 0.1733533 0.932845533 -0.04205675
v 0.177431822 0.974703968 -0.0594772138
v 0.171662092 1.01722252 -0.04205675
v 0.181510314 1.01656246 -0.0420567319
v 0.156567559 0.939438462 -0.03535532
v 0.1528287 0.9745955 -0.04999998
v 0.149089858 1.00975251 -0.035355337
v 0.194486693 0.971803367 -0.04999996
v 0.18608959 0.9374597 -0.0353553556
v 0.202883825 1.006147 -0.03535532
v 0.1685741 0.9331657 -0.04205675
v 0.167934567 0.91575706 0
v 0.171663925 0.9155071 0
v 0.1733533 0.932845533 -0.04205675
v 0.1581162 0.9248759 0
v 0.156567559 0.939438462 -0.03535532
v 0.18608959 0.9374597 -0.0353553556
v 0.182611346 0.9232341 0
v 0.167934567 0.91575706 0
v 0.1685741 0.9331657 0.0420567319
v 0.1733533 0.932845533 0.0420567319
v 0.171663925 0.9155071 0
v 0.182611346 0.9232341 0
v 0.18608959 0.9374597 0.03535532
v 0.1685741 0.9331657 0.0420567319
v 0.1701181 0.975194156 0.0594772138
v 0.177431822 0.974703968 0.0594772138
v 0.1733533 0.932845533 0.0420567319
v 0.181510314 1.01656246 0.04205675
v 0.171662092 1.01722252 0.0420567319
v 0.152828708 0.9745955 0.049999997
v 0.149089858 1.00975251 0.035355337
v 0.18608959 0.9374597 0.03535532
v 0.194486693 0.971803367 0.049999997
v 0.202883825 1.006147 0.03535532
v 0.171662092 1.01722252 0.0420567319
v 0.172301665 1.03463125 -1.90734859E-08
v 0.183199719 1.03390086 0
v 0.181510314 1.01656246 0.04205675
v 0.181510314 1.01656246 -0.0420567319
v 0.171662092 1.01722252 -0.04205675
v 0.14754118 1.02431512 0
v 0.149089858 1.00975251 0.035355337
v 0.149089858 1.00975251 -0.035355337
v 0.202883825 1.006147 0.03535532
v 0.206362039 1.02037275 0
v 0.202883825 1.006147 -0.03535532
v 0.156567559 0.939438462 0.03535532
v 0.1685741 0.9331657 0.0420567319
v 0.167934567 0.91575706 0
v 0.1581162 0.9248759 0
v 0.152828708 0.9745955 0.049999997
v 0.209545746 0.967064261 -0.05922773
v 0.194402114 0.928017735 -0.0418803021
v 0.1987259 0.9253985 -0.0426013172
v 0.21660988 0.9640643 -0.060247343
v 0.224689171 1.00611079 -0.0418802835
v 0.234493822 1.00273 -0.0426013172
v 0.1913181 0.9093828 0
v 0.1881295 0.911844134 0
v 0.18608959 0.9374597 -0.0353553556
v 0.194486693 0.971803367 -0.04999996
v 0.182611346 0.9232341 0
v 0.202883825 1.006147 -0.03535532
v 0.2348349 0.9539438 -0.05000002
v 0.2166516 0.923622549 -0.0353553556
v 0.209119871 0.911063135 -1.90734859E-08
v 0.253018141 0.9842649 -0.0353553
v 0.1881295 0.911844134 0
v 0.194402114 0.928017735 0.04188032
v 0.1987259 0.9253985 0.0426013172
v 0.1913181 0.9093828 0
v 0.18608959 0.9374597 0.03535532
v 0.182611346 0.9232341 0
v 0.194486693 0.971803367 0.049999997
v 0.209119871 0.911063135 -1.90734859E-08
v 0.2166516 0.923622549 0.03535532
v 0.194402114 0.928017735 0.04188032
v 0.209545746 0.967064261 0.0592276938
v 0.21660988 0.9640643 0.06024736
v 0.1987259 0.9253985 0.0426013172
v 0.2344939 1.00273 0.0426013
v 0.22468929 1.00611079 0.04188034
v 0.194486693 0.971803367 0.049999997
v 0.202883825 1.006147 0.03535532
v 0.2166516 0.923622549 0.03535532
v 0.2348349 0.9539438 0.04999998
v 0.253018141 0.9842649 0.035355337
v 0.22468929 1.00611079 0.04188034
v 0.230961949 1.02228439 0
v 0.24190174 1.01874566 0
v 0.2344939 1.00273 0.0426013
v 0.234493822 1.00273 -0.0426013172
v 0.224689171 1.00611079 -0.0418802835
v 0.206362039 1.02037275 0
v 0.202883825 1.006147 0.03535532
v 0.202883825 1.006147 -0.03535532
v 0.253018141 0.9842649 0.035355337
v 0.260549873 0.996824265 0
v 0.253018141 0.9842649 -0.0353553
v 0.0854867 0.945020854 -0.059996374
v 0.113513649 0.9131732 -0.04242386
v 0.116819635 0.9159265 -0.04242386
v 0.09056943 0.949253738 -0.059996374
v 0.0574597344 0.97686857 -0.0424238481
v 0.0643192157 0.9825811 -0.0424238369
v 0.09915805 0.908450246 -0.035355337
v 0.07181914 0.930868745 -0.049999997
v 0.0444802567 0.953287 -0.035355337
v 0.10696137 0.9601348 -0.049999997
v 0.124062508 0.929190338 -0.035355337
v 0.0898602754 0.991079152 -0.035355337
v 0.113513649 0.9131732 -0.04242386
v 0.125122786 0.8999816 0
v 0.127692819 0.9021218 0
v 0.116819635 0.9159265 -0.04242386
v 0.110482186 0.8991642 0
v 0.09915805 0.908450246 -0.035355337
v 0.124062508 0.929190338 -0.035355337
v 0.131146014 0.9163729 0
v 0.125122786 0.8999816 0
v 0.113513649 0.9131732 0.0424238369
v 0.11681962 0.9159265 0.0424238481
v 0.127692819 0.9021218 0
v 0.131146014 0.9163729 0
v 0.124062486 0.929190338 0.03535532
v 0.113513649 0.9131732 0.0424238369
v 0.0854866952 0.945020854 0.059996374
v 0.0905694142 0.949253738 0.0599963926
v 0.11681962 0.9159265 0.0424238481
v 0.0643192157 0.9825811 0.0424238481
v 0.0574597344 0.97686857 0.0424238369
v 0.0534460358 0.996385634 0
v 0.04585059 0.9900603 0
v 0.07181914 0.930868745 0.049999997
v 0.09915801 0.908450246 0.03535533
v 0.125122786 0.8999816 0
v 0.110482186 0.8991642 0
v 0.0444802567 0.953287 0.03535533
v 0.0331560969 0.962573051 0
v 0.124062486 0.929190338 0.03535532
v 0.10696137 0.9601348 0.04999999
v 0.0898602754 0.991079152 0.03535533
v 0.04585059 0.9900603 0
v 0.0574597344 0.97686857 -0.0424238481
v 0.0643192157 0.9825811 -0.0424238369
v 0.0534460358 0.996385634 0
v 0.08277676 1.00389671 0
v 0.0898602754 0.991079152 0.03535533
v 0.0643192157 0.9825811 0.0424238481
v 0.0898602754 0.991079152 -0.035355337
v 0.0444802567 0.953287 -0.035355337
v 0.0574597344 0.97686857 -0.0424238481
v 0.04585059 0.9900603 0
v 0.0331560969 0.962573051 0
v 0.0574681759 0.908891439 -0.0599299036
v 0.09524758 0.8896948 -0.0423768237
v 0.09747727 0.8937802 -0.0423768237
v 0.0608940981 0.915168762 -0.059929885
v 0.01968873 0.928088069 -0.0423768237
v 0.02431096 0.9365571 -0.0423768237
v 0.08381886 0.8803448 -0.035355337
v 0.0501743034 0.8912097 -0.049999997
v 0.0165297221 0.902074337 -0.03535533
v 0.07181914 0.930868745 -0.049999997
v 0.09915805 0.908450246 -0.035355337
v 0.0444802567 0.953287 -0.035355337
v 0.09524758 0.8896948 -0.0423768237
v 0.110896349 0.8817432 0
v 0.112630486 0.8849208 0
v 0.09747727 0.8937802 -0.0423768237
v 0.0977549 0.875844538 0
v 0.08381886 0.8803448 -0.035355337
v 0.09915805 0.908450246 -0.035355337
v 0.110482186 0.8991642 0
v 0.110896349 0.8817432 0
v 0.0952475742 0.8896948 0.0423768237
v 0.09747723 0.8937802 0.0423768237
v 0.112630486 0.8849208 0
v 0.06089409 0.915168762 0.059929885
v 0.05746817 0.908891439 0.059929885
v 0.02431096 0.9365571 0.0423768163
v 0.01968873 0.928088069 0.0423768274
v 0.0838188455 0.8803448 0.03535533
v 0.0977549 0.875844538 0
v 0.0501743034 0.8912097 0.04999999
v 0.0165297221 0.902074337 0.03535533
v 0.110482186 0.8991642 0
v 0.09915801 0.908450246 0.03535533
v 0.07181914 0.930868745 0.049999997
v 0.0444802567 0.953287 0.03535533
v 0.009157705 0.94541657 0
v 0.0331560969 0.962573051 0
v 0.01968873 0.928088069 0.0423768274
v 0.004040003 0.9360396 0
v 0.009157705 0.94541657 0
v 0.02431096 0.9365571 0.0423768163
v 0.02431096 0.9365571 -0.0423768237
v 0.01968873 0.928088069 -0.0423768237
v 0.00259369845 0.9065746 0
v 0.0165297221 0.902074337 0.03535533
v 0.0165297221 0.902074337 -0.03535533
v 0.0331560969 0.962573051 0
v 0.0444802567 0.953287 -0.035355337
v 0 0.1400889 -0.1669995
v 0 0.167025447 -0.1948645
v -0.06021698 0.167025447 -0.185327142
v -0.0516061373 0.1400889 -0.158825681
v -0.114538565 0.167025447 -0.157648936
v -0.0981600955 0.1400889 -0.135104984
v -0.15764831 0.167025447 -0.114538573
v 0 0.69031775 -0.250068367
v -0.077276 0.6903176 -0.237828344
v -0.146986678 0.6903176 -0.202308357
v -0.0981600955 0.1400889 -0.135104984
v -0.15764831 0.167025447 -0.114538573
v -0.1351053 0.1400889 -0.09815918
v -0.185326844 0.167025447 -0.06021606
v -0.158826292 0.1400889 -0.051606454
v -0.1948642 0.167025447 0
v -0.1669989 0.1400889 0
v -0.237829357 0.6903176 -0.07727539
v -0.250068039 0.6903176 0
v -0.202309266 0.6903176 -0.146986067
v -0.146986678 0.6903176 -0.202308357
v -0.158826292 0.1400889 -0.051606454
v -0.1669989 0.1400889 0
v 2.220445E-19 0.1400889 1.77635672E-18
v -0.1351053 0.1400889 -0.09815918
v -0.0981600955 0.1400889 -0.135104984
v -0.0516061373 0.1400889 -0.158825681
v 0 0.1400889 -0.1669995
v 0 0.6745653 -0.236733392
v 0 0.66139257 -0.215644509
v -0.06663818 0.661392331 -0.205090314
v -0.0731551349 0.674565 -0.225147724
v -0.126752853 0.661392331 -0.174459219
v -0.139148638 0.674565 -0.191520989
v -0.1744599 0.661392331 -0.126752928
v -0.191521063 0.674565 -0.139147952
v -0.205090314 0.661392331 -0.06663818
v -0.225147069 0.674565 -0.07315431
v -0.215644225 0.661392331 0
v -0.236733139 0.674565 0
v -0.077276 0.6903176 -0.237828344
v -0.146986678 0.6903176 -0.202308357
v -0.202309266 0.6903176 -0.146986067
v -0.237829357 0.6903176 -0.07727539
v -0.250068039 0.6903176 0
v 0 0.69031775 -0.250068367
v -1.3751521E-18 0.661392331 5.000079E-18
v 0 0.1400889 -0.1669995
v 0.0516061373 0.1400889 -0.158825681
v 0.06021698 0.167025447 -0.185327142
v 0.114538573 0.167025447 -0.157648921
v 0.0981601 0.1400889 -0.135104969
v 0.15764831 0.167025447 -0.114538573
v 0.1351053 0.1400889 -0.09815918
v 0.185326844 0.167025447 -0.06021606
v 0.158826292 0.1400889 -0.0516064428
v 0.1948642 0.167025447 0
v 0.1669989 0.1400889 0
v 0.237829357 0.6903176 -0.07727539
v 0.202309281 0.6903176 -0.146986067
v 0.146986678 0.6903176 -0.202308357
v 0.077276 0.6903176 -0.237828344
v 0 0.1400889 -0.1669995
v 0.06021698 0.167025447 -0.185327142
v 0 0.167025447 -0.1948645
v 0 0.69031775 -0.250068367
v 0.077276 0.6903176 -0.237828344
v 0.158826292 0.1400889 -0.0516064428
v 2.220445E-19 0.1400889 1.77635672E-18
v 0.1669989 0.1400889 0
v 0.1351053 0.1400889 -0.09815918
v 0.0981601 0.1400889 -0.135104969
v 0.0516061373 0.1400889 -0.158825681
v 0 0.1400889 -0.1669995
v 0.237829357 0.6903176 -0.07727539
v 0.1948642 0.167025447 0
v 0.250068039 0.6903176 0
v 0 0.6745653 -0.236733392
v 0.07315514 0.674565 -0.225147724
v 0.06663818 0.661392331 -0.205090314
v 0 0.66139257 -0.215644509
v 0.126752853 0.661392331 -0.174459219
v 0.139148638 0.674565 -0.191520989
v 0.1744599 0.661392331 -0.126752928
v 0.191521063 0.674565 -0.139147952
v 0.205090314 0.661392331 -0.06663818
v 0.225147069 0.674565 -0.07315429
v 0.215644225 0.661392331 0
v 0.236733139 0.674565 0
v 0.077276 0.6903176 -0.237828344
v 0.146986678 0.6903176 -0.202308357
v 0.202309281 0.6903176 -0.146986067
v 0.237829357 0.6903176 -0.07727539
v 0.250068039 0.6903176 0
v 0 0.69031775 -0.250068367
v -1.3751521E-18 0.661392331 5.000079E-18
v 0 0.1400889 0.1669995
v -0.0516061373 0.1400889 0.158825681
v -0.06021698 0.167025447 0.185327142
v 0 0.167025447 0.1948645
v -0.114538573 0.167025447 0.157648921
v -0.0981601 0.1400889 0.135104969
v -0.15764831 0.167025447 0.114538573
v -0.1351053 0.1400889 0.09815918
v -0.185326844 0.167025447 0.06021606
v 0 0.69031775 0.250068367
v -0.077276 0.6903176 0.237828344
v -0.202309281 0.6903176 0.146986067
v -0.237829357 0.6903176 0.07727539
v -0.146986678 0.6903176 0.202308357
v -0.1351053 0.1400889 0.09815918
v -0.158826292 0.1400889 0.0516064428
v -0.185326844 0.167025447 0.06021606
v -0.1948642 0.167025447 0
v -0.1669989 0.1400889 0
v -0.237829357 0.6903176 0.07727539
v -0.250068039 0.6903176 0
v -0.158826292 0.1400889 0.0516064428
v 2.220445E-19 0.1400889 1.77635672E-18
v -0.1669989 0.1400889 0
v -0.1351053 0.1400889 0.09815918
v -0.0981601 0.1400889 0.135104969
v -0.0516061373 0.1400889 0.158825681
v 0 0.1400889 0.1669995
v 0 0.6745653 0.236733392
v -0.07315514 0.674565 0.225147724
v -0.06663818 0.661392331 0.205090314
v 0 0.66139257 0.215644509
v -0.126752853 0.661392331 0.174459219
v -0.139148638 0.674565 0.191520989
v -0.1744599 0.661392331 0.126752928
v -0.191521063 0.674565 0.139147952
v -0.205090314 0.661392331 0.06663818
v -0.225147069 0.674565 0.07315429
v -0.215644225 0.661392331 0
v -0.236733139 0.674565 0
v -0.077276 0.6903176 0.237828344
v -0.146986678 0.6903176 0.202308357
v -0.202309281 0.6903176 0.146986067
v -0.237829357 0.6903176 0.07727539
v -0.250068039 0.6903176 0
v 0 0.69031775 0.250068367
v -1.3751521E-18 0.661392331 5.000079E-18
v 0 0.1400889 0.1669995
v 0 0.167025447 0.1948645
v 0.06021698 0.167025447 0.185327142
v 0.0516061373 0.1400889 0.158825681
v 0.114538565 0.167025447 0.157648936
v 0.0981600955 0.1400889 0.135104984
v 0 0.69031775 0.250068367
v 0.077276 0.6903176 0.237828344
v 0.0981600955 0.1400889 0.135104984
v 0.114538565 0.167025447 0.157648936
v 0.15764831 0.167025447 0.114538573
v 0.1351053 0.1400889 0.09815918
v 0.185326844 0.167025447 0.06021606
v 0.158826292 0.1400889 0.051606454
v 0.1948642 0.167025447 0
v 0.1669989 0.1400889 0
v 0.237829357 0.6903176 0.07727539
v 0.250068039 0.6903176 0
v 0.202309266 0.6903176 0.146986067
v 0.146986678 0.6903176 0.202308357
v 0.077276 0.6903176 0.237828344
v 0.158826292 0.1400889 0.051606454
v 0.1669989 0.1400889 0
v 2.220445E-19 0.1400889 1.77635672E-18
v 0.1351053 0.1400889 0.09815918
v 0.0981600955 0.1400889 0.135104984
v 0.0516061373 0.1400889 0.158825681
v 0 0.1400889 0.1669995
v 0 0.6745653 0.236733392
v 0 0.66139257 0.215644509
v 0.06663818 0.661392331 0.205090314
v 0.0731551349 0.674565 0.225147724
v 0.126752853 0.661392331 0.174459219
v 0.139148638 0.674565 0.191520989
v 0.1744599 0.661392331 0.126752928
v 0.191521063 0.674565 0.139147952
v 0.205090314 0.661392331 0.06663818
v 0.225147069 0.674565 0.07315431
v 0.215644225 0.661392331 0
v 0.236733139 0.674565 0
v 0.077276 0.6903176 0.237828344
v 0.146986678 0.6903176 0.202308357
v 0.202309266 0.6903176 0.146986067
v 0.237829357 0.6903176 0.07727539
v 0.250068039 0.6903176 0
v 0 0.69031775 0.250068367
v -1.3751521E-18 0.661392331 5.000079E-18
v -0.3538463 0.9777534 0.06662993
v -0.339776367 0.9801643 0.07874029
v -0.0356127173 1.12311924 -0.177188054
v -0.0471428372 1.121914 -0.191436708
v -0.04395256 1.12341332 -0.194121107
v -0.0324489027 1.12460625 -0.1798502
v -0.04034942 1.12678158 -0.192820236
v -0.0332218334 1.12751377 -0.183940127
v -0.360068 0.990690231 0.07055693
v -0.05131875 1.13495147 -0.18915996
v -0.03984432 1.13613021 -0.174864426
v -0.3485936 0.991869 0.08485249
v -0.03663276 1.1376307 -0.177565947
v -0.0481071 1.1364522 -0.191861525
v -0.03578824 1.13561356 -0.182548121
v -0.042915877 1.13488138 -0.191428214
v -0.3485936 0.991869 0.08485249
v -0.03984432 1.13613021 -0.174864426
v -0.0356127173 1.12311924 -0.177188054
v -0.339776367 0.9801643 0.07874029
v -0.0324489027 1.12460625 -0.1798502
v -0.03663276 1.1376307 -0.177565947
v -0.0332218334 1.12751377 -0.183940127
v -0.03578824 1.13561356 -0.182548121
v -0.03578824 1.13561356 -0.182548121
v -0.042915877 1.13488138 -0.191428214
v -0.04034942 1.12678158 -0.192820236
v -0.0332218334 1.12751377 -0.183940127
v -0.042915877 1.13488138 -0.191428214
v -0.04395256 1.12341332 -0.194121107
v -0.0481071 1.1364522 -0.191861525
v -0.05131875 1.13495147 -0.18915996
v -0.360068 0.990690231 0.07055693
v -0.3538463 0.9777534 0.06662993
v -0.0471428372 1.121914 -0.191436708
v -0.0481071 1.1364522 -0.191861525
v -0.04395256 1.12341332 -0.194121107
v -0.316560745 0.9389018 0.0402618162
v -0.290995359 1.014758 0.0149261523
v -0.281267 1.01575756 0.0270464122
v -0.3054325 0.940045059 0.054125946
v -0.306424439 0.9378967 0.0322085246
v -0.295296043 0.939039946 0.04607279
v -0.268282145 1.02256608 0.0160626024
v -0.278010637 1.02156675 0.00394229637
v -0.295296043 0.939039946 0.04607279
v -0.3054325 0.940045059 0.054125946
v -0.281267 1.01575756 0.0270464122
v -0.268282145 1.02256608 0.0160626024
v -0.278010637 1.02156675 0.00394229637
v -0.290995359 1.014758 0.0149261523
v -0.316560745 0.9389018 0.0402618162
v -0.306424439 0.9378967 0.0322085246
v -0.354457766 0.9879028 0.07739578
v -0.354180872 0.9923751 0.07775204
v -0.057905104 1.138845 -0.1721351
v -0.07786235 1.10181069 -0.2111116
v -0.362665653 0.9842223 0.07264338
v -0.361376971 0.9881769 0.0733394846
v -0.202393964 1.08050323 -0.299837649
v -0.23256807 1.03475428 -0.319922656
v -0.358106 0.986110449 0.07508628
v -0.3572711 0.9901372 0.07582651
v -0.121147655 1.11540842 -0.242142171
v -0.147775039 1.07399368 -0.273645252
v -0.3572711 0.9901372 0.07582651
v -0.354457766 0.9879028 0.07739578
v -0.07786235 1.10181069 -0.2111116
v -0.121147655 1.11540842 -0.242142171
v -0.361376971 0.9881769 0.0733394846
v -0.358106 0.986110449 0.07508628
v -0.147775039 1.07399368 -0.273645252
v -0.202393964 1.08050323 -0.299837649
v -0.365824729 0.98778224 0.06979434
v -0.362665653 0.9842223 0.07264338
v -0.23256807 1.03475428 -0.319922656
v -0.302085221 1.04103816 -0.33613348
v -0.359214544 1.00077319 0.07785138
v -0.08261916 1.11468136 -0.210655838
v -0.06206685 1.15071869 -0.170031652
v -0.3583425 1.00424862 0.07985534
v -0.3685546 0.99668473 0.07224784
v -0.2384572 1.04721689 -0.320318133
v -0.208590254 1.092807 -0.2993846
v -0.367573 1.00048065 0.0737922639
v -0.363665 0.998960853 0.0749195
v -0.153334066 1.08684433 -0.273812026
v -0.126539871 1.12787342 -0.241177961
v -0.362663329 1.00260234 0.07679066
v -0.362663329 1.00260234 0.07679066
v -0.126539871 1.12787342 -0.241177961
v -0.08261916 1.11468136 -0.210655838
v -0.359214544 1.00077319 0.07785138
v -0.367573 1.00048065 0.0737922639
v -0.208590254 1.092807 -0.2993846
v -0.153334066 1.08684433 -0.273812026
v -0.363665 0.998960853 0.0749195
v -0.3728148 0.9984473 0.07014393
v -0.3090754 1.05170345 -0.33578375
v -0.2384572 1.04721689 -0.320318133
v -0.3685546 0.99668473 0.07224784
v -0.06206685 1.15071869 -0.170031652
v -0.08261916 1.11468136 -0.210655838
v -0.07786235 1.10181069 -0.2111116
v -0.057905104 1.138845 -0.1721351
v -0.121147655 1.11540842 -0.242142171
v -0.126539871 1.12787342 -0.241177961
v -0.147775039 1.07399368 -0.273645252
v -0.153334066 1.08684433 -0.273812026
v -0.202393964 1.08050323 -0.299837649
v -0.208590254 1.092807 -0.2993846
v -0.23256807 1.03475428 -0.319922656
v -0.2384572 1.04721689 -0.320318133
v -0.302085221 1.04103816 -0.33613348
v -0.3090754 1.05170345 -0.33578375
v -0.36496374 0.9698762 0.06576532
v -0.349116772 0.979841 0.06587692
v -0.280499637 1.02837527 -0.3481124
v -0.295778871 1.01882553 -0.351685435
v -0.295059144 1.01933467 -0.356027663
v -0.2797859 1.02888 -0.352418572
v -0.292905718 1.02341747 -0.3581982
v -0.283422321 1.029344 -0.3559314
v -0.373171151 0.982016861 0.0683599338
v -0.3031554 1.03057992 -0.3515564
v -0.2878886 1.04012048 -0.347907454
v -0.357904315 0.991557539 0.07200895
v -0.2871603 1.04062569 -0.352275282
v -0.302427083 1.03108513 -0.355924368
v -0.287993222 1.03664017 -0.355884463
v -0.297476619 1.03071368 -0.358151168
v -0.357904315 0.991557539 0.07200895
v -0.2878886 1.04012048 -0.347907454
v -0.280499637 1.02837527 -0.3481124
v -0.349116772 0.979841 0.06587692
v -0.2797859 1.02888 -0.352418572
v -0.2871603 1.04062569 -0.352275282
v -0.283422321 1.029344 -0.3559314
v -0.287993222 1.03664017 -0.355884463
v -0.287993222 1.03664017 -0.355884463
v -0.297476619 1.03071368 -0.358151168
v -0.292905718 1.02341747 -0.3581982
v -0.283422321 1.029344 -0.3559314
v -0.297476619 1.03071368 -0.358151168
v -0.295059144 1.01933467 -0.356027663
v -0.302427083 1.03108513 -0.355924368
v -0.3031554 1.03057992 -0.3515564
v -0.373171151 0.982016861 0.0683599338
v -0.36496374 0.9698762 0.06576532
v -0.295778871 1.01882553 -0.351685435
v -0.302427083 1.03108513 -0.355924368
v -0.295059144 1.01933467 -0.356027663
v -0.3322054 0.929312944 0.03616028
v -0.3531603 0.986938536 -0.0211968683
v -0.340216547 0.9950274 -0.01810318
v -0.3173993 0.938565731 0.0396991037
v -0.327444077 0.9261532 0.0245002527
v -0.312637776 0.9354061 0.0280390382
v -0.337590069 0.9976838 -0.0360377431
v -0.3505338 0.989595 -0.0391315259
v -0.312637776 0.9354061 0.0280390382
v -0.3173993 0.938565731 0.0396991037
v -0.340216547 0.9950274 -0.01810318
v -0.337590069 0.9976838 -0.0360377431
v -0.3505338 0.989595 -0.0391315259
v -0.3531603 0.986938536 -0.0211968683
v -0.3322054 0.929312944 0.03616028
v -0.327444077 0.9261532 0.0245002527
v -0.364460975 0.9836931 0.07106854
v -0.365824729 0.98778224 0.06979434
v -0.302085221 1.04103816 -0.33613348
v -0.321459979 0.987410963 -0.342276
v -0.371751368 0.9770052 0.07343948
v -0.37195003 0.9809598 0.07198816
v -0.453229368 0.9079999 -0.329423666
v -0.468637615 0.85423404 -0.312730432
v -0.367730975 0.9804912 0.07202277
v -0.368299127 0.984460652 0.07084768
v -0.375560969 0.977932155 -0.3444304
v -0.395096362 0.9230437 -0.33971405
v -0.368299127 0.984460652 0.07084768
v -0.364460975 0.9836931 0.07106854
v -0.321459979 0.987410963 -0.342276
v -0.375560969 0.977932155 -0.3444304
v -0.37195003 0.9809598 0.07198816
v -0.367730975 0.9804912 0.07202277
v -0.395096362 0.9230437 -0.33971405
v -0.453229368 0.9079999 -0.329423666
v -0.376972735 0.978262663 0.07205197
v -0.371751368 0.9770052 0.07343948
v -0.468637615 0.85423404 -0.312730432
v -0.533957243 0.8414775 -0.286168665
v -0.373073727 0.9943508 0.07022268
v -0.33007288 0.9980688 -0.343121737
v -0.3090754 1.05170345 -0.33578375
v -0.3728148 0.9984473 0.07014393
v -0.381498963 0.9867339 0.07274323
v -0.47838527 0.8639628 -0.313426644
v -0.4627689 0.917947233 -0.329254746
v -0.381489545 0.990906954 0.07215683
v -0.377261966 0.990714848 0.07118543
v -0.404627383 0.9332674 -0.3405514
v -0.3842875 0.9883836 -0.344398081
v -0.377025664 0.9949121 0.07087994
v -0.377025664 0.9949121 0.07087994
v -0.3842875 0.9883836 -0.344398081
v -0.33007288 0.9980688 -0.343121737
v -0.373073727 0.9943508 0.07022268
v -0.381489545 0.990906954 0.07215683
v -0.4627689 0.917947233 -0.329254746
v -0.404627383 0.9332674 -0.3405514
v -0.377261966 0.990714848 0.07118543
v -0.3865519 0.9866197 0.0731131062
v -0.5435363 0.8498348 -0.2851075
v -0.47838527 0.8639628 -0.313426644
v -0.381498963 0.9867339 0.07274323
v -0.3090754 1.05170345 -0.33578375
v -0.33007288 0.9980688 -0.343121737
v -0.321459979 0.987410963 -0.342276
v -0.302085221 1.04103816 -0.33613348
v -0.375560969 0.977932155 -0.3444304
v -0.4627689 0.917947233 -0.329254746
v -0.47838527 0.8639628 -0.313426644
v -0.468637615 0.85423404 -0.312730432
v -0.453229368 0.9079999 -0.329423666
v -0.404627383 0.9332674 -0.3405514
v -0.395096362 0.9230437 -0.33971405
v -0.3842875 0.9883836 -0.344398081
v -0.375560969 0.977932155 -0.3444304
v -0.33007288 0.9980688 -0.343121737
v -0.533957243 0.8414775 -0.286168665
v -0.5435363 0.8498348 -0.2851075
v -0.371141344 0.9609536 0.07404914
v -0.362357855 0.972044349 0.0617902
v -0.517322063 0.8280774 -0.303874373
v -0.5274095 0.8157899 -0.294672251
v -0.529035 0.8142798 -0.2985076
v -0.518933952 0.8265798 -0.307677925
v -0.529915 0.8171162 -0.302654833
v -0.523631036 0.8247653 -0.308329225
v -0.3812334 0.971471369 0.07705118
v -0.537824154 0.8249286 -0.2938865
v -0.527708054 0.837242365 -0.303021669
v -0.371117324 0.983785152 0.06791614
v -0.5293369 0.835718 -0.306880057
v -0.53945297 0.8234042 -0.297745049
v -0.5301046 0.830423236 -0.307871
v -0.5363885 0.822774231 -0.302196562
v -0.371117324 0.983785152 0.06791614
v -0.527708054 0.837242365 -0.303021669
v -0.517322063 0.8280774 -0.303874373
v -0.362357855 0.972044349 0.0617902
v -0.518933952 0.8265798 -0.307677925
v -0.5293369 0.835718 -0.306880057
v -0.523631036 0.8247653 -0.308329225
v -0.5301046 0.830423236 -0.307871
v -0.5301046 0.830423236 -0.307871
v -0.5363885 0.822774231 -0.302196562
v -0.529915 0.8171162 -0.302654833
v -0.523631036 0.8247653 -0.308329225
v -0.5363885 0.822774231 -0.302196562
v -0.529035 0.8142798 -0.2985076
v -0.53945297 0.8234042 -0.297745049
v -0.537824154 0.8249286 -0.2938865
v -0.3812334 0.971471369 0.07705118
v -0.371141344 0.9609536 0.07404914
v -0.5274095 0.8157899 -0.294672251
v -0.53945297 0.8234042 -0.297745049
v -0.529035 0.8142798 -0.2985076
v -0.34281227 0.9166854 0.0451918021
v -0.408457875 0.936272264 -0.00335354079
v -0.399881154 0.9467123 -0.0110986587
v -0.3330014 0.9286276 0.0363323055
v -0.343152732 0.909132957 0.0346346162
v -0.333341867 0.921075165 0.0257749353
v -0.40708673 0.940903366 -0.0269081723
v -0.4156636 0.9304634 -0.0191630479
v -0.333341867 0.921075165 0.0257749353
v -0.3330014 0.9286276 0.0363323055
v -0.399881154 0.9467123 -0.0110986587
v -0.40708673 0.940903366 -0.0269081723
v -0.4156636 0.9304634 -0.0191630479
v -0.408457875 0.936272264 -0.00335354079
v -0.34281227 0.9166854 0.0451918021
v -0.343152732 0.909132957 0.0346346162
v -0.3737004 0.9755275 0.0734714046
v -0.376972735 0.978262663 0.07205197
v -0.533957243 0.8414775 -0.286168665
v -0.531258 0.789128542 -0.262902737
v -0.3758031 0.9697504 0.08157713
v -0.378175944 0.9724609 0.07938479
v -0.5992942 0.7064346 -0.151694655
v -0.5828628 0.665400743 -0.113575496
v -0.374614835 0.9727091 0.07708754
v -0.3771608 0.9755078 0.07531406
v -0.5716561 0.7717043 -0.229951352
v -0.5635906 0.723389745 -0.198056564
v -0.3771608 0.9755078 0.07531406
v -0.3737004 0.9755275 0.0734714046
v -0.531258 0.789128542 -0.262902737
v -0.5716561 0.7717043 -0.229951352
v -0.378175944 0.9724609 0.07938479
v -0.374614835 0.9727091 0.07708754
v -0.5635906 0.723389745 -0.198056564
v -0.5992942 0.7064346 -0.151694655
v -0.381094575 0.969392657 0.08320238
v -0.3758031 0.9697504 0.08157713
v -0.5828628 0.665400743 -0.113575496
v -0.617693543 0.65706265 -0.0515093319
v -0.3851203 0.983065546 0.0745871961
v -0.542678058 0.796666861 -0.261786938
v -0.5435363 0.8498348 -0.2851075
v -0.3865519 0.9866197 0.0731131062
v -0.3876952 0.976382136 0.0837554038
v -0.594755 0.6720327 -0.111397147
v -0.610707462 0.7136981 -0.1490564
v -0.389589369 0.97972405 0.08202283
v -0.386592776 0.97973603 0.07888062
v -0.5755687 0.7304167 -0.1962635
v -0.5826816 0.779462934 -0.228046685
v -0.3881863 0.983266532 0.07721865
v -0.3881863 0.983266532 0.07721865
v -0.5826816 0.779462934 -0.228046685
v -0.542678058 0.796666861 -0.261786938
v -0.3851203 0.983065546 0.0745871961
v -0.389589369 0.97972405 0.08202283
v -0.610707462 0.7136981 -0.1490564
v -0.5755687 0.7304167 -0.1962635
v -0.386592776 0.97973603 0.07888062
v -0.3915068 0.9756945 0.0870235339
v -0.62810576 0.6633647 -0.0476881973
v -0.594755 0.6720327 -0.111397147
v -0.3876952 0.976382136 0.0837554038
v -0.5435363 0.8498348 -0.2851075
v -0.542678058 0.796666861 -0.261786938
v -0.531258 0.789128542 -0.262902737
v -0.533957243 0.8414775 -0.286168665
v -0.5716561 0.7717043 -0.229951352
v -0.5826816 0.779462934 -0.228046685
v -0.5635906 0.723389745 -0.198056564
v -0.5755687 0.7304167 -0.1962635
v -0.5992942 0.7064346 -0.151694655
v -0.610707462 0.7136981 -0.1490564
v -0.594755 0.6720327 -0.111397147
v -0.5828628 0.665400743 -0.113575496
v -0.5992942 0.7064346 -0.151694655
v -0.5755687 0.7304167 -0.1962635
v -0.617693543 0.65706265 -0.0515093319
v -0.62810576 0.6633647 -0.0476881973
v -0.368760228 0.9562123 0.08662882
v -0.371743232 0.961341739 0.06887416
v -0.6073528 0.6395573 -0.07038819
v -0.606348932 0.6317426 -0.053794764
v -0.6088201 0.6283674 -0.055255428
v -0.609803438 0.636210144 -0.0718366951
v -0.612540364 0.6287262 -0.05872671
v -0.613136947 0.6336172 -0.06901832
v -0.379532039 0.9652311 0.09153948
v -0.6178591 0.638465047 -0.0499326736
v -0.6188197 0.6463387 -0.066500634
v -0.380492538 0.973104835 0.07497155
v -0.6212987 0.6429398 -0.06797219
v -0.620338261 0.6350661 -0.05140426
v -0.380492538 0.973104835 0.07497155
v -0.6188197 0.6463387 -0.066500634
v -0.6073528 0.6395573 -0.07038819
v -0.371743232 0.961341739 0.06887416
v -0.609803438 0.636210144 -0.0718366951
v -0.6212987 0.6429398 -0.06797219
v -0.6202967 0.637762 -0.0666334
v -0.619700134 0.6328711 -0.05634176
v -0.612540364 0.6287262 -0.05872671
v -0.613136947 0.6336172 -0.06901832
v -0.6212987 0.6429398 -0.06797219
v -0.609803438 0.636210144 -0.0718366951
v -0.6178591 0.638465047 -0.0499326736
v -0.379532039 0.9652311 0.09153948
v -0.368760228 0.9562123 0.08662882
v -0.606348932 0.6317426 -0.053794764
v -0.620338261 0.6350661 -0.05140426
v -0.6088201 0.6283674 -0.055255428
v -0.619700134 0.6328711 -0.05634176
v -0.612540364 0.6287262 -0.05872671
v -0.620338261 0.6350661 -0.05140426
v -0.619700134 0.6328711 -0.05634176
v -0.6202967 0.637762 -0.0666334
v -0.6212987 0.6429398 -0.06797219
v -0.3421678 0.90841645 0.062065877
v -0.424495637 0.892438948 0.05800372
v -0.425310045 0.8991146 0.043956764
v -0.343099326 0.9160524 0.04599784
v -0.34434852 0.8968063 0.0566749834
v -0.3452801 0.90444237 0.04060672
v -0.436062038 0.885486066 0.0381034277
v -0.435247749 0.8788104 0.05215039
v -0.3452801 0.90444237 0.04060672
v -0.343099326 0.9160524 0.04599784
v -0.425310045 0.8991146 0.043956764
v -0.436062038 0.885486066 0.0381034277
v -0.435247749 0.8788104 0.05215039
v -0.424495637 0.892438948 0.05800372
v -0.3421678 0.90841645 0.062065877
v -0.34434852 0.8968063 0.0566749834
v -0.376763761 0.968189359 0.08319682
v -0.381094575 0.969392657 0.08320238
v -0.617693543 0.65706265 -0.0515093319
v -0.5843595 0.623114765 -0.0194877554
v -0.372447461 0.9667075 0.09228929
v -0.3764079 0.967659 0.09119658
v -0.5550258 0.5938817 0.129238158
v -0.508332133 0.5788704 0.16087997
v -0.3747251 0.9673228 0.08731369
v -0.3786649 0.9685232 0.08660922
v -0.5945632 0.6175301 0.0342347175
v -0.5545562 0.5919865 0.0683461651
v -0.3786649 0.9685232 0.08660922
v -0.376763761 0.968189359 0.08319682
v -0.5843595 0.623114765 -0.0194877554
v -0.5945632 0.6175301 0.0342347175
v -0.3764079 0.967659 0.09119658
v -0.3747251 0.9673228 0.08731369
v -0.5545562 0.5919865 0.0683461651
v -0.5550258 0.5938817 0.129238158
v -0.375775725 0.966368258 0.0967138857
v -0.372447461 0.9667075 0.09228929
v -0.508332133 0.5788704 0.16087997
v -0.5042426 0.5958216 0.2303843
v -0.388297379 0.9735283 0.0883883461
v -0.5958934 0.628454 -0.0142963212
v -0.62810576 0.6633647 -0.0476881973
v -0.3915068 0.9756945 0.0870235339
v -0.383513629 0.9716934 0.09883354
v -0.5193985 0.5838565 0.167424291
v -0.5657457 0.599706054 0.1356526
v -0.3871276 0.973482847 0.09761091
v -0.386191666 0.9724555 0.09349739
v -0.5660228 0.5971192 0.07452985
v -0.6055054 0.6234944 0.0397191755
v -0.389607221 0.9744875 0.092093654
v -0.389607221 0.9744875 0.092093654
v -0.6055054 0.6234944 0.0397191755
v -0.5958934 0.628454 -0.0142963212
v -0.388297379 0.9735283 0.0883883461
v -0.3871276 0.973482847 0.09761091
v -0.5657457 0.599706054 0.1356526
v -0.5660228 0.5971192 0.07452985
v -0.386191666 0.9724555 0.09349739
v -0.384777 0.9720713 0.10372667
v -0.5132441 0.60152483 0.23739706
v -0.5193985 0.5838565 0.167424291
v -0.383513629 0.9716934 0.09883354
v -0.62810576 0.6633647 -0.0476881973
v -0.5958934 0.628454 -0.0142963212
v -0.5843595 0.623114765 -0.0194877554
v -0.617693543 0.65706265 -0.0515093319
v -0.5945632 0.6175301 0.0342347175
v -0.6055054 0.6234944 0.0397191755
v -0.5545562 0.5919865 0.0683461651
v -0.5660228 0.5971192 0.07452985
v -0.5550258 0.5938817 0.129238158
v -0.5657457 0.599706054 0.1356526
v -0.508332133 0.5788704 0.16087997
v -0.5193985 0.5838565 0.167424291
v -0.5042426 0.5958216 0.2303843
v -0.5132441 0.60152483 0.23739706
v -0.359215349 0.958429933 0.0961353853
v -0.371775061 0.95400244 0.08297907
v -0.4978528 0.5732477 0.215573266
v -0.486355126 0.5744961 0.229844272
v -0.487677485 0.57050246 0.231235072
v -0.4991642 0.5692871 0.2169524
v -0.492381036 0.5686038 0.2306963
v -0.499508739 0.5678717 0.2218163
v -0.3690637 0.966951668 0.103337765
v -0.496377081 0.5804173 0.237400427
v -0.507851541 0.5792386 0.2231049
v -0.380538166 0.9657729 0.08904223
v -0.5091758 0.575217962 0.22449936
v -0.4977014 0.5763966 0.238794953
v -0.505736351 0.5715147 0.226514652
v -0.498608768 0.5722469 0.235394821
v -0.380538166 0.9657729 0.08904223
v -0.507851541 0.5792386 0.2231049
v -0.4978528 0.5732477 0.215573266
v -0.371775061 0.95400244 0.08297907
v -0.4991642 0.5692871 0.2169524
v -0.5091758 0.575217962 0.22449936
v -0.499508739 0.5678717 0.2218163
v -0.505736351 0.5715147 0.226514652
v -0.505736351 0.5715147 0.226514652
v -0.498608768 0.5722469 0.235394821
v -0.492381036 0.5686038 0.2306963
v -0.499508739 0.5678717 0.2218163
v -0.498608768 0.5722469 0.235394821
v -0.487677485 0.57050246 0.231235072
v -0.4977014 0.5763966 0.238794953
v -0.496377081 0.5804173 0.237400427
v -0.3690637 0.966951668 0.103337765
v -0.359215349 0.958429933 0.0961353853
v -0.486355126 0.5744961 0.229844272
v -0.4977014 0.5763966 0.238794953
v -0.487677485 0.57050246 0.231235072
v -0.330649644 0.9093496 0.07689786
v -0.391878724 0.8811156 0.126932666
v -0.4016073 0.8801162 0.114812419
v -0.341777831 0.9082064 0.0630337149
v -0.330330849 0.896393955 0.07771043
v -0.3414592 0.8952507 0.063846156
v -0.407542557 0.863894463 0.120914094
v -0.3978141 0.864893854 0.1330344
v -0.3414592 0.8952507 0.063846156
v -0.341777831 0.9082064 0.0630337149
v -0.4016073 0.8801162 0.114812419
v -0.407542557 0.863894463 0.120914094
v -0.3978141 0.864893854 0.1330344
v -0.391878724 0.8811156 0.126932666
v -0.330649644 0.9093496 0.07689786
v -0.330330849 0.896393955 0.07771043
v -0.371856719 0.9659771 0.09454776
v -0.375775725 0.966368258 0.0967138857
v -0.5042426 0.5958216 0.2303843
v -0.4496585 0.586618245 0.245379791
v -0.363650054 0.96965915 0.09930103
v -0.367681265 0.9693668 0.100504272
v -0.346355975 0.636273146 0.34880814
v -0.288704634 0.6453315 0.349863678
v -0.3679972 0.9674874 0.09671097
v -0.371930569 0.96759814 0.09811668
v -0.4308635 0.6057228 0.293371171
v -0.3732852 0.605808258 0.30343914
v -0.371930569 0.96759814 0.09811668
v -0.371856719 0.9659771 0.09454776
v -0.4496585 0.586618245 0.245379791
v -0.4308635 0.6057228 0.293371171
v -0.367681265 0.9693668 0.100504272
v -0.3679972 0.9674874 0.09671097
v -0.3732852 0.605808258 0.30343914
v -0.346355975 0.636273146 0.34880814
v -0.364131838 0.970961 0.104671612
v -0.363650054 0.96965915 0.09930103
v -0.288704634 0.6453315 0.349863678
v -0.260062516 0.69362843 0.394382745
v -0.38074398 0.9713258 0.103541493
v -0.458546132 0.591967046 0.254373521
v -0.5132441 0.60152483 0.23739706
v -0.384777 0.9720713 0.10372667
v -0.371403873 0.975414336 0.109145068
v -0.296458632 0.6510867 0.3597077
v -0.354221374 0.642746031 0.3580936
v -0.375546515 0.9758394 0.109789759
v -0.3762935 0.973138154 0.106473386
v -0.3815816 0.611459 0.3132015
v -0.439389169 0.6118422 0.302045941
v -0.380456179 0.97371763 0.106791392
v -0.380456179 0.97371763 0.106791392
v -0.439389169 0.6118422 0.302045941
v -0.458546132 0.591967046 0.254373521
v -0.38074398 0.9713258 0.103541493
v -0.375546515 0.9758394 0.109789759
v -0.354221374 0.642746031 0.3580936
v -0.3815816 0.611459 0.3132015
v -0.3762935 0.973138154 0.106473386
v -0.3703047 0.9778726 0.113438129
v -0.2662356 0.700540066 0.4031492
v -0.296458632 0.6510867 0.3597077
v -0.371403873 0.975414336 0.109145068
v -0.5132441 0.60152483 0.23739706
v -0.458546132 0.591967046 0.254373521
v -0.4496585 0.586618245 0.245379791
v -0.5042426 0.5958216 0.2303843
v -0.4308635 0.6057228 0.293371171
v -0.354221374 0.642746031 0.3580936
v -0.296458632 0.6510867 0.3597077
v -0.288704634 0.6453315 0.349863678
v -0.346355975 0.636273146 0.34880814
v -0.3815816 0.611459 0.3132015
v -0.3732852 0.605808258 0.30343914
v -0.439389169 0.6118422 0.302045941
v -0.4308635 0.6057228 0.293371171
v -0.458546132 0.591967046 0.254373521
v -0.260062516 0.69362843 0.394382745
v -0.2662356 0.700540066 0.4031492
v -0.34809792 0.9663071 0.097
v -0.362434655 0.9543258 0.095842436
v -0.252965927 0.667991638 0.386497617
v -0.237719074 0.6775846 0.390093029
v -0.236570865 0.6745813 0.393141657
v -0.251827151 0.665013254 0.3895208
v -0.239824772 0.6719679 0.3960743
v -0.249308243 0.666041553 0.39380753
v -0.355960578 0.975625 0.1055348
v -0.2445404 0.6847889 0.3997968
v -0.259807229 0.675248265 0.396147847
v -0.3712274 0.966084361 0.101885781
v -0.258648276 0.6722231 0.399208665
v -0.2433815 0.6817635 0.40285778
v -0.253531426 0.6704881 0.399850965
v -0.244047984 0.676414549 0.402117729
v -0.3712274 0.966084361 0.101885781
v -0.259807229 0.675248265 0.396147847
v -0.252965927 0.667991638 0.386497617
v -0.362434655 0.9543258 0.095842436
v -0.251827151 0.665013254 0.3895208
v -0.258648276 0.6722231 0.399208665
v -0.249308243 0.666041553 0.39380753
v -0.253531426 0.6704881 0.399850965
v -0.253531426 0.6704881 0.399850965
v -0.244047984 0.676414549 0.402117729
v -0.239824772 0.6719679 0.3960743
v -0.249308243 0.666041553 0.39380753
v -0.244047984 0.676414549 0.402117729
v -0.236570865 0.6745813 0.393141657
v -0.2433815 0.6817635 0.40285778
v -0.2445404 0.6847889 0.3997968
v -0.355960578 0.975625 0.1055348
v -0.34809792 0.9663071 0.097
v -0.237719074 0.6775846 0.390093029
v -0.2433815 0.6817635 0.40285778
v -0.236570865 0.6745813 0.393141657
v -0.3150049 0.9189386 0.08099939
v -0.329713881 0.9089351 0.163055688
v -0.342657745 0.9008463 0.159962
v -0.329811 0.909685731 0.07746058
v -0.309311241 0.9081375 0.0854186863
v -0.3241175 0.898884535 0.08187992
v -0.3382347 0.8887768 0.173014432
v -0.3252909 0.8968656 0.1761082
v -0.3241175 0.898884535 0.08187992
v -0.329811 0.909685731 0.07746058
v -0.342657745 0.9008463 0.159962
v -0.3382347 0.8887768 0.173014432
v -0.3252909 0.8968656 0.1761082
v -0.329713881 0.9089351 0.163055688
v -0.3150049 0.9189386 0.08099939
v -0.309311241 0.9081375 0.0854186863
v -0.3618535 0.97018677 0.10087499
v -0.364131838 0.970961 0.104671612
v -0.260062516 0.69362843 0.394382745
v -0.2060609 0.701018 0.3765442
v -0.3545643 0.976876259 0.0985049158
v -0.357108235 0.976584 0.101855583
v -0.0955206752 0.808776557 0.378394246
v -0.0526351519 0.825851738 0.342671424
v -0.3583722 0.973106563 0.09977448
v -0.360902548 0.973274767 0.103095479
v -0.176450148 0.743198931 0.395659477
v -0.125963882 0.756758332 0.369507849
v -0.360902548 0.973274767 0.103095479
v -0.3618535 0.97018677 0.10087499
v -0.2060609 0.701018 0.3765442
v -0.176450148 0.743198931 0.395659477
v -0.357108235 0.976584 0.101855583
v -0.3583722 0.973106563 0.09977448
v -0.125963882 0.756758332 0.369507849
v -0.0955206752 0.808776557 0.378394246
v -0.3529838 0.980480552 0.102413982
v -0.3545643 0.976876259 0.0985049158
v -0.0526351519 0.825851738 0.342671424
v -0.0281905439 0.893189132 0.34441784
v -0.3668848 0.9777482 0.111170188
v -0.211092368 0.7085797 0.3868394
v -0.2662356 0.700540066 0.4031492
v -0.3703047 0.9778726 0.113438129
v -0.358459532 0.9853651 0.108649671
v -0.05653053 0.834340751 0.352816224
v -0.100042768 0.817605853 0.387963772
v -0.361629963 0.985413 0.1114252
v -0.362696528 0.981384158 0.110207461
v -0.130288258 0.765036 0.379940867
v -0.1816415 0.7513321 0.405266017
v -0.3660938 0.9814079 0.112702072
v -0.3660938 0.9814079 0.112702072
v -0.1816415 0.7513321 0.405266017
v -0.211092368 0.7085797 0.3868394
v -0.3668848 0.9777482 0.111170188
v -0.361629963 0.985413 0.1114252
v -0.100042768 0.817605853 0.387963772
v -0.130288258 0.765036 0.379940867
v -0.362696528 0.981384158 0.110207461
v -0.356567651 0.9897002 0.110468946
v -0.0317745954 0.9024087 0.3524729
v -0.05653053 0.834340751 0.352816224
v -0.358459532 0.9853651 0.108649671
v -0.2662356 0.700540066 0.4031492
v -0.211092368 0.7085797 0.3868394
v -0.2060609 0.701018 0.3765442
v -0.260062516 0.69362843 0.394382745
v -0.176450148 0.743198931 0.395659477
v -0.1816415 0.7513321 0.405266017
v -0.125963882 0.756758332 0.369507849
v -0.130288258 0.765036 0.379940867
v -0.0955206752 0.808776557 0.378394246
v -0.100042768 0.817605853 0.387963772
v -0.05653053 0.834340751 0.352816224
v -0.0526351519 0.825851738 0.342671424
v -0.0955206752 0.808776557 0.378394246
v -0.130288258 0.765036 0.379940867
v -0.0281905439 0.893189132 0.34441784
v -0.0317745954 0.9024087 0.3524729
v -0.3419203 0.9752298 0.0887162
v -0.349193573 0.9621224 0.0999291763
v -0.0161434337 0.868289649 0.342259556
v -0.006088371 0.8806203 0.333079875
v -0.00259505981 0.8796361 0.335621625
v -0.0126790954 0.8673135 0.344780177
v -0.00281556114 0.8782692 0.340530932
v -0.009099536 0.8706202 0.346205354
v -0.347898334 0.9861705 0.0968435258
v -0.009871652 0.8904403 0.342127
v -0.019987775 0.8781265 0.351262122
v -0.3580144 0.9738567 0.105978563
v -0.0164716914 0.8771308 0.3538135
v -0.00635552639 0.8894446 0.3446785
v -0.0114200637 0.876705 0.351837546
v -0.005136111 0.884354055 0.346163124
v -0.3580144 0.9738567 0.105978563
v -0.019987775 0.8781265 0.351262122
v -0.0161434337 0.868289649 0.342259556
v -0.349193573 0.9621224 0.0999291763
v -0.0126790954 0.8673135 0.344780177
v -0.0164716914 0.8771308 0.3538135
v -0.009099536 0.8706202 0.346205354
v -0.0114200637 0.876705 0.351837546
v -0.0114200637 0.876705 0.351837546
v -0.005136111 0.884354055 0.346163124
v -0.00281556114 0.8782692 0.340530932
v -0.009099536 0.8706202 0.346205354
v -0.005136111 0.884354055 0.346163124
v -0.00259505981 0.8796361 0.335621625
v -0.00635552639 0.8894446 0.3446785
v -0.009871652 0.8904403 0.342127
v -0.347898334 0.9861705 0.0968435258
v -0.3419203 0.9752298 0.0887162
v -0.006088371 0.8806203 0.333079875
v -0.00635552639 0.8894446 0.3446785
v -0.00259505981 0.8796361 0.335621625
v -0.3043981 0.93156606 0.0719678551
v -0.274416238 0.9596014 0.145212367
v -0.2829931 0.9491614 0.152957469
v -0.314208925 0.9196239 0.08082735
v -0.293602556 0.9251577 0.07528434
v -0.3034134 0.913215458 0.08414401
v -0.268737972 0.945557237 0.163884848
v -0.260161132 0.9559972 0.156139746
v -0.3034134 0.913215458 0.08414401
v -0.314208925 0.9196239 0.08082735
v -0.2829931 0.9491614 0.152957469
v -0.268737972 0.945557237 0.163884848
v -0.260161132 0.9559972 0.156139746
v -0.274416238 0.9596014 0.145212367
v -0.3043981 0.93156606 0.0719678551
v -0.293602556 0.9251577 0.07528434
v -0.352614075 0.9783523 0.09847213
v -0.3529838 0.980480552 0.102413982
v -0.0281905439 0.893189132 0.34441784
v 0.0037370848 0.899300456 0.2971709
v -0.350512564 0.984131157 0.09036729
v -0.3508823 0.9850828 0.09445896
v 0.0505441837 1.01034164 0.200665131
v 0.061590042 1.014685 0.143516466
v -0.351488382 0.980888665 0.09470973
v -0.3520409 0.9822275 0.09862911
v 0.01964495 0.94942683 0.281180322
v 0.0425303541 0.9564123 0.227850378
v -0.3520409 0.9822275 0.09862911
v -0.352614075 0.9783523 0.09847213
v 0.0037370848 0.899300456 0.2971709
v 0.01964495 0.94942683 0.281180322
v -0.3508823 0.9850828 0.09445896
v -0.351488382 0.980888665 0.09470973
v 0.0425303541 0.9564123 0.227850378
v 0.0505441837 1.01034164 0.200665131
v -0.348861963 0.989350557 0.09126354
v -0.350512564 0.984131157 0.09036729
v 0.061590042 1.014685 0.143516466
v 0.0555458143 1.07760394 0.109758556
v -0.354838222 0.989033461 0.106805705
v 0.00151274679 0.9099816 0.3055046
v -0.0317745954 0.9024087 0.3524729
v -0.356567651 0.9897002 0.110468946
v -0.352263331 0.9957168 0.09763749
v 0.0598391555 1.02627087 0.150786743
v 0.047895845 1.02185512 0.207765415
v -0.353530139 0.996596 0.1015592
v -0.353365749 0.992363 0.102512278
v 0.0406529978 0.9678866 0.235653
v 0.0167525411 0.960252762 0.2889146
v -0.354933232 0.9930535 0.106363371
v -0.354933232 0.9930535 0.106363371
v 0.0167525411 0.960252762 0.2889146
v 0.00151274679 0.9099816 0.3055046
v -0.354838222 0.989033461 0.106805705
v -0.353530139 0.996596 0.1015592
v 0.047895845 1.02185512 0.207765415
v 0.0406529978 0.9678866 0.235653
v -0.353365749 0.992363 0.102512278
v -0.351612777 1.00062549 0.09655851
v 0.0527948327 1.08887887 0.115053631
v 0.0598391555 1.02627087 0.150786743
v -0.352263331 0.9957168 0.09763749
v -0.0317745954 0.9024087 0.3524729
v 0.00151274679 0.9099816 0.3055046
v 0.0037370848 0.899300456 0.2971709
v -0.0281905439 0.893189132 0.34441784
v 0.01964495 0.94942683 0.281180322
v 0.0167525411 0.960252762 0.2889146
v 0.0425303541 0.9564123 0.227850378
v 0.0406529978 0.9678866 0.235653
v 0.0505441837 1.01034164 0.200665131
v 0.047895845 1.02185512 0.207765415
v 0.061590042 1.014685 0.143516466
v 0.0598391555 1.02627087 0.150786743
v 0.0555458143 1.07760394 0.109758556
v 0.0527948327 1.08887887 0.115053631
v -0.344301432 0.979971051 0.0761365
v -0.3398082 0.972825 0.09284523
v 0.0738872141 1.05680954 0.1087734
v 0.07285091 1.06466758 0.09220237
v 0.07719007 1.06554854 0.09236939
v 0.07819037 1.05768311 0.108938947
v 0.07980988 1.06665909 0.0966028
v 0.08040636 1.06176829 0.106894471
v -0.349599719 0.9924107 0.08235522
v 0.07016336 1.0769037 0.09817311
v 0.07112386 1.06903 0.114741072
v -0.34863916 0.984537 0.0989231542
v 0.0754901 1.069909 0.114905596
v 0.07452973 1.07778275 0.09833768
v 0.07877212 1.06936622 0.110599943
v 0.07817553 1.07425714 0.100308321
v -0.34863916 0.984537 0.0989231542
v 0.07112386 1.06903 0.114741072
v 0.0738872141 1.05680954 0.1087734
v -0.3398082 0.972825 0.09284523
v 0.07819037 1.05768311 0.108938947
v 0.0754901 1.069909 0.114905596
v 0.08040636 1.06176829 0.106894471
v 0.07877212 1.06936622 0.110599943
v 0.07877212 1.06936622 0.110599943
v 0.07817553 1.07425714 0.100308321
v 0.07980988 1.06665909 0.0966028
v 0.08040636 1.06176829 0.106894471
v 0.07817553 1.07425714 0.100308321
v 0.07719007 1.06554854 0.09236939
v 0.07452973 1.07778275 0.09833768
v 0.07016336 1.0769037 0.09817311
v -0.349599719 0.9924107 0.08235522
v -0.344301432 0.979971051 0.0761365
v 0.07285091 1.06466758 0.09220237
v 0.07452973 1.07778275 0.09833768
v 0.07719007 1.06554854 0.09236939
v -0.305042535 0.939835131 0.0550937839
v -0.258378565 1.00343466 0.0838551149
v -0.257564247 0.996759236 0.09790207
v -0.304111034 0.932199061 0.07116184
v -0.2924068 0.937484443 0.05324397
v -0.291475177 0.9298483 0.06931223
v -0.239762679 1.00097454 0.09887325
v -0.240577012 1.00765014 0.0848263
v -0.291475177 0.9298483 0.06931223
v -0.304111034 0.932199061 0.07116184
v -0.257564247 0.996759236 0.09790207
v -0.239762679 1.00097454 0.09887325
v -0.240577012 1.00765014 0.0848263
v -0.258378565 1.00343466 0.0838551149
v -0.305042535 0.939835131 0.0550937839
v -0.2924068 0.937484443 0.05324397
v -0.349550724 0.985690534 0.08874673
v -0.348861963 0.989350557 0.09126354
v 0.0555458143 1.07760394 0.109758556
v 0.0568386763 1.06531417 0.0537559576
v -0.353868246 0.987174 0.0796551
v -0.3526504 0.9898848 0.08264719
v 0.00627583731 1.12289464 -0.0802677
v -0.0129406136 1.10121536 -0.130938977
v -0.351378083 0.9862749 0.08448355
v -0.350536734 0.989212155 0.0873339549
v 0.0425519757 1.103601 0.016994305
v 0.0334958732 1.0878154 -0.0385523327
v -0.350536734 0.989212155 0.0873339549
v -0.349550724 0.985690534 0.08874673
v 0.0568386763 1.06531417 0.0537559576
v 0.0425519757 1.103601 0.016994305
v -0.3526504 0.9898848 0.08264719
v -0.351378083 0.9862749 0.08448355
v 0.0334958732 1.0878154 -0.0385523327
v 0.00627583731 1.12289464 -0.0802677
v -0.354180872 0.9923751 0.07775204
v -0.353868246 0.987174 0.0796551
v -0.0129406136 1.10121536 -0.130938977
v -0.057905104 1.138845 -0.1721351
v -0.351661146 0.9985707 0.09300454
v 0.0547281168 1.0781945 0.0580139831
v 0.0527948327 1.08887887 0.115053631
v -0.351612777 1.00062549 0.09655851
v -0.3564449 1.00040555 0.08255935
v -0.0155173754 1.11444712 -0.128034681
v 0.00293404819 1.135847 -0.0769436
v -0.3559919 1.00283706 0.08597115
v -0.353766859 0.999643445 0.08789551
v 0.03110709 1.101184 -0.0351403765
v 0.03957633 1.11622131 0.0211487412
v -0.3535123 1.00183237 0.09148837
v -0.3535123 1.00183237 0.09148837
v 0.03957633 1.11622131 0.0211487412
v 0.0547281168 1.0781945 0.0580139831
v -0.351661146 0.9985707 0.09300454
v -0.3559919 1.00283706 0.08597115
v 0.00293404819 1.135847 -0.0769436
v 0.03110709 1.101184 -0.0351403765
v -0.353766859 0.999643445 0.08789551
v -0.3583425 1.00424862 0.07985534
v -0.06206685 1.15071869 -0.170031652
v -0.0155173754 1.11444712 -0.128034681
v -0.3564449 1.00040555 0.08255935
v 0.0527948327 1.08887887 0.115053631
v 0.0547281168 1.0781945 0.0580139831
v 0.0568386763 1.06531417 0.0537559576
v 0.0555458143 1.07760394 0.109758556
v 0.0425519757 1.103601 0.016994305
v 0.00293404819 1.135847 -0.0769436
v -0.0155173754 1.11444712 -0.128034681
v -0.0129406136 1.10121536 -0.130938977
v 0.00627583731 1.12289464 -0.0802677
v 0.03110709 1.101184 -0.0351403765
v 0.0334958732 1.0878154 -0.0385523327
v 0.03957633 1.11622131 0.0211487412
v 0.0425519757 1.103601 0.016994305
v 0.0547281168 1.0781945 0.0580139831
v -0.057905104 1.138845 -0.1721351
v -0.06206685 1.15071869 -0.170031652
v -0.05085533 0.59365803 -0.133096248
v -0.263088346 0.8770549 0.0138866566
v -0.277560681 0.871253669 0.004175268
v -0.06532759 0.5878567 -0.142807692
v -0.0441255756 0.590034842 -0.116393089
v -0.2563586 0.8734317 0.030589873
v -0.06281757 0.5672821 -0.09951356
v -0.27505064 0.8506789 0.0474693961
v -0.261313558 0.8625064 0.04450028
v -0.0490804948 0.57910955 -0.102482677
v -0.2563586 0.8734317 0.030589873
v -0.0441255756 0.590034842 -0.116393089
v -0.401980251 1.07170224 0.109319419
v -0.422778457 1.05655277 0.127262726
v -0.420391977 1.06432176 0.09696451
v -0.393418431 1.06709278 0.130569518
v -0.399722219 1.05319333 0.148266613
v -0.417198658 1.03814638 0.152043864
v -0.3849706 1.07036877 0.09577657
v -0.4125534 1.059312 0.07726751
v -0.3721443 1.06346333 0.127611384
v -0.3535489 1.017205 0.07493936
v -0.370144635 1.03936517 0.08643274
v -0.3929204 1.03023553 0.07114942
v -0.3763247 1.00807512 0.0596558563
v -0.3429579 1.011503 0.101226054
v -0.359553516 1.03366327 0.112719454
v -0.354192585 0.9987069 0.07698123
v -0.368664682 0.9929056 0.06726972
v -0.347462684 0.995083749 0.0936843
v -0.4125534 1.059312 0.07726751
v -0.3849706 1.07036877 0.09577657
v -0.3721443 1.06346333 0.127611384
v -0.3507557 0.994309 0.123117708
v -0.367351443 1.01646948 0.13461107
v -0.359553516 1.03366327 0.112719454
v -0.3429579 1.011503 0.101226054
v -0.372374654 0.97569555 0.127790377
v -0.3889703 0.9978559 0.139283717
v -0.352417558 0.9841585 0.107594758
v -0.347462684 0.995083749 0.0936843
v -0.366154671 0.9723309 0.110563904
v -0.3721443 1.06346333 0.127611384
v -0.381587923 1.04264069 0.154123425
v -0.393418431 1.06709278 0.130569518
v -0.399722219 1.05319333 0.148266613
v -0.40776962 1.02009857 0.159782276
v -0.417198658 1.03814638 0.152043864
v -0.313191831 0.9439587 0.04858612
v -0.354192585 0.9987069 0.07698123
v -0.368664682 0.9929056 0.06726972
v -0.327664167 0.93815726 0.0388746671
v -0.306462228 0.9403354 0.06528925
v -0.347462684 0.995083749 0.0936843
v -0.3114171 0.9294102 0.07919969
v -0.352417558 0.9841585 0.107594758
v -0.347462684 0.995083749 0.0936843
v -0.306462228 0.9403354 0.06528925
v -0.3251542 0.917582631 0.0821688
v -0.366154671 0.9723309 0.110563904
v -0.298612177 0.94351697 0.03691995
v -0.313191831 0.9439587 0.04858612
v -0.327664167 0.93815726 0.0388746671
v -0.321246177 0.9344439 0.0217315424
v -0.288086981 0.9378504 0.063043
v -0.306462228 0.9403354 0.06528925
v -0.262661368 0.8955114 0.0120220324
v -0.285295457 0.8864385 -0.00316622737
v -0.25213626 0.889844954 0.0381451473
v -0.263088346 0.8770549 0.0138866566
v -0.277560681 0.871253669 0.004175268
v -0.295836359 0.9207636 0.0847983658
v -0.3114171 0.9294102 0.07919969
v -0.306462228 0.9403354 0.06528925
v -0.288086981 0.9378504 0.063043
v -0.317320615 0.902265847 0.08944198
v -0.3251542 0.917582631 0.0821688
v -0.259885639 0.87275815 0.0599004924
v -0.25213626 0.889844954 0.0381451473
v -0.281369865 0.8542604 0.064544104
v -0.261313558 0.8625064 0.04450028
v -0.2563586 0.8734317 0.030589873
v -0.262661368 0.8955114 0.0120220324
v -0.263088346 0.8770549 0.0138866566
v -0.27505064 0.8506789 0.0474693961
v -0.07906468 0.576029241 -0.139838547
v -0.06532759 0.5878567 -0.142807692
v -0.277560681 0.871253669 0.004175268
v -0.291297764 0.859426 0.007144358
v -0.08401961 0.565103948 -0.125928149
v -0.2962527 0.8485008 0.02105478
v -0.06281757 0.5672821 -0.09951356
v -0.07728985 0.561480761 -0.109224983
v -0.289522916 0.8448776 0.03775797
v -0.27505064 0.8506789 0.0474693961
v -0.2962527 0.8485008 0.02105478
v -0.08401961 0.565103948 -0.125928149
v -0.4378683 1.04927468 0.1007418
v -0.420391977 1.06432176 0.09696451
v -0.422778457 1.05655277 0.127262726
v -0.4441722 1.03537536 0.1184389
v -0.4356105 1.03076577 0.1396889
v -0.417198658 1.03814638 0.152043864
v -0.438735038 1.03676987 0.0829263553
v -0.4125534 1.059312 0.07726751
v -0.4481787 1.01594722 0.109438427
v -0.435352445 1.00904167 0.141273126
v -0.40776962 1.02009857 0.159782276
v -0.397943556 0.9894615 0.064328596
v -0.3763247 1.00807512 0.0596558563
v -0.3929204 1.03023553 0.07114942
v -0.414539069 1.011622 0.07582202
v -0.405741453 0.9722677 0.086220175
v -0.4223371 0.994428 0.09771358
v -0.382401675 0.981078267 0.070239
v -0.368664682 0.9929056 0.06726972
v -0.3873567 0.970152855 0.0841492638
v -0.4125534 1.059312 0.07726751
v -0.438735038 1.03676987 0.0829263553
v -0.4481787 1.01594722 0.109438427
v -0.3951502 0.966565549 0.112506978
v -0.405741453 0.9722677 0.086220175
v -0.4223371 0.994428 0.09771358
v -0.411746085 0.9887261 0.124000326
v -0.372374654 0.97569555 0.127790377
v -0.3889703 0.9978559 0.139283717
v -0.380627066 0.9665296 0.100852452
v -0.3873567 0.970152855 0.0841492638
v -0.366154671 0.9723309 0.110563904
v -0.4481787 1.01594722 0.109438427
v -0.435352445 1.00904167 0.141273126
v -0.40776962 1.02009857 0.159782276
v -0.40776962 1.02009857 0.159782276
v -0.4356105 1.03076577 0.1396889
v -0.417198658 1.03814638 0.152043864
v -0.3414013 0.9263298 0.0418437645
v -0.327664167 0.93815726 0.0388746671
v -0.368664682 0.9929056 0.06726972
v -0.382401675 0.981078267 0.070239
v -0.346356153 0.915404558 0.05575421
v -0.3873567 0.970152855 0.0841492638
v -0.3396265 0.9117813 0.07245736
v -0.346356153 0.915404558 0.05575421
v -0.3873567 0.970152855 0.0841492638
v -0.380627066 0.9665296 0.100852452
v -0.3251542 0.917582631 0.0821688
v -0.366154671 0.9723309 0.110563904
v -0.342730463 0.9159462 0.0263752788
v -0.321246177 0.9344439 0.0217315424
v -0.327664167 0.93815726 0.0388746671
v -0.3414013 0.9263298 0.0418437645
v -0.3504798 0.8988593 0.04813052
v -0.342730463 0.9159462 0.0263752788
v -0.3414013 0.9263298 0.0418437645
v -0.346356153 0.915404558 0.05575421
v -0.339954674 0.8931928 0.0742537
v -0.3396265 0.9117813 0.07245736
v -0.317320615 0.902265847 0.08944198
v -0.3251542 0.917582631 0.0821688
v -0.306779623 0.8679407 0.00147736073
v -0.285295457 0.8864385 -0.00316622737
v -0.321246177 0.9344439 0.0217315424
v -0.342730463 0.9159462 0.0263752788
v -0.314529 0.8508539 0.0232326724
v -0.3504798 0.8988593 0.04813052
v -0.291297764 0.859426 0.007144358
v -0.277560681 0.871253669 0.004175268
v -0.3040038 0.8451874 0.0493558
v -0.314529 0.8508539 0.0232326724
v -0.3504798 0.8988593 0.04813052
v -0.339954674 0.8931928 0.0742537
v -0.281369865 0.8542604 0.064544104
v -0.317320615 0.902265847 0.08944198
v -0.289522916 0.8448776 0.03775797
v -0.2962527 0.8485008 0.02105478
v -0.306779623 0.8679407 0.00147736073
v -0.291297764 0.859426 0.007144358
v -0.27505064 0.8506789 0.0474693961
vt 0.801269531 0.354736328
vt 0.798339844 0.5385742
vt 0.829589844 0.5341797
vt 0.836914063 0.353759766
vt 0.8613281 0.5371094
vt 0.87109375 0.357910156
vt 0.87109375 0.357910156
vt 0.8613281 0.5371094
vt 0.8930664 0.5463867
vt 0.902832031 0.3647461
vt 0.9243164 0.5576172
vt 0.9326172 0.3701172
vt 0.954101563 0.563964844
vt 0.9614258 0.37109375
vt 0.7050781 0.377197266
vt 0.7104492 0.5751953
vt 0.73828125 0.56640625
vt 0.7348633 0.3701172
vt 0.7348633 0.3701172
vt 0.73828125 0.56640625
vt 0.7680664 0.550292969
vt 0.767089844 0.360839844
vt 0.798339844 0.5385742
vt 0.801269531 0.354736328
vt 0.8613281 0.9243164
vt 0.8442383 0.9355469
vt 0.848144531 0.938476563
vt 0.863769531 0.928222656
vt 0.8803711 0.917480469
vt 0.8823242 0.921875
vt 0.8364258 0.9526367
vt 0.831542969 0.952148438
vt 0.9003906 0.9145508
vt 0.9013672 0.9194336
vt 0.920410156 0.9160156
vt 0.9199219 0.920898438
vt 0.9404297 0.9238281
vt 0.936523438 0.9272461
vt 0.952148438 0.9394531
vt 0.946289063 0.9404297
vt 0.8330078 0.9692383
vt 0.826660156 0.969726563
vt 0.8989258 0.9008789
vt 0.875976563 0.9042969
vt 0.8540039 0.912597656
vt 0.9223633 0.902832031
vt 0.8540039 0.912597656
vt 0.834960938 0.92578125
vt 0.8442383 0.9355469
vt 0.8613281 0.9243164
vt 0.831542969 0.952148438
vt 0.819335938 0.9453125
vt 0.8100586 0.9355469
vt 0.826660156 0.9145508
vt 0.7416992 0.7421875
vt 0.771972656 0.7421875
vt 0.719726563 0.7558594
vt 0.7939453 0.9555664
vt 0.848144531 0.9003906
vt 0.806152344 0.7426758
vt 0.80859375 0.9658203
vt 0.920410156 0.9160156
vt 0.9404297 0.9238281
vt 0.9458008 0.9135742
vt 0.9223633 0.902832031
vt 0.9667969 0.9296875
vt 0.952148438 0.9394531
vt 0.946777344 0.899414063
vt 0.969726563 0.9135742
vt 0.9399414 0.715332031
vt 0.9658203 0.7182617
vt 0.826660156 0.969726563
vt 0.831542969 0.952148438
vt 0.819335938 0.9453125
vt 0.80859375 0.9658203
vt 0.5727539 0.936035156
vt 0.6328125 0.9111328
vt 0.5727539 0.886230469
vt 0.607910156 0.8510742
vt 0.607910156 0.8510742
vt 0.6328125 0.9111328
vt 0.657714844 0.8510742
vt 0.6928711 0.886230469
vt 0.6928711 0.886230469
vt 0.6328125 0.9111328
vt 0.6928711 0.936035156
vt 0.657714844 0.9711914
vt 0.657714844 0.9711914
vt 0.6328125 0.9111328
vt 0.607910156 0.9711914
vt 0.5727539 0.936035156
vt 0.9086914 0.7241211
vt 0.922851563 0.889648438
vt 0.946777344 0.899414063
vt 0.9399414 0.715332031
vt 0.8754883 0.732910156
vt 0.897460938 0.887207031
vt 0.9458008 0.9135742
vt 0.9223633 0.902832031
vt 0.8989258 0.9008789
vt 0.8408203 0.7397461
vt 0.8720703 0.8911133
vt 0.897460938 0.887207031
vt 0.8754883 0.732910156
vt 0.806152344 0.7426758
vt 0.848144531 0.9003906
vt 0.8989258 0.9008789
vt 0.875976563 0.9042969
vt 0.8540039 0.912597656
vt 0.7597656 0.6489258
vt 0.7324219 0.6538086
vt 0.7319336 0.659667969
vt 0.7597656 0.6557617
vt 0.79296875 0.64453125
vt 0.79296875 0.651855469
vt 0.7324219 0.63671875
vt 0.7602539 0.631347656
vt 0.793457031 0.6269531
vt 0.761230469 0.6723633
vt 0.7944336 0.6689453
vt 0.7324219 0.6538086
vt 0.7080078 0.660644531
vt 0.7080078 0.665527344
vt 0.7319336 0.659667969
vt 0.709472656 0.6430664
vt 0.7324219 0.63671875
vt 0.7338867 0.676269531
vt 0.761230469 0.6723633
vt 0.7114258 0.6826172
vt 0.962402344 0.6357422
vt 0.9355469 0.6357422
vt 0.936035156 0.6411133
vt 0.9628906 0.6401367
vt 0.90625 0.6425781
vt 0.9057617 0.636230469
vt 0.87109375 0.645019531
vt 0.8701172 0.6381836
vt 0.933105469 0.620605469
vt 0.9584961 0.621582031
vt 0.9033203 0.620605469
vt 0.868652344 0.621582031
vt 0.936035156 0.6557617
vt 0.9067383 0.6582031
vt 0.871582031 0.6611328
vt 0.8701172 0.6381836
vt 0.8310547 0.6411133
vt 0.831542969 0.6484375
vt 0.87109375 0.645019531
vt 0.79296875 0.651855469
vt 0.79296875 0.64453125
vt 0.8305664 0.624023438
vt 0.868652344 0.621582031
vt 0.793457031 0.6269531
vt 0.871582031 0.6611328
vt 0.832519531 0.665039063
vt 0.7944336 0.6689453
vt 0.936035156 0.6411133
vt 0.936035156 0.6557617
vt 0.9609375 0.655273438
vt 0.9628906 0.6401367
vt 0.76171875 0.6875
vt 0.734375 0.69140625
vt 0.734375 0.696289063
vt 0.762207031 0.6933594
vt 0.7949219 0.68359375
vt 0.795898438 0.6894531
vt 0.7338867 0.676269531
vt 0.761230469 0.6723633
vt 0.7944336 0.6689453
vt 0.7651367 0.707519531
vt 0.7363281 0.709960938
vt 0.7988281 0.704589844
vt 0.734375 0.69140625
vt 0.7104492 0.698730469
vt 0.7109375 0.703125
vt 0.734375 0.696289063
vt 0.7114258 0.6826172
vt 0.7338867 0.676269531
vt 0.7363281 0.709960938
vt 0.7138672 0.7182617
vt 0.964355469 0.66796875
vt 0.9379883 0.6694336
vt 0.938476563 0.673339844
vt 0.96484375 0.671875
vt 0.9633789 0.6855469
vt 0.938476563 0.686035156
vt 0.9379883 0.6694336
vt 0.9082031 0.671875
vt 0.9082031 0.6772461
vt 0.938476563 0.673339844
vt 0.8730469 0.681152344
vt 0.8725586 0.675292969
vt 0.9067383 0.6582031
vt 0.871582031 0.6611328
vt 0.938476563 0.686035156
vt 0.907714844 0.6904297
vt 0.8725586 0.6953125
vt 0.8725586 0.675292969
vt 0.8334961 0.6791992
vt 0.8339844 0.6855469
vt 0.8730469 0.681152344
vt 0.795898438 0.6894531
vt 0.7949219 0.68359375
vt 0.832519531 0.665039063
vt 0.871582031 0.6611328
vt 0.7944336 0.6689453
vt 0.8725586 0.6953125
vt 0.8354492 0.7001953
vt 0.7988281 0.704589844
vt 0.936035156 0.6557617
vt 0.9379883 0.6694336
vt 0.964355469 0.66796875
vt 0.9609375 0.655273438
vt 0.9067383 0.6582031
vt 0.7675781 0.720214844
vt 0.737792969 0.72265625
vt 0.73828125 0.7270508
vt 0.769042969 0.7260742
vt 0.801269531 0.7182617
vt 0.8027344 0.725097656
vt 0.7138672 0.737792969
vt 0.7133789 0.733398438
vt 0.7363281 0.709960938
vt 0.7651367 0.707519531
vt 0.7138672 0.7182617
vt 0.7988281 0.704589844
vt 0.771972656 0.7421875
vt 0.7416992 0.7421875
vt 0.719726563 0.7558594
vt 0.806152344 0.7426758
vt 0.967285156 0.6972656
vt 0.938964844 0.6972656
vt 0.9394531 0.701660156
vt 0.9682617 0.7011719
vt 0.938476563 0.686035156
vt 0.9633789 0.6855469
vt 0.907714844 0.6904297
vt 0.9658203 0.7182617
vt 0.9399414 0.715332031
vt 0.938964844 0.6972656
vt 0.907714844 0.7026367
vt 0.907226563 0.7084961
vt 0.9394531 0.701660156
vt 0.873535156 0.7158203
vt 0.8730469 0.7089844
vt 0.907714844 0.6904297
vt 0.8725586 0.6953125
vt 0.9399414 0.715332031
vt 0.9086914 0.7241211
vt 0.8754883 0.732910156
vt 0.8730469 0.7089844
vt 0.836914063 0.714355469
vt 0.8378906 0.7216797
vt 0.873535156 0.7158203
vt 0.8027344 0.725097656
vt 0.801269531 0.7182617
vt 0.8354492 0.7001953
vt 0.8725586 0.6953125
vt 0.7988281 0.704589844
vt 0.8754883 0.732910156
vt 0.8408203 0.7397461
vt 0.806152344 0.7426758
vt 0.7602539 0.609375
vt 0.7324219 0.616210938
vt 0.7319336 0.620605469
vt 0.7597656 0.6147461
vt 0.793457031 0.6040039
vt 0.793457031 0.6098633
vt 0.7338867 0.600097656
vt 0.7626953 0.592285156
vt 0.7949219 0.5854492
vt 0.7602539 0.631347656
vt 0.7324219 0.63671875
vt 0.793457031 0.6269531
vt 0.7324219 0.616210938
vt 0.70703125 0.6230469
vt 0.70703125 0.6269531
vt 0.7319336 0.620605469
vt 0.709472656 0.6069336
vt 0.7338867 0.600097656
vt 0.7324219 0.63671875
vt 0.709472656 0.6430664
vt 0.9604492 0.6040039
vt 0.9321289 0.602539063
vt 0.933105469 0.6064453
vt 0.9604492 0.6074219
vt 0.9584961 0.621582031
vt 0.933105469 0.620605469
vt 0.9321289 0.602539063
vt 0.901855469 0.600097656
vt 0.90234375 0.604980469
vt 0.933105469 0.6064453
vt 0.8676758 0.604980469
vt 0.8671875 0.5991211
vt 0.8300781 0.6064453
vt 0.8300781 0.600585938
vt 0.8989258 0.584472656
vt 0.9296875 0.5878906
vt 0.9604492 0.6040039
vt 0.956542969 0.5913086
vt 0.8647461 0.58203125
vt 0.829589844 0.58203125
vt 0.933105469 0.620605469
vt 0.9033203 0.620605469
vt 0.868652344 0.621582031
vt 0.8300781 0.600585938
vt 0.793457031 0.6040039
vt 0.793457031 0.6098633
vt 0.8300781 0.6064453
vt 0.8305664 0.624023438
vt 0.868652344 0.621582031
vt 0.8676758 0.604980469
vt 0.793457031 0.6269531
vt 0.7949219 0.5854492
vt 0.793457031 0.6040039
vt 0.8300781 0.600585938
vt 0.829589844 0.58203125
vt 0.7651367 0.568847656
vt 0.735351563 0.5810547
vt 0.734375 0.5859375
vt 0.764160156 0.5751953
vt 0.7963867 0.559082031
vt 0.795898438 0.566894531
vt 0.73828125 0.56640625
vt 0.7680664 0.550292969
vt 0.798339844 0.5385742
vt 0.7626953 0.592285156
vt 0.7338867 0.600097656
vt 0.7949219 0.5854492
vt 0.735351563 0.5810547
vt 0.70703125 0.5888672
vt 0.70703125 0.592285156
vt 0.734375 0.5859375
vt 0.7104492 0.5751953
vt 0.73828125 0.56640625
vt 0.7338867 0.600097656
vt 0.709472656 0.6069336
vt 0.9589844 0.574707031
vt 0.9277344 0.571289063
vt 0.928710938 0.5751953
vt 0.9589844 0.578125
vt 0.8964844 0.568847656
vt 0.8955078 0.5629883
vt 0.86328125 0.563964844
vt 0.862792969 0.5566406
vt 0.9243164 0.5576172
vt 0.954101563 0.563964844
vt 0.8930664 0.5463867
vt 0.8613281 0.5371094
vt 0.956542969 0.5913086
vt 0.9296875 0.5878906
vt 0.8989258 0.584472656
vt 0.8647461 0.58203125
vt 0.829101563 0.5629883
vt 0.829589844 0.58203125
vt 0.862792969 0.5566406
vt 0.829101563 0.5551758
vt 0.829101563 0.5629883
vt 0.86328125 0.563964844
vt 0.795898438 0.566894531
vt 0.7963867 0.559082031
vt 0.829589844 0.5341797
vt 0.8613281 0.5371094
vt 0.798339844 0.5385742
vt 0.829589844 0.58203125
vt 0.7949219 0.5854492
vt 0.392822266 0.202392578
vt 0.416748047 0.214477539
vt 0.426269531 0.17980957
vt 0.404296875 0.172607422
vt 0.434326172 0.144042969
vt 0.4111328 0.14050293
vt 0.437255859 0.10748291
vt 0.82421875 0.269042969
vt 0.818847656 0.22265625
vt 0.81640625 0.174682617
vt 0.4111328 0.14050293
vt 0.437255859 0.10748291
vt 0.413818359 0.107971191
vt 0.4350586 0.07086182
vt 0.412353516 0.07537842
vt 0.429199219 0.0347290039
vt 0.4050293 0.0449523926
vt 0.831542969 0.08099365
vt 0.8432617 0.03656006
vt 0.821289063 0.127563477
vt 0.81640625 0.174682617
vt 0.412353516 0.07537842
vt 0.4050293 0.0449523926
vt 0.314208984 0.116455078
vt 0.413818359 0.107971191
vt 0.4111328 0.14050293
vt 0.404296875 0.172607422
vt 0.392822266 0.202392578
vt 0.8388672 0.2644043
vt 0.8544922 0.256103516
vt 0.844726563 0.217285156
vt 0.8305664 0.221435547
vt 0.84375 0.1743164
vt 0.829101563 0.174560547
vt 0.848144531 0.131469727
vt 0.8334961 0.129150391
vt 0.8564453 0.08874512
vt 0.8432617 0.0834960938
vt 0.8720703 0.0508117676
vt 0.8564453 0.0413208
vt 0.818847656 0.22265625
vt 0.81640625 0.174682617
vt 0.821289063 0.127563477
vt 0.831542969 0.08099365
vt 0.8432617 0.03656006
vt 0.82421875 0.269042969
vt 0.9707031 0.1640625
vt 0.392822266 0.202392578
vt 0.404296875 0.172607422
vt 0.426269531 0.17980957
vt 0.434326172 0.144042969
vt 0.4111328 0.14050293
vt 0.437255859 0.10748291
vt 0.413818359 0.107971191
vt 0.4350586 0.07086182
vt 0.412353516 0.07537842
vt 0.429199219 0.0347290039
vt 0.4050293 0.0449523926
vt 0.831542969 0.08099365
vt 0.821289063 0.127563477
vt 0.81640625 0.174682617
vt 0.818847656 0.22265625
vt 0.392822266 0.202392578
vt 0.426269531 0.17980957
vt 0.416748047 0.214477539
vt 0.82421875 0.269042969
vt 0.818847656 0.22265625
vt 0.412353516 0.07537842
vt 0.314208984 0.116455078
vt 0.4050293 0.0449523926
vt 0.413818359 0.107971191
vt 0.4111328 0.14050293
vt 0.404296875 0.172607422
vt 0.392822266 0.202392578
vt 0.831542969 0.08099365
vt 0.429199219 0.0347290039
vt 0.8432617 0.03656006
vt 0.8388672 0.2644043
vt 0.8305664 0.221435547
vt 0.844726563 0.217285156
vt 0.8544922 0.256103516
vt 0.84375 0.1743164
vt 0.829101563 0.174560547
vt 0.848144531 0.131469727
vt 0.8334961 0.129150391
vt 0.8564453 0.08874512
vt 0.8432617 0.0834960938
vt 0.8720703 0.0508117676
vt 0.8564453 0.0413208
vt 0.818847656 0.22265625
vt 0.81640625 0.174682617
vt 0.821289063 0.127563477
vt 0.831542969 0.08099365
vt 0.8432617 0.03656006
vt 0.82421875 0.269042969
vt 0.9707031 0.1640625
vt 0.392822266 0.202392578
vt 0.404296875 0.172607422
vt 0.426269531 0.17980957
vt 0.416748047 0.214477539
vt 0.434326172 0.144042969
vt 0.4111328 0.14050293
vt 0.437255859 0.10748291
vt 0.413818359 0.107971191
vt 0.4350586 0.07086182
vt 0.82421875 0.269042969
vt 0.818847656 0.22265625
vt 0.821289063 0.127563477
vt 0.831542969 0.08099365
vt 0.81640625 0.174682617
vt 0.413818359 0.107971191
vt 0.412353516 0.07537842
vt 0.4350586 0.07086182
vt 0.429199219 0.0347290039
vt 0.4050293 0.0449523926
vt 0.831542969 0.08099365
vt 0.8432617 0.03656006
vt 0.412353516 0.07537842
vt 0.314208984 0.116455078
vt 0.4050293 0.0449523926
vt 0.413818359 0.107971191
vt 0.4111328 0.14050293
vt 0.404296875 0.172607422
vt 0.392822266 0.202392578
vt 0.8388672 0.2644043
vt 0.8305664 0.221435547
vt 0.844726563 0.217285156
vt 0.8544922 0.256103516
vt 0.84375 0.1743164
vt 0.829101563 0.174560547
vt 0.848144531 0.131469727
vt 0.8334961 0.129150391
vt 0.8564453 0.08874512
vt 0.8432617 0.0834960938
vt 0.8720703 0.0508117676
vt 0.8564453 0.0413208
vt 0.818847656 0.22265625
vt 0.81640625 0.174682617
vt 0.821289063 0.127563477
vt 0.831542969 0.08099365
vt 0.8432617 0.03656006
vt 0.82421875 0.269042969
vt 0.9707031 0.1640625
vt 0.392822266 0.202392578
vt 0.416748047 0.214477539
vt 0.426269531 0.17980957
vt 0.404296875 0.172607422
vt 0.434326172 0.144042969
vt 0.4111328 0.14050293
vt 0.82421875 0.269042969
vt 0.818847656 0.22265625
vt 0.4111328 0.14050293
vt 0.434326172 0.144042969
vt 0.437255859 0.10748291
vt 0.413818359 0.107971191
vt 0.4350586 0.07086182
vt 0.412353516 0.07537842
vt 0.429199219 0.0347290039
vt 0.4050293 0.0449523926
vt 0.831542969 0.08099365
vt 0.8432617 0.03656006
vt 0.821289063 0.127563477
vt 0.81640625 0.174682617
vt 0.818847656 0.22265625
vt 0.412353516 0.07537842
vt 0.4050293 0.0449523926
vt 0.314208984 0.116455078
vt 0.413818359 0.107971191
vt 0.4111328 0.14050293
vt 0.404296875 0.172607422
vt 0.392822266 0.202392578
vt 0.8388672 0.2644043
vt 0.8544922 0.256103516
vt 0.844726563 0.217285156
vt 0.8305664 0.221435547
vt 0.84375 0.1743164
vt 0.829101563 0.174560547
vt 0.848144531 0.131469727
vt 0.8334961 0.129150391
vt 0.8564453 0.08874512
vt 0.8432617 0.0834960938
vt 0.8720703 0.0508117676
vt 0.8564453 0.0413208
vt 0.818847656 0.22265625
vt 0.81640625 0.174682617
vt 0.821289063 0.127563477
vt 0.831542969 0.08099365
vt 0.8432617 0.03656006
vt 0.82421875 0.269042969
vt 0.9707031 0.1640625
vt 0.4416504 0.314208984
vt 0.438232422 0.296875
vt 0.0426330566 0.297363281
vt 0.0420227051 0.313232422
vt 0.03765869 0.3137207
vt 0.0389099121 0.298583984
vt 0.0333557129 0.311523438
vt 0.0354919434 0.301269531
vt 0.443847656 0.327880859
vt 0.0422363281 0.325927734
vt 0.041229248 0.342773438
vt 0.443847656 0.345214844
vt 0.0369567871 0.342041016
vt 0.03817749 0.3251953
vt 0.033203125 0.337646484
vt 0.0332946777 0.323486328
vt 0.443847656 0.283203125
vt 0.0397644043 0.285644531
vt 0.0426330566 0.297363281
vt 0.438232422 0.296875
vt 0.0389099121 0.298583984
vt 0.0349731445 0.288574219
vt 0.0354919434 0.301269531
vt 0.0311431885 0.295410156
vt 0.0311431885 0.295410156
vt 0.02696228 0.306152344
vt 0.0333557129 0.311523438
vt 0.0354919434 0.301269531
vt 0.0332946777 0.323486328
vt 0.03765869 0.3137207
vt 0.03817749 0.3251953
vt 0.0422363281 0.325927734
vt 0.443847656 0.327880859
vt 0.4416504 0.314208984
vt 0.0420227051 0.313232422
vt 0.03817749 0.3251953
vt 0.03765869 0.3137207
vt 0.612792969 0.310791016
vt 0.53515625 0.310546875
vt 0.534667969 0.324951172
vt 0.612792969 0.327148438
vt 0.6074219 0.354736328
vt 0.607910156 0.3383789
vt 0.521972656 0.336181641
vt 0.5214844 0.350585938
vt 0.607910156 0.3383789
vt 0.612792969 0.327148438
vt 0.534667969 0.324951172
vt 0.521972656 0.336181641
vt 0.5214844 0.350585938
vt 0.5336914 0.362792969
vt 0.6113281 0.366210938
vt 0.6074219 0.354736328
vt 0.224853516 0.5932617
vt 0.226074219 0.589355469
vt 0.6088867 0.565917969
vt 0.6088867 0.6191406
vt 0.219360352 0.6074219
vt 0.221679688 0.6040039
vt 0.5673828 0.774414063
vt 0.540527344 0.821289063
vt 0.22265625 0.600097656
vt 0.2244873 0.5966797
vt 0.6020508 0.6694336
vt 0.5888672 0.722167969
vt 0.2244873 0.5966797
vt 0.224853516 0.5932617
vt 0.6088867 0.6191406
vt 0.6020508 0.6694336
vt 0.221679688 0.6040039
vt 0.22265625 0.600097656
vt 0.5888672 0.722167969
vt 0.5673828 0.774414063
vt 0.218383789 0.6123047
vt 0.219360352 0.6074219
vt 0.540527344 0.821289063
vt 0.499511719 0.873535156
vt 0.442138672 0.934082031
vt 0.128662109 0.6958008
vt 0.165405273 0.654785156
vt 0.444580078 0.931152344
vt 0.436767578 0.94921875
vt 0.045135498 0.8984375
vt 0.0568847656 0.8442383
vt 0.437988281 0.9453125
vt 0.438964844 0.94140625
vt 0.0745239258 0.7890625
vt 0.1005249 0.7397461
vt 0.440673828 0.9375
vt 0.440673828 0.9375
vt 0.1005249 0.7397461
vt 0.128662109 0.6958008
vt 0.442138672 0.934082031
vt 0.437988281 0.9453125
vt 0.0568847656 0.8442383
vt 0.0745239258 0.7890625
vt 0.438964844 0.94140625
vt 0.435546875 0.9536133
vt 0.04284668 0.9667969
vt 0.045135498 0.8984375
vt 0.436767578 0.94921875
vt 0.165405273 0.654785156
vt 0.128662109 0.6958008
vt 0.118041992 0.688476563
vt 0.154296875 0.652832031
vt 0.0915527344 0.7348633
vt 0.1005249 0.7397461
vt 0.0621643066 0.7832031
vt 0.0745239258 0.7890625
vt 0.0469665527 0.8413086
vt 0.0568847656 0.8442383
vt 0.03289795 0.8955078
vt 0.045135498 0.8984375
vt 0.0339355469 0.959472656
vt 0.04284668 0.9667969
vt 0.4416504 0.314208984
vt 0.438232422 0.296875
vt 0.0426330566 0.297363281
vt 0.0420227051 0.313232422
vt 0.03765869 0.3137207
vt 0.0389099121 0.298583984
vt 0.0333557129 0.311523438
vt 0.0354919434 0.301269531
vt 0.443847656 0.327880859
vt 0.0422363281 0.325927734
vt 0.041229248 0.342773438
vt 0.443847656 0.345214844
vt 0.0369567871 0.342041016
vt 0.03817749 0.3251953
vt 0.033203125 0.337646484
vt 0.0332946777 0.323486328
vt 0.443847656 0.283203125
vt 0.0397644043 0.285644531
vt 0.0426330566 0.297363281
vt 0.438232422 0.296875
vt 0.0389099121 0.298583984
vt 0.0349731445 0.288574219
vt 0.0354919434 0.301269531
vt 0.0311431885 0.295410156
vt 0.0311431885 0.295410156
vt 0.02696228 0.306152344
vt 0.0333557129 0.311523438
vt 0.0354919434 0.301269531
vt 0.0332946777 0.323486328
vt 0.03765869 0.3137207
vt 0.03817749 0.3251953
vt 0.0422363281 0.325927734
vt 0.443847656 0.327880859
vt 0.4416504 0.314208984
vt 0.0420227051 0.313232422
vt 0.03817749 0.3251953
vt 0.03765869 0.3137207
vt 0.612792969 0.310791016
vt 0.53515625 0.310546875
vt 0.534667969 0.324951172
vt 0.612792969 0.327148438
vt 0.6074219 0.354736328
vt 0.607910156 0.3383789
vt 0.521972656 0.336181641
vt 0.5214844 0.350585938
vt 0.607910156 0.3383789
vt 0.612792969 0.327148438
vt 0.534667969 0.324951172
vt 0.521972656 0.336181641
vt 0.5214844 0.350585938
vt 0.5336914 0.362792969
vt 0.6113281 0.366210938
vt 0.6074219 0.354736328
vt 0.224853516 0.5932617
vt 0.226074219 0.589355469
vt 0.6088867 0.565917969
vt 0.6088867 0.6191406
vt 0.219360352 0.6074219
vt 0.221679688 0.6040039
vt 0.5673828 0.774414063
vt 0.540527344 0.821289063
vt 0.22265625 0.600097656
vt 0.2244873 0.5966797
vt 0.6020508 0.6694336
vt 0.5888672 0.722167969
vt 0.2244873 0.5966797
vt 0.224853516 0.5932617
vt 0.6088867 0.6191406
vt 0.6020508 0.6694336
vt 0.221679688 0.6040039
vt 0.22265625 0.600097656
vt 0.5888672 0.722167969
vt 0.5673828 0.774414063
vt 0.218383789 0.6123047
vt 0.219360352 0.6074219
vt 0.540527344 0.821289063
vt 0.499511719 0.873535156
vt 0.442138672 0.934082031
vt 0.128662109 0.6958008
vt 0.165405273 0.654785156
vt 0.444580078 0.931152344
vt 0.436767578 0.94921875
vt 0.045135498 0.8984375
vt 0.0568847656 0.8442383
vt 0.437988281 0.9453125
vt 0.438964844 0.94140625
vt 0.0745239258 0.7890625
vt 0.1005249 0.7397461
vt 0.440673828 0.9375
vt 0.440673828 0.9375
vt 0.1005249 0.7397461
vt 0.128662109 0.6958008
vt 0.442138672 0.934082031
vt 0.437988281 0.9453125
vt 0.0568847656 0.8442383
vt 0.0745239258 0.7890625
vt 0.438964844 0.94140625
vt 0.435546875 0.9536133
vt 0.04284668 0.9667969
vt 0.045135498 0.8984375
vt 0.436767578 0.94921875
vt 0.165405273 0.654785156
vt 0.128662109 0.6958008
vt 0.118041992 0.688476563
vt 0.154296875 0.652832031
vt 0.0915527344 0.7348633
vt 0.0568847656 0.8442383
vt 0.045135498 0.8984375
vt 0.03289795 0.8955078
vt 0.0469665527 0.8413086
vt 0.0745239258 0.7890625
vt 0.0621643066 0.7832031
vt 0.1005249 0.7397461
vt 0.0915527344 0.7348633
vt 0.128662109 0.6958008
vt 0.0339355469 0.959472656
vt 0.04284668 0.9667969
vt 0.4416504 0.314208984
vt 0.438232422 0.296875
vt 0.0426330566 0.297363281
vt 0.0420227051 0.313232422
vt 0.03765869 0.3137207
vt 0.0389099121 0.298583984
vt 0.0333557129 0.311523438
vt 0.0354919434 0.301269531
vt 0.443847656 0.327880859
vt 0.0422363281 0.325927734
vt 0.041229248 0.342773438
vt 0.443847656 0.345214844
vt 0.0369567871 0.342041016
vt 0.03817749 0.3251953
vt 0.033203125 0.337646484
vt 0.0332946777 0.323486328
vt 0.443847656 0.283203125
vt 0.0397644043 0.285644531
vt 0.0426330566 0.297363281
vt 0.438232422 0.296875
vt 0.0389099121 0.298583984
vt 0.0349731445 0.288574219
vt 0.0354919434 0.301269531
vt 0.0311431885 0.295410156
vt 0.0311431885 0.295410156
vt 0.02696228 0.306152344
vt 0.0333557129 0.311523438
vt 0.0354919434 0.301269531
vt 0.0332946777 0.323486328
vt 0.03765869 0.3137207
vt 0.03817749 0.3251953
vt 0.0422363281 0.325927734
vt 0.443847656 0.327880859
vt 0.4416504 0.314208984
vt 0.0420227051 0.313232422
vt 0.03817749 0.3251953
vt 0.03765869 0.3137207
vt 0.612792969 0.310791016
vt 0.53515625 0.310546875
vt 0.534667969 0.324951172
vt 0.612792969 0.327148438
vt 0.6074219 0.354736328
vt 0.607910156 0.3383789
vt 0.521972656 0.336181641
vt 0.5214844 0.350585938
vt 0.607910156 0.3383789
vt 0.612792969 0.327148438
vt 0.534667969 0.324951172
vt 0.521972656 0.336181641
vt 0.5214844 0.350585938
vt 0.5336914 0.362792969
vt 0.6113281 0.366210938
vt 0.6074219 0.354736328
vt 0.224853516 0.5932617
vt 0.226074219 0.589355469
vt 0.6088867 0.565917969
vt 0.6088867 0.6191406
vt 0.219360352 0.6074219
vt 0.221679688 0.6040039
vt 0.5673828 0.774414063
vt 0.540527344 0.821289063
vt 0.22265625 0.600097656
vt 0.2244873 0.5966797
vt 0.6020508 0.6694336
vt 0.5888672 0.722167969
vt 0.2244873 0.5966797
vt 0.224853516 0.5932617
vt 0.6088867 0.6191406
vt 0.6020508 0.6694336
vt 0.221679688 0.6040039
vt 0.22265625 0.600097656
vt 0.5888672 0.722167969
vt 0.5673828 0.774414063
vt 0.218383789 0.6123047
vt 0.219360352 0.6074219
vt 0.540527344 0.821289063
vt 0.499511719 0.873535156
vt 0.442138672 0.934082031
vt 0.128662109 0.6958008
vt 0.165405273 0.654785156
vt 0.444580078 0.931152344
vt 0.436767578 0.94921875
vt 0.045135498 0.8984375
vt 0.0568847656 0.8442383
vt 0.437988281 0.9453125
vt 0.438964844 0.94140625
vt 0.0745239258 0.7890625
vt 0.1005249 0.7397461
vt 0.440673828 0.9375
vt 0.440673828 0.9375
vt 0.1005249 0.7397461
vt 0.128662109 0.6958008
vt 0.442138672 0.934082031
vt 0.437988281 0.9453125
vt 0.0568847656 0.8442383
vt 0.0745239258 0.7890625
vt 0.438964844 0.94140625
vt 0.435546875 0.9536133
vt 0.04284668 0.9667969
vt 0.045135498 0.8984375
vt 0.436767578 0.94921875
vt 0.165405273 0.654785156
vt 0.128662109 0.6958008
vt 0.118041992 0.688476563
vt 0.154296875 0.652832031
vt 0.0915527344 0.7348633
vt 0.1005249 0.7397461
vt 0.0621643066 0.7832031
vt 0.0745239258 0.7890625
vt 0.0469665527 0.8413086
vt 0.0568847656 0.8442383
vt 0.045135498 0.8984375
vt 0.03289795 0.8955078
vt 0.0469665527 0.8413086
vt 0.0745239258 0.7890625
vt 0.0339355469 0.959472656
vt 0.04284668 0.9667969
vt 0.4416504 0.314208984
vt 0.438232422 0.296875
vt 0.0426330566 0.297363281
vt 0.0420227051 0.313232422
vt 0.03765869 0.3137207
vt 0.0389099121 0.298583984
vt 0.0333557129 0.311523438
vt 0.0354919434 0.301269531
vt 0.443847656 0.327880859
vt 0.0422363281 0.325927734
vt 0.041229248 0.342773438
vt 0.443847656 0.345214844
vt 0.0369567871 0.342041016
vt 0.03817749 0.3251953
vt 0.443847656 0.283203125
vt 0.0397644043 0.285644531
vt 0.0426330566 0.297363281
vt 0.438232422 0.296875
vt 0.0389099121 0.298583984
vt 0.0349731445 0.288574219
vt 0.0311431885 0.295410156
vt 0.02696228 0.306152344
vt 0.0333557129 0.311523438
vt 0.0354919434 0.301269531
vt 0.0349731445 0.288574219
vt 0.0389099121 0.298583984
vt 0.0422363281 0.325927734
vt 0.443847656 0.327880859
vt 0.4416504 0.314208984
vt 0.0420227051 0.313232422
vt 0.03817749 0.3251953
vt 0.03765869 0.3137207
vt 0.0332946777 0.323486328
vt 0.0333557129 0.311523438
vt 0.03817749 0.3251953
vt 0.0332946777 0.323486328
vt 0.033203125 0.337646484
vt 0.0369567871 0.342041016
vt 0.612792969 0.310791016
vt 0.53515625 0.310546875
vt 0.534667969 0.324951172
vt 0.612792969 0.327148438
vt 0.6074219 0.354736328
vt 0.607910156 0.3383789
vt 0.521972656 0.336181641
vt 0.5214844 0.350585938
vt 0.607910156 0.3383789
vt 0.612792969 0.327148438
vt 0.534667969 0.324951172
vt 0.521972656 0.336181641
vt 0.5214844 0.350585938
vt 0.5336914 0.362792969
vt 0.6113281 0.366210938
vt 0.6074219 0.354736328
vt 0.224853516 0.5932617
vt 0.226074219 0.589355469
vt 0.6088867 0.565917969
vt 0.6088867 0.6191406
vt 0.219360352 0.6074219
vt 0.221679688 0.6040039
vt 0.5673828 0.774414063
vt 0.540527344 0.821289063
vt 0.22265625 0.600097656
vt 0.2244873 0.5966797
vt 0.6020508 0.6694336
vt 0.5888672 0.722167969
vt 0.2244873 0.5966797
vt 0.224853516 0.5932617
vt 0.6088867 0.6191406
vt 0.6020508 0.6694336
vt 0.221679688 0.6040039
vt 0.22265625 0.600097656
vt 0.5888672 0.722167969
vt 0.5673828 0.774414063
vt 0.218383789 0.6123047
vt 0.219360352 0.6074219
vt 0.540527344 0.821289063
vt 0.499511719 0.873535156
vt 0.442138672 0.934082031
vt 0.128662109 0.6958008
vt 0.165405273 0.654785156
vt 0.444580078 0.931152344
vt 0.436767578 0.94921875
vt 0.045135498 0.8984375
vt 0.0568847656 0.8442383
vt 0.437988281 0.9453125
vt 0.438964844 0.94140625
vt 0.0745239258 0.7890625
vt 0.1005249 0.7397461
vt 0.440673828 0.9375
vt 0.440673828 0.9375
vt 0.1005249 0.7397461
vt 0.128662109 0.6958008
vt 0.442138672 0.934082031
vt 0.437988281 0.9453125
vt 0.0568847656 0.8442383
vt 0.0745239258 0.7890625
vt 0.438964844 0.94140625
vt 0.435546875 0.9536133
vt 0.04284668 0.9667969
vt 0.045135498 0.8984375
vt 0.436767578 0.94921875
vt 0.165405273 0.654785156
vt 0.128662109 0.6958008
vt 0.118041992 0.688476563
vt 0.154296875 0.652832031
vt 0.0915527344 0.7348633
vt 0.1005249 0.7397461
vt 0.0621643066 0.7832031
vt 0.0745239258 0.7890625
vt 0.0469665527 0.8413086
vt 0.0568847656 0.8442383
vt 0.03289795 0.8955078
vt 0.045135498 0.8984375
vt 0.0339355469 0.959472656
vt 0.04284668 0.9667969
vt 0.4416504 0.314208984
vt 0.438232422 0.296875
vt 0.0426330566 0.297363281
vt 0.0420227051 0.313232422
vt 0.03765869 0.3137207
vt 0.0389099121 0.298583984
vt 0.0333557129 0.311523438
vt 0.0354919434 0.301269531
vt 0.443847656 0.327880859
vt 0.0422363281 0.325927734
vt 0.041229248 0.342773438
vt 0.443847656 0.345214844
vt 0.0369567871 0.342041016
vt 0.03817749 0.3251953
vt 0.033203125 0.337646484
vt 0.0332946777 0.323486328
vt 0.443847656 0.283203125
vt 0.0397644043 0.285644531
vt 0.0426330566 0.297363281
vt 0.438232422 0.296875
vt 0.0389099121 0.298583984
vt 0.0349731445 0.288574219
vt 0.0354919434 0.301269531
vt 0.0311431885 0.295410156
vt 0.0311431885 0.295410156
vt 0.02696228 0.306152344
vt 0.0333557129 0.311523438
vt 0.0354919434 0.301269531
vt 0.0332946777 0.323486328
vt 0.03765869 0.3137207
vt 0.03817749 0.3251953
vt 0.0422363281 0.325927734
vt 0.443847656 0.327880859
vt 0.4416504 0.314208984
vt 0.0420227051 0.313232422
vt 0.03817749 0.3251953
vt 0.03765869 0.3137207
vt 0.612792969 0.310791016
vt 0.53515625 0.310546875
vt 0.534667969 0.324951172
vt 0.612792969 0.327148438
vt 0.6074219 0.354736328
vt 0.607910156 0.3383789
vt 0.521972656 0.336181641
vt 0.5214844 0.350585938
vt 0.607910156 0.3383789
vt 0.612792969 0.327148438
vt 0.534667969 0.324951172
vt 0.521972656 0.336181641
vt 0.5214844 0.350585938
vt 0.5336914 0.362792969
vt 0.6113281 0.366210938
vt 0.6074219 0.354736328
vt 0.224853516 0.5932617
vt 0.226074219 0.589355469
vt 0.6088867 0.565917969
vt 0.6088867 0.6191406
vt 0.219360352 0.6074219
vt 0.221679688 0.6040039
vt 0.5673828 0.774414063
vt 0.540527344 0.821289063
vt 0.22265625 0.600097656
vt 0.2244873 0.5966797
vt 0.6020508 0.6694336
vt 0.5888672 0.722167969
vt 0.2244873 0.5966797
vt 0.224853516 0.5932617
vt 0.6088867 0.6191406
vt 0.6020508 0.6694336
vt 0.221679688 0.6040039
vt 0.22265625 0.600097656
vt 0.5888672 0.722167969
vt 0.5673828 0.774414063
vt 0.218383789 0.6123047
vt 0.219360352 0.6074219
vt 0.540527344 0.821289063
vt 0.499511719 0.873535156
vt 0.442138672 0.934082031
vt 0.128662109 0.6958008
vt 0.165405273 0.654785156
vt 0.444580078 0.931152344
vt 0.436767578 0.94921875
vt 0.045135498 0.8984375
vt 0.0568847656 0.8442383
vt 0.437988281 0.9453125
vt 0.438964844 0.94140625
vt 0.0745239258 0.7890625
vt 0.1005249 0.7397461
vt 0.440673828 0.9375
vt 0.440673828 0.9375
vt 0.1005249 0.7397461
vt 0.128662109 0.6958008
vt 0.442138672 0.934082031
vt 0.437988281 0.9453125
vt 0.0568847656 0.8442383
vt 0.0745239258 0.7890625
vt 0.438964844 0.94140625
vt 0.435546875 0.9536133
vt 0.04284668 0.9667969
vt 0.045135498 0.8984375
vt 0.436767578 0.94921875
vt 0.165405273 0.654785156
vt 0.128662109 0.6958008
vt 0.118041992 0.688476563
vt 0.154296875 0.652832031
vt 0.0915527344 0.7348633
vt 0.0568847656 0.8442383
vt 0.045135498 0.8984375
vt 0.03289795 0.8955078
vt 0.0469665527 0.8413086
vt 0.0745239258 0.7890625
vt 0.0621643066 0.7832031
vt 0.1005249 0.7397461
vt 0.0915527344 0.7348633
vt 0.128662109 0.6958008
vt 0.0339355469 0.959472656
vt 0.04284668 0.9667969
vt 0.4416504 0.314208984
vt 0.438232422 0.296875
vt 0.0426330566 0.297363281
vt 0.0420227051 0.313232422
vt 0.03765869 0.3137207
vt 0.0389099121 0.298583984
vt 0.0333557129 0.311523438
vt 0.0354919434 0.301269531
vt 0.443847656 0.327880859
vt 0.0422363281 0.325927734
vt 0.041229248 0.342773438
vt 0.443847656 0.345214844
vt 0.0369567871 0.342041016
vt 0.03817749 0.3251953
vt 0.033203125 0.337646484
vt 0.0332946777 0.323486328
vt 0.443847656 0.283203125
vt 0.0397644043 0.285644531
vt 0.0426330566 0.297363281
vt 0.438232422 0.296875
vt 0.0389099121 0.298583984
vt 0.0349731445 0.288574219
vt 0.0354919434 0.301269531
vt 0.0311431885 0.295410156
vt 0.0311431885 0.295410156
vt 0.02696228 0.306152344
vt 0.0333557129 0.311523438
vt 0.0354919434 0.301269531
vt 0.0332946777 0.323486328
vt 0.03765869 0.3137207
vt 0.03817749 0.3251953
vt 0.0422363281 0.325927734
vt 0.443847656 0.327880859
vt 0.4416504 0.314208984
vt 0.0420227051 0.313232422
vt 0.03817749 0.3251953
vt 0.03765869 0.3137207
vt 0.612792969 0.310791016
vt 0.53515625 0.310546875
vt 0.534667969 0.324951172
vt 0.612792969 0.327148438
vt 0.6074219 0.354736328
vt 0.607910156 0.3383789
vt 0.521972656 0.336181641
vt 0.5214844 0.350585938
vt 0.607910156 0.3383789
vt 0.612792969 0.327148438
vt 0.534667969 0.324951172
vt 0.521972656 0.336181641
vt 0.5214844 0.350585938
vt 0.5336914 0.362792969
vt 0.6113281 0.366210938
vt 0.6074219 0.354736328
vt 0.224853516 0.5932617
vt 0.226074219 0.589355469
vt 0.6088867 0.565917969
vt 0.6088867 0.6191406
vt 0.219360352 0.6074219
vt 0.221679688 0.6040039
vt 0.5673828 0.774414063
vt 0.540527344 0.821289063
vt 0.22265625 0.600097656
vt 0.2244873 0.5966797
vt 0.6020508 0.6694336
vt 0.5888672 0.722167969
vt 0.2244873 0.5966797
vt 0.224853516 0.5932617
vt 0.6088867 0.6191406
vt 0.6020508 0.6694336
vt 0.221679688 0.6040039
vt 0.22265625 0.600097656
vt 0.5888672 0.722167969
vt 0.5673828 0.774414063
vt 0.218383789 0.6123047
vt 0.219360352 0.6074219
vt 0.540527344 0.821289063
vt 0.499511719 0.873535156
vt 0.442138672 0.934082031
vt 0.128662109 0.6958008
vt 0.165405273 0.654785156
vt 0.444580078 0.931152344
vt 0.436767578 0.94921875
vt 0.045135498 0.8984375
vt 0.0568847656 0.8442383
vt 0.437988281 0.9453125
vt 0.438964844 0.94140625
vt 0.0745239258 0.7890625
vt 0.1005249 0.7397461
vt 0.440673828 0.9375
vt 0.440673828 0.9375
vt 0.1005249 0.7397461
vt 0.128662109 0.6958008
vt 0.442138672 0.934082031
vt 0.437988281 0.9453125
vt 0.0568847656 0.8442383
vt 0.0745239258 0.7890625
vt 0.438964844 0.94140625
vt 0.435546875 0.9536133
vt 0.04284668 0.9667969
vt 0.045135498 0.8984375
vt 0.436767578 0.94921875
vt 0.165405273 0.654785156
vt 0.128662109 0.6958008
vt 0.118041992 0.688476563
vt 0.154296875 0.652832031
vt 0.0915527344 0.7348633
vt 0.1005249 0.7397461
vt 0.0621643066 0.7832031
vt 0.0745239258 0.7890625
vt 0.0469665527 0.8413086
vt 0.0568847656 0.8442383
vt 0.045135498 0.8984375
vt 0.03289795 0.8955078
vt 0.0469665527 0.8413086
vt 0.0745239258 0.7890625
vt 0.0339355469 0.959472656
vt 0.04284668 0.9667969
vt 0.4416504 0.314208984
vt 0.438232422 0.296875
vt 0.0426330566 0.297363281
vt 0.0420227051 0.313232422
vt 0.03765869 0.3137207
vt 0.0389099121 0.298583984
vt 0.0333557129 0.311523438
vt 0.0354919434 0.301269531
vt 0.443847656 0.327880859
vt 0.0422363281 0.325927734
vt 0.041229248 0.342773438
vt 0.443847656 0.345214844
vt 0.0369567871 0.342041016
vt 0.03817749 0.3251953
vt 0.033203125 0.337646484
vt 0.0332946777 0.323486328
vt 0.443847656 0.283203125
vt 0.0397644043 0.285644531
vt 0.0426330566 0.297363281
vt 0.438232422 0.296875
vt 0.0389099121 0.298583984
vt 0.0349731445 0.288574219
vt 0.0354919434 0.301269531
vt 0.0311431885 0.295410156
vt 0.0311431885 0.295410156
vt 0.02696228 0.306152344
vt 0.0333557129 0.311523438
vt 0.0354919434 0.301269531
vt 0.0332946777 0.323486328
vt 0.03765869 0.3137207
vt 0.03817749 0.3251953
vt 0.0422363281 0.325927734
vt 0.443847656 0.327880859
vt 0.4416504 0.314208984
vt 0.0420227051 0.313232422
vt 0.03817749 0.3251953
vt 0.03765869 0.3137207
vt 0.612792969 0.310791016
vt 0.53515625 0.310546875
vt 0.534667969 0.324951172
vt 0.612792969 0.327148438
vt 0.6074219 0.354736328
vt 0.607910156 0.3383789
vt 0.521972656 0.336181641
vt 0.5214844 0.350585938
vt 0.607910156 0.3383789
vt 0.612792969 0.327148438
vt 0.534667969 0.324951172
vt 0.521972656 0.336181641
vt 0.5214844 0.350585938
vt 0.5336914 0.362792969
vt 0.6113281 0.366210938
vt 0.6074219 0.354736328
vt 0.224853516 0.5932617
vt 0.226074219 0.589355469
vt 0.6088867 0.565917969
vt 0.6088867 0.6191406
vt 0.219360352 0.6074219
vt 0.221679688 0.6040039
vt 0.5673828 0.774414063
vt 0.540527344 0.821289063
vt 0.22265625 0.600097656
vt 0.2244873 0.5966797
vt 0.6020508 0.6694336
vt 0.5888672 0.722167969
vt 0.2244873 0.5966797
vt 0.224853516 0.5932617
vt 0.6088867 0.6191406
vt 0.6020508 0.6694336
vt 0.221679688 0.6040039
vt 0.22265625 0.600097656
vt 0.5888672 0.722167969
vt 0.5673828 0.774414063
vt 0.218383789 0.6123047
vt 0.219360352 0.6074219
vt 0.540527344 0.821289063
vt 0.499511719 0.873535156
vt 0.442138672 0.934082031
vt 0.128662109 0.6958008
vt 0.165405273 0.654785156
vt 0.444580078 0.931152344
vt 0.436767578 0.94921875
vt 0.045135498 0.8984375
vt 0.0568847656 0.8442383
vt 0.437988281 0.9453125
vt 0.438964844 0.94140625
vt 0.0745239258 0.7890625
vt 0.1005249 0.7397461
vt 0.440673828 0.9375
vt 0.440673828 0.9375
vt 0.1005249 0.7397461
vt 0.128662109 0.6958008
vt 0.442138672 0.934082031
vt 0.437988281 0.9453125
vt 0.0568847656 0.8442383
vt 0.0745239258 0.7890625
vt 0.438964844 0.94140625
vt 0.435546875 0.9536133
vt 0.04284668 0.9667969
vt 0.045135498 0.8984375
vt 0.436767578 0.94921875
vt 0.165405273 0.654785156
vt 0.128662109 0.6958008
vt 0.118041992 0.688476563
vt 0.154296875 0.652832031
vt 0.0915527344 0.7348633
vt 0.1005249 0.7397461
vt 0.0621643066 0.7832031
vt 0.0745239258 0.7890625
vt 0.0469665527 0.8413086
vt 0.0568847656 0.8442383
vt 0.03289795 0.8955078
vt 0.045135498 0.8984375
vt 0.0339355469 0.959472656
vt 0.04284668 0.9667969
vt 0.4416504 0.314208984
vt 0.438232422 0.296875
vt 0.0426330566 0.297363281
vt 0.0420227051 0.313232422
vt 0.03765869 0.3137207
vt 0.0389099121 0.298583984
vt 0.0333557129 0.311523438
vt 0.0354919434 0.301269531
vt 0.443847656 0.327880859
vt 0.0422363281 0.325927734
vt 0.041229248 0.342773438
vt 0.443847656 0.345214844
vt 0.0369567871 0.342041016
vt 0.03817749 0.3251953
vt 0.033203125 0.337646484
vt 0.0332946777 0.323486328
vt 0.443847656 0.283203125
vt 0.0397644043 0.285644531
vt 0.0426330566 0.297363281
vt 0.438232422 0.296875
vt 0.0389099121 0.298583984
vt 0.0349731445 0.288574219
vt 0.0354919434 0.301269531
vt 0.0311431885 0.295410156
vt 0.0311431885 0.295410156
vt 0.02696228 0.306152344
vt 0.0333557129 0.311523438
vt 0.0354919434 0.301269531
vt 0.0332946777 0.323486328
vt 0.03765869 0.3137207
vt 0.03817749 0.3251953
vt 0.0422363281 0.325927734
vt 0.443847656 0.327880859
vt 0.4416504 0.314208984
vt 0.0420227051 0.313232422
vt 0.03817749 0.3251953
vt 0.03765869 0.3137207
vt 0.612792969 0.310791016
vt 0.53515625 0.310546875
vt 0.534667969 0.324951172
vt 0.612792969 0.327148438
vt 0.6074219 0.354736328
vt 0.607910156 0.3383789
vt 0.521972656 0.336181641
vt 0.5214844 0.350585938
vt 0.607910156 0.3383789
vt 0.612792969 0.327148438
vt 0.534667969 0.324951172
vt 0.521972656 0.336181641
vt 0.5214844 0.350585938
vt 0.5336914 0.362792969
vt 0.6113281 0.366210938
vt 0.6074219 0.354736328
vt 0.224853516 0.5932617
vt 0.226074219 0.589355469
vt 0.6088867 0.565917969
vt 0.6088867 0.6191406
vt 0.219360352 0.6074219
vt 0.221679688 0.6040039
vt 0.5673828 0.774414063
vt 0.540527344 0.821289063
vt 0.22265625 0.600097656
vt 0.2244873 0.5966797
vt 0.6020508 0.6694336
vt 0.5888672 0.722167969
vt 0.2244873 0.5966797
vt 0.224853516 0.5932617
vt 0.6088867 0.6191406
vt 0.6020508 0.6694336
vt 0.221679688 0.6040039
vt 0.22265625 0.600097656
vt 0.5888672 0.722167969
vt 0.5673828 0.774414063
vt 0.218383789 0.6123047
vt 0.219360352 0.6074219
vt 0.540527344 0.821289063
vt 0.499511719 0.873535156
vt 0.442138672 0.934082031
vt 0.128662109 0.6958008
vt 0.165405273 0.654785156
vt 0.444580078 0.931152344
vt 0.436767578 0.94921875
vt 0.045135498 0.8984375
vt 0.0568847656 0.8442383
vt 0.437988281 0.9453125
vt 0.438964844 0.94140625
vt 0.0745239258 0.7890625
vt 0.1005249 0.7397461
vt 0.440673828 0.9375
vt 0.440673828 0.9375
vt 0.1005249 0.7397461
vt 0.128662109 0.6958008
vt 0.442138672 0.934082031
vt 0.437988281 0.9453125
vt 0.0568847656 0.8442383
vt 0.0745239258 0.7890625
vt 0.438964844 0.94140625
vt 0.435546875 0.9536133
vt 0.04284668 0.9667969
vt 0.045135498 0.8984375
vt 0.436767578 0.94921875
vt 0.165405273 0.654785156
vt 0.128662109 0.6958008
vt 0.118041992 0.688476563
vt 0.154296875 0.652832031
vt 0.0915527344 0.7348633
vt 0.0568847656 0.8442383
vt 0.045135498 0.8984375
vt 0.03289795 0.8955078
vt 0.0469665527 0.8413086
vt 0.0745239258 0.7890625
vt 0.0621643066 0.7832031
vt 0.1005249 0.7397461
vt 0.0915527344 0.7348633
vt 0.128662109 0.6958008
vt 0.0339355469 0.959472656
vt 0.04284668 0.9667969
vt 0.628417969 0.480957031
vt 0.287597656 0.481689453
vt 0.288330078 0.498291016
vt 0.628417969 0.4970703
vt 0.628417969 0.4645996
vt 0.287353516 0.4650879
vt 0.628417969 0.431884766
vt 0.288330078 0.431640625
vt 0.287597656 0.4482422
vt 0.628417969 0.4482422
vt 0.287353516 0.4650879
vt 0.628417969 0.4645996
vt 0.04333496 0.474853516
vt 0.0217132568 0.454101563
vt 0.0317993164 0.489501953
vt 0.048034668 0.456542969
vt 0.046081543 0.4375
vt 0.0368042 0.419921875
vt 0.059753418 0.482421875
vt 0.04864502 0.5073242
vt 0.0646972656 0.458251953
vt 0.1161499 0.483886719
vt 0.0901489258 0.4855957
vt 0.0871582 0.511230469
vt 0.117614746 0.508789063
vt 0.117126465 0.4609375
vt 0.09246826 0.459960938
vt 0.132568359 0.4802246
vt 0.133544922 0.497314453
vt 0.1328125 0.4621582
vt 0.04864502 0.5073242
vt 0.059753418 0.482421875
vt 0.0646972656 0.458251953
vt 0.118469238 0.438476563
vt 0.09277344 0.434082031
vt 0.09246826 0.459960938
vt 0.117126465 0.4609375
vt 0.122375488 0.4152832
vt 0.09326172 0.408935547
vt 0.133666992 0.4440918
vt 0.1328125 0.4621582
vt 0.135498047 0.4272461
vt 0.0646972656 0.458251953
vt 0.06329346 0.433105469
vt 0.048034668 0.456542969
vt 0.046081543 0.4375
vt 0.0571594238 0.405761719
vt 0.0368042 0.419921875
vt 0.19921875 0.4807129
vt 0.132568359 0.4802246
vt 0.133544922 0.497314453
vt 0.1977539 0.4975586
vt 0.199707031 0.462890625
vt 0.1328125 0.4621582
vt 0.199584961 0.444824219
vt 0.133666992 0.4440918
vt 0.1328125 0.4621582
vt 0.199707031 0.462890625
vt 0.198486328 0.427734375
vt 0.135498047 0.4272461
vt 0.21472168 0.4855957
vt 0.19921875 0.4807129
vt 0.1977539 0.4975586
vt 0.212280273 0.509277344
vt 0.2154541 0.4633789
vt 0.199707031 0.462890625
vt 0.271728516 0.486328125
vt 0.273193359 0.5102539
vt 0.271484375 0.464355469
vt 0.287597656 0.481689453
vt 0.288330078 0.498291016
vt 0.215576172 0.4411621
vt 0.199584961 0.444824219
vt 0.199707031 0.462890625
vt 0.2154541 0.4633789
vt 0.2142334 0.416748047
vt 0.198486328 0.427734375
vt 0.2722168 0.442626953
vt 0.271484375 0.464355469
vt 0.274902344 0.4194336
vt 0.287597656 0.4482422
vt 0.287353516 0.4650879
vt 0.271728516 0.486328125
vt 0.287597656 0.481689453
vt 0.288330078 0.431640625
vt 0.628417969 0.480957031
vt 0.628417969 0.4970703
vt 0.288330078 0.498291016
vt 0.287597656 0.481689453
vt 0.628417969 0.4645996
vt 0.287353516 0.4650879
vt 0.628417969 0.431884766
vt 0.628417969 0.4482422
vt 0.287597656 0.4482422
vt 0.288330078 0.431640625
vt 0.287353516 0.4650879
vt 0.628417969 0.4645996
vt 0.04333496 0.474853516
vt 0.0317993164 0.489501953
vt 0.0217132568 0.454101563
vt 0.048034668 0.456542969
vt 0.046081543 0.4375
vt 0.0368042 0.419921875
vt 0.059753418 0.482421875
vt 0.04864502 0.5073242
vt 0.0646972656 0.458251953
vt 0.06329346 0.433105469
vt 0.0571594238 0.405761719
vt 0.1161499 0.483886719
vt 0.117614746 0.508789063
vt 0.0871582 0.511230469
vt 0.0901489258 0.4855957
vt 0.117126465 0.4609375
vt 0.09246826 0.459960938
vt 0.132568359 0.4802246
vt 0.133544922 0.497314453
vt 0.1328125 0.4621582
vt 0.04864502 0.5073242
vt 0.059753418 0.482421875
vt 0.0646972656 0.458251953
vt 0.118469238 0.438476563
vt 0.117126465 0.4609375
vt 0.09246826 0.459960938
vt 0.09277344 0.434082031
vt 0.122375488 0.4152832
vt 0.09326172 0.408935547
vt 0.133666992 0.4440918
vt 0.1328125 0.4621582
vt 0.135498047 0.4272461
vt 0.0646972656 0.458251953
vt 0.06329346 0.433105469
vt 0.0571594238 0.405761719
vt 0.0571594238 0.405761719
vt 0.046081543 0.4375
vt 0.0368042 0.419921875
vt 0.19921875 0.4807129
vt 0.1977539 0.4975586
vt 0.133544922 0.497314453
vt 0.132568359 0.4802246
vt 0.199707031 0.462890625
vt 0.1328125 0.4621582
vt 0.199584961 0.444824219
vt 0.199707031 0.462890625
vt 0.1328125 0.4621582
vt 0.133666992 0.4440918
vt 0.198486328 0.427734375
vt 0.135498047 0.4272461
vt 0.21472168 0.4855957
vt 0.212280273 0.509277344
vt 0.1977539 0.4975586
vt 0.19921875 0.4807129
vt 0.2154541 0.4633789
vt 0.21472168 0.4855957
vt 0.19921875 0.4807129
vt 0.199707031 0.462890625
vt 0.215576172 0.4411621
vt 0.199584961 0.444824219
vt 0.2142334 0.416748047
vt 0.198486328 0.427734375
vt 0.271728516 0.486328125
vt 0.273193359 0.5102539
vt 0.212280273 0.509277344
vt 0.21472168 0.4855957
vt 0.271484375 0.464355469
vt 0.2154541 0.4633789
vt 0.287597656 0.481689453
vt 0.288330078 0.498291016
vt 0.2722168 0.442626953
vt 0.271484375 0.464355469
vt 0.2154541 0.4633789
vt 0.215576172 0.4411621
vt 0.274902344 0.4194336
vt 0.2142334 0.416748047
vt 0.287597656 0.4482422
vt 0.287353516 0.4650879
vt 0.271728516 0.486328125
vt 0.287597656 0.481689453
vt 0.288330078 0.431640625
vn -0.6907924 0.1604453 -0.7050271
vn -0.700555146 0.162716269 -0.6947992
vn -0.9740497 0.226334438 0
vn -0.9740497 0.226334453 0
vn -0.7005553 0.162716329 0.694799
vn -0.690792561 0.160445347 0.705027
vn -0.690792561 0.160445347 0.705027
vn -0.7005553 0.162716329 0.694799
vn -0.0224096738 0.005295559 0.9997349
vn -0.0027143897 0.000730955857 0.999996066
vn 0.6783447 -0.156873912 0.7178016
vn 0.6882263 -0.159155518 0.7078236
vn 0.9743104 -0.225209415 2.19406132E-07
vn 0.9743104 -0.225209415 2.50246927E-07
vn 0.9743104 -0.225209415 2.50246927E-07
vn 0.9743104 -0.225209415 2.19406132E-07
vn 0.6783449 -0.156873986 -0.717801332
vn 0.6882265 -0.159155577 -0.707823336
vn 0.6882265 -0.159155577 -0.707823336
vn 0.6783449 -0.156873986 -0.717801332
vn -0.02240998 0.00529563567 -0.9997349
vn -0.002714702 0.0007310373 -0.999996066
vn -0.700555146 0.162716269 -0.6947992
vn -0.6907924 0.1604453 -0.7050271
vn 0.9135792 -0.08388378 -0.3979152
vn 0.708930254 -0.425139755 -0.562738061
vn 0.8157792 -0.489216238 0.308499366
vn 0.703587234 -0.67629683 0.2181461
vn 0.9983472 0.0574707873 1.4063535E-07
vn 0.6571152 -0.75379014 1.05654226E-06
vn 0.9279706 -0.302136272 0.218138427
vn 0.5042805 -0.7663968 -0.397916049
vn 0.9135791 -0.08388345 0.397915572
vn 0.703588665 -0.6762958 -0.2181443
vn 0.7089301 -0.4251386 0.562739134
vn 0.815781653 -0.4892126 -0.308498621
vn 0.5042807 -0.766396463 0.3979165
vn 0.92797184 -0.3021311 -0.21814017
vn 0.419511735 -0.907749951 -3.415426E-07
vn 0.974441648 -0.224640861 -2.26859038E-06
vn 0.974441648 -0.224640861 -2.26859038E-06
vn 0.419511735 -0.907749951 -3.415426E-07
vn 0.633722961 0.39529568 0.664933562
vn 0.775372267 0.6315045 5.92732E-07
vn 0.6337235 0.39529562 -0.664933
vn 0.291745573 -0.174959764 0.9403583
vn 0.6337235 0.39529562 -0.664933
vn 0.291746348 -0.1749604 -0.940357864
vn 0.708930254 -0.425139755 -0.562738061
vn 0.9135792 -0.08388378 -0.3979152
vn 0.5042805 -0.7663968 -0.397916049
vn -0.05022885 -0.7452127 -0.6649324
vn -0.363665074 -0.606422067 -0.7071068
vn 5.145696E-07 7.250377E-07 -1
vn -0.363664925 -0.6064218 -0.7071071
vn 4.70447873E-07 5.702399E-07 -1
vn -0.5143001 -0.8576103 4.70447418E-07
vn -0.5143001 -0.857610345 4.872254E-07
vn 0.36366576 0.606422365 -0.7071062
vn 0.363665849 0.606422544 -0.707106054
vn -0.191879764 -0.9814185 0
vn 0.7089301 -0.4251386 0.562739134
vn 0.5042807 -0.766396463 0.3979165
vn -0.0502291471 -0.7452128 0.6649323
vn 0.291745573 -0.174959764 0.9403583
vn -0.191879764 -0.9814185 0
vn 0.419511735 -0.907749951 -3.415426E-07
vn -0.363664955 -0.6064217 0.707107246
vn -0.5143001 -0.857610345 4.872254E-07
vn -0.363664836 -0.6064214 0.7071075
vn -0.5143001 -0.8576103 4.70447418E-07
vn 0.419511735 -0.907749951 -3.415426E-07
vn 0.5042805 -0.7663968 -0.397916049
vn -0.05022885 -0.7452127 -0.6649324
vn -0.191879764 -0.9814185 0
vn -0.2591203 -0.6632686 0.70209074
vn 0.8576011 -0.5143154 7.67087749E-06
vn -0.408686846 -0.9126747 0
vn -0.259120017 -0.6632684 -0.7020911
vn -0.259120017 -0.6632684 -0.7020911
vn 0.8576011 -0.5143154 7.67087749E-06
vn 0.10196586 -0.061147 -0.992906868
vn 0.463051766 0.5409727 -0.702091
vn 0.463051766 0.5409727 -0.702091
vn 0.8576011 -0.5143154 7.67087749E-06
vn 0.612618446 0.790378869 0
vn 0.4630521 0.5409729 0.7020905
vn 0.4630521 0.5409729 0.7020905
vn 0.8576011 -0.5143154 7.67087749E-06
vn 0.101965994 -0.0611470155 0.992906868
vn -0.2591203 -0.6632686 0.70209074
vn 0 1.28303952E-07 1
vn 1.40035809E-07 3.256454E-07 1
vn -0.363664955 -0.6064217 0.707107246
vn -0.363664836 -0.6064214 0.7071075
vn 0.36366573 0.606422365 0.707106233
vn 0.3636656 0.606422246 0.7071064
vn -0.0502291471 -0.7452128 0.6649323
vn 0.291745573 -0.174959764 0.9403583
vn 0.633722961 0.39529568 0.664933562
vn 0.5143007 0.8576099 0
vn 0.5143005 0.857610047 0
vn 0.3636656 0.606422246 0.7071064
vn 0.36366573 0.606422365 0.707106233
vn 0.363665849 0.606422544 -0.707106054
vn 0.36366576 0.606422365 -0.7071062
vn 0.633722961 0.39529568 0.664933562
vn 0.775372267 0.6315045 5.92732E-07
vn 0.6337235 0.39529562 -0.664933
vn -0.320595175 -0.0542655848 -0.9456606
vn -0.161779583 -0.7109036 -0.684429348
vn 0.540261567 -0.489568263 -0.684427
vn 0.293748915 0.139423251 -0.94566
vn -0.5044614 0.565186143 -0.652750552
vn 0.08909012 0.7523163 -0.6527505
vn -0.305645466 -0.7220094 -0.620712
vn -0.444769382 -0.116247848 -0.888069034
vn -0.6221832 0.4770324 -0.6207481
vn 0.43102 0.1598644 -0.8880682
vn 0.2360851 0.7476198 -0.620748341
vn -0.161779583 -0.7109036 -0.684429348
vn -0.112810887 -0.9936165 2.03216061E-07
vn 0.6622944 -0.7492438 2.4599828E-07
vn 0.540261567 -0.489568263 -0.684427
vn -0.270967752 -0.9625884 0
vn -0.305645466 -0.7220094 -0.620712
vn 0.6644803 -0.416152418 -0.620711744
vn 0.43102 0.1598644 -0.8880682
vn 0.774056137 -0.633116961 0
vn -0.112810887 -0.9936165 2.03216061E-07
vn -0.1617802 -0.7109033 0.684429467
vn 0.540261149 -0.48956877 0.684427
vn 0.6622944 -0.7492438 2.4599828E-07
vn 0.293749064 0.139422476 0.945660055
vn -0.320594877 -0.0542654246 0.9456607
vn 0.08909015 0.7523168 0.6527499
vn -0.504460752 0.5651859 0.6527513
vn -0.305645227 -0.722008944 0.6207126
vn -0.270967752 -0.9625884 0
vn -0.4447683 -0.116246954 0.888069749
vn -0.6221822 0.477032244 0.6207492
vn 0.6644809 -0.416153222 0.6207106
vn 0.431020379 0.159863845 0.88806814
vn 0.236085549 0.7476202 0.6207477
vn -0.504460752 0.5651859 0.6527513
vn -0.583440065 0.8121562 7.863085E-07
vn 0.01214217 0.9999263 -7.8630876E-07
vn 0.08909015 0.7523168 0.6527499
vn 0.08909012 0.7523163 -0.6527505
vn -0.5044614 0.565186143 -0.652750552
vn -0.7002281 0.7139193 7.6892E-07
vn -0.6221822 0.477032244 0.6207492
vn -0.6221832 0.4770324 -0.6207481
vn 0.236085549 0.7476202 0.6207477
vn 0.164154276 0.9864347 -1.32701132E-06
vn 0.2360851 0.7476198 -0.620748341
vn 0.540261149 -0.48956877 0.684427
vn 0.6644809 -0.416153222 0.6207106
vn 0.774056137 -0.633116961 0
vn 0.6622944 -0.7492438 2.4599828E-07
vn -0.336026281 0.06689259 -0.9394742
vn -0.4363992 -0.593646646 -0.6761209
vn 0.353273422 -0.6465716 -0.676123559
vn 0.341947466 0.0214524586 -0.939474165
vn -0.272868752 0.7083927 -0.650939763
vn 0.364962459 0.6656419 -0.6509403
vn -0.580471456 -0.5435081 -0.606343031
vn -0.479467 0.05576211 -0.8757865
vn -0.417132765 0.6677335 -0.616548657
vn 0.482617378 -0.008720862 -0.8757879
vn 0.502743065 -0.616113 -0.606345057
vn 0.5025105 0.6060946 -0.616548955
vn -0.4363992 -0.593646646 -0.6761209
vn -0.497028 -0.867734551 0
vn 0.37678507 -0.926300764 4.05467517E-07
vn 0.353273422 -0.6465716 -0.676123559
vn -0.638238966 -0.769838333 0
vn -0.580471456 -0.5435081 -0.606343031
vn 0.502743065 -0.616113 -0.606345057
vn 0.5297887 -0.8481297 6.15708643E-07
vn -0.497028 -0.867734551 0
vn -0.4363986 -0.5936468 0.6761211
vn 0.353273243 -0.6465711 0.6761242
vn 0.37678507 -0.926300764 4.05467517E-07
vn 0.5297887 -0.8481297 6.15708643E-07
vn 0.5027428 -0.6161126 0.606345654
vn -0.4363986 -0.5936468 0.6761211
vn -0.336025864 0.06689312 0.9394743
vn 0.34194693 0.0214523338 0.9394744
vn 0.353273243 -0.6465711 0.6761242
vn 0.364961773 0.6656418 0.650940835
vn -0.272868782 0.708393 0.650939345
vn -0.479466081 0.05576271 0.87578696
vn -0.417132229 0.6677337 0.616548836
vn 0.5027428 -0.6161126 0.606345654
vn 0.48261708 -0.008721304 0.8757881
vn 0.5025101 0.606094658 0.6165492
vn -0.272868782 0.708393 0.650939345
vn -0.253089815 0.96744287 -2.5761895E-07
vn 0.3799302 0.925015152 6.323386E-07
vn 0.364961773 0.6656418 0.650940835
vn 0.364962459 0.6656419 -0.6509403
vn -0.272868752 0.7083927 -0.650939763
vn -0.398865819 0.917009354 1.4230325E-07
vn -0.417132229 0.6677337 0.616548836
vn -0.417132765 0.6677335 -0.616548657
vn 0.5025101 0.606094658 0.6165492
vn 0.517673135 0.8555785 6.830553E-07
vn 0.5025105 0.6060946 -0.616548955
vn -0.5804706 -0.5435083 0.6063437
vn -0.4363986 -0.5936468 0.6761211
vn -0.497028 -0.867734551 0
vn -0.638238966 -0.769838333 0
vn -0.479466081 0.05576271 0.87578696
vn -0.332884043 0.189131945 -0.923805952
vn -0.6501997 -0.379716426 -0.6580698
vn 0.0244845543 -0.7182296 -0.695375264
vn 0.281929672 -0.0803486556 -0.956064761
vn -0.0550135225 0.7632421 -0.6437663
vn 0.5391399 0.522383451 -0.660638869
vn -0.08060763 -0.996745944 0
vn -0.7974367 -0.6034026 0
vn -0.74834317 -0.3004395 -0.5913702
vn -0.457568854 0.21707724 -0.8622693
vn -0.8740483 -0.4858391 3.45263E-07
vn -0.194674939 0.7674063 -0.6108923
vn 0.4102408 -0.166201189 -0.8967049
vn 0.165248573 -0.752888441 -0.6370651
vn 0.06881866 -0.9976292 -2.00991224E-07
vn 0.6634454 0.40700537 -0.627843
vn -0.7974367 -0.6034026 0
vn -0.6501997 -0.379716069 0.658069968
vn 0.02448541 -0.71823 0.695374846
vn -0.08060763 -0.996745944 0
vn -0.7483431 -0.3004405 0.5913697
vn -0.8740483 -0.4858391 3.45263E-07
vn -0.457568854 0.217077255 0.8622693
vn 0.06881866 -0.9976292 -2.00991224E-07
vn 0.165249839 -0.7528891 0.637064
vn -0.6501997 -0.379716069 0.658069968
vn -0.332884282 0.1891322 0.9238058
vn 0.281930357 -0.08035011 0.956064463
vn 0.02448541 -0.71823 0.695374846
vn 0.53914094 0.522383 0.660638452
vn -0.0550131164 0.7632417 0.6437668
vn -0.457568854 0.217077255 0.8622693
vn -0.194674566 0.767406166 0.610892534
vn 0.165249839 -0.7528891 0.637064
vn 0.410241723 -0.166203126 0.896704137
vn 0.6634458 0.407004178 0.62784344
vn -0.0550131164 0.7632417 0.6437668
vn 0.0518916026 0.998652756 1.09292284E-06
vn 0.6449148 0.764254451 -2.09197864E-07
vn 0.53914094 0.522383 0.660638452
vn 0.5391399 0.522383451 -0.660638869
vn -0.0550135225 0.7632421 -0.6437663
vn -0.0936732441 0.995603 1.69370048E-06
vn -0.194674566 0.767406166 0.610892534
vn -0.194674939 0.7674063 -0.6108923
vn 0.6634458 0.407004178 0.62784344
vn 0.7689677 0.6392877 0
vn 0.6634454 0.40700537 -0.627843
vn -0.289618582 -0.183442742 -0.939398646
vn 0.09878313 -0.728886843 -0.677470267
vn 0.6989754 -0.229050145 -0.6774729
vn 0.232821226 0.251641244 -0.9393993
vn -0.689985633 0.319874585 -0.6493074
vn -0.1897362 0.736478567 -0.649306953
vn -0.0109449988 -0.782237768 -0.622884
vn -0.366916478 -0.270484984 -0.890062
vn -0.7530674 0.214813873 -0.6218879
vn 0.332413137 0.311909884 -0.890063941
vn 0.771303 -0.130790576 -0.6228848
vn -0.07499786 0.779506862 -0.6218878
vn 0.09878313 -0.728886843 -0.677470267
vn 0.246348992 -0.9691812 6.57131238E-07
vn 0.9086022 -0.4176627 8.531211E-07
vn 0.6989754 -0.229050145 -0.6774729
vn 0.11182934 -0.993727446 2.428272E-07
vn -0.0109449988 -0.782237768 -0.622884
vn 0.771303 -0.130790576 -0.6228848
vn 0.957085133 -0.289806932 4.22308261E-07
vn 0.246348992 -0.9691812 6.57131238E-07
vn 0.0987827256 -0.728887558 0.6774695
vn 0.6989749 -0.229049608 0.677473545
vn 0.9086022 -0.4176627 8.531211E-07
vn 0.957085133 -0.289806932 4.22308261E-07
vn 0.771302938 -0.130790487 0.622885
vn 0.0987827256 -0.728887558 0.6774695
vn -0.289619476 -0.1834432 0.9393983
vn 0.232820883 0.251642019 0.9393992
vn 0.6989749 -0.229049608 0.677473545
vn -0.1897359 0.736478448 0.6493072
vn -0.689985931 0.319874227 0.6493073
vn -0.3551025 0.9348274 1.31525169E-07
vn -0.855136037 0.5184037 -2.19210136E-07
vn -0.366916478 -0.27048558 0.8900618
vn -0.01094488 -0.7822382 0.6228834
vn 0.246348992 -0.9691812 6.57131238E-07
vn 0.11182934 -0.993727446 2.428272E-07
vn -0.7530672 0.214813665 0.6218883
vn -0.913909435 0.405918181 0
vn 0.771302938 -0.130790487 0.622885
vn 0.332413346 0.311910629 0.8900636
vn -0.07499721 0.7795068 0.6218879
vn -0.855136037 0.5184037 -2.19210136E-07
vn -0.689985633 0.319874585 -0.6493074
vn -0.1897362 0.736478567 -0.649306953
vn -0.3551025 0.9348274 1.31525169E-07
vn -0.233842552 0.9722745 5.188631E-07
vn -0.07499721 0.7795068 0.6218879
vn -0.1897359 0.736478448 0.6493072
vn -0.07499786 0.779506862 -0.6218878
vn -0.7530674 0.214813873 -0.6218879
vn -0.689985633 0.319874585 -0.6493074
vn -0.855136037 0.5184037 -2.19210136E-07
vn -0.913909435 0.405918181 0
vn -0.20011951 -0.274121732 -0.940643132
vn 0.362081438 -0.6392256 -0.6784451
vn 0.7334898 0.04129371 -0.678445041
vn 0.1222812 0.316604823 -0.9406428
vn -0.7580625 0.0477531143 -0.650431335
vn -0.450264156 0.6117199 -0.650431454
vn 0.271117449 -0.737705946 -0.618292332
vn -0.243856624 -0.394094765 -0.8861283
vn -0.7797241 -0.08470244 -0.620367467
vn 0.199522 0.418291628 -0.8861281
vn 0.7671036 0.171070978 -0.618293464
vn -0.350583822 0.7015944 -0.620367944
vn 0.362081438 -0.6392256 -0.6784451
vn 0.5881707 -0.8087368 1.54529448E-06
vn 0.9983656 -0.05715033 1.03788182E-06
vn 0.7334898 0.04129371 -0.678445041
vn 0.460268885 -0.8877796 6.56016937E-07
vn 0.271117449 -0.737705946 -0.618292332
vn 0.7671036 0.171070978 -0.618293464
vn 0.995649636 0.0931764543 0
vn 0.5881707 -0.8087368 1.54529448E-06
vn 0.36208114 -0.6392259 0.6784449
vn 0.733489931 0.0412944555 0.678444862
vn 0.9983656 -0.05715033 1.03788182E-06
vn 0.122281708 0.3166057 0.940642357
vn -0.200120255 -0.27412197 0.9406429
vn -0.450264722 0.6117204 0.6504305
vn -0.758062661 0.047752928 0.6504312
vn 0.271116942 -0.737704933 0.618293762
vn 0.460268885 -0.8877796 6.56016937E-07
vn -0.243856341 -0.3940943 0.8861286
vn -0.779723942 -0.08470261 0.620367765
vn 0.995649636 0.0931764543 0
vn 0.7671033 0.171070933 0.6182939
vn 0.199522927 0.418291748 0.886127949
vn -0.35058412 0.701594949 0.620367169
vn -0.6777372 0.7353043 -4.59909245E-07
vn -0.56937623 0.8220771 0
vn -0.758062661 0.047752928 0.6504312
vn -0.985060632 0.172207966 -6.24161544E-07
vn -0.6777372 0.7353043 -4.59909245E-07
vn -0.450264722 0.6117204 0.6504305
vn -0.450264156 0.6117199 -0.650431454
vn -0.7580625 0.0477531143 -0.650431335
vn -0.9994175 0.0341288671 -2.20439091E-07
vn -0.779723942 -0.08470261 0.620367765
vn -0.7797241 -0.08470244 -0.620367467
vn -0.56937623 0.8220771 0
vn -0.350583822 0.7015944 -0.620367944
vn 0 -1 0
vn 0 -0.116971388 -0.9931353
vn -0.306898326 -0.116970994 -0.94452703
vn 0 -1 0
vn -0.5837522 -0.116970949 -0.803461969
vn 0 -1 0
vn -0.8034632 -0.116971292 -0.583750546
vn 0 -0.08789925 -0.9961294
vn -0.307823569 -0.0878987238 -0.9473745
vn -0.58551234 -0.08789854 -0.8058841
vn 0 -1 0
vn -0.8034632 -0.116971292 -0.583750546
vn 0 -1 0
vn -0.9445277 -0.116971768 -0.306896031
vn 0 -1 0
vn -0.9931352 -0.116971925 0
vn 0 -1 0
vn -0.947375059 -0.08790025 -0.307821453
vn -0.9961293 -0.08790021 0
vn -0.8058856 -0.08789947 -0.5855102
vn -0.58551234 -0.08789854 -0.8058841
vn 0 -1 0
vn 0 -1 0
vn 0 -1 0
vn 0 -1 0
vn 0 -1 0
vn 0 -1 0
vn 0 -1 0
vn 0 0.7542365 0.656602859
vn 0 1 0
vn 0 1 0
vn 0.202902287 0.754235566 0.6244674
vn 0 1 0
vn 0.385944217 0.7542355 0.5312023
vn 0 1 0
vn 0.531200767 0.7542381 0.3859413
vn 0 1 0
vn 0.624462962 0.7542401 0.20289892
vn 0 1 0
vn 0.656597733 0.754241 -1.06579463E-07
vn 0.235867664 0.6460824 0.725909054
vn 0.4486401 0.6460875 0.6174893
vn 0.6174806 0.646104455 0.448627681
vn 0.725888669 0.6461091 0.235857323
vn 0.7632466 0.6461074 0
vn 0 0.6460867 0.7632641
vn 0 1 0
vn 0 -1 0
vn 0 -1 0
vn 0.306898475 -0.116971008 -0.944527
vn 0.5837523 -0.116970919 -0.803461969
vn 0 -1 0
vn 0.8034632 -0.116971321 -0.583750546
vn 0 -1 0
vn 0.9445277 -0.116971813 -0.306896031
vn 0 -1 0
vn 0.9931352 -0.116971925 0
vn 0 -1 0
vn 0.9473751 -0.08790027 -0.307821423
vn 0.8058856 -0.08789947 -0.5855102
vn 0.58551234 -0.0878985152 -0.8058841
vn 0.307823718 -0.0878987461 -0.9473745
vn 0 -1 0
vn 0.306898475 -0.116971008 -0.944527
vn 0 -0.116971388 -0.9931353
vn 0 -0.08789925 -0.9961294
vn 0.307823718 -0.0878987461 -0.9473745
vn 0 -1 0
vn 0 -1 0
vn 0 -1 0
vn 0 -1 0
vn 0 -1 0
vn 0 -1 0
vn 0 -1 0
vn 0.9473751 -0.08790027 -0.307821423
vn 0.9931352 -0.116971925 0
vn 0.9961293 -0.08790021 0
vn 0 0.7542365 0.656602859
vn -0.202902257 0.7542354 0.624467552
vn 0 1 0
vn 0 1 0
vn 0 1 0
vn -0.385944545 0.7542358 0.531201661
vn 0 1 0
vn -0.531201 0.754238367 0.385940522
vn 0 1 0
vn -0.6244629 0.7542401 0.20289886
vn 0 1 0
vn -0.6565977 0.754241049 1.01842588E-07
vn -0.235867441 0.6460818 0.72590977
vn -0.448640347 0.6460877 0.617488861
vn -0.6174812 0.646104634 0.448626667
vn -0.7258885 0.6461094 0.235857174
vn -0.7632466 0.6461074 0
vn 0 0.6460867 0.7632641
vn 0 1 0
vn 0 -1 0
vn 0 -1 0
vn -0.306898475 -0.116971008 0.944527
vn 0 -0.116971388 0.9931353
vn -0.5837523 -0.116970919 0.803461969
vn 0 -1 0
vn -0.8034632 -0.116971321 0.583750546
vn 0 -1 0
vn -0.9445277 -0.116971813 0.306896031
vn 0 -0.08789925 0.9961294
vn -0.307823718 -0.0878987461 0.9473745
vn -0.8058856 -0.08789947 0.5855102
vn -0.9473751 -0.08790027 0.307821423
vn -0.58551234 -0.0878985152 0.8058841
vn 0 -1 0
vn 0 -1 0
vn -0.9445277 -0.116971813 0.306896031
vn -0.9931352 -0.116971925 0
vn 0 -1 0
vn -0.9473751 -0.08790027 0.307821423
vn -0.9961293 -0.08790021 0
vn 0 -1 0
vn 0 -1 0
vn 0 -1 0
vn 0 -1 0
vn 0 -1 0
vn 0 -1 0
vn 0 -1 0
vn 0 0.7542365 -0.656602859
vn 0.202902257 0.7542354 -0.624467552
vn 0 1 0
vn 0 1 0
vn 0 1 0
vn 0.385944545 0.7542358 -0.531201661
vn 0 1 0
vn 0.531201 0.754238367 -0.385940522
vn 0 1 0
vn 0.6244629 0.7542401 -0.20289886
vn 0 1 0
vn 0.656597733 0.754241 -1.06579463E-07
vn 0.235867441 0.6460818 -0.72590977
vn 0.448640347 0.6460877 -0.617488861
vn 0.6174812 0.646104634 -0.448626667
vn 0.7258885 0.6461094 -0.235857174
vn 0.7632466 0.6461074 0
vn 0 0.6460867 -0.7632641
vn 0 1 0
vn 0 -1 0
vn 0 -0.116971388 0.9931353
vn 0.306898326 -0.116970994 0.94452703
vn 0 -1 0
vn 0.5837522 -0.116970949 0.803461969
vn 0 -1 0
vn 0 -0.08789925 0.9961294
vn 0.307823569 -0.0878987238 0.9473745
vn 0 -1 0
vn 0.5837522 -0.116970949 0.803461969
vn 0.8034632 -0.116971292 0.583750546
vn 0 -1 0
vn 0.9445277 -0.116971768 0.306896031
vn 0 -1 0
vn 0.9931352 -0.116971925 0
vn 0 -1 0
vn 0.947375059 -0.08790025 0.307821453
vn 0.9961293 -0.08790021 0
vn 0.8058856 -0.08789947 0.5855102
vn 0.58551234 -0.08789854 0.8058841
vn 0.307823569 -0.0878987238 0.9473745
vn 0 -1 0
vn 0 -1 0
vn 0 -1 0
vn 0 -1 0
vn 0 -1 0
vn 0 -1 0
vn 0 -1 0
vn 0 0.7542365 -0.656602859
vn 0 1 0
vn 0 1 0
vn -0.202902287 0.754235566 -0.6244674
vn 0 1 0
vn -0.385944217 0.7542355 -0.5312023
vn 0 1 0
vn -0.531200767 0.7542381 -0.3859413
vn 0 1 0
vn -0.624462962 0.7542401 -0.20289892
vn 0 1 0
vn -0.6565977 0.754241049 1.01842588E-07
vn -0.235867664 0.6460824 -0.725909054
vn -0.4486401 0.6460875 -0.6174893
vn -0.6174806 0.646104455 -0.448627681
vn -0.725888669 0.6461091 -0.235857323
vn -0.7632466 0.6461074 0
vn 0 0.6460867 -0.7632641
vn 0 1 0
vn -0.223974675 -0.712977231 -0.664453864
vn 0.6376489 -0.6671138 0.38517946
vn 0.622394264 -0.7010356 0.3481013
vn -0.146285087 -0.779391766 -0.6092202
vn 0.07643009 -0.619223654 -0.7814861
vn 0.8262818 -0.542768359 0.150535643
vn 0.636746049 0.0164126717 -0.7708989
vn 0.8871532 0.0422037244 -0.459541142
vn -0.6027593 0.736249864 -0.3075995
vn -0.6204365 0.7033753 -0.346874535
vn 0.144248545 0.7822746 0.606002331
vn 0.0515716374 0.8457473 0.5310856
vn 0.383668244 0.8505683 0.359628022
vn -0.3343086 0.775626063 -0.535389662
vn 0.718143344 0.5876945 -0.372673243
vn 0.4721118 0.5619223 -0.6792303
vn 0.0515716374 0.8457473 0.5310856
vn 0.144248545 0.7822746 0.606002331
vn 0.622394264 -0.7010356 0.3481013
vn 0.6376489 -0.6671138 0.38517946
vn 0.8262818 -0.542768359 0.150535643
vn 0.383668244 0.8505683 0.359628022
vn 0.8871532 0.0422037244 -0.459541142
vn 0.718143344 0.5876945 -0.372673243
vn 0.718143344 0.5876945 -0.372673243
vn 0.4721118 0.5619223 -0.6792303
vn 0.636746049 0.0164126717 -0.7708989
vn 0.8871532 0.0422037244 -0.459541142
vn 0.4721118 0.5619223 -0.6792303
vn 0.07643009 -0.619223654 -0.7814861
vn -0.3343086 0.775626063 -0.535389662
vn -0.6204365 0.7033753 -0.346874535
vn -0.6027593 0.736249864 -0.3075995
vn -0.223974675 -0.712977231 -0.664453864
vn -0.146285087 -0.779391766 -0.6092202
vn -0.3343086 0.775626063 -0.535389662
vn 0.07643009 -0.619223654 -0.7814861
vn -0.938714743 0.338216335 0.06651592
vn -0.942164958 0.238265634 -0.2357006
vn 0.00319661526 0.335382551 0.9420766
vn -0.297906935 0.404047459 0.8648683
vn 0.132261753 -0.3568894 -0.9247361
vn 0.956771731 -0.2721871 0.102479868
vn 0.8824417 -0.3832201 -0.272835225
vn 0.4897634 -0.4235608 -0.7620552
vn 0.956771731 -0.2721871 0.102479868
vn -0.297906935 0.404047459 0.8648683
vn 0.00319661526 0.335382551 0.9420766
vn 0.8824417 -0.3832201 -0.272835225
vn 0.4897634 -0.4235608 -0.7620552
vn -0.942164958 0.238265634 -0.2357006
vn -0.938714743 0.338216335 0.06651592
vn 0.132261753 -0.3568894 -0.9247361
vn 0.6489258 -0.6656192 0.3685737
vn 0.6489258 -0.665619135 0.368573636
vn 0.648925662 -0.6656192 0.3685737
vn 0.6489258 -0.6656192 0.3685737
vn 0.79153 -0.580687046 0.190480575
vn 0.79153 -0.580687 0.1904806
vn 0.79153 -0.580687046 0.19048056
vn 0.7915301 -0.5806869 0.190480575
vn 0.7207485 -0.63417846 0.27989158
vn 0.7207485 -0.63417846 0.2798916
vn 0.7207485 -0.63417846 0.27989158
vn 0.7207485 -0.63417846 0.27989158
vn -0.03710448 -0.9185271 -0.393613
vn -0.0371044837 -0.9185271 -0.393613
vn -0.0371044874 -0.9185271 -0.393613
vn -0.03710448 -0.9185271 -0.39361304
vn -0.02146212 -0.967368662 -0.252462447
vn -0.021462122 -0.967368662 -0.252462447
vn -0.02146212 -0.967368662 -0.252462447
vn -0.021462122 -0.967368662 -0.252462447
vn -0.09378003 -0.984124362 -0.15068081
vn -0.09378003 -0.984124362 -0.15068078
vn -0.0937800258 -0.984124362 -0.15068081
vn -0.0937800258 -0.984124362 -0.15068078
vn -0.631045341 0.7008762 -0.33249718
vn -0.631045341 0.700876236 -0.3324972
vn -0.631045341 0.7008762 -0.3324972
vn -0.631045341 0.7008762 -0.3324972
vn -0.7913591 0.580957532 -0.190365911
vn -0.7913591 0.580957532 -0.190365911
vn -0.7913591 0.580957532 -0.190365911
vn -0.7913591 0.580957532 -0.190365911
vn -0.7111065 0.6498249 -0.268430948
vn -0.7111065 0.6498249 -0.268430948
vn -0.711106539 0.649824858 -0.268430948
vn -0.7111065 0.6498249 -0.268430918
vn 0.0318786055 0.9203067 0.3898967
vn 0.0318786 0.9203067 0.3898967
vn 0.0318786055 0.9203067 0.389896721
vn 0.031878598 0.9203067 0.3898967
vn 0.0108756563 0.96884805 0.2474171
vn 0.0108756553 0.96884805 0.247417092
vn 0.0108756553 0.96884805 0.2474171
vn 0.0108756544 0.96884805 0.247417092
vn 0.0495461971 0.988832235 0.140555933
vn 0.0495462 0.988832235 0.140555948
vn 0.0495461971 0.988832235 0.140555948
vn 0.0495461971 0.988832235 0.140555933
vn 0.735218763 0.3176767 -0.5987779
vn 0.653360665 0.301945835 -0.694225252
vn 0.6528574 0.30175966 -0.694779336
vn 0.73526746 0.317676365 -0.5987183
vn 0.5782859 0.27371645 -0.768547237
vn 0.5783749 0.273750544 -0.768468
vn 0.4920119 0.237961248 -0.837435842
vn 0.492113173 0.238004982 -0.8373639
vn 0.39855653 0.196005836 -0.8959545
vn 0.398486 0.195972517 -0.8959932
vn 0.290196717 0.149895057 -0.945154667
vn 0.2893851 0.149571791 -0.9454547
vn 0.185960844 0.10259895 -0.9771858
vn 0.185894445 0.102563478 -0.9772021
vn -0.205735579 -0.9674239 -0.147526011
vn 0.9463578 -0.2993035 0.121755891
vn 0.9303874 -0.348620832 0.113326862
vn -0.09242123 -0.9870587 -0.131047383
vn -0.0569076538 -0.8962187 -0.439947158
vn 0.9399882 -0.274287254 -0.202949971
vn 0.1459445 -0.255246818 -0.9557978
vn 0.478797466 -0.04727137 -0.8766519
vn -0.9098549 0.401344717 -0.105292588
vn -0.9291771 0.3515269 -0.114275612
vn 0.08819105 0.9877239 0.128933534
vn -0.04498223 0.9932019 0.1073619
vn 0.138797089 0.9662574 -0.216984048
vn -0.8162459 0.3679975 -0.4453319
vn 0.170844182 0.44141075 -0.880890965
vn -0.156322926 0.236400619 -0.9589984
vn -0.04498223 0.9932019 0.1073619
vn 0.08819105 0.9877239 0.128933534
vn 0.9303874 -0.348620832 0.113326862
vn 0.9463578 -0.2993035 0.121755891
vn 0.9399882 -0.274287254 -0.202949971
vn 0.138797089 0.9662574 -0.216984048
vn 0.478797466 -0.04727137 -0.8766519
vn 0.170844182 0.44141075 -0.880890965
vn 0.170844182 0.44141075 -0.880890965
vn -0.156322926 0.236400619 -0.9589984
vn 0.1459445 -0.255246818 -0.9557978
vn 0.478797466 -0.04727137 -0.8766519
vn -0.156322926 0.236400619 -0.9589984
vn -0.0569076538 -0.8962187 -0.439947158
vn -0.8162459 0.3679975 -0.4453319
vn -0.9291771 0.3515269 -0.114275612
vn -0.9098549 0.401344717 -0.105292588
vn -0.205735579 -0.9674239 -0.147526011
vn -0.09242123 -0.9870587 -0.131047383
vn -0.8162459 0.3679975 -0.4453319
vn -0.0569076538 -0.8962187 -0.439947158
vn -0.849645436 0.182879686 0.494628817
vn -0.9525044 -0.04771656 0.300763369
vn 0.305300385 0.738321543 0.6013926
vn 0.00295152678 0.7156924 0.6984094
vn -0.1809632 -0.728256345 -0.660980344
vn 0.916050136 -0.0427033231 -0.398784
vn 0.7273741 -0.328313172 -0.6026089
vn 0.204913244 -0.6548131 -0.727482259
vn 0.916050136 -0.0427033231 -0.398784
vn 0.00295152678 0.7156924 0.6984094
vn 0.305300385 0.738321543 0.6013926
vn 0.7273741 -0.328313172 -0.6026089
vn 0.204913244 -0.6548131 -0.727482259
vn -0.9525044 -0.04771656 0.300763369
vn -0.849645436 0.182879686 0.494628817
vn -0.1809632 -0.728256345 -0.660980344
vn 0.9471118 -0.304180324 0.102243192
vn 0.9471118 -0.304180324 0.102243178
vn 0.9471118 -0.304180324 0.102243192
vn 0.9471118 -0.3041803 0.102243163
vn 0.9455213 -0.2934603 -0.140963286
vn 0.945521235 -0.293460369 -0.140963286
vn 0.945521235 -0.293460369 -0.140963286
vn 0.945521235 -0.2934604 -0.140963286
vn 0.9512095 -0.3081313 -0.0159909446
vn 0.9512095 -0.308131278 -0.0159909464
vn 0.9512095 -0.3081313 -0.0159909464
vn 0.9512095 -0.3081313 -0.0159909464
vn 0.148282409 -0.988897 0.009749704
vn 0.148282409 -0.988897 0.009749704
vn 0.148282409 -0.988897 0.009749703
vn 0.148282409 -0.988897 0.009749703
vn 0.2448482 -0.961912036 0.121551029
vn 0.244848177 -0.961912036 0.121551029
vn 0.2448482 -0.961912036 0.121551044
vn 0.2448482 -0.961912036 0.121551029
vn 0.240649372 -0.939085364 0.245370433
vn 0.240649372 -0.939085364 0.245370433
vn 0.240649417 -0.9390853 0.245370448
vn 0.2406494 -0.939085364 0.245370463
vn -0.930034935 0.354570538 -0.09651317
vn -0.930034935 0.354570568 -0.09651316
vn -0.930034935 0.354570568 -0.09651316
vn -0.930034935 0.354570538 -0.09651315
vn -0.9454367 0.293779343 0.1408659
vn -0.9454367 0.293779343 0.1408659
vn -0.945436656 0.293779343 0.140865892
vn -0.945436656 0.293779373 0.1408659
vn -0.944365442 0.328594744 0.0141215725
vn -0.944365442 0.328594744 0.0141215725
vn -0.944365442 0.3285947 0.0141215725
vn -0.944365442 0.3285947 0.0141215716
vn -0.15485175 0.987886846 -0.0100296717
vn -0.154851735 0.987886846 -0.010029668
vn -0.154851764 0.987886846 -0.0100296717
vn -0.154851764 0.987886846 -0.0100296717
vn -0.2561863 0.9591998 -0.119601116
vn -0.256186277 0.9591998 -0.1196011
vn -0.2561863 0.9591998 -0.1196011
vn -0.256186277 0.9591998 -0.119601108
vn -0.282404155 0.931673169 -0.228545591
vn -0.2824041 0.931673169 -0.228545561
vn -0.282404125 0.931673169 -0.2285456
vn -0.282404125 0.931673169 -0.228545591
vn 0.185894445 0.102563478 -0.9772021
vn 0.08285648 0.03125365 -0.996071339
vn 0.0822728649 0.0307530966 -0.996135235
vn 0.185960844 0.10259895 -0.9771858
vn -0.000158681316 -0.0398464873 -0.9992059
vn -0.17173858 -0.194927812 -0.9656651
vn -0.263317823 -0.275135636 -0.9246427
vn -0.2626594 -0.274590284 -0.924992
vn -0.171677768 -0.19487007 -0.9656875
vn -0.08655965 -0.116499647 -0.9894116
vn -0.08665626 -0.116586909 -0.9893929
vn -6.43750755E-05 -0.03976577 -0.9992091
vn -0.000158681316 -0.0398464873 -0.9992059
vn 0.08285648 0.03125365 -0.996071339
vn -0.341982245 -0.3465668 -0.873464167
vn -0.342028677 -0.346615225 -0.873426735
vn 0.146355 -0.940038443 0.308071464
vn 0.927230835 -0.0586436056 -0.3698702
vn 0.9299047 -0.107823834 -0.35164097
vn 0.251919329 -0.9321087 0.260211647
vn 0.102430753 -0.9945328 -0.0203088
vn 0.762819 -0.191982478 -0.617454469
vn -0.224107429 -0.652787566 -0.723632753
vn -0.00372689217 -0.384536922 -0.9231021
vn -0.93045646 0.160463348 0.329396874
vn -0.930512965 0.110078715 0.349325478
vn -0.256524 0.9310431 -0.259526938
vn -0.374723226 0.905417144 -0.199505374
vn -0.3671317 0.7559334 -0.5420138
vn -0.9994323 -0.0156508423 0.02983529
vn -0.4421464 -0.009352533 -0.896894157
vn -0.6586785 -0.2736775 -0.700887561
vn -0.374723226 0.905417144 -0.199505374
vn -0.256524 0.9310431 -0.259526938
vn 0.9299047 -0.107823834 -0.35164097
vn 0.927230835 -0.0586436056 -0.3698702
vn 0.762819 -0.191982478 -0.617454469
vn -0.3671317 0.7559334 -0.5420138
vn -0.00372689217 -0.384536922 -0.9231021
vn -0.4421464 -0.009352533 -0.896894157
vn -0.4421464 -0.009352533 -0.896894157
vn -0.6586785 -0.2736775 -0.700887561
vn -0.224107429 -0.652787566 -0.723632753
vn -0.00372689217 -0.384536922 -0.9231021
vn -0.6586785 -0.2736775 -0.700887561
vn 0.102430753 -0.9945328 -0.0203088
vn -0.9994323 -0.0156508423 0.02983529
vn -0.930512965 0.110078715 0.349325478
vn -0.93045646 0.160463348 0.329396874
vn 0.146355 -0.940038443 0.308071464
vn 0.251919329 -0.9321087 0.260211647
vn -0.9994323 -0.0156508423 0.02983529
vn 0.102430753 -0.9945328 -0.0203088
vn -0.520757437 0.264783263 0.8116043
vn -0.601850033 -0.04272496 0.7974655
vn 0.231595367 0.9717787 0.04483016
vn 0.04419026 0.9524625 0.3014341
vn -0.1638901 -0.9725199 -0.165363908
vn 0.56300956 -0.0877063945 -0.821783364
vn 0.430452764 -0.460626066 -0.7762307
vn 0.0842614546 -0.882025659 -0.463606417
vn 0.56300956 -0.0877063945 -0.821783364
vn 0.04419026 0.9524625 0.3014341
vn 0.231595367 0.9717787 0.04483016
vn 0.430452764 -0.460626066 -0.7762307
vn 0.0842614546 -0.882025659 -0.463606417
vn -0.601850033 -0.04272496 0.7974655
vn -0.520757437 0.264783263 0.8116043
vn -0.1638901 -0.9725199 -0.165363908
vn 0.920751035 -0.0720197558 -0.383445919
vn 0.920751035 -0.07201975 -0.383445948
vn 0.920751035 -0.07201975 -0.383445978
vn 0.920751035 -0.0720197558 -0.383446
vn 0.803282 -0.178365022 -0.568263948
vn 0.803282 -0.178365067 -0.568263948
vn 0.8032821 -0.178365037 -0.568263948
vn 0.803282 -0.178365052 -0.568263948
vn 0.8711072 -0.13092652 -0.473318636
vn 0.8711073 -0.13092652 -0.473318577
vn 0.8711072 -0.13092652 -0.473318636
vn 0.8711073 -0.13092652 -0.473318577
vn 0.509297252 -0.8304914 0.2256109
vn 0.5092973 -0.8304915 0.2256109
vn 0.5092974 -0.8304914 0.225610927
vn 0.509297252 -0.8304915 0.2256109
vn 0.62718904 -0.739438236 0.244673386
vn 0.62718904 -0.7394383 0.244673327
vn 0.62718904 -0.7394383 0.244673356
vn 0.62718904 -0.7394383 0.244673356
vn 0.67194587 -0.661527157 0.332972318
vn 0.67194587 -0.661527157 0.332972318
vn 0.6719459 -0.661527157 0.3329724
vn 0.6719458 -0.6615272 0.332972348
vn -0.924206555 0.121021576 0.362209976
vn -0.924206555 0.1210216 0.362210035
vn -0.9242065 0.121021576 0.362210065
vn -0.924206555 0.121021576 0.36221
vn -0.8033839 0.178605646 0.5680444
vn -0.8033838 0.178605631 0.5680445
vn -0.8033839 0.1786056 0.5680444
vn -0.8033838 0.1786056 0.5680445
vn -0.874515355 0.148818627 0.4616015
vn -0.8745154 0.148818627 0.461601466
vn -0.8745154 0.148818612 0.461601466
vn -0.874515355 0.148818612 0.4616015
vn -0.5142651 0.8284899 -0.221666172
vn -0.5142651 0.828489959 -0.221666157
vn -0.5142652 0.8284899 -0.221666172
vn -0.5142651 0.8284899 -0.221666172
vn -0.634266555 0.736296356 -0.235740647
vn -0.634266555 0.736296356 -0.235740677
vn -0.634266555 0.736296356 -0.235740632
vn -0.634266555 0.736296356 -0.235740691
vn -0.6945711 0.656768262 -0.293643415
vn -0.694571137 0.656768262 -0.293643415
vn -0.6945711 0.656768262 -0.2936434
vn -0.694571137 0.656768262 -0.293643415
vn -0.342028677 -0.346615225 -0.873426735
vn -0.404944181 -0.4329884 -0.8053206
vn -0.40524295 -0.433541 -0.80487293
vn -0.341982245 -0.3465668 -0.873464167
vn -0.444741935 -0.508688 -0.7371847
vn -0.4446999 -0.5086055 -0.737266958
vn -0.479148537 -0.5836608 -0.655558467
vn -0.479114264 -0.5835792 -0.655656159
vn -0.505377054 -0.653155744 -0.563898563
vn -0.5053927 -0.653204441 -0.5638283
vn -0.528115153 -0.7171442 -0.454751223
vn -0.527964532 -0.7167373 -0.455566823
vn -0.505377054 -0.653155744 -0.563898563
vn -0.479114264 -0.5835792 -0.655656159
vn -0.539298832 -0.7667012 -0.348318964
vn -0.539299667 -0.7667325 -0.3482487
vn 0.626057148 -0.6468639 0.4354534
vn 0.5914697 -0.08611896 -0.8017152
vn 0.6212259 -0.119713664 -0.7744334
vn 0.6850355 -0.646730244 0.33536014
vn 0.461126119 -0.856571 0.231622025
vn 0.3985751 -0.344082475 -0.8501442
vn -0.2566349 -0.943328738 -0.21040301
vn -0.277764618 -0.772022367 -0.57168895
vn -0.6524907 0.15472132 0.741833746
vn -0.623657167 0.120476194 0.7723583
vn -0.6879722 0.6454346 -0.331826061
vn -0.7444994 0.633814931 -0.209760234
vn -0.837746441 0.342824668 -0.42503202
vn -0.776566565 -0.150567323 0.6117793
vn -0.7444994 0.633814931 -0.209760234
vn -0.6879722 0.6454346 -0.331826061
vn 0.6212259 -0.119713664 -0.7744334
vn 0.5914697 -0.08611896 -0.8017152
vn 0.3985751 -0.344082475 -0.8501442
vn -0.837746441 0.342824668 -0.42503202
vn -0.7617571 -0.5005437 -0.411317736
vn -0.740687251 -0.6695043 -0.056093853
vn -0.2566349 -0.943328738 -0.21040301
vn -0.277764618 -0.772022367 -0.57168895
vn -0.837746441 0.342824668 -0.42503202
vn 0.3985751 -0.344082475 -0.8501442
vn -0.623657167 0.120476194 0.7723583
vn -0.6524907 0.15472132 0.741833746
vn 0.626057148 -0.6468639 0.4354534
vn 0.6850355 -0.646730244 0.33536014
vn -0.776566565 -0.150567323 0.6117793
vn 0.461126119 -0.856571 0.231622025
vn -0.740687251 -0.6695043 -0.056093853
vn -0.2566349 -0.943328738 -0.21040301
vn -0.776566565 -0.150567323 0.6117793
vn -0.740687251 -0.6695043 -0.056093853
vn -0.7617571 -0.5005437 -0.411317736
vn -0.837746441 0.342824668 -0.42503202
vn -0.144713163 0.535949469 0.8317549
vn -0.0956150442 0.250309318 0.963432968
vn -0.174750417 0.8989998 -0.401574016
vn -0.198354453 0.9756597 -0.0935076252
vn 0.173479632 -0.9465929 0.2717843
vn 0.104460493 -0.380827934 -0.9187264
vn 0.165615514 -0.7026497 -0.691993535
vn 0.198486373 -0.9720995 -0.125003114
vn 0.104460493 -0.380827934 -0.9187264
vn -0.198354453 0.9756597 -0.0935076252
vn -0.174750417 0.8989998 -0.401574016
vn 0.165615514 -0.7026497 -0.691993535
vn 0.198486373 -0.9720995 -0.125003114
vn -0.0956150442 0.250309318 0.963432968
vn -0.144713163 0.535949469 0.8317549
vn 0.173479632 -0.9465929 0.2717843
vn 0.585284054 -0.105137236 -0.8039831
vn 0.585284054 -0.105137244 -0.803983033
vn 0.585284054 -0.105137244 -0.803983033
vn 0.585284054 -0.105137229 -0.8039831
vn 0.4481333 -0.302816749 -0.841117442
vn 0.4481333 -0.3028168 -0.841117442
vn 0.44813332 -0.302816749 -0.8411175
vn 0.4481333 -0.302816749 -0.841117442
vn 0.527364135 -0.206371337 -0.8241954
vn 0.527364135 -0.206371337 -0.8241954
vn 0.5273641 -0.206371352 -0.824195445
vn 0.5273641 -0.206371352 -0.824195445
vn 0.83446455 -0.536103547 0.127522618
vn 0.83446455 -0.536103547 0.127522618
vn 0.8344645 -0.536103547 0.127522618
vn 0.8344645 -0.536103547 0.1275226
vn 0.9015897 -0.430268258 0.04478101
vn 0.9015897 -0.430268228 0.04478101
vn 0.9015897 -0.430268228 0.04478101
vn 0.9015897 -0.430268258 0.044781
vn 0.947460234 -0.314040631 0.06080882
vn 0.947460234 -0.3140406 0.06080881
vn 0.947460234 -0.3140406 0.06080882
vn 0.947460234 -0.314040631 0.06080882
vn -0.6169757 0.137031585 0.7749603
vn -0.616975844 0.137031555 0.7749601
vn -0.6169758 0.13703157 0.7749602
vn -0.6169758 0.13703157 0.77496016
vn -0.4484119 0.302906483 0.840936661
vn -0.448411971 0.302906543 0.840936661
vn -0.4484119 0.302906483 0.840936661
vn -0.448411971 0.302906483 0.840936661
vn -0.542473 0.21581316 0.811879158
vn -0.542472959 0.21581316 0.811879158
vn -0.542473 0.21581316 0.811879158
vn -0.542473 0.21581313 0.811879158
vn -0.8358245 0.535487354 -0.1210401
vn -0.8358246 0.5354873 -0.1210401
vn -0.8358245 0.535487354 -0.1210401
vn -0.8358245 0.535487354 -0.1210401
vn -0.9018872 0.430711746 -0.0329698548
vn -0.9018872 0.430711746 -0.03296986
vn -0.9018872 0.430711746 -0.03296986
vn -0.9018872 0.430711746 -0.03296986
vn -0.9455158 0.325152427 -0.0166064575
vn -0.9455158 0.325152457 -0.0166064575
vn -0.9455158 0.325152457 -0.0166064575
vn -0.9455158 0.325152457 -0.0166064575
vn -0.539299667 -0.7667325 -0.3482487
vn -0.5242978 -0.8188343 -0.233713955
vn -0.524113536 -0.8191464 -0.2330327
vn -0.539298832 -0.7667012 -0.348318964
vn -0.49503386 -0.858168364 -0.135972649
vn -0.495070636 -0.8581294 -0.136084571
vn -0.455544621 -0.889655769 -0.0314912274
vn -0.455593944 -0.8896264 -0.03160911
vn -0.407058448 -0.9103959 0.07404582
vn -0.407019258 -0.9104071 0.0741229951
vn -0.350304782 -0.9175465 0.188135654
vn -0.349889964 -0.9175351 0.188961312
vn -0.2904068 -0.911700368 0.2906309
vn -0.290363044 -0.911694348 0.290693581
vn 0.9523579 -0.259638876 0.160006747
vn 0.135764018 -0.3656274 -0.9208066
vn 0.1851737 -0.377314 -0.907383561
vn 0.9532054 -0.298095554 0.050383877
vn 0.809040368 -0.5631563 0.168252066
vn 0.0605959333 -0.6414804 -0.764742553
vn 0.06741839 -0.95667845 0.283233464
vn -0.182794183 -0.982745 -0.0282598864
vn -0.238788024 0.387474984 0.8904176
vn -0.188366234 0.376623452 0.907013237
vn -0.953411043 0.298206329 -0.04561084
vn -0.93769455 0.3374988 0.08260442
vn -0.997374535 -0.0310818888 0.06540595
vn -0.2781888 0.0422596335 0.959596336
vn -0.6007608 -0.744433 0.291386515
vn -0.3543076 -0.719220042 0.5976526
vn -0.93769455 0.3374988 0.08260442
vn -0.953411043 0.298206329 -0.04561084
vn 0.1851737 -0.377314 -0.907383561
vn 0.135764018 -0.3656274 -0.9208066
vn 0.0605959333 -0.6414804 -0.764742553
vn -0.997374535 -0.0310818888 0.06540595
vn -0.182794183 -0.982745 -0.0282598864
vn -0.6007608 -0.744433 0.291386515
vn -0.6007608 -0.744433 0.291386515
vn -0.3543076 -0.719220042 0.5976526
vn 0.06741839 -0.95667845 0.283233464
vn -0.182794183 -0.982745 -0.0282598864
vn -0.3543076 -0.719220042 0.5976526
vn 0.809040368 -0.5631563 0.168252066
vn -0.2781888 0.0422596335 0.959596336
vn -0.188366234 0.376623452 0.907013237
vn -0.238788024 0.387474984 0.8904176
vn 0.9523579 -0.259638876 0.160006747
vn 0.9532054 -0.298095554 0.050383877
vn -0.2781888 0.0422596335 0.959596336
vn 0.809040368 -0.5631563 0.168252066
vn 0.05820931 0.837529063 0.543283343
vn 0.269658566 0.659736633 0.7014498
vn -0.675700665 0.562616944 -0.476330668
vn -0.58259815 0.771699 -0.255068779
vn 0.6335177 -0.665665567 0.394391745
vn -0.190989584 -0.7503702 -0.632825136
vn 0.0879932642 -0.9126125 -0.399243921
vn 0.480672359 -0.8722719 0.08997687
vn -0.190989584 -0.7503702 -0.632825136
vn -0.58259815 0.771699 -0.255068779
vn -0.675700665 0.562616944 -0.476330668
vn 0.0879932642 -0.9126125 -0.399243921
vn 0.480672359 -0.8722719 0.08997687
vn 0.269658566 0.659736633 0.7014498
vn 0.05820931 0.837529063 0.543283343
vn 0.6335177 -0.665665567 0.394391745
vn 0.137222469 -0.3841316 -0.9130241
vn 0.137222469 -0.384131581 -0.9130241
vn 0.1372225 -0.3841316 -0.913024068
vn 0.137222469 -0.384131581 -0.9130241
vn 0.0881195962 -0.5939167 -0.799686134
vn 0.08811959 -0.5939166 -0.799686253
vn 0.0881195962 -0.593916655 -0.7996862
vn 0.0881195962 -0.5939167 -0.7996862
vn 0.121340416 -0.4902694 -0.8630831
vn 0.121340424 -0.490269423 -0.863083065
vn 0.121340416 -0.4902694 -0.8630831
vn 0.121340424 -0.490269423 -0.863083065
vn 0.933306336 -0.278180122 -0.227057561
vn 0.933306336 -0.278180122 -0.227057561
vn 0.933306336 -0.2781801 -0.227057531
vn 0.933306336 -0.278180152 -0.227057576
vn 0.9073092 -0.215510756 -0.361033618
vn 0.9073092 -0.215510756 -0.361033618
vn 0.9073091 -0.215510741 -0.361033648
vn 0.9073091 -0.215510741 -0.361033648
vn 0.905801833 -0.100177579 -0.411688745
vn 0.905801833 -0.100177586 -0.411688745
vn 0.905801833 -0.100177579 -0.411688745
vn 0.905801833 -0.100177579 -0.411688745
vn -0.188313812 0.393224716 0.8999513
vn -0.188313812 0.393224716 0.8999513
vn -0.188313827 0.3932247 0.8999513
vn -0.188313812 0.393224746 0.8999512
vn -0.08845804 0.5938665 0.7996861
vn -0.08845804 0.593866467 0.7996861
vn -0.088458024 0.5938665 0.7996861
vn -0.088458024 0.5938665 0.7996861
vn -0.142742276 0.4903282 0.8597691
vn -0.142742276 0.490328252 0.8597691
vn -0.142742276 0.490328252 0.8597691
vn -0.142742276 0.490328252 0.8597691
vn -0.9311642 0.280516028 0.232903436
vn -0.9311642 0.280516028 0.2329035
vn -0.9311642 0.280516028 0.232903436
vn -0.9311642 0.280516028 0.232903466
vn -0.902280331 0.22145389 0.369930357
vn -0.9022803 0.22145386 0.3699304
vn -0.9022803 0.221453875 0.369930416
vn -0.9022803 0.2214539 0.369930416
vn -0.8882376 0.131083354 0.4402853
vn -0.8882376 0.131083339 0.440285325
vn -0.8882376 0.131083339 0.4402853
vn -0.8882376 0.131083325 0.440285265
vn -0.290363044 -0.911694348 0.290693581
vn -0.2052852 -0.900262 0.383909255
vn -0.20470275 -0.900181532 0.384408742
vn -0.2904068 -0.911700368 0.2906309
vn -0.121571757 -0.883568645 0.4522464
vn 0.065750204 -0.815868855 0.574486732
vn 0.166952267 -0.7589194 0.629418969
vn 0.16624631 -0.759383559 0.6290459
vn 0.0656790957 -0.815901637 0.574448347
vn -0.0297800265 -0.8553642 0.5171705
vn -0.0296744537 -0.855326056 0.5172396
vn -0.121667683 -0.8835935 0.452172071
vn -0.121571757 -0.883568645 0.4522464
vn -0.2052852 -0.900262 0.383909255
vn 0.258895785 -0.6966196 0.669099569
vn 0.258957118 -0.696578 0.669119
vn 0.934120059 -0.00519632176 -0.356921226
vn -0.172947317 -0.73344 -0.657385051
vn -0.12281999 -0.7297323 -0.6726115
vn 0.8993428 -0.09043191 -0.427790433
vn 0.942384541 -0.286149919 -0.173290744
vn -0.0531119779 -0.909968 -0.411263138
vn 0.5582114 -0.68501997 0.4681321
vn 0.22555697 -0.8932657 0.388844967
vn 0.06830759 0.7223844 0.688109636
vn 0.120377071 0.7284749 0.6744136
vn -0.897353649 0.09275757 0.431454033
vn -0.841141462 0.19004485 0.5063241
vn -0.7525028 -0.146753743 0.642030358
vn 0.203736216 0.449889183 0.8695351
vn -0.0534679219 -0.598157942 0.7995926
vn 0.274116635 -0.393702179 0.877415955
vn -0.841141462 0.19004485 0.5063241
vn -0.897353649 0.09275757 0.431454033
vn -0.12281999 -0.7297323 -0.6726115
vn -0.172947317 -0.73344 -0.657385051
vn -0.0531119779 -0.909968 -0.411263138
vn -0.7525028 -0.146753743 0.642030358
vn 0.22555697 -0.8932657 0.388844967
vn -0.0534679219 -0.598157942 0.7995926
vn -0.0534679219 -0.598157942 0.7995926
vn 0.274116635 -0.393702179 0.877415955
vn 0.5582114 -0.68501997 0.4681321
vn 0.22555697 -0.8932657 0.388844967
vn 0.274116635 -0.393702179 0.877415955
vn 0.942384541 -0.286149919 -0.173290744
vn 0.203736216 0.449889183 0.8695351
vn 0.120377071 0.7284749 0.6744136
vn 0.06830759 0.7223844 0.688109636
vn 0.934120059 -0.00519632176 -0.356921226
vn 0.8993428 -0.09043191 -0.427790433
vn 0.203736216 0.449889183 0.8695351
vn 0.942384541 -0.286149919 -0.173290744
vn -0.03086092 0.992866635 0.115166947
vn 0.279999465 0.9457175 0.164980933
vn -0.9778047 0.1596812 -0.135646567
vn -0.8834564 0.460057437 -0.08861162
vn 0.946742952 -0.2942995 0.13063556
vn -0.150268629 -0.979852557 -0.131561056
vn 0.243060172 -0.9675203 -0.069471404
vn 0.7655218 -0.641020358 0.0554019734
vn -0.150268629 -0.979852557 -0.131561056
vn -0.8834564 0.460057437 -0.08861162
vn -0.9778047 0.1596812 -0.135646567
vn 0.243060172 -0.9675203 -0.069471404
vn 0.7655218 -0.641020358 0.0554019734
vn 0.279999465 0.9457175 0.164980933
vn -0.03086092 0.992866635 0.115166947
vn 0.946742952 -0.2942995 0.13063556
vn -0.160964757 -0.745572269 -0.6466934
vn -0.160964757 -0.7455724 -0.646693349
vn -0.160964757 -0.7455724 -0.646693349
vn -0.160964772 -0.7455723 -0.6466934
vn -0.06587366 -0.881143034 -0.46823895
vn -0.06587366 -0.881143034 -0.46823895
vn -0.06587366 -0.881143034 -0.46823895
vn -0.06587366 -0.881143034 -0.46823895
vn -0.109122932 -0.81631887 -0.5671999
vn -0.109122917 -0.81631887 -0.5671999
vn -0.109122939 -0.81631887 -0.567199945
vn -0.109122917 -0.81631887 -0.5671999
vn 0.747922361 -0.207809165 -0.630418539
vn 0.7479223 -0.207809165 -0.6304186
vn 0.747922361 -0.20780921 -0.6304186
vn 0.747922361 -0.20780921 -0.6304186
vn 0.640997648 -0.220966667 -0.7350482
vn 0.640997648 -0.220966667 -0.7350482
vn 0.640997648 -0.220966667 -0.7350482
vn 0.640997648 -0.220966682 -0.7350482
vn 0.571372569 -0.145216167 -0.8077411
vn 0.5713726 -0.1452162 -0.8077411
vn 0.5713726 -0.145216182 -0.8077411
vn 0.5713726 -0.1452162 -0.8077411
vn 0.110673882 0.7395279 0.6639652
vn 0.110673882 0.7395279 0.6639653
vn 0.110673882 0.7395279 0.6639652
vn 0.110673882 0.7395279 0.6639653
vn 0.0656202 0.881046951 0.4684552
vn 0.06562019 0.881047 0.468455136
vn 0.06562019 0.881047 0.468455166
vn 0.06562019 0.881047 0.468455136
vn 0.09051535 0.8115589 0.5772167
vn 0.09051536 0.8115589 0.5772167
vn 0.09051535 0.8115589 0.5772167
vn 0.09051535 0.8115589 0.5772167
vn -0.744434536 0.21293357 0.6328322
vn -0.744434536 0.21293357 0.6328322
vn -0.744434536 0.2129336 0.6328322
vn -0.744434536 0.21293357 0.6328322
vn -0.635217965 0.2311017 0.7369465
vn -0.635217965 0.231101766 0.7369465
vn -0.635217965 0.231101766 0.7369465
vn -0.635217965 0.231101751 0.7369465
vn -0.5562886 0.188241661 0.8093875
vn -0.55628866 0.188241675 0.8093875
vn -0.55628866 0.188241675 0.809387445
vn -0.55628866 0.188241661 0.809387445
vn 0.258957118 -0.696578 0.669119
vn 0.365214765 -0.629566431 0.685758233
vn 0.365876943 -0.6291718 0.6857674
vn 0.258895785 -0.6966196 0.669099569
vn 0.456871122 -0.570004165 0.6829086
vn 0.456769854 -0.57007575 0.6829166
vn 0.548993 -0.5007769 0.6692005
vn 0.548892438 -0.5008581 0.6692222
vn 0.6359125 -0.425025254 0.644180834
vn 0.6359738 -0.424968064 0.644158
vn 0.719654262 -0.3342128 0.6086046
vn 0.7191012 -0.3348993 0.608881
vn 0.6359125 -0.425025254 0.644180834
vn 0.548892438 -0.5008581 0.6692222
vn 0.786838949 -0.247458458 0.5653749
vn 0.7868807 -0.247403786 0.565340757
vn 0.582026 -0.032580018 -0.8125173
vn -0.153820649 -0.974096358 -0.165757149
vn -0.12233831 -0.9705247 -0.207641929
vn 0.5549997 -0.145378992 -0.819048464
vn 0.7830373 -0.187839121 -0.5929327
vn 0.124047615 -0.992271 0.00324254343
vn 0.9282644 -0.287483543 0.235962853
vn 0.708089769 -0.5559997 0.43528536
vn 0.08890657 0.963262141 0.253419966
vn 0.121709615 0.9699201 0.210812241
vn -0.552636445 0.14944075 0.8199149
vn -0.511397839 0.2778316 0.813192368
vn -0.246589 0.06355338 0.967034042
vn 0.386924624 0.833531 0.394354433
vn 0.5595339 -0.147395551 0.815595746
vn 0.776477 0.11637143 0.619307041
vn -0.511397839 0.2778316 0.813192368
vn -0.552636445 0.14944075 0.8199149
vn -0.12233831 -0.9705247 -0.207641929
vn -0.153820649 -0.974096358 -0.165757149
vn 0.124047615 -0.992271 0.00324254343
vn -0.246589 0.06355338 0.967034042
vn 0.708089769 -0.5559997 0.43528536
vn 0.5595339 -0.147395551 0.815595746
vn 0.5595339 -0.147395551 0.815595746
vn 0.776477 0.11637143 0.619307041
vn 0.9282644 -0.287483543 0.235962853
vn 0.708089769 -0.5559997 0.43528536
vn 0.776477 0.11637143 0.619307041
vn 0.7830373 -0.187839121 -0.5929327
vn 0.386924624 0.833531 0.394354433
vn 0.121709615 0.9699201 0.210812241
vn 0.08890657 0.963262141 0.253419966
vn 0.582026 -0.032580018 -0.8125173
vn 0.5549997 -0.145378992 -0.819048464
vn 0.386924624 0.833531 0.394354433
vn 0.7830373 -0.187839121 -0.5929327
vn -0.35974443 0.910965562 -0.201806024
vn -0.07065204 0.9407295 -0.331717283
vn -0.9040961 -0.0737777352 0.420912266
vn -0.9246925 0.223287627 0.308360815
vn 0.9296701 -0.0500355959 -0.364979476
vn 0.202770919 -0.9348523 0.291436583
vn 0.53998 -0.835209131 0.10415072
vn 0.886172354 -0.413808823 -0.208472759
vn 0.202770919 -0.9348523 0.291436583
vn -0.9246925 0.223287627 0.308360815
vn -0.9040961 -0.0737777352 0.420912266
vn 0.53998 -0.835209131 0.10415072
vn 0.886172354 -0.413808823 -0.208472759
vn -0.07065204 0.9407295 -0.331717283
vn -0.35974443 0.910965562 -0.201806024
vn 0.9296701 -0.0500355959 -0.364979476
vn -0.13460201 -0.977731645 -0.161006585
vn -0.134602025 -0.977731645 -0.1610066
vn -0.13460201 -0.977731645 -0.161006585
vn -0.134602025 -0.977731645 -0.1610066
vn 0.07636705 -0.996238947 -0.04094026
vn 0.07636706 -0.996238947 -0.0409402624
vn 0.07636706 -0.996238947 -0.0409402624
vn 0.07636706 -0.996238947 -0.0409402624
vn -0.0290188882 -0.993521869 -0.109873548
vn -0.029018892 -0.993521869 -0.109873571
vn -0.029018892 -0.993521869 -0.109873563
vn -0.0290188882 -0.993521869 -0.109873563
vn 0.386906356 -0.366217643 -0.846278965
vn 0.386906356 -0.366217673 -0.846278965
vn 0.386906326 -0.366217673 -0.846279
vn 0.386906356 -0.366217673 -0.846278965
vn 0.258657128 -0.443442345 -0.8581698
vn 0.258657128 -0.4434423 -0.858169854
vn 0.258657157 -0.4434423 -0.858169854
vn 0.258657128 -0.443442285 -0.858169854
vn 0.140077263 -0.422772735 -0.895344436
vn 0.140077263 -0.422772735 -0.895344436
vn 0.140077263 -0.422772735 -0.895344436
vn 0.140077263 -0.422772735 -0.895344436
vn 0.104846522 0.9730795 0.205240235
vn 0.104846507 0.9730795 0.205240265
vn 0.1048465 0.9730795 0.2052402
vn 0.104846507 0.9730795 0.205240235
vn -0.0764318556 0.996220052 0.0412774161
vn -0.0764318556 0.996220052 0.04127742
vn -0.0764318556 0.996220052 0.0412774161
vn -0.0764318556 0.996220052 0.0412774161
vn 0.0206663962 0.9913333 0.129735082
vn 0.0206663962 0.9913333 0.129735082
vn 0.0206663944 0.9913333 0.129735082
vn 0.0206663962 0.9913333 0.129735082
vn -0.385019 0.372332066 0.8444698
vn -0.385019 0.372332 0.844469845
vn -0.385019034 0.372332036 0.844469845
vn -0.385019034 0.372332036 0.844469845
vn -0.2571382 0.454004973 0.8530882
vn -0.2571382 0.454004943 0.8530882
vn -0.257138252 0.454004973 0.8530882
vn -0.257138252 0.454004973 0.8530882
vn -0.144121975 0.4631468 0.874484956
vn -0.144121975 0.463146746 0.874484956
vn -0.144121975 0.463146746 0.874484956
vn -0.14412199 0.463146746 0.874484956
vn 0.7868807 -0.247403786 0.565340757
vn 0.853017449 -0.165328249 0.495002866
vn 0.8533954 -0.164881155 0.494500279
vn 0.786838949 -0.247458458 0.5653749
vn 0.901455641 -0.101166867 0.4208836
vn 0.9014066 -0.101240553 0.420970947
vn 0.9414855 -0.0337051377 0.335364
vn 0.9414469 -0.0337811522 0.335464835
vn 0.969607949 0.03326044 0.242392555
vn 0.9696241 0.0333087742 0.242321461
vn 0.984402955 0.107248291 0.139458343
vn 0.9844481 0.107796043 0.138715863
vn 0.984156251 0.172679141 0.0402295142
vn 0.9841524 0.172716931 0.0401622541
vn 0.102328934 -0.3257543 -0.9399005
vn 0.181939989 -0.946624756 0.26608178
vn 0.1863405 -0.9586392 0.21514675
vn 0.121887244 -0.4307597 -0.894197762
vn 0.424342781 -0.32579276 -0.8448623
vn 0.488306284 -0.840175152 0.235929564
vn 0.9607913 0.00305528683 -0.277255952
vn 0.9821238 -0.168514416 0.083879225
vn -0.1890565 0.9690055 -0.159015626
vn -0.185143411 0.959523737 -0.212217286
vn -0.121191487 0.435048878 0.8922136
vn -0.1416245 0.5494349 0.823446333
vn 0.224032685 0.476664871 0.850058854
vn 0.164052874 0.9684512 -0.187587172
vn 0.879138 0.343801081 0.3300261
vn 0.858485162 0.5122052 -0.0254765917
vn -0.1416245 0.5494349 0.823446333
vn -0.121191487 0.435048878 0.8922136
vn 0.1863405 -0.9586392 0.21514675
vn 0.181939989 -0.946624756 0.26608178
vn 0.488306284 -0.840175152 0.235929564
vn 0.224032685 0.476664871 0.850058854
vn 0.9821238 -0.168514416 0.083879225
vn 0.879138 0.343801081 0.3300261
vn 0.879138 0.343801081 0.3300261
vn 0.858485162 0.5122052 -0.0254765917
vn 0.9607913 0.00305528683 -0.277255952
vn 0.9821238 -0.168514416 0.083879225
vn 0.858485162 0.5122052 -0.0254765917
vn 0.424342781 -0.32579276 -0.8448623
vn 0.164052874 0.9684512 -0.187587172
vn -0.185143411 0.959523737 -0.212217286
vn -0.1890565 0.9690055 -0.159015626
vn 0.102328934 -0.3257543 -0.9399005
vn 0.121887244 -0.4307597 -0.894197762
vn 0.164052874 0.9684512 -0.187587172
vn 0.424342781 -0.32579276 -0.8448623
vn -0.7357916 0.6397994 -0.221962675
vn -0.5768902 0.647692263 -0.497687161
vn -0.497753441 -0.0009998409 0.867318034
vn -0.682152033 0.200087681 0.7033019
vn 0.592300236 -0.07596005 -0.802128732
vn 0.6613213 -0.6417274 0.388381541
vn 0.8048206 -0.593184054 0.0199157652
vn 0.771949649 -0.323733419 -0.547074437
vn 0.6613213 -0.6417274 0.388381541
vn -0.682152033 0.200087681 0.7033019
vn -0.497753441 -0.0009998409 0.867318034
vn 0.8048206 -0.593184054 0.0199157652
vn 0.771949649 -0.323733419 -0.547074437
vn -0.5768902 0.647692263 -0.497687161
vn -0.7357916 0.6397994 -0.221962675
vn 0.592300236 -0.07596005 -0.802128732
vn 0.200864255 -0.9446143 0.259533018
vn 0.20086427 -0.9446143 0.259533048
vn 0.20086427 -0.9446143 0.259533048
vn 0.200864285 -0.9446143 0.259533018
vn 0.431515157 -0.87178576 0.231914476
vn 0.431515127 -0.8717858 0.231914431
vn 0.431515157 -0.87178576 0.231914446
vn 0.431515127 -0.8717858 0.231914461
vn 0.314724952 -0.918077 0.241004065
vn 0.314724952 -0.918077 0.241004065
vn 0.314724952 -0.918077 0.241004065
vn 0.314724952 -0.918077 0.241004065
vn 0.0617383048 -0.660607338 -0.748188734
vn 0.0617383048 -0.660607338 -0.748188734
vn 0.0617383122 -0.660607338 -0.748188734
vn 0.0617383122 -0.660607338 -0.748188734
vn -0.0157443918 -0.7526083 -0.6582803
vn -0.0157443937 -0.7526083 -0.6582803
vn -0.0157443956 -0.752608359 -0.6582802
vn -0.0157443918 -0.7526083 -0.658280253
vn -0.135437876 -0.7702607 -0.6231814
vn -0.135437891 -0.770260751 -0.6231814
vn -0.135437876 -0.770260632 -0.623181462
vn -0.135437891 -0.770260751 -0.6231814
vn -0.202384815 0.9570686 -0.207509249
vn -0.2023848 0.9570686 -0.2075092
vn -0.202384785 0.9570686 -0.207509249
vn -0.202384785 0.9570686 -0.20750922
vn -0.431403875 0.871920168 -0.231615871
vn -0.431403875 0.871920168 -0.2316159
vn -0.431403935 0.871920168 -0.2316159
vn -0.431403935 0.871920168 -0.2316159
vn -0.311377466 0.924340665 -0.220541224
vn -0.311377436 0.924340665 -0.220541224
vn -0.311377436 0.924340665 -0.220541209
vn -0.311377525 0.924340665 -0.220541254
vn -0.06345923 0.665334046 0.7438438
vn -0.06345924 0.6653341 0.7438438
vn -0.06345924 0.6653341 0.7438438
vn -0.06345923 0.665334046 0.7438438
vn 0.0104823355 0.759591758 0.650315762
vn 0.0104823345 0.7595917 0.6503158
vn 0.0104823345 0.7595917 0.6503158
vn 0.0104823355 0.7595917 0.6503158
vn 0.106822126 0.79476124 0.5974476
vn 0.106822118 0.7947612 0.597447634
vn 0.106822118 0.7947612 0.597447634
vn 0.106822118 0.7947612 0.597447634
vn 0.9841524 0.172716931 0.0401622541
vn 0.972369969 0.22051923 -0.07660283
vn 0.9722649 0.220725462 -0.0773385242
vn 0.984156251 0.172679141 0.0402295142
vn 0.9517469 0.248314574 -0.180327
vn 0.8712532 0.2905118 -0.395627052
vn 0.806226254 0.308187872 -0.5049946
vn 0.806746542 0.3080583 -0.5042421
vn 0.8712919 0.290501237 -0.395549774
vn 0.9179284 0.2722665 -0.28858003
vn 0.9178834 0.27229023 -0.2887007
vn 0.951776743 0.248284847 -0.180210322
vn 0.9517469 0.248314574 -0.180327
vn 0.972369969 0.22051923 -0.07660283
vn 0.73526746 0.317676365 -0.5987183
vn 0.735218763 0.3176767 -0.5987779
vn 0.5507191 0.6703606 -0.4973179
vn 0.550718665 0.670360565 -0.497318566
vn -0.0522912554 0.428639472 -0.901961148
vn -0.05229142 0.428639323 -0.9019612
vn 0.831125438 0.519393146 0.198648855
vn 0.8311254 0.5193934 0.198648483
vn 0.0522911437 -0.428639054 0.9019613
vn 0.0522905737 -0.428639382 0.9019612
vn 0.624669731 0.06417275 0.778247833
vn 0.624669731 0.06417281 0.778247833
vn 0.8311254 0.5193934 0.198648483
vn 0.831125438 0.519393146 0.198648855
vn -0.1097225 0.9939435 0.00611067051
vn -0.5536205 0.739254534 0.383414984
vn -0.4732379 0.848225057 -0.237823963
vn 0.05931376 0.902936161 0.425662071
vn -0.0651458353 0.62851274 0.7750664
vn -0.410194516 0.3314294 0.849644065
vn 0.499572515 0.733144 -0.461440444
vn -0.101071924 0.492371321 -0.864496946
vn 0.7788776 0.582770467 0.231793627
vn 0.6646936 0.479367077 -0.573052943
vn 0.6184005 0.5679066 -0.543197036
vn 0.0205722135 0.328262 -0.9443627
vn 0.0783280954 0.244318187 -0.9665265
vn 0.9373607 0.3325674 0.103700653
vn 0.8963994 0.4182362 0.146788061
vn 0.7801241 -0.0953922644 -0.6183096
vn 0.374192446 -0.2581158 -0.890705466
vn 0.9688872 -0.197017714 -0.149805486
vn -0.101071924 0.492371321 -0.864496946
vn 0.499572515 0.733144 -0.461440444
vn 0.7788776 0.582770467 0.231793627
vn 0.7366034 -0.110089965 0.6673048
vn 0.6917174 -0.03307455 0.7214106
vn 0.8963994 0.4182362 0.146788061
vn 0.9373607 0.3325674 0.103700653
vn 0.180022731 -0.5892969 0.7876046
vn 0.124255881 -0.521652639 0.8440611
vn 0.829907 -0.503464043 0.240371183
vn 0.9688872 -0.197017714 -0.149805486
vn 0.444594264 -0.835215032 0.323653847
vn 0.7788776 0.582770467 0.231793627
vn 0.5732327 0.129334018 0.809121132
vn 0.05931376 0.902936161 0.425662071
vn -0.0651458353 0.62851274 0.7750664
vn 0.00309974 -0.361546 0.932349145
vn -0.410194516 0.3314294 0.849644065
vn 0.550718367 0.6703617 -0.497317344
vn 0.5507179 0.6703617 -0.49731794
vn -0.0522923023 0.4286393 -0.901961148
vn -0.0522921458 0.428639382 -0.901961148
vn 0.8311247 0.519395053 0.198646858
vn 0.8311247 0.519395 0.198646992
vn 0.624671757 0.06417411 0.778246045
vn 0.624672 0.0641743243 0.778245866
vn 0.8311247 0.519395 0.198646992
vn 0.8311247 0.519395053 0.198646858
vn 0.0522926562 -0.428638816 0.9019614
vn 0.0522930622 -0.4286386 0.901961446
vn 0.4785422 0.7560932 -0.446453243
vn -0.0216795485 0.9976587 -0.06486191
vn -0.437219977 0.831084549 -0.343711019
vn -0.119900487 0.5162021 -0.848032653
vn 0.756825745 0.606268644 0.24424
vn 0.171552926 0.8936236 0.414736658
vn 0.614573538 0.5744423 -0.5406621
vn 0.0161328968 0.3345539 -0.9422385
vn 0.8928549 0.424619526 0.15002799
vn 0.78054893 -0.08068125 -0.619866133
vn 0.368059456 -0.246030137 -0.8966613
vn 0.5519334 0.154496431 0.819451332
vn 0.0292826742 0.579929233 0.814140439
vn 0.171552926 0.8936236 0.414736658
vn 0.756825745 0.606268644 0.24424
vn -0.0161105786 -0.334583819 0.9422283
vn -0.365149528 0.240325257 0.8993941
vn 0.687964141 -0.0271521453 0.725236654
vn 0.8928549 0.424619526 0.15002799
vn 0.119923353 -0.516229749 0.848012567
vn 0.831136167 -0.495343238 0.252681375
vn 0.972361147 -0.183950484 -0.1437916
vn 0.614573538 0.5744423 -0.5406621
vn 0.78054893 -0.08068125 -0.619866133
vn 0.439603269 -0.8324505 0.3373058
vn -0.6246695 -0.06417304 -0.778248
vn -0.05229142 0.428639323 -0.9019612
vn -0.0522912554 0.428639472 -0.901961148
vn -0.624669254 -0.06417281 -0.7782482
vn -0.831125 -0.5193941 -0.198647872
vn -0.831124961 -0.5193943 -0.198647574
vn 0.0522911437 -0.428639054 0.9019613
vn -0.5507181 -0.6703603 0.49731946
vn -0.5507183 -0.670360267 0.497319251
vn 0.0522905737 -0.428639382 0.9019612
vn -0.831124961 -0.5193943 -0.198647574
vn -0.831125 -0.5193941 -0.198647872
vn -0.818288565 0.5511392 -0.163246691
vn -0.4732379 0.848225057 -0.237823963
vn -0.5536205 0.739254534 0.383414984
vn -0.9427474 0.276717931 0.186157376
vn -0.7737089 0.185709685 0.605711639
vn -0.410194516 0.3314294 0.849644065
vn -0.671206653 0.00149120728 -0.7412688
vn -0.101071924 0.492371321 -0.864496946
vn -0.876852751 -0.451942444 -0.163943082
vn -0.5975451 -0.602317631 0.529295266
vn 0.00309974 -0.361546 0.932349145
vn -0.478252351 -0.234891385 -0.8462274
vn 0.0783280954 0.244318187 -0.9665265
vn 0.0205722135 0.328262 -0.9443627
vn -0.546888769 -0.160314932 -0.8217128
vn -0.6790089 -0.6775473 -0.282624573
vn -0.7515717 -0.6116257 -0.247091249
vn -0.0111215916 -0.5898644 -0.8074258
vn 0.374192446 -0.2581158 -0.890705466
vn -0.150101677 -0.896307051 -0.417256743
vn -0.101071924 0.492371321 -0.864496946
vn -0.671206653 0.00149120728 -0.7412688
vn -0.876852751 -0.451942444 -0.163943082
vn -0.406339675 -0.8243477 0.394130826
vn -0.6790089 -0.6775473 -0.282624573
vn -0.7515717 -0.6116257 -0.247091249
vn -0.473572582 -0.761296034 0.442896575
vn 0.180022731 -0.5892969 0.7876046
vn 0.124255881 -0.521652639 0.8440611
vn 0.0386600159 -0.9979372 0.0512530468
vn -0.150101677 -0.896307051 -0.417256743
vn 0.444594264 -0.835215032 0.323653847
vn -0.876852751 -0.451942444 -0.163943082
vn -0.5975451 -0.602317631 0.529295266
vn 0.00309974 -0.361546 0.932349145
vn 0.00309974 -0.361546 0.932349145
vn -0.7737089 0.185709685 0.605711639
vn -0.410194516 0.3314294 0.849644065
vn -0.6246716 -0.06417269 -0.778246343
vn -0.0522921458 0.428639382 -0.901961148
vn -0.0522923023 0.4286393 -0.901961148
vn -0.624671638 -0.0641728044 -0.7782463
vn -0.8311257 -0.519391954 -0.198650837
vn -0.8311257 -0.519391835 -0.198651135
vn -0.55071944 -0.6703612 0.4973168
vn -0.8311257 -0.519391954 -0.198650837
vn -0.8311257 -0.519391835 -0.198651135
vn -0.55072 -0.6703612 0.497316152
vn 0.0522926562 -0.428638816 0.9019614
vn 0.0522930622 -0.4286386 0.901961446
vn -0.687945247 0.0271217953 -0.725255668
vn -0.119900487 0.5162021 -0.848032653
vn -0.437219977 0.831084549 -0.343711019
vn -0.8316525 0.4914829 -0.258454472
vn -0.892836452 -0.424652278 -0.150045365
vn -0.687945247 0.0271217953 -0.725255668
vn -0.8316525 0.4914829 -0.258454472
vn -0.9739221 0.177785382 0.140954718
vn -0.61455375 -0.574475 0.540649831
vn -0.780691743 0.0737530962 0.620548964
vn -0.0161105786 -0.334583819 0.9422283
vn -0.365149528 0.240325257 0.8993941
vn -0.551907837 -0.154525265 -0.8194631
vn 0.0161328968 0.3345539 -0.9422385
vn -0.119900487 0.5162021 -0.848032653
vn -0.687945247 0.0271217953 -0.725255668
vn -0.756798863 -0.6062963 -0.244254738
vn -0.892836452 -0.424652278 -0.150045365
vn -0.0234719533 -0.5831379 -0.812034
vn 0.368059456 -0.246030137 -0.8966613
vn -0.478516757 -0.75611943 0.446436167
vn -0.756798863 -0.6062963 -0.244254738
vn -0.892836452 -0.424652278 -0.150045365
vn -0.61455375 -0.574475 0.540649831
vn 0.119923353 -0.516229749 0.848012567
vn -0.0161105786 -0.334583819 0.9422283
vn 0.0271162465 -0.9977993 0.06050896
vn -0.164696246 -0.8945308 -0.415559649
vn -0.551907837 -0.154525265 -0.8194631
vn -0.0234719533 -0.5831379 -0.812034
vn 0.439603269 -0.8324505 0.3373058
g m_recipe_megaSmoothie_01(Clone)_0
f 3/3/3 2/2/2 1/1/1
f 4/4/4 3/3/3 1/1/1
f 5/5/5 3/3/3 4/4/4
f 6/6/6 5/5/5 4/4/4
f 9/9/9 8/8/8 7/7/7
f 10/10/10 9/9/9 7/7/7
f 11/11/11 9/9/9 10/10/10
f 12/12/12 11/11/11 10/10/10
f 13/13/13 11/11/11 12/12/12
f 14/14/14 13/13/13 12/12/12
f 17/17/17 16/16/16 15/15/15
f 18/18/18 17/17/17 15/15/15
f 21/21/21 20/20/20 19/19/19
f 22/22/22 21/21/21 19/19/19
f 23/23/23 21/21/21 22/22/22
f 24/24/24 23/23/23 22/22/22
f 27/27/27 26/26/26 25/25/25
f 28/28/28 27/27/27 25/25/25
f 25/25/25 29/29/29 28/28/28
f 29/29/29 30/30/30 28/28/28
f 27/27/27 31/31/31 26/26/26
f 31/31/31 32/32/32 26/26/26
f 29/29/29 33/33/33 30/30/30
f 33/33/33 34/34/34 30/30/30
f 33/33/33 35/35/35 34/34/34
f 35/35/35 36/36/36 34/34/34
f 35/35/35 37/37/37 36/36/36
f 37/37/37 38/38/38 36/36/36
f 37/37/37 39/39/39 38/38/38
f 39/39/39 40/40/40 38/38/38
f 32/32/32 31/31/31 41/41/41
f 42/42/42 32/32/32 41/41/41
f 43/43/43 33/33/33 29/29/29
f 44/44/44 43/43/43 29/29/29
f 44/44/44 29/29/29 25/25/25
f 45/45/45 44/44/44 25/25/25
f 46/46/46 35/35/35 33/33/33
f 43/43/43 46/46/46 33/33/33
f 49/49/49 48/48/48 47/47/47
f 50/50/50 49/49/49 47/47/47
f 48/48/48 49/49/49 51/51/51
f 52/52/52 48/48/48 51/51/51
f 48/48/48 52/52/52 53/53/53
f 54/54/54 48/48/48 53/53/53
f 47/47/47 48/48/48 54/54/54
f 54/54/54 53/53/53 55/55/55
f 56/56/56 54/54/54 55/55/55
f 55/55/55 53/53/53 57/57/57
f 53/53/53 58/58/58 57/57/57
f 53/53/53 52/52/52 58/58/58
f 59/59/59 54/54/54 56/56/56
f 59/59/59 47/47/47 54/54/54
f 60/60/60 59/59/59 56/56/56
f 52/52/52 61/61/61 58/58/58
f 64/64/64 63/63/63 62/62/62
f 65/65/65 64/64/64 62/62/62
f 64/64/64 66/66/66 63/63/63
f 66/66/66 67/67/67 63/63/63
f 66/66/66 64/64/64 68/68/68
f 69/69/69 66/66/66 68/68/68
f 69/69/69 68/68/68 70/70/70
f 71/71/71 69/69/69 70/70/70
f 74/74/74 73/73/73 72/72/72
f 75/75/75 74/74/74 72/72/72
f 78/78/78 77/77/77 76/76/76
f 79/79/79 77/77/77 78/78/78
f 82/82/82 81/81/81 80/80/80
f 83/83/83 81/81/81 82/82/82
f 86/86/86 85/85/85 84/84/84
f 87/87/87 85/85/85 86/86/86
f 90/90/90 89/89/89 88/88/88
f 91/91/91 89/89/89 90/90/90
f 94/94/94 93/93/93 92/92/92
f 95/95/95 94/94/94 92/92/92
f 92/92/92 93/93/93 96/96/96
f 93/93/93 97/97/97 96/96/96
f 94/94/94 98/98/98 93/93/93
f 98/98/98 99/99/99 93/93/93
f 93/93/93 99/99/99 97/97/97
f 99/99/99 100/100/100 97/97/97
f 103/103/103 102/102/102 101/101/101
f 104/104/104 103/103/103 101/101/101
f 101/101/101 102/102/102 105/105/105
f 102/102/102 106/106/106 105/105/105
f 103/103/103 107/107/107 102/102/102
f 107/107/107 108/108/108 102/102/102
f 102/102/102 108/108/108 106/106/106
f 108/108/108 109/109/109 106/106/106
f 112/112/112 111/111/111 110/110/110
f 113/113/113 112/112/112 110/110/110
f 110/110/110 114/114/114 113/113/113
f 114/114/114 115/115/115 113/113/113
f 110/110/110 111/111/111 116/116/116
f 117/117/117 110/110/110 116/116/116
f 114/114/114 110/110/110 117/117/117
f 118/118/118 114/114/114 117/117/117
f 113/113/113 119/119/119 112/112/112
f 120/120/120 119/119/119 113/113/113
f 115/115/115 120/120/120 113/113/113
f 123/123/123 122/122/122 121/121/121
f 124/124/124 123/123/123 121/121/121
f 121/121/121 122/122/122 125/125/125
f 126/126/126 121/121/121 125/125/125
f 124/124/124 127/127/127 123/123/123
f 128/128/128 127/127/127 124/124/124
f 127/127/127 129/129/129 123/123/123
f 132/132/132 131/131/131 130/130/130
f 133/133/133 132/132/132 130/130/130
f 132/132/132 134/134/134 131/131/131
f 134/134/134 135/135/135 131/131/131
f 134/134/134 136/136/136 135/135/135
f 136/136/136 137/137/137 135/135/135
f 130/130/130 131/131/131 138/138/138
f 139/139/139 130/130/130 138/138/138
f 131/131/131 135/135/135 140/140/140
f 138/138/138 131/131/131 140/140/140
f 135/135/135 137/137/137 141/141/141
f 140/140/140 135/135/135 141/141/141
f 132/132/132 142/142/142 134/134/134
f 142/142/142 143/143/143 134/134/134
f 134/134/134 143/143/143 136/136/136
f 143/143/143 144/144/144 136/136/136
f 147/147/147 146/146/146 145/145/145
f 148/148/148 147/147/147 145/145/145
f 147/147/147 149/149/149 146/146/146
f 149/149/149 150/150/150 146/146/146
f 145/145/145 146/146/146 151/151/151
f 152/152/152 145/145/145 151/151/151
f 146/146/146 150/150/150 153/153/153
f 151/151/151 146/146/146 153/153/153
f 148/148/148 154/154/154 147/147/147
f 154/154/154 155/155/155 147/147/147
f 147/147/147 155/155/155 149/149/149
f 155/155/155 156/156/156 149/149/149
f 159/159/159 158/158/158 157/157/157
f 160/160/160 159/159/159 157/157/157
f 163/163/163 162/162/162 161/161/161
f 164/164/164 163/163/163 161/161/161
f 161/161/161 165/165/165 164/164/164
f 165/165/165 166/166/166 164/164/164
f 161/161/161 162/162/162 167/167/167
f 168/168/168 161/161/161 167/167/167
f 165/165/165 161/161/161 168/168/168
f 169/169/169 165/165/165 168/168/168
f 164/164/164 170/170/170 163/163/163
f 170/170/170 171/171/171 163/163/163
f 172/172/172 170/170/170 164/164/164
f 166/166/166 172/172/172 164/164/164
f 175/175/175 174/174/174 173/173/173
f 176/176/176 175/175/175 173/173/173
f 173/173/173 174/174/174 177/177/177
f 178/178/178 173/173/173 177/177/177
f 176/176/176 179/179/179 175/175/175
f 179/179/179 180/180/180 175/175/175
f 183/183/183 182/182/182 181/181/181
f 184/184/184 183/183/183 181/181/181
f 184/184/184 185/185/185 183/183/183
f 185/185/185 186/186/186 183/183/183
f 189/189/189 188/188/188 187/187/187
f 190/190/190 189/189/189 187/187/187
f 189/189/189 191/191/191 188/188/188
f 191/191/191 192/192/192 188/188/188
f 187/187/187 188/188/188 193/193/193
f 188/188/188 192/192/192 194/194/194
f 193/193/193 188/188/188 194/194/194
f 190/190/190 195/195/195 189/189/189
f 195/195/195 196/196/196 189/189/189
f 189/189/189 196/196/196 191/191/191
f 196/196/196 197/197/197 191/191/191
f 200/200/200 199/199/199 198/198/198
f 201/201/201 200/200/200 198/198/198
f 200/200/200 202/202/202 199/199/199
f 202/202/202 203/203/203 199/199/199
f 198/198/198 199/199/199 204/204/204
f 205/205/205 198/198/198 204/204/204
f 199/199/199 203/203/203 206/206/206
f 204/204/204 199/199/199 206/206/206
f 201/201/201 207/207/207 200/200/200
f 207/207/207 208/208/208 200/200/200
f 200/200/200 208/208/208 202/202/202
f 208/208/208 209/209/209 202/202/202
f 212/212/212 211/211/211 210/210/210
f 213/213/213 212/212/212 210/210/210
f 210/210/210 211/211/211 214/214/214
f 217/217/217 216/216/216 215/215/215
f 218/218/218 217/217/217 215/215/215
f 215/215/215 219/219/219 218/218/218
f 219/219/219 220/220/220 218/218/218
f 217/217/217 221/221/221 216/216/216
f 221/221/221 222/222/222 216/216/216
f 215/215/215 216/216/216 223/223/223
f 224/224/224 215/215/215 223/223/223
f 219/219/219 215/215/215 224/224/224
f 216/216/216 222/222/222 225/225/225
f 223/223/223 216/216/216 225/225/225
f 226/226/226 219/219/219 224/224/224
f 218/218/218 227/227/227 217/217/217
f 227/227/227 228/228/228 217/217/217
f 217/217/217 228/228/228 221/221/221
f 228/228/228 229/229/229 221/221/221
f 230/230/230 227/227/227 218/218/218
f 220/220/220 230/230/230 218/218/218
f 233/233/233 232/232/232 231/231/231
f 234/234/234 233/233/233 231/231/231
f 231/231/231 232/232/232 235/235/235
f 236/236/236 231/231/231 235/235/235
f 235/235/235 232/232/232 237/237/237
f 234/234/234 238/238/238 233/233/233
f 238/238/238 239/239/239 233/233/233
f 242/242/242 241/241/241 240/240/240
f 243/243/243 242/242/242 240/240/240
f 242/242/242 244/244/244 241/241/241
f 244/244/244 245/245/245 241/241/241
f 240/240/240 241/241/241 246/246/246
f 241/241/241 245/245/245 247/247/247
f 246/246/246 241/241/241 247/247/247
f 243/243/243 248/248/248 242/242/242
f 248/248/248 249/249/249 242/242/242
f 242/242/242 249/249/249 244/244/244
f 249/249/249 250/250/250 244/244/244
f 253/253/253 252/252/252 251/251/251
f 254/254/254 253/253/253 251/251/251
f 253/253/253 255/255/255 252/252/252
f 255/255/255 256/256/256 252/252/252
f 251/251/251 252/252/252 257/257/257
f 258/258/258 251/251/251 257/257/257
f 252/252/252 256/256/256 259/259/259
f 257/257/257 252/252/252 259/259/259
f 254/254/254 260/260/260 253/253/253
f 260/260/260 261/261/261 253/253/253
f 253/253/253 261/261/261 255/255/255
f 261/261/261 262/262/262 255/255/255
f 265/265/265 264/264/264 263/263/263
f 266/266/266 265/265/265 263/263/263
f 263/263/263 267/267/267 266/266/266
f 267/267/267 268/268/268 266/266/266
f 263/263/263 264/264/264 269/269/269
f 270/270/270 263/263/263 269/269/269
f 267/267/267 263/263/263 270/270/270
f 271/271/271 267/267/267 270/270/270
f 266/266/266 272/272/272 265/265/265
f 272/272/272 273/273/273 265/265/265
f 274/274/274 272/272/272 266/266/266
f 268/268/268 274/274/274 266/266/266
f 277/277/277 276/276/276 275/275/275
f 278/278/278 277/277/277 275/275/275
f 275/275/275 276/276/276 279/279/279
f 280/280/280 275/275/275 279/279/279
f 278/278/278 281/281/281 277/277/277
f 281/281/281 282/282/282 277/277/277
f 285/285/285 284/284/284 283/283/283
f 286/286/286 285/285/285 283/283/283
f 286/286/286 287/287/287 285/285/285
f 287/287/287 288/288/288 285/285/285
f 291/291/291 290/290/290 289/289/289
f 292/292/292 291/291/291 289/289/289
f 291/291/291 293/293/293 290/290/290
f 293/293/293 294/294/294 290/290/290
f 293/293/293 295/295/295 294/294/294
f 295/295/295 296/296/296 294/294/294
f 289/289/289 290/290/290 297/297/297
f 298/298/298 289/289/289 297/297/297
f 299/299/299 289/289/289 298/298/298
f 300/300/300 299/299/299 298/298/298
f 290/290/290 294/294/294 301/301/301
f 297/297/297 290/290/290 301/301/301
f 294/294/294 296/296/296 302/302/302
f 301/301/301 294/294/294 302/302/302
f 292/292/292 303/303/303 291/291/291
f 303/303/303 304/304/304 291/291/291
f 291/291/291 304/304/304 293/293/293
f 304/304/304 305/305/305 293/293/293
f 308/308/308 307/307/307 306/306/306
f 309/309/309 308/308/308 306/306/306
f 309/309/309 310/310/310 308/308/308
f 311/311/311 310/310/310 309/309/309
f 312/312/312 311/311/311 309/309/309
f 310/310/310 313/313/313 308/308/308
f 316/316/316 315/315/315 314/314/314
f 317/317/317 316/316/316 314/314/314
f 320/320/320 319/319/319 318/318/318
f 321/321/321 320/320/320 318/318/318
f 318/318/318 322/322/322 321/321/321
f 322/322/322 323/323/323 321/321/321
f 318/318/318 319/319/319 324/324/324
f 325/325/325 318/318/318 324/324/324
f 322/322/322 318/318/318 325/325/325
f 326/326/326 322/322/322 325/325/325
f 321/321/321 327/327/327 320/320/320
f 327/327/327 328/328/328 320/320/320
f 329/329/329 327/327/327 321/321/321
f 323/323/323 329/329/329 321/321/321
f 332/332/332 331/331/331 330/330/330
f 333/333/333 332/332/332 330/330/330
f 330/330/330 331/331/331 334/334/334
f 335/335/335 330/330/330 334/334/334
f 333/333/333 336/336/336 332/332/332
f 336/336/336 337/337/337 332/332/332
f 340/340/340 339/339/339 338/338/338
f 341/341/341 340/340/340 338/338/338
f 340/340/340 342/342/342 339/339/339
f 342/342/342 343/343/343 339/339/339
f 342/342/342 344/344/344 343/343/343
f 344/344/344 345/345/345 343/343/343
f 338/338/338 339/339/339 346/346/346
f 347/347/347 338/338/338 346/346/346
f 339/339/339 343/343/343 348/348/348
f 346/346/346 339/339/339 348/348/348
f 343/343/343 345/345/345 349/349/349
f 348/348/348 343/343/343 349/349/349
f 341/341/341 350/350/350 340/340/340
f 350/350/350 351/351/351 340/340/340
f 340/340/340 351/351/351 342/342/342
f 351/351/351 352/352/352 342/342/342
f 342/342/342 352/352/352 344/344/344
f 352/352/352 353/353/353 344/344/344
f 344/344/344 353/353/353 354/354/354
f 353/353/353 355/355/355 354/354/354
f 358/358/358 357/357/357 356/356/356
f 359/359/359 358/358/358 356/356/356
f 358/358/358 360/360/360 357/357/357
f 360/360/360 361/361/361 357/357/357
f 356/356/356 357/357/357 362/362/362
f 363/363/363 356/356/356 362/362/362
f 357/357/357 361/361/361 364/364/364
f 362/362/362 357/357/357 364/364/364
f 358/358/358 365/365/365 360/360/360
f 365/365/365 366/366/366 360/360/360
f 369/369/369 368/368/368 367/367/367
f 370/370/370 369/369/369 367/367/367
f 371/371/371 369/369/369 370/370/370
f 372/372/372 371/371/371 370/370/370
f 373/373/373 371/371/371 372/372/372
f 368/368/368 369/369/369 374/374/374
f 369/369/369 375/375/375 374/374/374
f 369/369/369 371/371/371 375/375/375
f 371/371/371 373/373/373 376/376/376
f 371/371/371 376/376/376 375/375/375
f 379/379/379 378/378/378 377/377/377
f 380/380/380 378/378/378 379/379/379
f 381/381/381 380/380/380 379/379/379
f 382/382/382 380/380/380 381/381/381
f 383/383/383 382/382/382 381/381/381
f 380/380/380 382/382/382 384/384/384
f 382/382/382 385/385/385 384/384/384
f 380/380/380 384/384/384 386/386/386
f 378/378/378 380/380/380 386/386/386
f 378/378/378 386/386/386 387/387/387
f 390/390/390 389/389/389 388/388/388
f 390/390/390 388/388/388 391/391/391
f 390/390/390 391/391/391 392/392/392
f 390/390/390 392/392/392 393/393/393
f 390/390/390 393/393/393 394/394/394
f 397/397/397 396/396/396 395/395/395
f 398/398/398 397/397/397 395/395/395
f 399/399/399 397/397/397 398/398/398
f 400/400/400 399/399/399 398/398/398
f 401/401/401 399/399/399 400/400/400
f 402/402/402 401/401/401 400/400/400
f 403/403/403 401/401/401 402/402/402
f 404/404/404 403/403/403 402/402/402
f 405/405/405 403/403/403 404/404/404
f 406/406/406 405/405/405 404/404/404
f 400/400/400 398/398/398 407/407/407
f 408/408/408 400/400/400 407/407/407
f 402/402/402 400/400/400 408/408/408
f 409/409/409 402/402/402 408/408/408
f 404/404/404 402/402/402 409/409/409
f 410/410/410 404/404/404 409/409/409
f 406/406/406 404/404/404 410/410/410
f 411/411/411 406/406/406 410/410/410
f 407/407/407 398/398/398 412/412/412
f 398/398/398 395/395/395 412/412/412
f 399/399/399 401/401/401 413/413/413
f 401/401/401 403/403/403 413/413/413
f 403/403/403 405/405/405 413/413/413
f 397/397/397 399/399/399 413/413/413
f 397/397/397 413/413/413 396/396/396
f 416/416/416 415/415/415 414/414/414
f 416/416/416 417/417/417 415/415/415
f 417/417/417 418/418/418 415/415/415
f 417/417/417 419/419/419 418/418/418
f 419/419/419 420/420/420 418/418/418
f 419/419/419 421/421/421 420/420/420
f 421/421/421 422/422/422 420/420/420
f 421/421/421 423/423/423 422/422/422
f 423/423/423 424/424/424 422/422/422
f 423/423/423 421/421/421 425/425/425
f 421/421/421 419/419/419 426/426/426
f 425/425/425 421/421/421 426/426/426
f 419/419/419 417/417/417 427/427/427
f 426/426/426 419/419/419 427/427/427
f 417/417/417 416/416/416 428/428/428
f 427/427/427 417/417/417 428/428/428
f 431/431/431 430/430/430 429/429/429
f 430/430/430 431/431/431 432/432/432
f 433/433/433 430/430/430 432/432/432
f 436/436/436 435/435/435 434/434/434
f 434/434/434 435/435/435 437/437/437
f 437/437/437 435/435/435 438/438/438
f 438/438/438 435/435/435 439/439/439
f 439/439/439 435/435/435 440/440/440
f 443/443/443 442/442/442 441/441/441
f 446/446/446 445/445/445 444/444/444
f 447/447/447 446/446/446 444/444/444
f 446/446/446 448/448/448 445/445/445
f 448/448/448 449/449/449 445/445/445
f 448/448/448 450/450/450 449/449/449
f 450/450/450 451/451/451 449/449/449
f 450/450/450 452/452/452 451/451/451
f 452/452/452 453/453/453 451/451/451
f 452/452/452 454/454/454 453/453/453
f 454/454/454 455/455/455 453/453/453
f 445/445/445 449/449/449 456/456/456
f 449/449/449 457/457/457 456/456/456
f 449/449/449 451/451/451 457/457/457
f 451/451/451 458/458/458 457/457/457
f 451/451/451 453/453/453 458/458/458
f 453/453/453 459/459/459 458/458/458
f 453/453/453 455/455/455 459/459/459
f 455/455/455 460/460/460 459/459/459
f 445/445/445 456/456/456 461/461/461
f 444/444/444 445/445/445 461/461/461
f 450/450/450 448/448/448 462/462/462
f 452/452/452 450/450/450 462/462/462
f 454/454/454 452/452/452 462/462/462
f 448/448/448 446/446/446 462/462/462
f 462/462/462 446/446/446 447/447/447
f 465/465/465 464/464/464 463/463/463
f 466/466/466 465/465/465 463/463/463
f 465/465/465 467/467/467 464/464/464
f 467/467/467 468/468/468 464/464/464
f 467/467/467 469/469/469 468/468/468
f 469/469/469 470/470/470 468/468/468
f 469/469/469 471/471/471 470/470/470
f 465/465/465 466/466/466 472/472/472
f 473/473/473 465/465/465 472/472/472
f 467/467/467 465/465/465 473/473/473
f 471/471/471 469/469/469 474/474/474
f 475/475/475 471/471/471 474/474/474
f 469/469/469 467/467/467 476/476/476
f 474/474/474 469/469/469 476/476/476
f 476/476/476 467/467/467 473/473/473
f 479/479/479 478/478/478 477/477/477
f 479/479/479 480/480/480 478/478/478
f 480/480/480 481/481/481 478/478/478
f 480/480/480 479/479/479 482/482/482
f 483/483/483 480/480/480 482/482/482
f 486/486/486 485/485/485 484/484/484
f 484/484/484 485/485/485 487/487/487
f 487/487/487 485/485/485 488/488/488
f 488/488/488 485/485/485 489/489/489
f 489/489/489 485/485/485 490/490/490
f 493/493/493 492/492/492 491/491/491
f 494/494/494 493/493/493 491/491/491
f 493/493/493 495/495/495 492/492/492
f 495/495/495 496/496/496 492/492/492
f 495/495/495 497/497/497 496/496/496
f 497/497/497 498/498/498 496/496/496
f 497/497/497 499/499/499 498/498/498
f 499/499/499 500/500/500 498/498/498
f 499/499/499 501/501/501 500/500/500
f 501/501/501 502/502/502 500/500/500
f 492/492/492 496/496/496 503/503/503
f 496/496/496 504/504/504 503/503/503
f 496/496/496 498/498/498 504/504/504
f 498/498/498 505/505/505 504/504/504
f 498/498/498 500/500/500 505/505/505
f 500/500/500 506/506/506 505/505/505
f 500/500/500 502/502/502 506/506/506
f 502/502/502 507/507/507 506/506/506
f 492/492/492 503/503/503 508/508/508
f 491/491/491 492/492/492 508/508/508
f 497/497/497 495/495/495 509/509/509
f 499/499/499 497/497/497 509/509/509
f 501/501/501 499/499/499 509/509/509
f 495/495/495 493/493/493 509/509/509
f 509/509/509 493/493/493 494/494/494
f 512/512/512 511/511/511 510/510/510
f 513/513/513 512/512/512 510/510/510
f 514/514/514 512/512/512 513/513/513
f 515/515/515 514/514/514 513/513/513
f 511/511/511 512/512/512 516/516/516
f 512/512/512 517/517/517 516/516/516
f 512/512/512 514/514/514 517/517/517
f 520/520/520 519/519/519 518/518/518
f 521/521/521 520/520/520 518/518/518
f 522/522/522 520/520/520 521/521/521
f 523/523/523 522/522/522 521/521/521
f 524/524/524 522/522/522 523/523/523
f 525/525/525 524/524/524 523/523/523
f 522/522/522 524/524/524 526/526/526
f 524/524/524 527/527/527 526/526/526
f 522/522/522 526/526/526 528/528/528
f 520/520/520 522/522/522 528/528/528
f 520/520/520 528/528/528 529/529/529
f 519/519/519 520/520/520 529/529/529
f 519/519/519 529/529/529 530/530/530
f 533/533/533 532/532/532 531/531/531
f 533/533/533 531/531/531 534/534/534
f 533/533/533 534/534/534 535/535/535
f 533/533/533 535/535/535 536/536/536
f 533/533/533 536/536/536 537/537/537
f 540/540/540 539/539/539 538/538/538
f 541/541/541 540/540/540 538/538/538
f 542/542/542 540/540/540 541/541/541
f 543/543/543 542/542/542 541/541/541
f 544/544/544 542/542/542 543/543/543
f 545/545/545 544/544/544 543/543/543
f 546/546/546 544/544/544 545/545/545
f 547/547/547 546/546/546 545/545/545
f 548/548/548 546/546/546 547/547/547
f 549/549/549 548/548/548 547/547/547
f 543/543/543 541/541/541 550/550/550
f 551/551/551 543/543/543 550/550/550
f 545/545/545 543/543/543 551/551/551
f 552/552/552 545/545/545 551/551/551
f 547/547/547 545/545/545 552/552/552
f 553/553/553 547/547/547 552/552/552
f 549/549/549 547/547/547 553/553/553
f 554/554/554 549/549/549 553/553/553
f 550/550/550 541/541/541 555/555/555
f 541/541/541 538/538/538 555/555/555
f 542/542/542 544/544/544 556/556/556
f 544/544/544 546/546/546 556/556/556
f 546/546/546 548/548/548 556/556/556
f 540/540/540 542/542/542 556/556/556
f 540/540/540 556/556/556 539/539/539
f 559/559/559 558/558/558 557/557/557
f 560/560/560 559/559/559 557/557/557
f 560/560/560 561/561/561 559/559/559
f 561/561/561 562/562/562 559/559/559
f 561/561/561 563/563/563 562/562/562
f 563/563/563 564/564/564 562/562/562
f 567/567/567 566/566/566 565/565/565
f 568/568/568 567/567/567 565/565/565
f 567/567/567 569/569/569 566/566/566
f 569/569/569 570/570/570 566/566/566
f 569/569/569 571/571/571 570/570/570
f 571/571/571 572/572/572 570/570/570
f 575/575/575 574/574/574 573/573/573
f 576/576/576 575/575/575 573/573/573
f 575/575/575 577/577/577 574/574/574
f 577/577/577 578/578/578 574/574/574
f 577/577/577 579/579/579 578/578/578
f 579/579/579 580/580/580 578/578/578
f 583/583/583 582/582/582 581/581/581
f 584/584/584 583/583/583 581/581/581
f 583/583/583 586/586/586 585/585/585
f 586/586/586 587/587/587 585/585/585
f 590/590/590 589/589/589 588/588/588
f 591/591/591 590/590/590 588/588/588
f 591/591/591 588/588/588 592/592/592
f 593/593/593 591/591/591 592/592/592
f 596/596/596 595/595/595 594/594/594
f 597/597/597 596/596/596 594/594/594
f 600/600/600 599/599/599 598/598/598
f 601/601/601 600/600/600 598/598/598
f 604/604/604 603/603/603 602/602/602
f 605/605/605 604/604/604 602/602/602
f 608/608/608 607/607/607 606/606/606
f 609/609/609 608/608/608 606/606/606
f 612/612/612 611/611/611 610/610/610
f 613/613/613 612/612/612 610/610/610
f 616/616/616 615/615/615 614/614/614
f 617/617/617 616/616/616 614/614/614
f 620/620/620 619/619/619 618/618/618
f 621/621/621 620/620/620 618/618/618
f 624/624/624 623/623/623 622/622/622
f 625/625/625 624/624/624 622/622/622
f 628/628/628 627/627/627 626/626/626
f 629/629/629 628/628/628 626/626/626
f 632/632/632 631/631/631 630/630/630
f 633/633/633 632/632/632 630/630/630
f 636/636/636 635/635/635 634/634/634
f 637/637/637 636/636/636 634/634/634
f 640/640/640 639/639/639 638/638/638
f 641/641/641 640/640/640 638/638/638
f 644/644/644 643/643/643 642/642/642
f 645/645/645 644/644/644 642/642/642
f 648/648/648 647/647/647 646/646/646
f 649/649/649 648/648/648 646/646/646
f 652/652/652 651/651/651 650/650/650
f 653/653/653 652/652/652 650/650/650
f 656/656/656 655/655/655 654/654/654
f 657/657/657 656/656/656 654/654/654
f 660/660/660 659/659/659 658/658/658
f 661/661/661 660/660/660 658/658/658
f 660/660/660 662/662/662 659/659/659
f 662/662/662 663/663/663 659/659/659
f 662/662/662 664/664/664 663/663/663
f 664/664/664 665/665/665 663/663/663
f 664/664/664 666/666/666 665/665/665
f 666/666/666 667/667/667 665/665/665
f 666/666/666 668/668/668 667/667/667
f 668/668/668 669/669/669 667/667/667
f 668/668/668 670/670/670 669/669/669
f 670/670/670 671/671/671 669/669/669
f 674/674/674 673/673/673 672/672/672
f 675/675/675 674/674/674 672/672/672
f 675/675/675 676/676/676 674/674/674
f 676/676/676 677/677/677 674/674/674
f 676/676/676 678/678/678 677/677/677
f 678/678/678 679/679/679 677/677/677
f 682/682/682 681/681/681 680/680/680
f 683/683/683 682/682/682 680/680/680
f 682/682/682 684/684/684 681/681/681
f 684/684/684 685/685/685 681/681/681
f 684/684/684 686/686/686 685/685/685
f 686/686/686 687/687/687 685/685/685
f 690/690/690 689/689/689 688/688/688
f 691/691/691 690/690/690 688/688/688
f 690/690/690 692/692/692 689/689/689
f 692/692/692 693/693/693 689/689/689
f 692/692/692 694/694/694 693/693/693
f 694/694/694 695/695/695 693/693/693
f 698/698/698 697/697/697 696/696/696
f 699/699/699 698/698/698 696/696/696
f 698/698/698 701/701/701 700/700/700
f 701/701/701 702/702/702 700/700/700
f 705/705/705 704/704/704 703/703/703
f 706/706/706 705/705/705 703/703/703
f 706/706/706 703/703/703 707/707/707
f 708/708/708 706/706/706 707/707/707
f 711/711/711 710/710/710 709/709/709
f 712/712/712 711/711/711 709/709/709
f 715/715/715 714/714/714 713/713/713
f 716/716/716 715/715/715 713/713/713
f 719/719/719 718/718/718 717/717/717
f 720/720/720 719/719/719 717/717/717
f 723/723/723 722/722/722 721/721/721
f 724/724/724 723/723/723 721/721/721
f 727/727/727 726/726/726 725/725/725
f 728/728/728 727/727/727 725/725/725
f 731/731/731 730/730/730 729/729/729
f 732/732/732 731/731/731 729/729/729
f 735/735/735 734/734/734 733/733/733
f 736/736/736 735/735/735 733/733/733
f 739/739/739 738/738/738 737/737/737
f 740/740/740 739/739/739 737/737/737
f 743/743/743 742/742/742 741/741/741
f 744/744/744 743/743/743 741/741/741
f 747/747/747 746/746/746 745/745/745
f 748/748/748 747/747/747 745/745/745
f 751/751/751 750/750/750 749/749/749
f 752/752/752 751/751/751 749/749/749
f 755/755/755 754/754/754 753/753/753
f 756/756/756 755/755/755 753/753/753
f 759/759/759 758/758/758 757/757/757
f 760/760/760 759/759/759 757/757/757
f 763/763/763 762/762/762 761/761/761
f 764/764/764 763/763/763 761/761/761
f 767/767/767 766/766/766 765/765/765
f 768/768/768 767/767/767 765/765/765
f 771/771/771 770/770/770 769/769/769
f 772/772/772 771/771/771 769/769/769
f 775/775/775 774/774/774 773/773/773
f 776/776/776 775/775/775 773/773/773
f 775/775/775 777/777/777 774/774/774
f 780/780/780 779/779/779 778/778/778
f 781/781/781 780/780/780 778/778/778
f 781/781/781 778/778/778 782/782/782
f 783/783/783 781/781/781 782/782/782
f 783/783/783 782/782/782 784/784/784
f 785/785/785 783/783/783 784/784/784
f 785/785/785 784/784/784 786/786/786
f 780/780/780 787/787/787 779/779/779
f 787/787/787 788/788/788 779/779/779
f 791/791/791 790/790/790 789/789/789
f 792/792/792 791/791/791 789/789/789
f 792/792/792 793/793/793 791/791/791
f 793/793/793 794/794/794 791/791/791
f 793/793/793 795/795/795 794/794/794
f 795/795/795 796/796/796 794/794/794
f 799/799/799 798/798/798 797/797/797
f 800/800/800 799/799/799 797/797/797
f 799/799/799 801/801/801 798/798/798
f 801/801/801 802/802/802 798/798/798
f 801/801/801 803/803/803 802/802/802
f 803/803/803 804/804/804 802/802/802
f 807/807/807 806/806/806 805/805/805
f 808/808/808 807/807/807 805/805/805
f 807/807/807 809/809/809 806/806/806
f 809/809/809 810/810/810 806/806/806
f 809/809/809 811/811/811 810/810/810
f 811/811/811 812/812/812 810/810/810
f 815/815/815 814/814/814 813/813/813
f 816/816/816 815/815/815 813/813/813
f 815/815/815 818/818/818 817/817/817
f 818/818/818 819/819/819 817/817/817
f 822/822/822 821/821/821 820/820/820
f 823/823/823 822/822/822 820/820/820
f 823/823/823 820/820/820 824/824/824
f 825/825/825 823/823/823 824/824/824
f 828/828/828 827/827/827 826/826/826
f 829/829/829 828/828/828 826/826/826
f 832/832/832 831/831/831 830/830/830
f 833/833/833 832/832/832 830/830/830
f 836/836/836 835/835/835 834/834/834
f 837/837/837 836/836/836 834/834/834
f 840/840/840 839/839/839 838/838/838
f 841/841/841 840/840/840 838/838/838
f 844/844/844 843/843/843 842/842/842
f 845/845/845 844/844/844 842/842/842
f 848/848/848 847/847/847 846/846/846
f 849/849/849 848/848/848 846/846/846
f 852/852/852 851/851/851 850/850/850
f 853/853/853 852/852/852 850/850/850
f 856/856/856 855/855/855 854/854/854
f 857/857/857 856/856/856 854/854/854
f 860/860/860 859/859/859 858/858/858
f 861/861/861 860/860/860 858/858/858
f 864/864/864 863/863/863 862/862/862
f 865/865/865 864/864/864 862/862/862
f 868/868/868 867/867/867 866/866/866
f 869/869/869 868/868/868 866/866/866
f 872/872/872 871/871/871 870/870/870
f 873/873/873 872/872/872 870/870/870
f 876/876/876 875/875/875 874/874/874
f 877/877/877 876/876/876 874/874/874
f 880/880/880 879/879/879 878/878/878
f 881/881/881 880/880/880 878/878/878
f 884/884/884 883/883/883 882/882/882
f 885/885/885 884/884/884 882/882/882
f 888/888/888 887/887/887 886/886/886
f 889/889/889 888/888/888 886/886/886
f 892/892/892 891/891/891 890/890/890
f 893/893/893 892/892/892 890/890/890
f 892/892/892 894/894/894 891/891/891
f 894/894/894 895/895/895 891/891/891
f 894/894/894 896/896/896 895/895/895
f 896/896/896 897/897/897 895/895/895
f 896/896/896 898/898/898 897/897/897
f 901/901/901 900/900/900 899/899/899
f 902/902/902 901/901/901 899/899/899
f 902/902/902 899/899/899 903/903/903
f 901/901/901 904/904/904 900/900/900
f 904/904/904 905/905/905 900/900/900
f 908/908/908 907/907/907 906/906/906
f 909/909/909 908/908/908 906/906/906
f 909/909/909 910/910/910 908/908/908
f 910/910/910 911/911/911 908/908/908
f 910/910/910 912/912/912 911/911/911
f 912/912/912 913/913/913 911/911/911
f 916/916/916 915/915/915 914/914/914
f 917/917/917 916/916/916 914/914/914
f 916/916/916 918/918/918 915/915/915
f 918/918/918 919/919/919 915/915/915
f 922/922/922 921/921/921 920/920/920
f 923/923/923 922/922/922 920/920/920
f 922/922/922 924/924/924 921/921/921
f 924/924/924 925/925/925 921/921/921
f 928/928/928 927/927/927 926/926/926
f 929/929/929 928/928/928 926/926/926
f 929/929/929 926/926/926 930/930/930
f 931/931/931 929/929/929 930/930/930
f 934/934/934 933/933/933 932/932/932
f 935/935/935 934/934/934 932/932/932
f 935/935/935 932/932/932 936/936/936
f 937/937/937 935/935/935 936/936/936
f 937/937/937 936/936/936 938/938/938
f 939/939/939 937/937/937 938/938/938
f 942/942/942 941/941/941 940/940/940
f 943/943/943 942/942/942 940/940/940
f 946/946/946 945/945/945 944/944/944
f 947/947/947 946/946/946 944/944/944
f 950/950/950 949/949/949 948/948/948
f 951/951/951 950/950/950 948/948/948
f 954/954/954 953/953/953 952/952/952
f 955/955/955 954/954/954 952/952/952
f 958/958/958 957/957/957 956/956/956
f 959/959/959 958/958/958 956/956/956
f 962/962/962 961/961/961 960/960/960
f 963/963/963 962/962/962 960/960/960
f 966/966/966 965/965/965 964/964/964
f 967/967/967 966/966/966 964/964/964
f 970/970/970 969/969/969 968/968/968
f 971/971/971 970/970/970 968/968/968
f 974/974/974 973/973/973 972/972/972
f 975/975/975 974/974/974 972/972/972
f 978/978/978 977/977/977 976/976/976
f 979/979/979 978/978/978 976/976/976
f 982/982/982 981/981/981 980/980/980
f 983/983/983 982/982/982 980/980/980
f 986/986/986 985/985/985 984/984/984
f 987/987/987 986/986/986 984/984/984
f 990/990/990 989/989/989 988/988/988
f 991/991/991 990/990/990 988/988/988
f 994/994/994 993/993/993 992/992/992
f 995/995/995 994/994/994 992/992/992
f 998/998/998 997/997/997 996/996/996
f 999/999/999 998/998/998 996/996/996
f 1002/1002/1002 1001/1001/1001 1000/1000/1000
f 1003/1003/1003 1002/1002/1002 1000/1000/1000
f 1006/1006/1006 1005/1005/1005 1004/1004/1004
f 1007/1007/1007 1006/1006/1006 1004/1004/1004
f 1010/1010/1010 1009/1009/1009 1008/1008/1008
f 1011/1011/1011 1010/1010/1010 1008/1008/1008
f 1010/1010/1010 1012/1012/1012 1009/1009/1009
f 1012/1012/1012 1013/1013/1013 1009/1009/1009
f 1012/1012/1012 1014/1014/1014 1013/1013/1013
f 1014/1014/1014 1015/1015/1015 1013/1013/1013
f 1014/1014/1014 1016/1016/1016 1015/1015/1015
f 1016/1016/1016 1017/1017/1017 1015/1015/1015
f 1016/1016/1016 1018/1018/1018 1017/1017/1017
f 1018/1018/1018 1019/1019/1019 1017/1017/1017
f 1018/1018/1018 1020/1020/1020 1019/1019/1019
f 1020/1020/1020 1021/1021/1021 1019/1019/1019
f 1024/1024/1024 1023/1023/1023 1022/1022/1022
f 1025/1025/1025 1024/1024/1024 1022/1022/1022
f 1025/1025/1025 1026/1026/1026 1024/1024/1024
f 1026/1026/1026 1027/1027/1027 1024/1024/1024
f 1026/1026/1026 1028/1028/1028 1027/1027/1027
f 1028/1028/1028 1029/1029/1029 1027/1027/1027
f 1032/1032/1032 1031/1031/1031 1030/1030/1030
f 1033/1033/1033 1032/1032/1032 1030/1030/1030
f 1032/1032/1032 1034/1034/1034 1031/1031/1031
f 1034/1034/1034 1035/1035/1035 1031/1031/1031
f 1034/1034/1034 1036/1036/1036 1035/1035/1035
f 1036/1036/1036 1037/1037/1037 1035/1035/1035
f 1040/1040/1040 1039/1039/1039 1038/1038/1038
f 1041/1041/1041 1040/1040/1040 1038/1038/1038
f 1040/1040/1040 1042/1042/1042 1039/1039/1039
f 1042/1042/1042 1043/1043/1043 1039/1039/1039
f 1042/1042/1042 1044/1044/1044 1043/1043/1043
f 1044/1044/1044 1045/1045/1045 1043/1043/1043
f 1048/1048/1048 1047/1047/1047 1046/1046/1046
f 1049/1049/1049 1048/1048/1048 1046/1046/1046
f 1048/1048/1048 1051/1051/1051 1050/1050/1050
f 1051/1051/1051 1052/1052/1052 1050/1050/1050
f 1055/1055/1055 1054/1054/1054 1053/1053/1053
f 1056/1056/1056 1055/1055/1055 1053/1053/1053
f 1056/1056/1056 1053/1053/1053 1057/1057/1057
f 1058/1058/1058 1056/1056/1056 1057/1057/1057
f 1061/1061/1061 1060/1060/1060 1059/1059/1059
f 1062/1062/1062 1061/1061/1061 1059/1059/1059
f 1065/1065/1065 1064/1064/1064 1063/1063/1063
f 1066/1066/1066 1065/1065/1065 1063/1063/1063
f 1069/1069/1069 1068/1068/1068 1067/1067/1067
f 1070/1070/1070 1069/1069/1069 1067/1067/1067
f 1073/1073/1073 1072/1072/1072 1071/1071/1071
f 1074/1074/1074 1073/1073/1073 1071/1071/1071
f 1077/1077/1077 1076/1076/1076 1075/1075/1075
f 1078/1078/1078 1077/1077/1077 1075/1075/1075
f 1081/1081/1081 1080/1080/1080 1079/1079/1079
f 1082/1082/1082 1081/1081/1081 1079/1079/1079
f 1085/1085/1085 1084/1084/1084 1083/1083/1083
f 1086/1086/1086 1085/1085/1085 1083/1083/1083
f 1089/1089/1089 1088/1088/1088 1087/1087/1087
f 1090/1090/1090 1089/1089/1089 1087/1087/1087
f 1093/1093/1093 1092/1092/1092 1091/1091/1091
f 1094/1094/1094 1093/1093/1093 1091/1091/1091
f 1097/1097/1097 1096/1096/1096 1095/1095/1095
f 1098/1098/1098 1097/1097/1097 1095/1095/1095
f 1101/1101/1101 1100/1100/1100 1099/1099/1099
f 1102/1102/1102 1101/1101/1101 1099/1099/1099
f 1105/1105/1105 1104/1104/1104 1103/1103/1103
f 1106/1106/1106 1105/1105/1105 1103/1103/1103
f 1109/1109/1109 1108/1108/1108 1107/1107/1107
f 1110/1110/1110 1109/1109/1109 1107/1107/1107
f 1113/1113/1113 1112/1112/1112 1111/1111/1111
f 1114/1114/1114 1113/1113/1113 1111/1111/1111
f 1117/1117/1117 1116/1116/1116 1115/1115/1115
f 1118/1118/1118 1117/1117/1117 1115/1115/1115
f 1121/1121/1121 1120/1120/1120 1119/1119/1119
f 1122/1122/1122 1121/1121/1121 1119/1119/1119
f 1125/1125/1125 1124/1124/1124 1123/1123/1123
f 1126/1126/1126 1125/1125/1125 1123/1123/1123
f 1125/1125/1125 1127/1127/1127 1124/1124/1124
f 1130/1130/1130 1129/1129/1129 1128/1128/1128
f 1131/1131/1131 1130/1130/1130 1128/1128/1128
f 1131/1131/1131 1128/1128/1128 1132/1132/1132
f 1133/1133/1133 1131/1131/1131 1132/1132/1132
f 1133/1133/1133 1132/1132/1132 1134/1134/1134
f 1135/1135/1135 1133/1133/1133 1134/1134/1134
f 1135/1135/1135 1134/1134/1134 1136/1136/1136
f 1130/1130/1130 1137/1137/1137 1129/1129/1129
f 1137/1137/1137 1138/1138/1138 1129/1129/1129
f 1141/1141/1141 1140/1140/1140 1139/1139/1139
f 1142/1142/1142 1141/1141/1141 1139/1139/1139
f 1142/1142/1142 1143/1143/1143 1141/1141/1141
f 1143/1143/1143 1144/1144/1144 1141/1141/1141
f 1143/1143/1143 1145/1145/1145 1144/1144/1144
f 1145/1145/1145 1146/1146/1146 1144/1144/1144
f 1149/1149/1149 1148/1148/1148 1147/1147/1147
f 1150/1150/1150 1149/1149/1149 1147/1147/1147
f 1149/1149/1149 1151/1151/1151 1148/1148/1148
f 1151/1151/1151 1152/1152/1152 1148/1148/1148
f 1151/1151/1151 1153/1153/1153 1152/1152/1152
f 1153/1153/1153 1154/1154/1154 1152/1152/1152
f 1157/1157/1157 1156/1156/1156 1155/1155/1155
f 1158/1158/1158 1157/1157/1157 1155/1155/1155
f 1157/1157/1157 1159/1159/1159 1156/1156/1156
f 1159/1159/1159 1160/1160/1160 1156/1156/1156
f 1159/1159/1159 1161/1161/1161 1160/1160/1160
f 1161/1161/1161 1162/1162/1162 1160/1160/1160
f 1165/1165/1165 1164/1164/1164 1163/1163/1163
f 1166/1166/1166 1165/1165/1165 1163/1163/1163
f 1165/1165/1165 1168/1168/1168 1167/1167/1167
f 1168/1168/1168 1169/1169/1169 1167/1167/1167
f 1172/1172/1172 1171/1171/1171 1170/1170/1170
f 1173/1173/1173 1172/1172/1172 1170/1170/1170
f 1173/1173/1173 1170/1170/1170 1174/1174/1174
f 1175/1175/1175 1173/1173/1173 1174/1174/1174
f 1178/1178/1178 1177/1177/1177 1176/1176/1176
f 1179/1179/1179 1178/1178/1178 1176/1176/1176
f 1182/1182/1182 1181/1181/1181 1180/1180/1180
f 1183/1183/1183 1182/1182/1182 1180/1180/1180
f 1186/1186/1186 1185/1185/1185 1184/1184/1184
f 1187/1187/1187 1186/1186/1186 1184/1184/1184
f 1190/1190/1190 1189/1189/1189 1188/1188/1188
f 1191/1191/1191 1190/1190/1190 1188/1188/1188
f 1194/1194/1194 1193/1193/1193 1192/1192/1192
f 1195/1195/1195 1194/1194/1194 1192/1192/1192
f 1198/1198/1198 1197/1197/1197 1196/1196/1196
f 1199/1199/1199 1198/1198/1198 1196/1196/1196
f 1202/1202/1202 1201/1201/1201 1200/1200/1200
f 1203/1203/1203 1202/1202/1202 1200/1200/1200
f 1206/1206/1206 1205/1205/1205 1204/1204/1204
f 1207/1207/1207 1206/1206/1206 1204/1204/1204
f 1210/1210/1210 1209/1209/1209 1208/1208/1208
f 1211/1211/1211 1210/1210/1210 1208/1208/1208
f 1214/1214/1214 1213/1213/1213 1212/1212/1212
f 1215/1215/1215 1214/1214/1214 1212/1212/1212
f 1218/1218/1218 1217/1217/1217 1216/1216/1216
f 1219/1219/1219 1218/1218/1218 1216/1216/1216
f 1222/1222/1222 1221/1221/1221 1220/1220/1220
f 1223/1223/1223 1222/1222/1222 1220/1220/1220
f 1226/1226/1226 1225/1225/1225 1224/1224/1224
f 1227/1227/1227 1226/1226/1226 1224/1224/1224
f 1230/1230/1230 1229/1229/1229 1228/1228/1228
f 1231/1231/1231 1230/1230/1230 1228/1228/1228
f 1234/1234/1234 1233/1233/1233 1232/1232/1232
f 1235/1235/1235 1234/1234/1234 1232/1232/1232
f 1238/1238/1238 1237/1237/1237 1236/1236/1236
f 1239/1239/1239 1238/1238/1238 1236/1236/1236
f 1242/1242/1242 1241/1241/1241 1240/1240/1240
f 1243/1243/1243 1242/1242/1242 1240/1240/1240
f 1242/1242/1242 1244/1244/1244 1241/1241/1241
f 1244/1244/1244 1245/1245/1245 1241/1241/1241
f 1244/1244/1244 1246/1246/1246 1245/1245/1245
f 1246/1246/1246 1247/1247/1247 1245/1245/1245
f 1246/1246/1246 1248/1248/1248 1247/1247/1247
f 1251/1251/1251 1250/1250/1250 1249/1249/1249
f 1252/1252/1252 1251/1251/1251 1249/1249/1249
f 1252/1252/1252 1249/1249/1249 1253/1253/1253
f 1251/1251/1251 1254/1254/1254 1250/1250/1250
f 1254/1254/1254 1255/1255/1255 1250/1250/1250
f 1258/1258/1258 1257/1257/1257 1256/1256/1256
f 1259/1259/1259 1258/1258/1258 1256/1256/1256
f 1259/1259/1259 1260/1260/1260 1258/1258/1258
f 1260/1260/1260 1261/1261/1261 1258/1258/1258
f 1260/1260/1260 1262/1262/1262 1261/1261/1261
f 1262/1262/1262 1263/1263/1263 1261/1261/1261
f 1266/1266/1266 1265/1265/1265 1264/1264/1264
f 1267/1267/1267 1266/1266/1266 1264/1264/1264
f 1266/1266/1266 1268/1268/1268 1265/1265/1265
f 1268/1268/1268 1269/1269/1269 1265/1265/1265
f 1268/1268/1268 1270/1270/1270 1269/1269/1269
f 1270/1270/1270 1271/1271/1271 1269/1269/1269
f 1274/1274/1274 1273/1273/1273 1272/1272/1272
f 1275/1275/1275 1274/1274/1274 1272/1272/1272
f 1274/1274/1274 1276/1276/1276 1273/1273/1273
f 1276/1276/1276 1277/1277/1277 1273/1273/1273
f 1276/1276/1276 1278/1278/1278 1277/1277/1277
f 1278/1278/1278 1279/1279/1279 1277/1277/1277
f 1282/1282/1282 1281/1281/1281 1280/1280/1280
f 1283/1283/1283 1282/1282/1282 1280/1280/1280
f 1282/1282/1282 1285/1285/1285 1284/1284/1284
f 1285/1285/1285 1286/1286/1286 1284/1284/1284
f 1289/1289/1289 1288/1288/1288 1287/1287/1287
f 1290/1290/1290 1289/1289/1289 1287/1287/1287
f 1290/1290/1290 1287/1287/1287 1291/1291/1291
f 1292/1292/1292 1290/1290/1290 1291/1291/1291
f 1295/1295/1295 1294/1294/1294 1293/1293/1293
f 1296/1296/1296 1295/1295/1295 1293/1293/1293
f 1299/1299/1299 1298/1298/1298 1297/1297/1297
f 1300/1300/1300 1299/1299/1299 1297/1297/1297
f 1303/1303/1303 1302/1302/1302 1301/1301/1301
f 1304/1304/1304 1303/1303/1303 1301/1301/1301
f 1307/1307/1307 1306/1306/1306 1305/1305/1305
f 1308/1308/1308 1307/1307/1307 1305/1305/1305
f 1311/1311/1311 1310/1310/1310 1309/1309/1309
f 1312/1312/1312 1311/1311/1311 1309/1309/1309
f 1315/1315/1315 1314/1314/1314 1313/1313/1313
f 1316/1316/1316 1315/1315/1315 1313/1313/1313
f 1319/1319/1319 1318/1318/1318 1317/1317/1317
f 1320/1320/1320 1319/1319/1319 1317/1317/1317
f 1323/1323/1323 1322/1322/1322 1321/1321/1321
f 1324/1324/1324 1323/1323/1323 1321/1321/1321
f 1327/1327/1327 1326/1326/1326 1325/1325/1325
f 1328/1328/1328 1327/1327/1327 1325/1325/1325
f 1331/1331/1331 1330/1330/1330 1329/1329/1329
f 1332/1332/1332 1331/1331/1331 1329/1329/1329
f 1335/1335/1335 1334/1334/1334 1333/1333/1333
f 1336/1336/1336 1335/1335/1335 1333/1333/1333
f 1339/1339/1339 1338/1338/1338 1337/1337/1337
f 1340/1340/1340 1339/1339/1339 1337/1337/1337
f 1343/1343/1343 1342/1342/1342 1341/1341/1341
f 1344/1344/1344 1343/1343/1343 1341/1341/1341
f 1347/1347/1347 1346/1346/1346 1345/1345/1345
f 1348/1348/1348 1347/1347/1347 1345/1345/1345
f 1351/1351/1351 1350/1350/1350 1349/1349/1349
f 1352/1352/1352 1351/1351/1351 1349/1349/1349
f 1355/1355/1355 1354/1354/1354 1353/1353/1353
f 1356/1356/1356 1355/1355/1355 1353/1353/1353
f 1359/1359/1359 1358/1358/1358 1357/1357/1357
f 1360/1360/1360 1359/1359/1359 1357/1357/1357
f 1359/1359/1359 1361/1361/1361 1358/1358/1358
f 1361/1361/1361 1362/1362/1362 1358/1358/1358
f 1361/1361/1361 1363/1363/1363 1362/1362/1362
f 1363/1363/1363 1364/1364/1364 1362/1362/1362
f 1363/1363/1363 1365/1365/1365 1364/1364/1364
f 1365/1365/1365 1366/1366/1366 1364/1364/1364
f 1365/1365/1365 1367/1367/1367 1366/1366/1366
f 1367/1367/1367 1368/1368/1368 1366/1366/1366
f 1367/1367/1367 1369/1369/1369 1368/1368/1368
f 1369/1369/1369 1370/1370/1370 1368/1368/1368
f 1373/1373/1373 1372/1372/1372 1371/1371/1371
f 1374/1374/1374 1373/1373/1373 1371/1371/1371
f 1374/1374/1374 1375/1375/1375 1373/1373/1373
f 1375/1375/1375 1376/1376/1376 1373/1373/1373
f 1375/1375/1375 1377/1377/1377 1376/1376/1376
f 1377/1377/1377 1378/1378/1378 1376/1376/1376
f 1381/1381/1381 1380/1380/1380 1379/1379/1379
f 1382/1382/1382 1381/1381/1381 1379/1379/1379
f 1381/1381/1381 1383/1383/1383 1380/1380/1380
f 1383/1383/1383 1384/1384/1384 1380/1380/1380
f 1383/1383/1383 1385/1385/1385 1384/1384/1384
f 1385/1385/1385 1386/1386/1386 1384/1384/1384
f 1389/1389/1389 1388/1388/1388 1387/1387/1387
f 1390/1390/1390 1389/1389/1389 1387/1387/1387
f 1389/1389/1389 1391/1391/1391 1388/1388/1388
f 1391/1391/1391 1392/1392/1392 1388/1388/1388
f 1391/1391/1391 1393/1393/1393 1392/1392/1392
f 1393/1393/1393 1394/1394/1394 1392/1392/1392
f 1397/1397/1397 1396/1396/1396 1395/1395/1395
f 1398/1398/1398 1397/1397/1397 1395/1395/1395
f 1397/1397/1397 1400/1400/1400 1399/1399/1399
f 1400/1400/1400 1401/1401/1401 1399/1399/1399
f 1404/1404/1404 1403/1403/1403 1402/1402/1402
f 1405/1405/1405 1404/1404/1404 1402/1402/1402
f 1405/1405/1405 1402/1402/1402 1406/1406/1406
f 1407/1407/1407 1405/1405/1405 1406/1406/1406
f 1410/1410/1410 1409/1409/1409 1408/1408/1408
f 1411/1411/1411 1410/1410/1410 1408/1408/1408
f 1414/1414/1414 1413/1413/1413 1412/1412/1412
f 1415/1415/1415 1414/1414/1414 1412/1412/1412
f 1418/1418/1418 1417/1417/1417 1416/1416/1416
f 1419/1419/1419 1418/1418/1418 1416/1416/1416
f 1422/1422/1422 1421/1421/1421 1420/1420/1420
f 1423/1423/1423 1422/1422/1422 1420/1420/1420
f 1426/1426/1426 1425/1425/1425 1424/1424/1424
f 1427/1427/1427 1426/1426/1426 1424/1424/1424
f 1430/1430/1430 1429/1429/1429 1428/1428/1428
f 1431/1431/1431 1430/1430/1430 1428/1428/1428
f 1434/1434/1434 1433/1433/1433 1432/1432/1432
f 1435/1435/1435 1434/1434/1434 1432/1432/1432
f 1438/1438/1438 1437/1437/1437 1436/1436/1436
f 1439/1439/1439 1438/1438/1438 1436/1436/1436
f 1442/1442/1442 1441/1441/1441 1440/1440/1440
f 1443/1443/1443 1442/1442/1442 1440/1440/1440
f 1446/1446/1446 1445/1445/1445 1444/1444/1444
f 1447/1447/1447 1446/1446/1446 1444/1444/1444
f 1450/1450/1450 1449/1449/1449 1448/1448/1448
f 1451/1451/1451 1450/1450/1450 1448/1448/1448
f 1454/1454/1454 1453/1453/1453 1452/1452/1452
f 1455/1455/1455 1454/1454/1454 1452/1452/1452
f 1458/1458/1458 1457/1457/1457 1456/1456/1456
f 1459/1459/1459 1458/1458/1458 1456/1456/1456
f 1462/1462/1462 1461/1461/1461 1460/1460/1460
f 1463/1463/1463 1462/1462/1462 1460/1460/1460
f 1466/1466/1466 1465/1465/1465 1464/1464/1464
f 1467/1467/1467 1466/1466/1466 1464/1464/1464
f 1470/1470/1470 1469/1469/1469 1468/1468/1468
f 1471/1471/1471 1470/1470/1470 1468/1468/1468
f 1474/1474/1474 1473/1473/1473 1472/1472/1472
f 1475/1475/1475 1474/1474/1474 1472/1472/1472
f 1474/1474/1474 1476/1476/1476 1473/1473/1473
f 1479/1479/1479 1478/1478/1478 1477/1477/1477
f 1480/1480/1480 1479/1479/1479 1477/1477/1477
f 1480/1480/1480 1477/1477/1477 1481/1481/1481
f 1482/1482/1482 1480/1480/1480 1481/1481/1481
f 1482/1482/1482 1481/1481/1481 1483/1483/1483
f 1484/1484/1484 1482/1482/1482 1483/1483/1483
f 1484/1484/1484 1483/1483/1483 1485/1485/1485
f 1479/1479/1479 1486/1486/1486 1478/1478/1478
f 1486/1486/1486 1487/1487/1487 1478/1478/1478
f 1490/1490/1490 1489/1489/1489 1488/1488/1488
f 1491/1491/1491 1490/1490/1490 1488/1488/1488
f 1488/1488/1488 1489/1489/1489 1492/1492/1492
f 1489/1489/1489 1493/1493/1493 1492/1492/1492
f 1496/1496/1496 1495/1495/1495 1494/1494/1494
f 1497/1497/1497 1496/1496/1496 1494/1494/1494
f 1498/1498/1498 1496/1496/1496 1497/1497/1497
f 1499/1499/1499 1498/1498/1498 1497/1497/1497
f 1502/1502/1502 1501/1501/1501 1500/1500/1500
f 1500/1500/1500 1501/1501/1501 1503/1503/1503
f 1503/1503/1503 1501/1501/1501 1504/1504/1504
f 1504/1504/1504 1501/1501/1501 1505/1505/1505
f 1502/1502/1502 1500/1500/1500 1506/1506/1506
f 1507/1507/1507 1502/1502/1502 1506/1506/1506
f 1500/1500/1500 1503/1503/1503 1508/1508/1508
f 1506/1506/1506 1500/1500/1500 1508/1508/1508
f 1511/1511/1511 1510/1510/1510 1509/1509/1509
f 1512/1512/1512 1511/1511/1511 1509/1509/1509
f 1509/1509/1509 1510/1510/1510 1513/1513/1513
f 1510/1510/1510 1514/1514/1514 1513/1513/1513
f 1512/1512/1512 1509/1509/1509 1515/1515/1515
f 1516/1516/1516 1512/1512/1512 1515/1515/1515
f 1509/1509/1509 1513/1513/1513 1517/1517/1517
f 1515/1515/1515 1509/1509/1509 1517/1517/1517
f 1511/1511/1511 1518/1518/1518 1510/1510/1510
f 1518/1518/1518 1519/1519/1519 1510/1510/1510
f 1510/1510/1510 1519/1519/1519 1514/1514/1514
f 1519/1519/1519 1520/1520/1520 1514/1514/1514
f 1523/1523/1523 1522/1522/1522 1521/1521/1521
f 1524/1524/1524 1523/1523/1523 1521/1521/1521
f 1521/1521/1521 1522/1522/1522 1525/1525/1525
f 1522/1522/1522 1526/1526/1526 1525/1525/1525
f 1524/1524/1524 1521/1521/1521 1527/1527/1527
f 1528/1528/1528 1524/1524/1524 1527/1527/1527
f 1521/1521/1521 1525/1525/1525 1529/1529/1529
f 1527/1527/1527 1521/1521/1521 1529/1529/1529
f 1523/1523/1523 1530/1530/1530 1522/1522/1522
f 1530/1530/1530 1531/1531/1531 1522/1522/1522
f 1522/1522/1522 1531/1531/1531 1526/1526/1526
f 1530/1530/1530 1532/1532/1532 1531/1531/1531
f 1532/1532/1532 1533/1533/1533 1531/1531/1531
f 1531/1531/1531 1533/1533/1533 1534/1534/1534
f 1531/1531/1531 1534/1534/1534 1526/1526/1526
f 1533/1533/1533 1535/1535/1535 1534/1534/1534
f 1538/1538/1538 1537/1537/1537 1536/1536/1536
f 1539/1539/1539 1538/1538/1538 1536/1536/1536
f 1536/1536/1536 1537/1537/1537 1540/1540/1540
f 1537/1537/1537 1541/1541/1541 1540/1540/1540
f 1544/1544/1544 1543/1543/1543 1542/1542/1542
f 1545/1545/1545 1544/1544/1544 1542/1542/1542
f 1542/1542/1542 1543/1543/1543 1546/1546/1546
f 1543/1543/1543 1547/1547/1547 1546/1546/1546
f 1550/1550/1550 1549/1549/1549 1548/1548/1548
f 1551/1551/1551 1550/1550/1550 1548/1548/1548
f 1548/1548/1548 1549/1549/1549 1552/1552/1552
f 1549/1549/1549 1553/1553/1553 1552/1552/1552
f 1551/1551/1551 1548/1548/1548 1554/1554/1554
f 1555/1555/1555 1551/1551/1551 1554/1554/1554
f 1548/1548/1548 1552/1552/1552 1556/1556/1556
f 1554/1554/1554 1548/1548/1548 1556/1556/1556
f 1555/1555/1555 1554/1554/1554 1557/1557/1557
f 1558/1558/1558 1555/1555/1555 1557/1557/1557
f 1561/1561/1561 1560/1560/1560 1559/1559/1559
f 1562/1562/1562 1561/1561/1561 1559/1559/1559
f 1559/1559/1559 1560/1560/1560 1563/1563/1563
f 1560/1560/1560 1564/1564/1564 1563/1563/1563
f 1562/1562/1562 1559/1559/1559 1565/1565/1565
f 1566/1566/1566 1562/1562/1562 1565/1565/1565
f 1559/1559/1559 1563/1563/1563 1567/1567/1567
f 1565/1565/1565 1559/1559/1559 1567/1567/1567
f 1566/1566/1566 1565/1565/1565 1568/1568/1568
f 1569/1569/1569 1566/1566/1566 1568/1568/1568
f 1570/1570/1570 1566/1566/1566 1569/1569/1569
f 1571/1571/1571 1570/1570/1570 1569/1569/1569
f 1565/1565/1565 1567/1567/1567 1572/1572/1572
f 1568/1568/1568 1565/1565/1565 1572/1572/1572
f 1575/1575/1575 1574/1574/1574 1573/1573/1573
f 1576/1576/1576 1575/1575/1575 1573/1573/1573
f 1576/1576/1576 1573/1573/1573 1577/1577/1577
f 1578/1578/1578 1576/1576/1576 1577/1577/1577
f 1581/1581/1581 1580/1580/1580 1579/1579/1579
f 1582/1582/1582 1581/1581/1581 1579/1579/1579
f 1581/1581/1581 1583/1583/1583 1580/1580/1580
f 1583/1583/1583 1584/1584/1584 1580/1580/1580
f 1587/1587/1587 1586/1586/1586 1585/1585/1585
f 1587/1587/1587 1585/1585/1585 1588/1588/1588
f 1587/1587/1587 1588/1588/1588 1589/1589/1589
f 1587/1587/1587 1589/1589/1589 1590/1590/1590
f 1585/1585/1585 1586/1586/1586 1591/1591/1591
f 1586/1586/1586 1592/1592/1592 1591/1591/1591
f 1585/1585/1585 1591/1591/1591 1593/1593/1593
f 1588/1588/1588 1585/1585/1585 1593/1593/1593
f 1588/1588/1588 1593/1593/1593 1594/1594/1594
f 1589/1589/1589 1588/1588/1588 1594/1594/1594
f 1589/1589/1589 1594/1594/1594 1595/1595/1595
f 1598/1598/1598 1597/1597/1597 1596/1596/1596
f 1599/1599/1599 1598/1598/1598 1596/1596/1596
f 1599/1599/1599 1596/1596/1596 1600/1600/1600
f 1601/1601/1601 1599/1599/1599 1600/1600/1600
f 1596/1596/1596 1597/1597/1597 1602/1602/1602
f 1597/1597/1597 1603/1603/1603 1602/1602/1602
f 1596/1596/1596 1602/1602/1602 1604/1604/1604
f 1600/1600/1600 1596/1596/1596 1604/1604/1604
f 1605/1605/1605 1598/1598/1598 1599/1599/1599
f 1606/1606/1606 1605/1605/1605 1599/1599/1599
f 1606/1606/1606 1599/1599/1599 1601/1601/1601
f 1607/1607/1607 1606/1606/1606 1601/1601/1601
f 1610/1610/1610 1609/1609/1609 1608/1608/1608
f 1611/1611/1611 1610/1610/1610 1608/1608/1608
f 1611/1611/1611 1608/1608/1608 1612/1612/1612
f 1613/1613/1613 1611/1611/1611 1612/1612/1612
f 1608/1608/1608 1609/1609/1609 1614/1614/1614
f 1609/1609/1609 1615/1615/1615 1614/1614/1614
f 1608/1608/1608 1614/1614/1614 1616/1616/1616
f 1612/1612/1612 1608/1608/1608 1616/1616/1616
f 1617/1617/1617 1610/1610/1610 1611/1611/1611
f 1618/1618/1618 1617/1617/1617 1611/1611/1611
f 1618/1618/1618 1611/1611/1611 1613/1613/1613
f 1619/1619/1619 1618/1618/1618 1613/1613/1613
f 1622/1622/1622 1621/1621/1621 1620/1620/1620
f 1625/1625/1625 1624/1624/1624 1623/1623/1623
f 1626/1626/1626 1625/1625/1625 1623/1623/1623
f 1626/1626/1626 1623/1623/1623 1627/1627/1627
f 1628/1628/1628 1626/1626/1626 1627/1627/1627
f 1631/1631/1631 1630/1630/1630 1629/1629/1629
f 1632/1632/1632 1631/1631/1631 1629/1629/1629
f 1632/1632/1632 1629/1629/1629 1633/1633/1633
f 1634/1634/1634 1632/1632/1632 1633/1633/1633
f 1637/1637/1637 1636/1636/1636 1635/1635/1635
f 1638/1638/1638 1637/1637/1637 1635/1635/1635
f 1641/1641/1641 1640/1640/1640 1639/1639/1639
f 1642/1642/1642 1641/1641/1641 1639/1639/1639
f 1642/1642/1642 1639/1639/1639 1643/1643/1643
f 1644/1644/1644 1642/1642/1642 1643/1643/1643
f 1644/1644/1644 1643/1643/1643 1645/1645/1645
f 1646/1646/1646 1644/1644/1644 1645/1645/1645
f 1649/1649/1649 1648/1648/1648 1647/1647/1647
f 1650/1650/1650 1649/1649/1649 1647/1647/1647
f 1650/1650/1650 1647/1647/1647 1651/1651/1651
f 1652/1652/1652 1650/1650/1650 1651/1651/1651
f 1647/1647/1647 1648/1648/1648 1653/1653/1653
f 1648/1648/1648 1654/1654/1654 1653/1653/1653
f 1657/1657/1657 1656/1656/1656 1655/1655/1655
f 1658/1658/1658 1657/1657/1657 1655/1655/1655
f 1658/1658/1658 1655/1655/1655 1659/1659/1659
f 1660/1660/1660 1658/1658/1658 1659/1659/1659
f 1655/1655/1655 1656/1656/1656 1661/1661/1661
f 1656/1656/1656 1662/1662/1662 1661/1661/1661
f 1656/1656/1656 1663/1663/1663 1662/1662/1662
f 1663/1663/1663 1664/1664/1664 1662/1662/1662
f 1655/1655/1655 1661/1661/1661 1665/1665/1665
f 1659/1659/1659 1655/1655/1655 1665/1665/1665
