mtllib Web_Smoothie_Blueberry.mtl
o Web_Smoothie_Blueberry
usemtl mat_Web_Smoothie_Blueberry
v 0.148411 0.783203 0.153558
v 0.154744 0.779298 0.159893
v 0.158966 0.802735 0.164114
v 0.146300 0.806641 0.153558
v 0.068187 0.871094 0.081780
v 0.080854 0.873047 0.075446
v 0.072409 0.875001 0.060668
v 0.057631 0.871094 0.058557
v 0.011185 0.714844 0.231671
v 0.017520 0.732423 0.227449
v -0.005704 0.742188 0.233782
v -0.014148 0.726563 0.240116
v 0.192744 0.775391 0.204227
v 0.177967 0.763673 0.176782
v 0.177967 0.779298 0.164114
v 0.190634 0.796876 0.185226
v 0.006964 0.683595 0.077557
v -0.007815 0.707032 0.064891
v 0.015408 0.716798 0.071224
v 0.019630 0.687500 0.081780
v -0.043704 0.712891 0.083890
v -0.058483 0.703125 0.090225
v -0.083816 0.722657 0.102891
v -0.071149 0.734375 0.094446
v 0.222301 0.640625 0.276005
v 0.239190 0.648438 0.269672
v 0.245523 0.642579 0.288673
v 0.226524 0.636720 0.288673
v -0.075372 0.765626 0.195782
v -0.075372 0.765626 0.200004
v -0.060593 0.775391 0.197893
v -0.062704 0.775391 0.195782
v 0.253968 0.798828 0.126114
v 0.258191 0.808594 0.136669
v 0.270858 0.802735 0.132447
v 0.266635 0.794922 0.121891
v 0.053408 0.822267 0.140892
v 0.047075 0.847656 0.153558
v 0.074520 0.861329 0.153558
v 0.080854 0.837892 0.138781
v 0.006964 0.767578 0.075446
v 0.011185 0.761719 0.056446
v 0.002741 0.781251 0.039556
v 0.000631 0.787110 0.054335
v 0.247635 0.714844 0.132447
v 0.249746 0.722657 0.124003
v 0.277191 0.720704 0.128225
v 0.264524 0.712891 0.134559
v -0.028926 0.755860 0.229561
v -0.014148 0.763673 0.221116
v -0.031037 0.775391 0.210560
v -0.047927 0.767578 0.216893
v 0.234968 0.890625 0.176782
v 0.230746 0.894532 0.187338
v 0.251858 0.900391 0.204227
v 0.256079 0.896485 0.197893
v 0.044964 0.580079 0.280228
v 0.061853 0.589844 0.257006
v 0.053408 0.591797 0.250672
v 0.030186 0.585938 0.267561
v 0.004852 0.697266 0.231671
v -0.024704 0.710938 0.240116
v 0.302525 0.718750 0.250672
v 0.296192 0.732423 0.257006
v 0.277191 0.724610 0.254894
v 0.279303 0.710938 0.248560
v -0.026815 0.693359 0.067001
v -0.052148 0.712891 0.064891
v -0.024704 0.732423 0.062779
v 0.251858 0.658204 0.377341
v 0.277191 0.677734 0.366785
v 0.279303 0.662109 0.343563
v 0.256079 0.644532 0.354118
v 0.190634 0.833985 0.212672
v 0.182190 0.841797 0.191560
v 0.175855 0.859376 0.204227
v 0.190634 0.841797 0.229561
v 0.182190 0.708985 0.149337
v 0.165300 0.724610 0.170447
v 0.165300 0.750000 0.145114
v 0.182190 0.732423 0.126114
v -0.109150 0.679688 0.162003
v -0.092261 0.664063 0.145114
v -0.096483 0.683595 0.119780
v -0.113372 0.699220 0.134559
v 0.053408 0.568360 0.324562
v 0.063964 0.568360 0.295006
v 0.087188 0.574219 0.299229
v 0.085076 0.576172 0.330896
v 0.272968 0.673829 0.352008
v 0.277191 0.691407 0.352008
v 0.262412 0.697266 0.373118
v 0.262412 0.697266 0.373118
v 0.253968 0.679688 0.375230
v 0.272968 0.673829 0.352008
v 0.169522 0.628906 0.269672
v 0.148411 0.632813 0.290784
v 0.135744 0.652345 0.269672
v 0.161078 0.644532 0.252783
v 0.127299 0.757813 0.149337
v 0.142077 0.761719 0.155670
v 0.139967 0.783203 0.147225
v 0.129411 0.781251 0.143003
v 0.078743 0.720704 0.062779
v 0.082965 0.720704 0.090225
v 0.053408 0.724610 0.090225
v 0.053408 0.722657 0.060668
v 0.042854 0.734375 0.121891
v 0.042854 0.750000 0.134559
v 0.051298 0.740235 0.151448
v 0.051298 0.724610 0.143003
v 0.334192 0.769532 0.212672
v 0.334192 0.771485 0.225338
v 0.334192 0.791016 0.197893
v 0.332081 0.789063 0.189448
v 0.099854 0.728516 0.276005
v 0.080854 0.726563 0.267561
v 0.072409 0.738282 0.286561
v 0.091410 0.740235 0.292894
v 0.144188 0.757813 0.045890
v 0.158966 0.767578 0.069113
v 0.167411 0.791016 0.050112
v 0.152633 0.777344 0.029001
v 0.011185 0.585938 0.330896
v 0.000631 0.599610 0.352008
v 0.030186 0.599610 0.368897
v 0.040742 0.583985 0.345673
v 0.101966 0.705079 0.250672
v 0.093521 0.707032 0.257006
v 0.080854 0.708985 0.250672
v 0.072409 0.707032 0.233782
v 0.207523 0.753907 0.238005
v 0.218079 0.763673 0.244338
v 0.207523 0.771485 0.231671
v 0.196967 0.761719 0.225338
v 0.302525 0.730469 0.246450
v 0.296192 0.732423 0.257006
v 0.319414 0.750000 0.246450
v 0.323636 0.748048 0.233782
v 0.118855 0.867188 0.178892
v 0.133632 0.873047 0.172559
v 0.104077 0.869141 0.159893
v 0.099854 0.865235 0.170447
v 0.165300 0.890625 0.056446
v 0.186411 0.910157 0.050112
v 0.188523 0.908204 0.043779
v 0.171634 0.886719 0.050112
v -0.047927 0.652345 0.151448
v -0.047927 0.652345 0.172559
v -0.062704 0.658204 0.172559
v -0.064816 0.658204 0.149337
v 0.207523 0.736328 0.134559
v 0.205412 0.726563 0.145114
v 0.190634 0.740235 0.157781
v 0.192744 0.748048 0.145114
v 0.019630 0.697266 0.377341
v 0.034409 0.710938 0.373118
v 0.015408 0.720704 0.354118
v 0.000631 0.707032 0.358341
v 0.150522 0.642579 0.360452
v 0.148411 0.658204 0.375230
v 0.129411 0.669922 0.358341
v 0.135744 0.652345 0.347785
v 0.321526 0.775391 0.134559
v 0.321526 0.794922 0.151448
v 0.296192 0.806641 0.132447
v 0.300414 0.785157 0.117670
v 0.036519 0.740235 0.273895
v 0.036519 0.746094 0.263339
v 0.021742 0.757813 0.246450
v 0.013297 0.750000 0.250672
v 0.329970 0.759766 0.204227
v 0.327859 0.773438 0.195782
v 0.323636 0.779298 0.206337
v 0.321526 0.769532 0.219005
v 0.093521 0.679688 0.235894
v 0.099854 0.693359 0.248560
v 0.116743 0.685547 0.261228
v 0.112522 0.669922 0.248560
v 0.194856 0.638672 0.280228
v 0.190634 0.634766 0.295006
v 0.169522 0.642579 0.295006
v 0.171634 0.648438 0.276005
v -0.001481 0.625000 0.250672
v -0.007815 0.615235 0.269672
v -0.024704 0.630860 0.280228
v -0.022593 0.642579 0.263339
v 0.256079 0.800782 0.229561
v 0.256079 0.798828 0.227449
v 0.262412 0.806641 0.216893
v 0.262412 0.808594 0.219005
v 0.028075 0.746094 0.107114
v 0.030186 0.759766 0.121891
v 0.036519 0.636720 0.206337
v 0.015408 0.660157 0.206337
v 0.049187 0.675782 0.204227
v 0.061853 0.646485 0.204227
v 0.241302 0.746094 0.092335
v 0.224412 0.771485 0.094446
v 0.258191 0.781251 0.092335
v 0.266635 0.753907 0.090225
v 0.000631 0.787110 0.054335
v 0.002741 0.781251 0.039556
v 0.009075 0.800782 0.018445
v 0.004852 0.806641 0.031111
v 0.030186 0.746094 0.229561
v 0.021742 0.761719 0.210560
v 0.011185 0.773438 0.227449
v 0.021742 0.757813 0.246450
v 0.059743 0.603516 0.254894
v 0.072409 0.611329 0.248560
v 0.080854 0.603516 0.263339
v 0.061853 0.595704 0.269672
v 0.182190 0.753907 0.172559
v 0.186411 0.761719 0.159893
v -0.066927 0.691407 0.088113
v -0.039482 0.679688 0.088113
v -0.026815 0.693359 0.077557
v -0.050038 0.712891 0.075446
v 0.078743 0.833985 -0.015333
v 0.080854 0.849610 -0.009000
v 0.051298 0.841797 -0.004777
v 0.049187 0.830078 -0.011111
v 0.051298 0.623047 0.233782
v 0.036519 0.615235 0.242227
v 0.009075 0.634766 0.238005
v 0.021742 0.644532 0.227449
v 0.211745 0.808594 0.176782
v 0.220190 0.810547 0.193671
v 0.228634 0.816406 0.183115
v 0.220190 0.812501 0.168337
v 0.076632 0.732423 0.048001
v 0.080854 0.730469 0.075446
v 0.106187 0.732423 0.071224
v 0.095632 0.734375 0.043779
v 0.135744 0.808594 0.145114
v 0.146300 0.830078 0.162003
v 0.133632 0.832031 0.151448
v 0.201190 0.742188 0.229561
v 0.196967 0.761719 0.225338
v 0.190634 0.750000 0.214782
v 0.201190 0.742188 0.229561
v 0.163189 0.708985 0.377341
v 0.175855 0.722657 0.381563
v 0.161078 0.736328 0.362562
v 0.148411 0.722657 0.358341
v 0.260302 0.814453 0.149337
v 0.266635 0.818360 0.162003
v 0.272968 0.814453 0.155670
v 0.272968 0.810547 0.143003
v 0.053408 0.865235 0.081780
v 0.042854 0.863281 0.056446
v 0.051298 0.681641 0.159893
v 0.055520 0.695313 0.185226
v 0.063964 0.716798 0.166226
v 0.057631 0.697266 0.145114
v 0.237079 0.748048 0.102891
v 0.218079 0.769532 0.107114
v 0.199079 0.751953 0.119780
v 0.222301 0.736328 0.111335
v 0.129411 0.828126 0.007889
v 0.133632 0.839844 0.020557
v 0.146300 0.830078 0.031111
v 0.144188 0.816406 0.020557
v 0.289858 0.705079 0.197893
v 0.306747 0.712891 0.195782
v 0.306747 0.720704 0.219005
v 0.294080 0.710938 0.219005
v 0.327859 0.740235 0.238005
v 0.319414 0.750000 0.246450
v 0.285636 0.712891 0.360452
v 0.296192 0.712891 0.360452
v 0.296192 0.736328 0.335118
v 0.287747 0.734375 0.337229
v 0.188523 0.792969 0.278117
v 0.194856 0.771485 0.252783
v 0.199079 0.794922 0.231671
v 0.194856 0.818360 0.254894
v -0.102817 0.677734 0.111335
v -0.121816 0.693359 0.128225
v -0.113372 0.720704 0.102891
v -0.096483 0.705079 0.088113
v 0.199079 0.789063 0.153558
v 0.203300 0.800782 0.164114
v 0.211745 0.804688 0.157781
v 0.207523 0.794922 0.147225
v 0.287747 0.806641 0.147225
v 0.272968 0.810547 0.143003
v 0.287747 0.812501 0.159893
v 0.287747 0.806641 0.147225
v -0.012037 0.595704 0.309784
v -0.024704 0.609376 0.330896
v 0.000631 0.599610 0.352008
v 0.011185 0.585938 0.330896
v 0.281413 0.755860 0.307673
v 0.277191 0.751953 0.314006
v 0.152633 0.662109 0.280228
v 0.152633 0.654297 0.299229
v 0.139967 0.666016 0.311895
v 0.139967 0.666016 0.311895
v 0.135744 0.677734 0.295006
v 0.152633 0.662109 0.280228
v -0.035259 0.650391 0.162003
v -0.022593 0.650391 0.170447
v -0.039482 0.654297 0.189448
v -0.047927 0.652345 0.172559
v 0.194856 0.820313 0.225338
v 0.270858 0.687500 0.252783
v 0.279303 0.673829 0.267561
v 0.291969 0.691407 0.284450
v 0.283524 0.708985 0.265450
v 0.006964 0.792969 0.111335
v -0.007815 0.796876 0.119780
v 0.006964 0.792969 0.134559
v 0.021742 0.789063 0.134559
v 0.042854 0.716798 0.090225
v 0.034409 0.689454 0.092335
v 0.114632 0.630860 0.345673
v 0.120966 0.648438 0.347785
v 0.101966 0.654297 0.371007
v 0.093521 0.636720 0.371007
v 0.209635 0.712891 0.174670
v 0.215968 0.708985 0.191560
v 0.203300 0.718750 0.202116
v 0.194856 0.724610 0.187338
v 0.218079 0.648438 0.261228
v 0.230746 0.658204 0.254894
v 0.239190 0.648438 0.269672
v 0.218079 0.648438 0.261228
v 0.063964 0.740235 0.290784
v 0.091410 0.746094 0.311895
v 0.034409 0.851563 0.033223
v 0.030186 0.853517 0.058557
v 0.047075 0.859376 0.031111
v 0.272968 0.660157 0.320340
v 0.281413 0.675782 0.324562
v 0.262412 0.658204 0.347785
v 0.180078 0.654297 0.261228
v 0.156856 0.671875 0.263339
v 0.123076 0.683595 0.343563
v 0.123076 0.685547 0.343563
v 0.123076 0.687500 0.343563
v 0.123076 0.687500 0.343563
v 0.110410 0.691407 0.358341
v 0.123076 0.683595 0.343563
v 0.180078 0.705079 0.195782
v 0.173745 0.720704 0.214782
v 0.156856 0.740235 0.189448
v 0.101966 0.712891 0.181004
v 0.114632 0.728516 0.157781
v 0.125188 0.728516 0.162003
v 0.123076 0.712891 0.189448
v 0.110410 0.718750 0.254894
v 0.091410 0.716798 0.246450
v 0.190634 0.740235 0.375230
v 0.192744 0.738282 0.371007
v 0.180078 0.746094 0.358341
v 0.177967 0.748048 0.360452
v 0.207523 0.878907 0.191560
v 0.209635 0.869141 0.212672
v 0.230746 0.884766 0.223226
v 0.228634 0.890625 0.204227
v 0.184300 0.767578 0.185226
v 0.190634 0.779298 0.197893
v 0.192744 0.787110 0.185226
v 0.186411 0.775391 0.172559
v -0.020481 0.619141 0.299229
v -0.028926 0.632813 0.311895
v -0.033149 0.646485 0.295006
v -0.024704 0.630860 0.280228
v 0.228634 0.625000 0.328784
v 0.203300 0.623047 0.322451
v 0.194856 0.628906 0.349896
v 0.224412 0.632813 0.356229
v -0.071149 0.693359 0.100779
v -0.092261 0.708985 0.113447
v 0.277191 0.814453 0.206337
v 0.279303 0.816406 0.193671
v 0.268747 0.818360 0.195782
v 0.268747 0.818360 0.195782
v 0.264524 0.816406 0.204227
v 0.277191 0.814453 0.206337
v -0.098594 0.697266 0.189448
v -0.094372 0.710938 0.204227
v -0.104927 0.722657 0.185226
v -0.107039 0.708985 0.172559
v 0.030186 0.716798 0.246450
v 0.021742 0.730469 0.269672
v 0.032298 0.728516 0.263339
v 0.042854 0.720704 0.250672
v 0.175855 0.724610 0.176782
v 0.165300 0.740235 0.195782
v 0.184300 0.724610 0.219005
v 0.192744 0.708985 0.197893
v -0.107039 0.708985 0.143003
v -0.109150 0.718750 0.157781
v -0.107039 0.730469 0.147225
v -0.102817 0.722657 0.130336
v 0.262412 0.687500 0.176782
v 0.268747 0.693359 0.149337
v 0.258191 0.695313 0.145114
v 0.243413 0.689454 0.168337
v 0.201190 0.707032 0.392119
v 0.213856 0.720704 0.387896
v 0.190634 0.736328 0.377341
v -0.033149 0.636720 0.174670
v -0.052148 0.642579 0.197893
v -0.079593 0.644532 0.172559
v -0.056371 0.636720 0.151448
v -0.056371 0.771485 0.109224
v -0.064816 0.779298 0.132447
v -0.050038 0.787110 0.136669
v -0.039482 0.779298 0.113447
v 0.055520 0.732423 0.075446
v 0.055520 0.738282 0.102891
v 0.085076 0.734375 0.105002
v 0.199079 0.757813 0.136669
v 0.190634 0.771485 0.149337
v 0.125188 0.753907 0.024778
v 0.144188 0.757813 0.045890
v 0.152633 0.777344 0.029001
v 0.131521 0.767578 0.012112
v 0.099854 0.757813 0.113447
v 0.110410 0.771485 0.121891
v 0.085076 0.783203 0.134559
v 0.074520 0.769532 0.126114
v 0.040742 0.693359 0.189448
v 0.047075 0.710938 0.193671
v 0.032298 0.708985 0.214782
v 0.025964 0.691407 0.212672
v -0.060593 0.773438 0.083890
v -0.071149 0.781251 0.098669
v -0.037371 0.792969 0.107114
v -0.024704 0.787110 0.094446
v 0.009075 0.753907 0.090225
v 0.009075 0.767578 0.098669
v -0.014148 0.763673 0.088113
v -0.001481 0.742188 0.079669
v 0.317303 0.804688 0.166226
v 0.294080 0.814453 0.145114
v 0.161078 0.748048 0.191560
v 0.165300 0.757813 0.185226
v 0.150522 0.751953 0.168337
v 0.142077 0.740235 0.174670
v 0.057631 0.832031 0.153558
v 0.082965 0.843751 0.153558
v 0.074520 0.859376 0.166226
v 0.049187 0.845704 0.166226
v 0.234968 0.794922 0.126114
v 0.243413 0.802735 0.132447
v 0.245523 0.791016 0.119780
v 0.034409 0.712891 0.368897
v 0.017520 0.720704 0.354118
v -0.016260 0.621094 0.330896
v -0.018370 0.634766 0.345673
v -0.031037 0.646485 0.326674
v -0.088038 0.753907 0.195782
v -0.085928 0.753907 0.193671
v -0.090149 0.755860 0.181004
v -0.092261 0.757813 0.181004
v -0.009925 0.667970 0.111335
v -0.022593 0.662109 0.115558
v -0.045815 0.675782 0.102891
v -0.031037 0.683595 0.094446
v 0.220190 0.798828 0.219005
v 0.228634 0.808594 0.210560
v 0.213856 0.802735 0.204227
v 0.207523 0.792969 0.214782
v 0.237079 0.816406 0.200004
v 0.243413 0.812501 0.212672
v 0.251858 0.818360 0.200004
v 0.245523 0.820313 0.187338
v -0.028926 0.650391 0.149337
v -0.047927 0.652345 0.151448
v -0.043704 0.654297 0.136669
v -0.043704 0.654297 0.136669
v -0.020481 0.654297 0.136669
v -0.028926 0.650391 0.149337
v 0.110410 0.828126 -0.013222
v 0.114632 0.847656 -0.002667
v 0.190634 0.855469 0.168337
v 0.194856 0.859376 0.149337
v 0.213856 0.873047 0.164114
v 0.211745 0.869141 0.183115
v 0.000631 0.609376 0.341452
v 0.004852 0.621094 0.360452
v -0.018370 0.634766 0.345673
v -0.016260 0.621094 0.330896
v 0.213856 0.777344 0.126114
v 0.205412 0.767578 0.130336
v 0.199079 0.779298 0.140892
v 0.209635 0.787110 0.136669
v -0.056371 0.746094 0.090225
v -0.071149 0.761719 0.109224
v -0.039482 0.755860 0.090225
v 0.184300 0.644532 0.352008
v 0.196967 0.652345 0.368897
v 0.169522 0.666016 0.368897
v 0.165300 0.654297 0.352008
v 0.196967 0.853517 0.056446
v 0.199079 0.882813 0.045890
v 0.209635 0.888672 0.045890
v 0.211745 0.863281 0.058557
v -0.073260 0.779298 0.159893
v -0.058483 0.787110 0.159893
v 0.213856 0.703125 0.219005
v 0.188523 0.722657 0.223226
v 0.194856 0.728516 0.227449
v 0.218079 0.712891 0.229561
v 0.220190 0.675782 0.387896
v 0.230746 0.691407 0.390008
v 0.188523 0.693359 0.390008
v 0.275080 0.714844 0.257006
v 0.283524 0.708985 0.265450
v 0.287747 0.728516 0.282340
v 0.268747 0.726563 0.257006
v -0.012037 0.666016 0.083890
v -0.041593 0.675782 0.075446
v -0.003592 0.675782 0.077557
v 0.097743 0.775391 -0.011111
v 0.118855 0.794922 -0.011111
v 0.099854 0.804688 -0.017445
v 0.087188 0.781251 -0.015333
v 0.321526 0.701172 0.166226
v 0.302525 0.697266 0.143003
v 0.304637 0.707032 0.132447
v 0.329970 0.718750 0.149337
v 0.085076 0.636720 0.387896
v 0.091410 0.632813 0.394230
v 0.114632 0.656250 0.383674
v 0.108299 0.656250 0.377341
v 0.182190 0.849610 0.143003
v 0.188523 0.855469 0.140892
v 0.194856 0.863281 0.143003
v 0.251858 0.726563 0.254894
v 0.258191 0.722657 0.254894
v 0.256079 0.744141 0.263339
v 0.245523 0.734375 0.257006
v -0.014148 0.791016 0.124003
v -0.041593 0.787110 0.113447
v 0.205412 0.734375 0.233782
v 0.209635 0.742188 0.238005
v 0.137855 0.775391 0.136669
v 0.120966 0.765626 0.138781
v 0.106187 0.783203 0.132447
v 0.129411 0.794922 0.132447
v 0.203300 0.906250 0.039556
v 0.207523 0.908204 0.039556
v 0.228634 0.689454 0.193671
v 0.226524 0.695313 0.155670
v 0.207523 0.699220 0.176782
v 0.110410 0.736328 0.164114
v 0.106187 0.744141 0.155670
v 0.078743 0.748048 0.157781
v 0.080854 0.738282 0.166226
v 0.192744 0.738282 0.371007
v 0.205412 0.746094 0.366785
v 0.194856 0.753907 0.352008
v 0.180078 0.746094 0.358341
v 0.203300 0.632813 0.318228
v 0.218079 0.632813 0.322451
v 0.205412 0.636720 0.343563
v 0.192744 0.634766 0.330896
v -0.033149 0.636720 0.174670
v -0.014148 0.636720 0.147225
v 0.006964 0.640625 0.159893
v -0.005704 0.640625 0.189448
v 0.192744 0.626954 0.286561
v 0.211745 0.623047 0.295006
v 0.222301 0.632813 0.269672
v 0.211745 0.634766 0.263339
v 0.101966 0.607422 0.352008
v 0.093521 0.623047 0.375230
v 0.116743 0.644532 0.364674
v 0.125188 0.628906 0.343563
v 0.287747 0.792969 0.233782
v 0.291969 0.791016 0.233782
v 0.298302 0.798828 0.219005
v 0.294080 0.800782 0.221116
v -0.075372 0.765626 0.195782
v -0.075372 0.763673 0.193671
v 0.044964 0.679688 0.113447
v 0.063964 0.697266 0.132447
v 0.059743 0.681641 0.149337
v 0.044964 0.669922 0.124003
v 0.116743 0.867188 0.071224
v 0.110410 0.871094 0.058557
v 0.104077 0.873047 0.067001
v 0.110410 0.869141 0.079669
v -0.001481 0.810547 0.029001
v 0.021742 0.826172 0.010001
v 0.017520 0.828126 0.003667
v 0.059743 0.734375 0.140892
v 0.055520 0.753907 0.155670
v 0.051298 0.751953 0.134559
v 0.051298 0.744141 0.128225
v -0.060593 0.662109 0.191560
v -0.079593 0.671875 0.187338
v -0.077483 0.664063 0.168337
v -0.045815 0.683595 0.269672
v -0.037371 0.683595 0.273895
v -0.018370 0.703125 0.259116
v -0.022593 0.707032 0.252783
v -0.092261 0.708985 0.113447
v -0.102817 0.722657 0.130336
v -0.096483 0.736328 0.119780
v -0.083816 0.722657 0.102891
v 0.044964 0.742188 0.324562
v 0.051298 0.740235 0.335118
v 0.053408 0.742188 0.316118
v 0.047075 0.744141 0.311895
v 0.057631 0.798828 0.132447
v 0.068187 0.812501 0.134559
v 0.044964 0.828126 0.121891
v 0.034409 0.814453 0.117670
v 0.279303 0.777344 0.117670
v 0.253968 0.775391 0.111335
v 0.260302 0.785157 0.115558
v 0.260302 0.785157 0.115558
v 0.283524 0.789063 0.124003
v 0.279303 0.777344 0.117670
v 0.097743 0.853517 0.111335
v 0.091410 0.863281 0.102891
v 0.080854 0.855469 0.111335
v 0.089298 0.847656 0.119780
v 0.057631 0.587892 0.316118
v 0.074520 0.591797 0.324562
v 0.057631 0.597656 0.347785
v 0.040742 0.591797 0.335118
v 0.218079 0.875001 0.119780
v 0.224412 0.871094 0.115558
v 0.224412 0.900391 0.090225
v 0.220190 0.900391 0.092335
v -0.026815 0.660157 0.202116
v -0.016260 0.667970 0.214782
v -0.045815 0.681641 0.225338
v -0.054260 0.669922 0.210560
v 0.325747 0.744141 0.210560
v 0.317303 0.755860 0.229561
v 0.133632 0.722657 0.229561
v 0.150522 0.730469 0.227449
v 0.146300 0.730469 0.200004
v 0.135744 0.724610 0.202116
v 0.338415 0.757813 0.197893
v 0.336303 0.779298 0.174670
v -0.026815 0.667970 0.238005
v -0.031037 0.683595 0.246450
v -0.047927 0.679688 0.246450
v -0.037371 0.664063 0.235894
v 0.032298 0.738282 0.328784
v 0.030186 0.732423 0.343563
v 0.051298 0.740235 0.335118
v 0.044964 0.742188 0.324562
v 0.063964 0.679688 0.225338
v 0.051298 0.666016 0.221116
v 0.025964 0.689454 0.229561
v 0.042854 0.699220 0.231671
v 0.070299 0.746094 0.031111
v 0.063964 0.742188 0.043779
v 0.044964 0.750000 0.041667
v 0.049187 0.755860 0.024778
v 0.256079 0.708985 0.229561
v 0.270858 0.712891 0.235894
v 0.258191 0.722657 0.246450
v 0.247635 0.714844 0.235894
v 0.154744 0.859376 0.060668
v 0.180078 0.882813 0.048001
v 0.167411 0.855469 0.056446
v 0.209635 0.759766 0.252783
v 0.215968 0.765626 0.259116
v 0.230746 0.767578 0.263339
v 0.230746 0.755860 0.252783
v 0.099854 0.789063 -0.006889
v 0.087188 0.777344 -0.004777
v 0.059743 0.796876 -0.006889
v 0.074520 0.808594 -0.011111
v 0.053408 0.761719 -0.009000
v 0.034409 0.787110 -0.015333
v 0.057631 0.791016 -0.025889
v 0.063964 0.763673 -0.015333
v 0.150522 0.769532 0.140892
v 0.152633 0.775391 0.126114
v 0.171634 0.773438 0.132447
v 0.154744 0.767578 0.145114
v 0.256079 0.644532 0.354118
v 0.256079 0.634766 0.326674
v 0.232857 0.757813 0.349896
v 0.243413 0.757813 0.341452
v 0.232857 0.765626 0.328784
v 0.222301 0.765626 0.337229
v 0.135744 0.742188 0.026890
v 0.108299 0.738282 0.012112
v 0.108299 0.746094 0.001556
v 0.135744 0.757813 0.007889
v 0.163189 0.742188 0.223226
v 0.171634 0.755860 0.214782
v 0.154744 0.738282 0.197893
v 0.104077 0.722657 0.056446
v 0.091410 0.726563 0.031111
v 0.101966 0.730469 0.022667
v 0.123076 0.730469 0.043779
v 0.171634 0.746094 0.187338
v 0.154744 0.746094 0.162003
v 0.158966 0.755860 0.155670
v 0.177967 0.763673 0.176782
v 0.063964 0.580079 0.290784
v 0.072409 0.589844 0.263339
v 0.085076 0.664063 0.229561
v 0.074520 0.648438 0.227449
v 0.180078 0.773438 0.121891
v 0.196967 0.753907 0.107114
v 0.266635 0.753907 0.111335
v 0.239190 0.751953 0.111335
v 0.245523 0.763673 0.109224
v 0.272968 0.765626 0.113447
v -0.007815 0.654297 0.183115
v 0.006964 0.664063 0.195782
v 0.023853 0.746094 0.094446
v 0.023853 0.748048 0.094446
v 0.129411 0.859376 0.054335
v 0.127299 0.859376 0.041667
v 0.118855 0.867188 0.048001
v 0.120966 0.865235 0.062779
v 0.226524 0.849610 0.244338
v 0.232857 0.843751 0.242227
v 0.251858 0.863281 0.246450
v 0.245523 0.869141 0.246450
v 0.232857 0.677734 0.166226
v 0.249746 0.683595 0.143003
v 0.264524 0.681641 0.149337
v 0.256079 0.675782 0.176782
v 0.249746 0.646485 0.341452
v 0.262412 0.658204 0.347785
v 0.245523 0.664063 0.371007
v 0.232857 0.650391 0.364674
v 0.218079 0.730469 0.242227
v 0.222301 0.736328 0.246450
v 0.215968 0.748048 0.246450
v 0.199079 0.732423 0.233782
v 0.070299 0.849610 0.117670
v 0.074520 0.865235 0.098669
v 0.059743 0.859376 0.100779
v 0.260302 0.820313 0.187338
v 0.270858 0.820313 0.183115
v 0.266635 0.820313 0.174670
v 0.253968 0.822267 0.178892
v 0.114632 0.593751 0.328784
v 0.110410 0.587892 0.297117
v 0.125188 0.603516 0.286561
v 0.135744 0.615235 0.316118
v 0.180078 0.853517 0.054335
v 0.188523 0.880860 0.045890
v 0.270858 0.691407 0.377341
v 0.285636 0.712891 0.360452
v 0.291969 0.701172 0.347785
v -0.035259 0.617188 0.347785
v -0.028926 0.623047 0.343563
v -0.043704 0.638672 0.318228
v -0.052148 0.634766 0.320340
v 0.251858 0.666016 0.394230
v 0.258191 0.652345 0.379452
v 0.287747 0.673829 0.366785
v 0.279303 0.687500 0.381563
v 0.226524 0.769532 0.115558
v 0.234968 0.781251 0.115558
v 0.253968 0.775391 0.111335
v 0.245523 0.763673 0.109224
v 0.038631 0.816406 0.001556
v 0.028075 0.832031 0.018445
v 0.040742 0.841797 0.012112
v 0.051298 0.826172 -0.002667
v 0.108299 0.857422 0.102891
v 0.101966 0.867188 0.092335
v 0.211745 0.912109 0.039556
v 0.218079 0.898438 0.045890
v 0.021742 0.599610 0.343563
v 0.032298 0.607422 0.362562
v 0.017520 0.771485 0.054335
v 0.011185 0.785157 0.067001
v 0.009075 0.796876 0.052223
v 0.015408 0.781251 0.037446
v 0.150522 0.748048 0.094446
v 0.139967 0.736328 0.069113
v 0.156856 0.753907 0.048001
v 0.169522 0.767578 0.071224
v 0.142077 0.849610 0.174670
v 0.158966 0.843751 0.189448
v 0.152633 0.859376 0.204227
v 0.135744 0.865235 0.189448
v 0.205412 0.701172 0.132447
v 0.182190 0.732423 0.126114
v 0.207523 0.718750 0.113447
v 0.205412 0.701172 0.132447
v 0.329970 0.753907 0.170447
v 0.329970 0.767578 0.170447
v 0.329970 0.769532 0.183115
v 0.332081 0.753907 0.187338
v 0.308858 0.781251 0.229561
v 0.313081 0.789063 0.214782
v -0.119706 0.710938 0.147225
v -0.113372 0.699220 0.134559
v -0.107039 0.722657 0.113447
v -0.113372 0.732423 0.126114
v -0.039482 0.755860 0.090225
v -0.056371 0.771485 0.109224
v -0.039482 0.779298 0.113447
v -0.024704 0.765626 0.096558
v 0.023853 0.830078 0.159893
v 0.028075 0.828126 0.172559
v 0.047075 0.847656 0.153558
v 0.137855 0.666016 0.276005
v 0.146300 0.656250 0.276005
v 0.146300 0.675782 0.257006
v 0.133632 0.683595 0.263339
v 0.057631 0.734375 0.045890
v 0.154744 0.763673 0.117670
v 0.125188 0.750000 0.134559
v 0.120966 0.734375 0.111335
v 0.281413 0.818360 0.172559
v 0.099854 0.867188 0.029001
v 0.093521 0.873047 0.043779
v 0.104077 0.873047 0.050112
v 0.110410 0.869141 0.039556
v 0.021742 0.609376 0.252783
v -0.031037 0.644532 0.136669
v -0.007815 0.652345 0.119780
v -0.012037 0.656250 0.109224
v -0.041593 0.652345 0.117670
v 0.139967 0.750000 0.086002
v 0.146300 0.763673 0.109224
v 0.165300 0.783203 0.090225
v 0.158966 0.767578 0.069113
v 0.047075 0.720704 0.358341
v 0.047075 0.722657 0.360452
v 0.059743 0.730469 0.352008
v 0.057631 0.726563 0.349896
v 0.230746 0.908204 0.058557
v 0.224412 0.916016 0.045890
v 0.222301 0.921875 0.048001
v 0.228634 0.917970 0.058557
v 0.032298 0.691407 0.102891
v 0.044964 0.716798 0.107114
v 0.028075 0.718750 0.092335
v 0.025964 0.691407 0.096558
v 0.021742 0.744141 0.079669
v 0.004852 0.761719 0.077557
v 0.002741 0.755860 0.064891
v 0.002741 0.755860 0.064891
v 0.023853 0.738282 0.081780
v 0.021742 0.744141 0.079669
v 0.148411 0.732423 0.278117
v 0.148411 0.742188 0.301339
v 0.161078 0.751953 0.295006
v 0.163189 0.742188 0.269672
v 0.260302 0.753907 0.280228
v 0.232857 0.759766 0.263339
v 0.230746 0.751953 0.254894
v 0.078743 0.585938 0.360452
v 0.068187 0.601563 0.383674
v 0.030186 0.591797 0.375230
v 0.040742 0.576172 0.352008
v 0.002741 0.779298 0.197893
v 0.002741 0.783203 0.185226
v -0.007815 0.787110 0.187338
v -0.007815 0.787110 0.187338
v -0.003592 0.779298 0.200004
v 0.002741 0.779298 0.197893
v 0.044964 0.781251 0.145114
v 0.030186 0.806641 0.149337
v 0.053408 0.822267 0.140892
v 0.061853 0.794922 0.136669
v 0.220190 0.755860 0.358341
v 0.232857 0.757813 0.349896
v 0.222301 0.765626 0.337229
v 0.209635 0.763673 0.345673
v 0.013297 0.603516 0.267561
v -0.050038 0.787110 0.136669
v -0.033149 0.791016 0.140892
v -0.024704 0.785157 0.121891
v 0.289858 0.810547 0.204227
v 0.291969 0.812501 0.187338
v -0.062704 0.771485 0.193671
v -0.062704 0.775391 0.195782
v -0.066927 0.779298 0.181004
v -0.064816 0.775391 0.181004
v -0.041593 0.742188 0.233782
v -0.054260 0.728516 0.233782
v 0.019630 0.792969 0.022667
v 0.011185 0.808594 0.037446
v 0.017520 0.820313 0.026890
v 0.028075 0.804688 0.010001
v 0.304637 0.699220 0.343563
v 0.296192 0.712891 0.360452
v 0.156856 0.671875 0.263339
v 0.137855 0.691407 0.278117
v 0.285636 0.722657 0.240116
v 0.270858 0.732423 0.252783
v 0.057631 0.839844 0.119780
v 0.044964 0.851563 0.102891
v 0.032298 0.839844 0.102891
v 0.272968 0.697266 0.242227
v 0.279303 0.708985 0.246450
v 0.281413 0.708985 0.248560
v 0.266635 0.683595 0.238005
v 0.078743 0.736328 0.299229
v 0.091410 0.746094 0.311895
v 0.063964 0.740235 0.290784
v 0.063964 0.738282 0.288673
v 0.011185 0.798828 0.079669
v 0.013297 0.812501 0.090225
v 0.011185 0.818360 0.075446
v 0.009075 0.806641 0.064891
v -0.066927 0.781251 0.174670
v -0.064816 0.781251 0.181004
v -0.047927 0.787110 0.183115
v -0.052148 0.787110 0.170447
v -0.094372 0.757813 0.181004
v -0.081705 0.769532 0.176782
v -0.085928 0.767578 0.162003
v -0.098594 0.755860 0.159893
v 0.272968 0.796876 0.229561
v 0.279303 0.804688 0.216893
v 0.262412 0.806641 0.216893
v 0.256079 0.798828 0.227449
v 0.023853 0.818360 0.001556
v 0.215968 0.769532 0.307673
v 0.207523 0.767578 0.333007
v 0.019630 0.611329 0.235894
v 0.049187 0.605469 0.233782
v 0.053408 0.613281 0.227449
v 0.023853 0.626954 0.223226
v 0.260302 0.646485 0.316118
v 0.272968 0.660157 0.320340
v 0.085076 0.837892 0.126114
v -0.092261 0.757813 0.134559
v -0.079593 0.769532 0.132447
v 0.047075 0.587892 0.297117
v 0.028075 0.589844 0.301339
v 0.030186 0.589844 0.286561
v 0.051298 0.589844 0.282340
v 0.104077 0.656250 0.229561
v 0.108299 0.683595 0.235894
v 0.078743 0.685547 0.221116
v 0.082965 0.658204 0.219005
v 0.306747 0.705079 0.233782
v 0.334192 0.726563 0.221116
v 0.165300 0.728516 0.235894
v 0.165300 0.728516 0.225338
v 0.175855 0.744141 0.223226
v 0.188523 0.746094 0.240116
v -0.069037 0.654297 0.130336
v -0.073260 0.671875 0.107114
v 0.063964 0.634766 0.229561
v 0.095632 0.638672 0.240116
v 0.085076 0.623047 0.242227
v 0.266635 0.644532 0.290784
v 0.277191 0.658204 0.280228
v 0.256079 0.652345 0.261228
v 0.251858 0.644532 0.267561
v 0.028075 0.759766 0.043779
v 0.030186 0.767578 0.026890
v 0.256079 0.687500 0.204227
v 0.283524 0.693359 0.208449
v 0.283524 0.691407 0.178892
v 0.114632 0.744141 0.064891
v 0.129411 0.753907 0.071224
v 0.118855 0.753907 0.094446
v 0.118855 0.753907 0.094446
v 0.104077 0.744141 0.083890
v 0.114632 0.744141 0.064891
v 0.021742 0.658204 0.138781
v 0.019630 0.654297 0.170447
v 0.038631 0.667970 0.168337
v 0.032298 0.664063 0.136669
v 0.163189 0.646485 0.333007
v 0.146300 0.666016 0.341452
v 0.150522 0.656250 0.326674
v -0.056371 0.636720 0.151448
v -0.031037 0.636720 0.132447
v 0.021742 0.574219 0.267561
v -0.001481 0.578126 0.288673
v -0.016260 0.593751 0.263339
v 0.011185 0.587892 0.248560
v -0.088038 0.726563 0.212672
v -0.098594 0.738282 0.193671
v 0.253968 0.732423 0.117670
v 0.228634 0.728516 0.124003
v 0.232857 0.740235 0.115558
v 0.260302 0.742188 0.113447
v -0.037371 0.605469 0.284450
v -0.047927 0.621094 0.305562
v -0.052148 0.646485 0.276005
v -0.041593 0.628906 0.257006
v 0.091410 0.746094 0.311895
v 0.095632 0.734375 0.303450
v 0.133632 0.748048 0.305562
v 0.125188 0.761719 0.316118
v -0.085928 0.750000 0.113447
v 0.066076 0.742188 0.020557
v 0.057631 0.746094 0.016334
v 0.040742 0.742188 0.041667
v -0.001481 0.783203 0.113447
v -0.014148 0.791016 0.124003
v -0.041593 0.787110 0.113447
v -0.028926 0.781251 0.102891
v 0.332081 0.710938 0.195782
v 0.344748 0.734375 0.172559
v 0.348971 0.751953 0.197893
v 0.342636 0.763673 0.216893
v 0.346859 0.775391 0.168337
v 0.342636 0.789063 0.187338
v 0.319414 0.724610 0.193671
v 0.317303 0.732423 0.214782
v 0.114632 0.724610 0.083890
v 0.087188 0.728516 0.119780
v 0.082965 0.720704 0.090225
v -0.012037 0.611329 0.316118
v -0.028926 0.632813 0.311895
v -0.020481 0.619141 0.299229
v -0.016260 0.658204 0.225338
v -0.026815 0.667970 0.238005
v -0.037371 0.664063 0.235894
v -0.020481 0.648438 0.216893
v 0.030186 0.744141 0.069113
v 0.220190 0.808594 0.151448
v 0.218079 0.800782 0.143003
v 0.009075 0.716798 0.079669
v 0.125188 0.761719 0.316118
v 0.114632 0.748048 0.297117
v 0.156856 0.638672 0.295006
v 0.139967 0.660157 0.278117
v 0.144188 0.644532 0.303450
v 0.025964 0.578126 0.305562
v 0.051298 0.578126 0.318228
v 0.078743 0.583985 0.326674
v 0.072409 0.591797 0.354118
v 0.101966 0.607422 0.352008
v 0.104077 0.597656 0.326674
v 0.028075 0.753907 0.031111
v 0.325747 0.781251 0.170447
v 0.325747 0.785157 0.185226
v 0.192744 0.708985 0.197893
v 0.218079 0.699220 0.216893
v 0.165300 0.890625 0.056446
v 0.165300 0.894532 0.073335
v 0.188523 0.912109 0.064891
v 0.186411 0.910157 0.050112
v -0.003592 0.667970 0.238005
v -0.016260 0.687500 0.254894
v -0.001481 0.699220 0.248560
v 0.011185 0.679688 0.231671
v 0.120966 0.775391 0.005778
v 0.131521 0.789063 0.007889
v 0.142077 0.779298 0.026890
v 0.129411 0.765626 0.024778
v 0.028075 0.832031 0.018445
v 0.023853 0.839844 0.037446
v 0.040742 0.841797 0.012112
v 0.175855 0.675782 0.223226
v 0.152633 0.697266 0.229561
v 0.180078 0.714844 0.216893
v 0.194856 0.689454 0.214782
v 0.089298 0.740235 0.073335
v 0.087188 0.750000 0.102891
v 0.074520 0.744141 0.090225
v 0.258191 0.820313 0.191560
v 0.047075 0.597656 0.261228
v -0.096483 0.656250 0.140892
v -0.115483 0.671875 0.159893
v -0.037371 0.642579 0.174670
v -0.056371 0.650391 0.195782
v -0.028926 0.656250 0.214782
v -0.012037 0.646485 0.191560
v 0.287747 0.730469 0.124003
v 0.294080 0.742188 0.121891
v 0.304637 0.732423 0.136669
v 0.304637 0.732423 0.136669
v 0.294080 0.720704 0.138781
v 0.287747 0.730469 0.124003
v 0.230746 0.859376 0.098669
v 0.232857 0.876954 0.079669
v 0.234968 0.896485 0.075446
v 0.234968 0.884766 0.090225
v 0.199079 0.777344 0.219005
v 0.211745 0.787110 0.225338
v 0.207523 0.792969 0.214782
v 0.199079 0.787110 0.208449
v 0.199079 0.777344 0.219005
v 0.268747 0.673829 0.269672
v 0.277191 0.689454 0.273895
v 0.283524 0.681641 0.297117
v 0.275080 0.666016 0.292894
v 0.055520 0.751953 0.096558
v 0.063964 0.759766 0.113447
v 0.040742 0.773438 0.111335
v 0.036519 0.761719 0.094446
v 0.234968 0.804688 0.223226
v 0.234968 0.884766 0.090225
v 0.234968 0.896485 0.075446
v 0.230746 0.912109 0.069113
v 0.230746 0.906250 0.077557
v 0.220190 0.779298 0.238005
v 0.036519 0.712891 0.364674
v 0.047075 0.720704 0.358341
v 0.034409 0.728516 0.343563
v 0.019630 0.718750 0.352008
v 0.074520 0.591797 0.324562
v 0.089298 0.601563 0.335118
v 0.070299 0.607422 0.358341
v 0.057631 0.597656 0.347785
v 0.262412 0.652345 0.290784
v 0.243413 0.638672 0.309784
v 0.243413 0.669922 0.250672
v 0.253968 0.685547 0.248560
v 0.268747 0.673829 0.269672
v 0.256079 0.660157 0.267561
v 0.203300 0.625000 0.263339
v 0.186411 0.617188 0.286561
v 0.194856 0.630860 0.252783
v 0.177967 0.783203 0.259116
v 0.182190 0.800782 0.244338
v 0.184300 0.785157 0.225338
v 0.177967 0.767578 0.238005
v 0.144188 0.841797 0.041667
v 0.150522 0.835938 0.052223
v 0.154744 0.822267 0.045890
v 0.234968 0.785157 0.242227
v 0.241302 0.773438 0.250672
v 0.247635 0.789063 0.242227
v 0.239190 0.796876 0.233782
v 0.281413 0.695313 0.151448
v 0.302525 0.699220 0.176782
v 0.291969 0.701172 0.149337
v 0.165300 0.763673 0.271784
v 0.167411 0.750000 0.248560
v 0.232857 0.703125 0.181004
v 0.239190 0.703125 0.195782
v 0.226524 0.707032 0.206337
v 0.053408 0.820313 -0.023778
v 0.089298 0.818360 -0.030112
v 0.082965 0.791016 -0.028001
v 0.057631 0.597656 0.347785
v 0.070299 0.607422 0.358341
v 0.044964 0.619141 0.375230
v 0.032298 0.607422 0.362562
v 0.199079 0.646485 0.248560
v 0.199079 0.654297 0.242227
v 0.169522 0.662109 0.246450
v 0.169522 0.648438 0.259116
v 0.215968 0.714844 0.216893
v 0.146300 0.847656 0.026890
v 0.150522 0.851563 0.039556
v 0.120966 0.861329 0.016334
v 0.116743 0.857422 0.010001
v 0.230746 0.695313 0.238005
v 0.220190 0.681641 0.238005
v 0.192744 0.701172 0.235894
v 0.207523 0.712891 0.235894
v 0.091410 0.632813 0.394230
v 0.101966 0.619141 0.381563
v 0.127299 0.644532 0.368897
v 0.114632 0.656250 0.383674
v 0.205412 0.748048 0.368897
v 0.205412 0.748048 0.371007
v 0.220190 0.755860 0.358341
v 0.220190 0.755860 0.358341
v 0.218079 0.755860 0.360452
v 0.205412 0.748048 0.368897
v 0.135744 0.849610 0.033223
v 0.251858 0.804688 0.105002
v 0.260302 0.818360 0.117670
v 0.294080 0.816406 0.130336
v 0.294080 0.806641 0.115558
v 0.205412 0.746094 0.366785
v 0.205412 0.748048 0.368897
v 0.218079 0.755860 0.360452
v 0.218079 0.751953 0.358341
v 0.171634 0.724610 0.248560
v 0.163189 0.742188 0.269672
v 0.180078 0.750000 0.265450
v 0.188523 0.734375 0.246450
v 0.038631 0.693359 0.130336
v 0.047075 0.708985 0.136669
v 0.049187 0.699220 0.162003
v 0.049187 0.699220 0.162003
v 0.040742 0.683595 0.157781
v 0.038631 0.693359 0.130336
v -0.098594 0.761719 0.166226
v -0.094372 0.761719 0.166226
v -0.083816 0.771485 0.164114
v -0.085928 0.771485 0.164114
v 0.279303 0.679688 0.210560
v 0.281413 0.677734 0.181004
v 0.304637 0.687500 0.176782
v 0.308858 0.691407 0.208449
v -0.022593 0.705079 0.297117
v -0.022593 0.707032 0.318228
v -0.009925 0.720704 0.316118
v -0.012037 0.718750 0.295006
v 0.171634 0.806641 0.071224
v 0.169522 0.810547 0.077557
v 0.169522 0.828126 0.064891
v 0.165300 0.830078 0.048001
v 0.063964 0.728516 0.259116
v 0.055520 0.740235 0.276005
v 0.289858 0.656250 0.341452
v 0.285636 0.644532 0.314006
v 0.298302 0.666016 0.295006
v 0.306747 0.681641 0.320340
v -0.009925 0.710938 0.339340
v 0.002741 0.722657 0.337229
v 0.156856 0.753907 0.048001
v 0.158966 0.773438 0.022667
v 0.177967 0.634766 0.273895
v 0.047075 0.787110 -0.000555
v 0.268747 0.798828 0.233782
v 0.253968 0.800782 0.231671
v 0.260302 0.810547 0.221116
v 0.272968 0.808594 0.223226
v 0.000631 0.769532 0.223226
v 0.011185 0.773438 0.227449
v 0.009075 0.791016 0.206337
v 0.000631 0.792969 0.197893
v 0.302525 0.722657 0.128225
v 0.321526 0.740235 0.138781
v 0.313081 0.751953 0.124003
v 0.296192 0.728516 0.119780
v -0.056371 0.650391 0.195782
v -0.071149 0.666016 0.214782
v -0.043704 0.671875 0.231671
v -0.028926 0.656250 0.214782
v 0.279303 0.722657 0.290784
v 0.275080 0.734375 0.303450
v 0.279303 0.730469 0.316118
v 0.285636 0.714844 0.309784
v 0.093521 0.755860 0.014222
v 0.080854 0.750000 0.022667
v 0.059743 0.761719 0.010001
v 0.072409 0.769532 0.001556
v -0.102817 0.744141 0.176782
v -0.107039 0.730469 0.170447
v 0.036519 0.753907 0.077557
v 0.019630 0.773438 0.083890
v 0.023853 0.763673 0.071224
v 0.194856 0.769532 0.314006
v 0.194856 0.765626 0.335118
v -0.016260 0.642579 0.151448
v -0.056371 0.644532 0.153558
v 0.173745 0.814453 0.191560
v 0.182190 0.800782 0.208449
v 0.180078 0.818360 0.225338
v 0.171634 0.832031 0.206337
v 0.304637 0.726563 0.318228
v 0.306747 0.708985 0.295006
v 0.289858 0.730469 0.267561
v 0.287747 0.748048 0.290784
v 0.165300 0.767578 0.295006
v 0.154744 0.783203 0.307673
v 0.180078 0.773438 0.121891
v 0.177967 0.777344 0.126114
v 0.196967 0.791016 0.117670
v 0.211745 0.792969 0.107114
v 0.133632 0.662109 0.339340
v 0.133632 0.664063 0.337229
v 0.127299 0.685547 0.339340
v 0.133632 0.675782 0.354118
v 0.101966 0.603516 0.263339
v 0.116743 0.607422 0.290784
v 0.125188 0.621094 0.278117
v 0.106187 0.611329 0.257006
v -0.054260 0.669922 0.210560
v -0.039482 0.654297 0.189448
v 0.220190 0.646485 0.379452
v 0.251858 0.658204 0.377341
v 0.230746 0.912109 0.069113
v -0.073260 0.646485 0.124003
v -0.043704 0.644532 0.111335
v -0.071149 0.689454 0.077557
v -0.096483 0.705079 0.088113
v -0.075372 0.732423 0.073335
v -0.096483 0.683595 0.119780
v -0.090149 0.707032 0.098669
v 0.125188 0.730469 0.172559
v 0.154744 0.738282 0.197893
v 0.142077 0.740235 0.174670
v 0.040742 0.595704 0.229561
v 0.009075 0.603516 0.229561
v 0.019630 0.621094 0.214782
v 0.047075 0.605469 0.221116
v 0.080854 0.718750 0.356229
v 0.085076 0.724610 0.345673
v 0.076632 0.732423 0.337229
v 0.063964 0.730469 0.349896
v 0.224412 0.787110 0.124003
v 0.281413 0.746094 0.254894
v 0.291969 0.757813 0.250672
v 0.272968 0.769532 0.254894
v 0.262412 0.757813 0.259116
v -0.043704 0.755860 0.069113
v 0.106187 0.613281 0.240116
v 0.127299 0.636720 0.250672
v 0.131521 0.621094 0.269672
v 0.108299 0.605469 0.250672
v 0.099854 0.757813 0.113447
v 0.256079 0.726563 0.109224
v 0.247635 0.720704 0.113447
v -0.007815 0.607422 0.288673
v 0.230746 0.615235 0.330896
v 0.230746 0.615235 0.301339
v 0.253968 0.623047 0.297117
v 0.253968 0.623047 0.297117
v 0.260302 0.626954 0.326674
v 0.230746 0.615235 0.330896
v 0.262412 0.699220 0.202116
v 0.272968 0.701172 0.195782
v 0.279303 0.705079 0.216893
v 0.262412 0.703125 0.216893
v 0.013297 0.658204 0.200004
v 0.036519 0.675782 0.197893
v 0.074520 0.718750 0.235894
v 0.137855 0.761719 0.297117
v 0.146300 0.748048 0.278117
v 0.123076 0.736328 0.280228
v 0.173745 0.785157 0.094446
v 0.167411 0.787110 0.105002
v 0.154744 0.777344 0.124003
v -0.094372 0.757813 0.181004
v -0.094372 0.761719 0.166226
v -0.098594 0.761719 0.166226
v 0.142077 0.853517 0.155670
v 0.133632 0.873047 0.172559
v 0.156856 0.871094 0.187338
v 0.169522 0.855469 0.166226
v 0.205412 0.802735 0.187338
v 0.213856 0.802735 0.204227
v 0.220190 0.810547 0.193671
v 0.211745 0.808594 0.176782
v -0.009925 0.712891 0.271784
v 0.004852 0.722657 0.269672
v 0.013297 0.708985 0.246450
v 0.015408 0.781251 0.037446
v 0.009075 0.796876 0.052223
v 0.011185 0.808594 0.037446
v 0.015408 0.781251 0.037446
v 0.186411 0.642579 0.373118
v 0.156856 0.648438 0.358341
v 0.154744 0.664063 0.371007
v 0.184300 0.658204 0.385786
v -0.001481 0.703125 0.088113
v 0.011185 0.716798 0.090225
v 0.030186 0.703125 0.107114
v 0.017520 0.689454 0.105002
v 0.129411 0.820313 0.121891
v 0.135744 0.845704 0.109224
v 0.133632 0.837892 0.105002
v 0.129411 0.820313 0.117670
v 0.165300 0.847656 0.050112
v 0.169522 0.833985 0.033223
v 0.139967 0.851563 0.007889
v 0.137855 0.861329 0.024778
v 0.004852 0.677734 0.107114
v 0.025964 0.679688 0.126114
v 0.011185 0.667970 0.126114
v 0.129411 0.681641 0.362562
v 0.120966 0.679688 0.358341
v 0.177967 0.748048 0.360452
v 0.180078 0.746094 0.358341
v 0.194856 0.753907 0.352008
v 0.192744 0.757813 0.354118
v -0.088038 0.673829 0.162003
v -0.094372 0.683595 0.174670
v -0.104927 0.695313 0.157781
v -0.096483 0.683595 0.145114
v 0.194856 0.691407 0.172559
v 0.239190 0.757813 0.254894
v 0.249746 0.765626 0.257006
v 0.230746 0.769532 0.248560
v -0.045815 0.660157 0.295006
v -0.041593 0.650391 0.280228
v -0.033149 0.675782 0.259116
v -0.037371 0.683595 0.273895
v -0.079593 0.679688 0.223226
v -0.077483 0.671875 0.229561
v -0.047927 0.679688 0.246450
v -0.052148 0.685547 0.240116
v 0.209635 0.835938 0.208449
v 0.201190 0.847656 0.189448
v 0.220190 0.861329 0.204227
v 0.228634 0.851563 0.221116
v -0.005704 0.656250 0.140892
v 0.011185 0.662109 0.145114
v 0.004852 0.656250 0.164114
v -0.012037 0.652345 0.155670
v 0.099854 0.714844 0.221116
v 0.116743 0.716798 0.227449
v 0.125188 0.720704 0.200004
v 0.114632 0.718750 0.195782
v -0.088038 0.726563 0.212672
v -0.075372 0.742188 0.219005
v -0.088038 0.751953 0.200004
v -0.098594 0.738282 0.193671
v 0.194856 0.765626 0.288673
v 0.211745 0.767578 0.290784
v 0.251858 0.701172 0.174670
v 0.249746 0.703125 0.159893
v 0.112522 0.839844 0.003667
v 0.120966 0.849610 0.016334
v 0.078743 0.826172 0.132447
v 0.070299 0.849610 0.117670
v 0.078743 0.826172 0.132447
v 0.180078 0.750000 0.265450
v 0.177967 0.759766 0.290784
v 0.196967 0.755860 0.265450
v 0.256079 0.701172 0.189448
v 0.270858 0.701172 0.181004
v -0.018370 0.615235 0.240116
v -0.028926 0.656250 0.233782
v -0.007815 0.638672 0.219005
v 0.154744 0.785157 0.056446
v 0.158966 0.800782 0.060668
v 0.154744 0.796876 0.083890
v 0.150522 0.781251 0.081780
v 0.256079 0.890625 0.238005
v 0.262412 0.884766 0.244338
v 0.275080 0.896485 0.238005
v 0.270858 0.898438 0.235894
v 0.201190 0.794922 0.197893
v 0.106187 0.654297 0.242227
v 0.112522 0.669922 0.248560
v 0.125188 0.662109 0.269672
v 0.120966 0.644532 0.263339
v 0.053408 0.714844 0.168337
v 0.256079 0.687500 0.204227
v 0.247635 0.699220 0.229561
v 0.279303 0.705079 0.233782
v 0.283524 0.693359 0.208449
v 0.095632 0.748048 0.029001
v 0.085076 0.742188 0.041667
v 0.142077 0.765626 0.077557
v 0.129411 0.765626 0.100779
v 0.133632 0.716798 0.235894
v 0.169522 0.730469 0.223226
v 0.234968 0.636720 0.333007
v 0.220190 0.642579 0.354118
v 0.133632 0.757813 0.048001
v 0.146300 0.771485 0.052223
v 0.175855 0.783203 0.191560
v 0.177967 0.769532 0.204227
v 0.175855 0.785157 0.111335
v 0.184300 0.802735 0.090225
v 0.205412 0.814453 0.096558
v 0.196967 0.794922 0.117670
v -0.007815 0.660157 0.126114
v 0.055520 0.851563 0.010001
v 0.061853 0.867188 0.033223
v 0.070299 0.859376 0.014222
v 0.287747 0.732423 0.113447
v 0.296192 0.757813 0.111335
v 0.277191 0.759766 0.102891
v 0.277191 0.734375 0.109224
v 0.110410 0.712891 0.328784
v 0.108299 0.718750 0.309784
v 0.095632 0.726563 0.318228
v 0.095632 0.720704 0.337229
v 0.177967 0.677734 0.233782
v 0.192744 0.691407 0.225338
v 0.175855 0.712891 0.229561
v 0.156856 0.695313 0.240116
v 0.085076 0.865235 0.020557
v 0.078743 0.871094 0.037446
v 0.279303 0.726563 0.330896
v 0.285636 0.710938 0.330896
v 0.272968 0.691407 0.235894
v -0.064816 0.781251 0.181004
v -0.066927 0.779298 0.181004
v -0.062704 0.775391 0.195782
v 0.205412 0.642579 0.269672
v -0.041593 0.783203 0.195782
v -0.047927 0.787110 0.183115
v 0.171634 0.640625 0.311895
v 0.156856 0.648438 0.318228
v 0.042854 0.587892 0.309784
v 0.030186 0.589844 0.320340
v 0.053408 0.748048 0.124003
v 0.049187 0.753907 0.132447
v 0.061853 0.750000 0.132447
v 0.061853 0.750000 0.132447
v 0.059743 0.750000 0.130336
v 0.053408 0.748048 0.124003
v 0.023853 0.654297 0.195782
v 0.028075 0.650391 0.164114
v 0.047075 0.664063 0.159893
v 0.049187 0.673829 0.191560
v 0.059743 0.615235 0.396342
v 0.101966 0.619141 0.381563
v 0.091410 0.632813 0.394230
v 0.038631 0.783203 0.162003
v 0.051298 0.800782 0.149337
v 0.038631 0.816406 0.162003
v 0.023853 0.796876 0.174670
v 0.294080 0.683595 0.326674
v 0.298302 0.707032 0.305562
v 0.289858 0.669922 0.303450
v 0.080854 0.603516 0.263339
v 0.097743 0.615235 0.261228
v 0.101966 0.607422 0.284450
v 0.085076 0.597656 0.282340
v 0.289858 0.730469 0.267561
v 0.306747 0.708985 0.295006
v 0.298302 0.689454 0.271784
v 0.040742 0.568360 0.284450
v 0.057631 0.576172 0.261228
v 0.070299 0.576172 0.267561
v 0.074520 0.769532 0.126114
v 0.163189 0.771485 0.149337
v 0.156856 0.767578 0.145114
v 0.175855 0.779298 0.147225
v 0.186411 0.785157 0.136669
v 0.182190 0.767578 0.134559
v 0.205412 0.789063 0.119780
v 0.199079 0.796876 0.128225
v 0.279303 0.806641 0.219005
v 0.262412 0.808594 0.219005
v 0.192744 0.662109 0.250672
v 0.180078 0.654297 0.261228
v 0.156856 0.671875 0.263339
v 0.167411 0.681641 0.250672
v 0.228634 0.814453 0.159893
v 0.239190 0.818360 0.172559
v 0.249746 0.818360 0.162003
v 0.239190 0.812501 0.151448
v -0.052148 0.685547 0.240116
v -0.047927 0.679688 0.246450
v -0.022593 0.693359 0.248560
v -0.026815 0.697266 0.242227
v 0.057631 0.769532 0.151448
v 0.068187 0.783203 0.143003
v 0.196967 0.794922 0.174670
v 0.190634 0.783203 0.162003
v 0.245523 0.810547 0.143003
v 0.228634 0.806641 0.143003
v 0.256079 0.816406 0.153558
v -0.109150 0.679688 0.162003
v -0.115483 0.693359 0.172559
v -0.100705 0.683595 0.200004
v -0.094372 0.667970 0.189448
v 0.123076 0.814453 -0.000555
v 0.139967 0.802735 0.012112
v 0.085076 0.623047 0.242227
v 0.095632 0.638672 0.240116
v 0.110410 0.628906 0.261228
v 0.220190 0.794922 0.134559
v 0.036519 0.742188 0.311895
v 0.019630 0.738282 0.311895
v 0.323636 0.726563 0.153558
v 0.336303 0.742188 0.174670
v 0.334192 0.759766 0.153558
v 0.015408 0.828126 0.043779
v 0.011185 0.824219 0.064891
v 0.019630 0.841797 0.060668
v 0.015408 0.660157 0.208449
v 0.047075 0.679688 0.204227
v 0.325747 0.734375 0.130336
v 0.342636 0.755860 0.147225
v 0.344748 0.734375 0.172559
v 0.329970 0.718750 0.149337
v 0.169522 0.794922 0.178892
v 0.161078 0.824219 0.174670
v 0.177967 0.763673 0.316118
v 0.091410 0.748048 0.143003
v 0.089298 0.744141 0.143003
v 0.125188 0.759766 0.138781
v 0.279303 0.710938 0.248560
v 0.277191 0.724610 0.254894
v 0.281413 0.708985 0.248560
v 0.287747 0.708985 0.159893
v 0.302525 0.716798 0.155670
v 0.304637 0.712891 0.174670
v 0.289858 0.705079 0.176782
v -0.012037 0.695313 0.244338
v -0.012037 0.697266 0.242227
v -0.014148 0.699220 0.244338
v -0.018370 0.703125 0.259116
v 0.131521 0.724610 0.257006
v 0.150522 0.736328 0.254894
v 0.256079 0.634766 0.326674
v 0.277191 0.650391 0.318228
v 0.266635 0.644532 0.290784
v 0.251858 0.632813 0.297117
v 0.192744 0.712891 0.157781
v 0.175855 0.724610 0.176782
v 0.108299 0.738282 0.012112
v 0.135744 0.742188 0.026890
v 0.190634 0.740235 0.375230
v 0.205412 0.748048 0.371007
v 0.190634 0.740235 0.375230
v 0.253968 0.750000 0.282340
v 0.249746 0.757813 0.299229
v 0.262412 0.750000 0.307673
v 0.266635 0.742188 0.290784
v 0.057631 0.710938 0.111335
v 0.063964 0.736328 0.126114
v 0.072409 0.718750 0.153558
v 0.063964 0.697266 0.132447
v -0.003592 0.591797 0.358341
v 0.009075 0.576172 0.335118
v 0.106187 0.619141 0.248560
v 0.125188 0.636720 0.263339
v 0.118855 0.648438 0.246450
v 0.101966 0.625000 0.240116
v 0.245523 0.664063 0.371007
v 0.253968 0.679688 0.375230
v 0.281413 0.707032 0.280228
v 0.287747 0.699220 0.303450
v 0.021742 0.769532 0.018445
v 0.321526 0.787110 0.197893
v 0.047075 0.785157 0.124003
v 0.025964 0.800782 0.109224
v 0.011185 0.785157 0.067001
v 0.009075 0.796876 0.052223
v 0.167411 0.849610 0.221116
v 0.158966 0.867188 0.221116
v 0.137855 0.875001 0.200004
v 0.315191 0.794922 0.200004
v 0.063964 0.712891 0.197893
v 0.082965 0.718750 0.172559
v 0.087188 0.705079 0.210560
v 0.011185 0.824219 0.064891
v 0.009075 0.816406 0.054335
v 0.078743 0.740235 0.054335
v 0.061853 0.742188 0.058557
v 0.190634 0.833985 0.212672
v 0.196967 0.841797 0.221116
v 0.190634 0.853517 0.200004
v 0.182190 0.841797 0.191560
v 0.313081 0.728516 0.153558
v -0.090149 0.759766 0.166226
v 0.137855 0.781251 0.105002
v 0.118855 0.787110 0.126114
v 0.110410 0.771485 0.121891
v 0.019630 0.787110 0.098669
v -0.026815 0.673829 0.265450
v -0.031037 0.685547 0.284450
v -0.022593 0.699220 0.276005
v -0.016260 0.687500 0.254894
v 0.205412 0.830078 0.235894
v 0.211745 0.824219 0.233782
v 0.150522 0.744141 0.322451
v 0.163189 0.755860 0.318228
v 0.264524 0.789063 0.244338
v 0.266635 0.789063 0.242227
v 0.251858 0.792969 0.240116
v 0.249746 0.792969 0.242227
v -0.062704 0.755860 0.219005
v 0.163189 0.742188 0.223226
v -0.058483 0.787110 0.159893
v -0.066927 0.781251 0.174670
v 0.163189 0.814453 0.029001
v -0.071149 0.779298 0.166226
v -0.069037 0.775391 0.166226
v 0.015408 0.769532 0.117670
v 0.009075 0.759766 0.102891
v -0.009925 0.773438 0.107114
v 0.000631 0.779298 0.121891
v 0.237079 0.876954 0.238005
v 0.251858 0.896485 0.227449
v 0.266635 0.732423 0.107114
v 0.256079 0.757813 0.100779
v 0.237079 0.748048 0.102891
v 0.256079 0.726563 0.109224
v 0.021742 0.812501 -0.009000
v 0.017520 0.828126 0.003667
v 0.051298 0.841797 -0.015333
v 0.000631 0.707032 0.358341
v 0.015408 0.720704 0.354118
v 0.106187 0.753907 0.147225
v 0.080854 0.757813 0.149337
v 0.091410 0.724610 0.183115
v 0.085076 0.730469 0.174670
v 0.059743 0.730469 0.189448
v 0.070299 0.722657 0.202116
v 0.243413 0.626954 0.269672
v 0.251858 0.634766 0.263339
v 0.270858 0.636720 0.286561
v 0.047075 0.580079 0.252783
v 0.021742 0.650391 0.383674
v 0.034409 0.666016 0.390008
v 0.006964 0.681641 0.377341
v -0.005704 0.666016 0.371007
v 0.234968 0.880860 0.197893
v 0.234968 0.884766 0.181004
v 0.256079 0.892579 0.200004
v 0.256079 0.888672 0.210560
v -0.020481 0.697266 0.339340
v -0.031037 0.689454 0.320340
v 0.262412 0.636720 0.356229
v 0.222301 0.638672 0.383674
v 0.226524 0.623047 0.360452
v -0.054260 0.658204 0.292894
v -0.045815 0.683595 0.269672
v -0.041593 0.673829 0.252783
v -0.005704 0.681641 0.225338
v -0.035259 0.695313 0.235894
v 0.036519 0.593751 0.271784
v 0.327859 0.738282 0.189448
v 0.129411 0.857422 0.071224
v 0.135744 0.853517 0.067001
v -0.016260 0.656250 0.248560
v 0.123076 0.814453 -0.000555
v 0.112522 0.800782 -0.006889
v 0.089298 0.818360 -0.011111
v 0.101966 0.830078 -0.006889
v 0.245523 0.820313 0.187338
v 0.253968 0.822267 0.178892
v 0.177967 0.691407 0.240116
v 0.144188 0.703125 0.265450
v 0.156856 0.714844 0.254894
v -0.007815 0.644532 0.115558
v 0.002741 0.642579 0.124003
v 0.215968 0.859376 0.231671
v 0.184300 0.634766 0.377341
v 0.180078 0.650391 0.392119
v 0.085076 0.716798 0.212672
v 0.163189 0.742188 0.269672
v 0.161078 0.751953 0.295006
v 0.025964 0.689454 0.229561
v 0.042854 0.699220 0.231671
v 0.213856 0.720704 0.126114
v 0.243413 0.712891 0.119780
v 0.275080 0.726563 0.345673
v 0.279303 0.710938 0.349896
v 0.249746 0.818360 0.162003
v 0.256079 0.816406 0.153558
v 0.099854 0.603516 0.309784
v 0.114632 0.615235 0.314006
v 0.104077 0.615235 0.341452
v 0.089298 0.601563 0.335118
v 0.034409 0.767578 0.176782
v 0.019630 0.779298 0.191560
v 0.306747 0.708985 0.295006
v 0.304637 0.726563 0.318228
v -0.088038 0.751953 0.200004
v -0.045815 0.658204 0.092335
v -0.077483 0.666016 0.096558
v 0.044964 0.734375 0.244338
v 0.036519 0.746094 0.263339
v -0.031037 0.693359 0.301339
v 0.260302 0.814453 0.149337
v 0.146300 0.865235 0.067001
v 0.146300 0.666016 0.341452
v 0.148411 0.679688 0.356229
v 0.135744 0.693359 0.339340
v 0.135744 0.679688 0.326674
v 0.230746 0.800782 0.134559
v 0.232857 0.750000 0.250672
v 0.095632 0.843751 -0.021667
v 0.135744 0.832031 -0.009000
v 0.123076 0.808594 -0.019556
v 0.150522 0.779298 0.121891
v 0.161078 0.787110 0.105002
v 0.163189 0.755860 0.318228
v 0.165300 0.753907 0.341452
v 0.182190 0.761719 0.339340
v 0.270858 0.742188 0.322451
v 0.076632 0.808594 -0.019556
v 0.076632 0.783203 -0.015333
v -0.018370 0.792969 0.147225
v -0.009925 0.787110 0.132447
v 0.106187 0.759766 0.001556
v 0.129411 0.781251 -0.000555
v 0.129411 0.781251 -0.000555
v 0.104077 0.769532 -0.006889
v 0.106187 0.759766 0.001556
v 0.207523 0.662109 0.379452
v 0.177967 0.677734 0.381563
v 0.253968 0.822267 0.178892
v 0.000631 0.650391 0.128225
v 0.150522 0.792969 0.033223
v 0.038631 0.718750 0.113447
v 0.300414 0.707032 0.143003
v 0.317303 0.712891 0.168337
v 0.302525 0.714844 0.136669
v 0.127299 0.851563 0.164114
v 0.118855 0.867188 0.178892
v -0.075372 0.765626 0.200004
v 0.127299 0.636720 0.290784
v 0.116743 0.621094 0.286561
v -0.096483 0.660157 0.191560
v -0.104927 0.675782 0.204227
v -0.123928 0.687500 0.172559
v 0.205412 0.718750 0.159893
v 0.190634 0.732423 0.172559
v 0.188523 0.738282 0.202116
v 0.184300 0.759766 0.200004
v 0.184300 0.746094 0.187338
v 0.264524 0.812501 0.214782
v 0.017520 0.820313 0.026890
v 0.028075 0.671875 0.151448
v 0.032298 0.677734 0.181004
v 0.019630 0.666016 0.172559
v 0.072409 0.707032 0.233782
v 0.036519 0.699220 0.227449
v 0.044964 0.677734 0.214782
v 0.207523 0.669922 0.242227
v 0.042854 0.736328 0.208449
v 0.055520 0.724610 0.223226
v 0.023853 0.568360 0.309784
v -0.018370 0.585938 0.311895
v 0.296192 0.757813 0.111335
v 0.272968 0.787110 0.107114
v 0.277191 0.759766 0.102891
v 0.163189 0.814453 0.014222
v 0.148411 0.792969 -0.000555
v 0.085076 0.794922 0.138781
v 0.070299 0.814453 0.143003
v 0.169522 0.619141 0.311895
v 0.019630 0.595704 0.250672
v 0.049187 0.597656 0.242227
v -0.016260 0.779298 0.204227
v -0.024704 0.785157 0.193671
v -0.031037 0.601563 0.333007
v 0.118855 0.779298 0.140892
v 0.125188 0.806641 0.140892
v 0.106187 0.802735 0.138781
v 0.266635 0.728516 0.356229
v 0.266635 0.714844 0.366785
v 0.023853 0.607422 0.387896
v -0.073260 0.781251 0.164114
v -0.073260 0.781251 0.164114
v 0.057631 0.613281 0.216893
v 0.032298 0.732423 0.343563
v -0.066927 0.712891 0.229561
v 0.285636 0.693359 0.328784
v 0.017520 0.675782 0.204227
v -0.005704 0.681641 0.225338
v -0.088038 0.746094 0.098669
v -0.071149 0.730469 0.083890
v -0.045815 0.751953 0.079669
v -0.060593 0.767578 0.094446
v -0.009925 0.621094 0.244338
v -0.001481 0.642579 0.227449
v 0.173745 0.748048 0.360452
v 0.129411 0.681641 0.362562
v 0.129411 0.675782 0.354118
v 0.123076 0.683595 0.343563
v 0.123076 0.685547 0.343563
v 0.021742 0.730469 0.096558
v 0.011185 0.716798 0.090225
v -0.014148 0.736328 0.083890
v -0.001481 0.748048 0.090225
v 0.281413 0.808594 0.216893
v 0.019630 0.777344 0.134559
v 0.030186 0.769532 0.136669
v 0.030186 0.759766 0.121891
v 0.021742 0.769532 0.018445
v 0.047075 0.761719 0.003667
v 0.049187 0.769532 -0.002667
v 0.025964 0.785157 0.003667
v -0.009925 0.712891 0.271784
v 0.192744 0.738282 0.371007
v 0.190634 0.740235 0.375230
v 0.294080 0.722657 0.111335
v 0.313081 0.746094 0.111335
v 0.302525 0.714844 0.121891
v -0.043704 0.644532 0.111335
v -0.073260 0.646485 0.124003
v -0.077483 0.666016 0.096558
v -0.045815 0.658204 0.092335
v 0.222301 0.736328 0.246450
v 0.205412 0.742188 0.248560
v 0.222301 0.748048 0.254894
v 0.228634 0.740235 0.250672
v 0.044964 0.728516 0.187338
v 0.051298 0.742188 0.170447
v 0.068187 0.730469 0.162003
v 0.068187 0.730469 0.162003
v 0.042854 0.726563 0.187338
v 0.044964 0.728516 0.187338
v 0.123076 0.861329 0.081780
v 0.116743 0.861329 0.092335
v -0.058483 0.667970 0.115558
v -0.079593 0.681641 0.115558
v 0.207523 0.736328 0.134559
v 0.211745 0.746094 0.126114
v 0.112522 0.742188 0.035334
v 0.127299 0.742188 0.060668
v 0.230746 0.623047 0.271784
v 0.243413 0.626954 0.269672
v 0.207523 0.632813 0.303450
v 0.188523 0.634766 0.309784
v 0.211745 0.634766 0.288673
v 0.266635 0.789063 0.242227
v 0.266635 0.787110 0.240116
v 0.251858 0.791016 0.238005
v 0.251858 0.792969 0.240116
v 0.087188 0.681641 0.214782
v 0.089298 0.650391 0.212672
v 0.205412 0.726563 0.145114
v 0.226524 0.718750 0.134559
v 0.021742 0.730469 0.096558
v 0.247635 0.707032 0.145114
v 0.264524 0.712891 0.134559
v 0.262412 0.705079 0.151448
v 0.247635 0.707032 0.145114
v 0.249746 0.806641 0.223226
v -0.094372 0.667970 0.189448
v -0.077483 0.652345 0.172559
v 0.118855 0.748048 0.045890
v 0.279303 0.783203 0.240116
v 0.285636 0.791016 0.231671
v 0.266635 0.787110 0.240116
v 0.150522 0.796876 0.012112
v 0.144188 0.833985 0.010001
v 0.135744 0.816406 -0.002667
v 0.066076 0.835938 -0.004777
v 0.055520 0.851563 0.010001
v 0.070299 0.859376 0.014222
v 0.080854 0.845704 -0.000555
v 0.201190 0.808594 0.208449
v 0.196967 0.822267 0.191560
v 0.215968 0.824219 0.225338
v 0.053408 0.732423 0.174670
v 0.070299 0.626954 0.223226
v 0.059743 0.652345 0.212672
v 0.038631 0.640625 0.214782
v 0.059743 0.621094 0.223226
v 0.226524 0.792969 0.231671
v 0.264524 0.880860 0.231671
v 0.260302 0.884766 0.221116
v 0.272968 0.892579 0.225338
v 0.275080 0.890625 0.231671
v 0.144188 0.703125 0.265450
v 0.137855 0.718750 0.288673
v 0.156856 0.714844 0.254894
v -0.033149 0.660157 0.278117
v -0.035259 0.671875 0.295006
v 0.291969 0.798828 0.221116
v 0.294080 0.800782 0.221116
v 0.125188 0.636720 0.263339
v 0.106187 0.619141 0.248560
v 0.040742 0.773438 0.111335
v 0.019630 0.787110 0.098669
v 0.325747 0.738282 0.170447
v 0.059743 0.859376 0.100779
v 0.051298 0.841797 -0.004777
v 0.051298 0.841797 -0.015333
v 0.017520 0.828126 0.003667
v 0.190634 0.638672 0.244338
v 0.218079 0.757813 0.119780
v 0.213856 0.878907 0.157781
v 0.211745 0.746094 0.126114
v 0.207523 0.736328 0.134559
v 0.192744 0.748048 0.145114
v 0.199079 0.757813 0.136669
v 0.095632 0.746094 0.014222
v 0.101966 0.751953 0.007889
v 0.249746 0.900391 0.214782
v 0.268747 0.902345 0.229561
v 0.268747 0.902345 0.229561
v 0.268747 0.902345 0.223226
v 0.249746 0.900391 0.214782
v 0.205412 0.830078 0.235894
v 0.192744 0.832031 0.216893
v 0.194856 0.820313 0.225338
v -0.005704 0.615235 0.364674
v 0.023853 0.615235 0.381563
v 0.038631 0.671875 0.132447
v 0.230746 0.712891 0.227449
v 0.245523 0.716798 0.240116
v 0.228634 0.716798 0.233782
v 0.296192 0.736328 0.335118
v 0.281413 0.755860 0.307673
v 0.059743 0.697266 0.381563
v 0.070299 0.710938 0.371007
v 0.049187 0.722657 0.362562
v 0.034409 0.710938 0.373118
v 0.234968 0.890625 0.176782
v 0.256079 0.896485 0.197893
v 0.158966 0.779298 0.290784
v 0.171634 0.798828 0.278117
v 0.218079 0.837892 0.134559
v 0.224412 0.843751 0.117670
v 0.230746 0.875001 0.105002
v 0.230746 0.875001 0.105002
v 0.218079 0.837892 0.134559
v 0.279303 0.710938 0.143003
v 0.277191 0.720704 0.128225
v 0.177967 0.640625 0.335118
v 0.186411 0.833985 0.172559
v 0.175855 0.841797 0.153558
v 0.006964 0.787110 0.164114
v 0.017520 0.783203 0.151448
v 0.000631 0.789063 0.145114
v -0.005704 0.791016 0.157781
v 0.036519 0.654297 0.221116
v 0.025964 0.845704 0.083890
v 0.038631 0.855469 0.083890
v 0.266635 0.808594 0.117670
v 0.234968 0.802735 0.113447
v 0.245523 0.781251 0.102891
v 0.131521 0.767578 0.012112
v 0.129411 0.781251 -0.000555
v 0.002741 0.730469 0.292894
v 0.019630 0.738282 0.292894
v 0.015408 0.689454 0.090225
v 0.042854 0.726563 0.187338
v 0.068187 0.730469 0.162003
v 0.334192 0.771485 0.225338
v 0.253968 0.798828 0.233782
v 0.049187 0.748048 0.079669
v -0.035259 0.658204 0.309784
v 0.099854 0.742188 0.043779
v 0.118855 0.748048 0.045890
v 0.095632 0.740235 0.058557
v 0.093521 0.824219 0.143003
v 0.116743 0.830078 0.147225
v 0.108299 0.849610 0.157781
v -0.043704 0.638672 0.318228
v -0.039482 0.626954 0.305562
v 0.296192 0.781251 0.102891
v 0.291969 0.753907 0.098669
v -0.028926 0.662109 0.339340
v -0.033149 0.669922 0.322451
v 0.300414 0.769532 0.242227
v 0.192744 0.804688 0.193671
v 0.186411 0.812501 0.181004
v 0.104077 0.773438 0.140892
v 0.182190 0.830078 0.269672
v 0.175855 0.851563 0.244338
v 0.082965 0.593751 0.303450
v 0.074520 0.591797 0.324562
v 0.207523 0.921875 0.056446
v 0.205412 0.921875 0.041667
v 0.108299 0.673829 0.366785
v 0.110410 0.691407 0.358341
v 0.091410 0.699220 0.368897
v 0.085076 0.683595 0.379452
v 0.125188 0.630860 0.318228
v 0.131521 0.650391 0.322451
v 0.120966 0.648438 0.347785
v 0.114632 0.630860 0.345673
v 0.104077 0.615235 0.341452
v 0.082965 0.621094 0.366785
v 0.013297 0.634766 0.375230
v -0.014148 0.650391 0.360452
v -0.062704 0.771485 0.193671
v -0.064816 0.775391 0.181004
v -0.079593 0.767578 0.178892
v 0.004852 0.585938 0.286561
v 0.256079 0.660157 0.267561
v 0.078743 0.720704 0.062779
v 0.076632 0.724610 0.035334
v 0.230746 0.771485 0.271784
v 0.258191 0.767578 0.286561
v 0.260302 0.761719 0.269672
v -0.031037 0.634766 0.261228
v -0.009925 0.621094 0.244338
v -0.001481 0.642579 0.227449
v -0.020481 0.660157 0.240116
v 0.190634 0.771485 0.149337
v 0.213856 0.724610 0.229561
v 0.199079 0.730469 0.216893
v 0.218079 0.757813 0.119780
v 0.085076 0.597656 0.282340
v 0.066076 0.591797 0.282340
v 0.154744 0.871094 0.105002
v 0.171634 0.859376 0.130336
v 0.196967 0.880860 0.117670
v 0.177967 0.890625 0.096558
v 0.239190 0.689454 0.132447
v 0.215968 0.687500 0.149337
v 0.234968 0.697266 0.121891
v -0.012037 0.693359 0.356229
v 0.196967 0.753907 0.107114
v 0.220190 0.734375 0.100779
v -0.020481 0.648438 0.216893
v -0.069037 0.656250 0.219005
v -0.052148 0.642579 0.197893
v 0.066076 0.650391 0.387896
v 0.076632 0.666016 0.385786
v 0.047075 0.681641 0.387896
v 0.011185 0.716798 0.090225
v 0.030186 0.703125 0.107114
v 0.315191 0.796876 0.181004
v 0.315191 0.792969 0.162003
v 0.306747 0.804688 0.168337
v 0.304637 0.806641 0.185226
v 0.283524 0.789063 0.124003
v 0.287747 0.798828 0.134559
v 0.306747 0.798828 0.153558
v 0.308858 0.789063 0.143003
v 0.199079 0.789063 0.153558
v 0.199079 0.779298 0.140892
v 0.021742 0.644532 0.227449
v -0.003592 0.667970 0.238005
v 0.011185 0.679688 0.231671
v -0.031037 0.789063 0.181004
v 0.127299 0.636720 0.250672
v 0.139967 0.660157 0.267561
v 0.144188 0.638672 0.295006
v 0.131521 0.621094 0.269672
v 0.023853 0.779298 0.162003
v 0.021742 0.781251 0.162003
v 0.015408 0.595704 0.324562
v 0.000631 0.601563 0.322451
v -0.045815 0.681641 0.225338
v -0.075372 0.697266 0.219005
v 0.070299 0.710938 0.371007
v 0.063964 0.730469 0.349896
v 0.218079 0.679688 0.191560
v 0.194856 0.691407 0.172559
v 0.215968 0.687500 0.149337
v 0.116743 0.863281 0.031111
v 0.110410 0.869141 0.039556
v 0.114632 0.705079 0.221116
v 0.209635 0.837892 0.075446
v 0.224412 0.855469 0.079669
v 0.220190 0.833985 0.100779
v -0.014148 0.648438 0.102891
v 0.042854 0.755860 -0.000555
v 0.017520 0.775391 0.001556
v 0.074520 0.861329 0.153558
v 0.011185 0.714844 0.231671
v 0.004852 0.697266 0.231671
v 0.251858 0.791016 0.238005
v 0.245523 0.673829 0.390008
v 0.251858 0.666016 0.394230
v 0.279303 0.687500 0.381563
v 0.279303 0.687500 0.381563
v 0.270858 0.691407 0.377341
v 0.245523 0.673829 0.390008
v 0.327859 0.722657 0.193671
v 0.327859 0.736328 0.216893
v 0.125188 0.667970 0.347785
v 0.108299 0.673829 0.366785
v 0.135744 0.808594 0.145114
v 0.133632 0.832031 0.151448
v -0.096483 0.755860 0.111335
v 0.139967 0.707032 0.349896
v 0.148411 0.722657 0.358341
v 0.144188 0.730469 0.341452
v 0.137855 0.718750 0.335118
v 0.205412 0.789063 0.119780
v 0.218079 0.769532 0.107114
v 0.188523 0.792969 0.278117
v 0.175855 0.806641 0.290784
v -0.069037 0.656250 0.219005
v -0.016260 0.656250 0.092335
v 0.011185 0.789063 0.168337
v 0.006964 0.808594 0.174670
v 0.023853 0.830078 0.159893
v 0.256079 0.746094 0.349896
v 0.266635 0.740235 0.339340
v 0.258191 0.751953 0.328784
v 0.243413 0.757813 0.341452
v 0.011185 0.595704 0.303450
v -0.079593 0.679688 0.223226
v 0.196967 0.755860 0.265450
v 0.076632 0.763673 -0.015333
v 0.108299 0.683595 0.235894
v 0.101966 0.705079 0.250672
v 0.072409 0.707032 0.233782
v 0.118855 0.835938 0.117670
v 0.112522 0.847656 0.111335
v 0.099854 0.843751 0.119780
v 0.099854 0.832031 0.128225
v 0.057631 0.710938 0.111335
v 0.042854 0.685547 0.102891
v 0.085076 0.580079 0.269672
v 0.097743 0.585938 0.267561
v 0.110410 0.587892 0.297117
v -0.033149 0.681641 0.309784
v 0.091410 0.746094 0.140892
v 0.061853 0.746094 0.149337
v 0.066076 0.748048 0.143003
v 0.066076 0.748048 0.143003
v 0.089298 0.748048 0.143003
v 0.091410 0.746094 0.140892
v -0.028926 0.677734 0.233782
v -0.016260 0.662109 0.219005
v -0.003592 0.603516 0.307673
v 0.004852 0.730469 0.314006
v 0.002741 0.730469 0.292894
v 0.042854 0.736328 0.273895
v 0.036519 0.740235 0.273895
v 0.036519 0.751953 0.191560
v 0.021742 0.761719 0.210560
v -0.081705 0.767578 0.164114
v 0.144188 0.771485 0.138781
v 0.150522 0.775391 0.128225
v 0.258191 0.767578 0.286561
v 0.258191 0.761719 0.292894
v 0.253968 0.740235 0.265450
v 0.268747 0.730469 0.276005
v 0.038631 0.777344 0.012112
v 0.270858 0.896485 0.214782
v 0.270858 0.894532 0.219005
v 0.213856 0.916016 0.039556
v 0.222301 0.908204 0.045890
v 0.220190 0.675782 0.387896
v 0.049187 0.734375 0.337229
v 0.049187 0.738282 0.337229
v -0.077483 0.671875 0.229561
v 0.325747 0.771485 0.121891
v 0.306747 0.716798 0.229561
v 0.154744 0.808594 0.039556
v 0.154744 0.693359 0.368897
v 0.262412 0.757813 0.259116
v 0.272968 0.769532 0.254894
v 0.258191 0.777344 0.252783
v 0.142077 0.648438 0.318228
v 0.139967 0.652345 0.314006
v 0.133632 0.662109 0.337229
v 0.038631 0.740235 0.020557
v 0.015408 0.746094 0.041667
v 0.011185 0.761719 0.022667
v 0.038631 0.748048 0.010001
v 0.154744 0.830078 0.134559
v 0.205412 0.734375 0.233782
v 0.205412 0.748048 0.238005
v 0.209635 0.742188 0.238005
v -0.016260 0.656250 0.248560
v -0.016260 0.656250 0.248560
v 0.213856 0.712891 0.235894
v 0.196967 0.722657 0.227449
v 0.201190 0.705079 0.225338
v 0.279303 0.705079 0.233782
v 0.275080 0.718750 0.248560
v 0.302525 0.730469 0.246450
v 0.306747 0.716798 0.229561
v 0.209635 0.882813 0.170447
v 0.230746 0.894532 0.187338
v 0.262412 0.697266 0.373118
v 0.266635 0.714844 0.366785
v 0.247635 0.722657 0.377341
v 0.239190 0.707032 0.385786
v 0.097743 0.619141 0.229561
v 0.112522 0.646485 0.229561
v 0.104077 0.873047 0.050112
v 0.091410 0.875001 0.062779
v 0.080854 0.705079 0.225338
v 0.061853 0.710938 0.202116
v 0.142077 0.730469 0.282340
v 0.171634 0.748048 0.269672
v 0.226524 0.849610 0.244338
v 0.245523 0.869141 0.246450
v 0.277191 0.658204 0.280228
v 0.137855 0.652345 0.286561
v 0.135744 0.642579 0.309784
v 0.133632 0.654297 0.297117
v 0.133632 0.654297 0.297117
v 0.131521 0.654297 0.292894
v 0.137855 0.652345 0.286561
v 0.180078 0.650391 0.392119
v 0.184300 0.658204 0.385786
v 0.154744 0.664063 0.371007
v 0.148411 0.658204 0.375230
v -0.079593 0.683595 0.204227
v 0.190634 0.732423 0.172559
v 0.262412 0.652345 0.290784
v 0.260302 0.646485 0.316118
v 0.095632 0.873047 0.077557
v 0.087188 0.869141 0.090225
v 0.224412 0.632813 0.305562
v 0.091410 0.812501 0.132447
v 0.080854 0.837892 0.138781
v 0.112522 0.847656 0.143003
v 0.120966 0.822267 0.132447
v 0.239190 0.707032 0.219005
v 0.061853 0.726563 0.033223
v 0.053408 0.722657 0.060668
v 0.030186 0.732423 0.054335
v 0.047075 0.732423 0.029001
v 0.019630 0.792969 0.022667
v 0.317303 0.759766 0.138781
v 0.319414 0.773438 0.145114
v 0.325747 0.769532 0.157781
v 0.325747 0.755860 0.155670
v 0.209635 0.759766 0.347785
v 0.209635 0.761719 0.347785
v 0.281413 0.783203 0.244338
v 0.279303 0.783203 0.240116
v -0.077483 0.671875 0.229561
v 0.279303 0.683595 0.151448
v 0.294080 0.689454 0.149337
v 0.144188 0.796876 0.107114
v 0.032298 0.738282 0.100779
v 0.023853 0.746094 0.096558
v 0.023853 0.746094 0.094446
v 0.032298 0.738282 0.100779
v 0.108299 0.859376 0.018445
v 0.099854 0.867188 0.029001
v 0.137855 0.714844 0.246450
v 0.142077 0.712891 0.223226
v 0.040742 0.679688 0.124003
v 0.055520 0.708985 0.126114
v 0.038631 0.687500 0.113447
v 0.049187 0.742188 0.286561
v 0.076632 0.740235 0.020557
v 0.321526 0.783203 0.155670
v 0.044964 0.748048 0.058557
v 0.032298 0.755860 0.062779
v 0.028075 0.746094 0.107114
v 0.169522 0.666016 0.368897
v 0.177967 0.677734 0.381563
v 0.017520 0.662109 0.216893
v -0.054260 0.658204 0.292894
v -0.045815 0.660157 0.295006
v 0.228634 0.705079 0.164114
v 0.226524 0.710938 0.149337
v 0.247635 0.714844 0.132447
v 0.173745 0.791016 0.043779
v 0.180078 0.810547 0.064891
v 0.053408 0.755860 0.164114
v 0.019630 0.697266 0.377341
v 0.112522 0.847656 0.143003
v 0.104077 0.869141 0.159893
v 0.011185 0.712891 0.244338
v 0.009075 0.716798 0.238005
v 0.264524 0.789063 0.244338
v 0.268747 0.798828 0.233782
v 0.194856 0.820313 0.225338
v 0.196967 0.810547 0.219005
v 0.059743 0.734375 0.140892
v 0.184300 0.751953 0.219005
v 0.205412 0.726563 0.145114
v 0.226524 0.718750 0.134559
v 0.199079 0.730469 0.216893
v 0.040742 0.761719 0.147225
v 0.047075 0.753907 0.159893
v 0.260302 0.746094 0.252783
v 0.302525 0.714844 0.121891
v 0.165300 0.765626 0.176782
v 0.129411 0.820313 0.117670
v 0.133632 0.837892 0.105002
v 0.123076 0.822267 0.121891
v 0.135744 0.652345 0.269672
v 0.133632 0.658204 0.276005
v 0.133632 0.673829 0.259116
v 0.137855 0.675782 0.248560
v 0.190634 0.740235 0.157781
v 0.099854 0.859376 -0.006889
v 0.004852 0.685547 0.088113
v -0.009925 0.707032 0.075446
v -0.003592 0.677734 0.088113
v 0.287747 0.728516 0.282340
v -0.028926 0.724610 0.081780
v -0.014148 0.736328 0.083890
v 0.234968 0.738282 0.254894
v 0.228634 0.740235 0.250672
v 0.196967 0.880860 0.117670
v 0.209635 0.878907 0.117670
v 0.215968 0.902345 0.092335
v 0.209635 0.904297 0.090225
v -0.045815 0.681641 0.225338
v -0.075372 0.697266 0.219005
v 0.101966 0.593751 0.295006
v 0.125188 0.615235 0.318228
v 0.006964 0.808594 0.174670
v 0.015408 0.808594 0.187338
v 0.085076 0.732423 0.326674
v 0.082965 0.591797 0.265450
v 0.082965 0.583985 0.297117
v 0.093521 0.597656 0.265450
v 0.082965 0.621094 0.366785
v 0.093521 0.636720 0.371007
v 0.055520 0.632813 0.383674
v 0.306747 0.779298 0.132447
v 0.190634 0.759766 0.352008
v 0.209635 0.761719 0.347785
v 0.209635 0.763673 0.345673
v 0.190634 0.759766 0.352008
v 0.190634 0.769532 0.210560
v 0.032298 0.839844 0.102891
v 0.044964 0.851563 0.102891
v 0.114632 0.593751 0.328784
v 0.110410 0.603516 0.358341
v 0.177967 0.677734 0.381563
v 0.154744 0.693359 0.368897
v 0.287747 0.798828 0.134559
v -0.026815 0.667970 0.238005
v -0.028926 0.656250 0.233782
v -0.041593 0.673829 0.252783
v -0.031037 0.683595 0.246450
v 0.112522 0.800782 -0.006889
v 0.063964 0.607422 0.375230
v 0.055520 0.621094 0.387896
v 0.085076 0.636720 0.387896
v 0.279303 0.673829 0.267561
v 0.256079 0.660157 0.252783
v 0.087188 0.869141 0.090225
v 0.074520 0.865235 0.098669
v 0.296192 0.736328 0.335118
v 0.317303 0.724610 0.172559
v 0.049187 0.753907 0.012112
v 0.047075 0.761719 0.003667
v -0.031037 0.789063 0.181004
v -0.014148 0.791016 0.174670
v -0.026815 0.792969 0.159893
v -0.035259 0.791016 0.170447
v 0.004852 0.585938 0.286561
v -0.005704 0.601563 0.265450
v -0.026815 0.611329 0.284450
v -0.005704 0.777344 0.041667
v -0.007815 0.791016 0.056446
v -0.001481 0.810547 0.029001
v 0.000631 0.796876 0.014222
v 0.137855 0.644532 0.335118
v 0.156856 0.626954 0.337229
v 0.237079 0.707032 0.111335
v 0.243413 0.714844 0.105002
v 0.215968 0.662109 0.392119
v 0.215968 0.654297 0.398452
v 0.011185 0.652345 0.134559
v 0.000631 0.646485 0.164114
v 0.019630 0.654297 0.170447
v 0.011185 0.652345 0.134559
v 0.125188 0.628906 0.343563
v 0.199079 0.613281 0.324562
v 0.207523 0.613281 0.297117
v 0.057631 0.726563 0.349896
v 0.059743 0.730469 0.352008
v 0.019630 0.595704 0.250672
v 0.019630 0.595704 0.250672
v 0.085076 0.865235 0.020557
v 0.095632 0.853517 0.007889
v 0.082965 0.630860 0.225338
v 0.085076 0.621094 0.221116
v 0.009075 0.597656 0.286561
v 0.158966 0.816406 0.064891
v 0.154744 0.830078 0.067001
v 0.154744 0.828126 0.071224
v 0.154744 0.814453 0.081780
v -0.043704 0.791016 0.159893
v 0.313081 0.746094 0.136669
v 0.321526 0.742188 0.153558
v 0.019630 0.738282 0.311895
v 0.036519 0.742188 0.311895
v 0.038631 0.742188 0.292894
v -0.052148 0.685547 0.240116
v 0.188523 0.865235 0.176782
v 0.270858 0.703125 0.164114
v 0.028075 0.652345 0.132447
v 0.038631 0.660157 0.130336
v 0.268747 0.878907 0.240116
v 0.277191 0.890625 0.235894
v 0.051298 0.623047 0.233782
v 0.211745 0.814453 0.121891
v 0.025964 0.750000 0.090225
v 0.009075 0.767578 0.077557
v 0.028075 0.750000 0.096558
v 0.114632 0.847656 -0.002667
v 0.085076 0.855469 -0.011111
v 0.085076 0.855469 -0.011111
v 0.247635 0.712891 0.240116
v 0.275080 0.720704 0.250672
v 0.275080 0.718750 0.248560
v 0.247635 0.703125 0.233782
v 0.125188 0.855469 0.029001
v 0.108299 0.859376 0.018445
v 0.116743 0.863281 0.031111
v 0.247635 0.759766 0.316118
v 0.234968 0.763673 0.295006
v 0.230746 0.767578 0.309784
v 0.264524 0.789063 0.244338
v 0.249746 0.792969 0.242227
v 0.188523 0.857422 0.138781
v 0.180078 0.857422 0.145114
v 0.190634 0.869141 0.153558
v 0.194856 0.863281 0.143003
v 0.203300 0.638672 0.257006
v 0.165300 0.783203 0.090225
v 0.165300 0.791016 0.100779
v 0.169522 0.804688 0.081780
v 0.061853 0.730469 0.178892
v 0.055520 0.753907 0.155670
v 0.013297 0.658204 0.200004
v 0.161078 0.773438 0.168337
v 0.142077 0.761719 0.155670
v 0.163189 0.708985 0.377341
v -0.022593 0.642579 0.263339
v 0.019630 0.718750 0.352008
v 0.017520 0.720704 0.354118
v 0.034409 0.712891 0.368897
v 0.215968 0.707032 0.140892
v 0.243413 0.705079 0.128225
v 0.287747 0.734375 0.337229
v 0.277191 0.751953 0.314006
v 0.283524 0.744141 0.301339
v 0.294080 0.724610 0.324562
v 0.258191 0.808594 0.136669
v -0.012037 0.697266 0.242227
v -0.026815 0.697266 0.242227
v 0.004852 0.708985 0.238005
v 0.009075 0.703125 0.235894
v 0.171634 0.789063 0.153558
v 0.180078 0.812501 0.168337
v -0.121816 0.732423 0.119780
v -0.113372 0.732423 0.126114
v -0.096483 0.755860 0.111335
v -0.100705 0.757813 0.105002
v 0.209635 0.759766 0.252783
v 0.063964 0.587892 0.299229
v 0.082965 0.593751 0.303450
v 0.101966 0.720704 0.189448
v 0.192744 0.626954 0.286561
v 0.177967 0.634766 0.273895
v 0.156856 0.638672 0.295006
v 0.177967 0.626954 0.311895
v 0.091410 0.875001 0.062779
v 0.002741 0.753907 0.225338
v 0.247635 0.703125 0.208449
v 0.239190 0.707032 0.219005
v 0.042854 0.685547 0.102891
v 0.042854 0.685547 0.102891
v -0.035259 0.695313 0.235894
v 0.203300 0.806641 0.143003
v 0.078743 0.736328 0.299229
v 0.063964 0.738282 0.288673
v 0.059743 0.742188 0.301339
v 0.059743 0.742188 0.301339
v 0.076632 0.738282 0.311895
v 0.078743 0.736328 0.299229
v 0.049187 0.830078 -0.011111
v 0.245523 0.673829 0.390008
v -0.020481 0.654297 0.136669
v 0.148411 0.679688 0.356229
v 0.203300 0.800782 0.164114
v 0.249746 0.699220 0.136669
v 0.061853 0.712891 0.204227
v 0.032298 0.726563 0.223226
v 0.133632 0.673829 0.259116
v 0.120966 0.675782 0.238005
v 0.123076 0.693359 0.250672
v 0.247635 0.718750 0.242227
v 0.165300 0.634766 0.337229
v -0.066927 0.712891 0.229561
v 0.015408 0.646485 0.130336
v 0.036519 0.712891 0.364674
v 0.034409 0.712891 0.368897
v 0.047075 0.722657 0.360452
v 0.047075 0.720704 0.358341
v 0.137855 0.728516 0.309784
v 0.222301 0.876954 0.060668
v 0.218079 0.898438 0.045890
v 0.222301 0.908204 0.045890
v 0.228634 0.894532 0.060668
v 0.114632 0.738282 0.098669
v 0.030186 0.585938 0.267561
v 0.053408 0.591797 0.250672
v -0.005704 0.601563 0.265450
v 0.006964 0.744141 0.071224
v 0.142077 0.718750 0.191560
v 0.137855 0.732423 0.164114
v 0.148411 0.738282 0.164114
v 0.158966 0.730469 0.191560
v 0.243413 0.750000 0.356229
v 0.256079 0.746094 0.349896
v 0.243413 0.757813 0.341452
v 0.253968 0.800782 0.231671
v 0.260302 0.810547 0.221116
v 0.226524 0.734375 0.379452
v 0.074520 0.740235 0.067001
v 0.063964 0.742188 0.077557
v 0.173745 0.791016 0.043779
v 0.142077 0.732423 0.326674
v 0.152633 0.742188 0.343563
v 0.180078 0.810547 0.064891
v 0.207523 0.662109 0.379452
v 0.074520 0.693359 0.233782
v -0.007815 0.769532 0.079669
v 0.226524 0.623047 0.360452
v 0.222301 0.638672 0.383674
v 0.190634 0.619141 0.352008
v 0.061853 0.710938 0.202116
v 0.023853 0.759766 0.109224
v 0.009075 0.773438 0.090225
v -0.022593 0.691407 0.248560
v -0.022593 0.693359 0.248560
v 0.317303 0.732423 0.214782
v 0.325747 0.744141 0.210560
v 0.317303 0.755860 0.229561
v 0.308858 0.744141 0.235894
v 0.215968 0.662109 0.392119
v 0.245523 0.673829 0.390008
v 0.237079 0.748048 0.261228
v 0.241302 0.755860 0.278117
v 0.059743 0.730469 0.352008
v 0.281413 0.783203 0.244338
v 0.283524 0.781251 0.246450
v 0.190634 0.732423 0.136669
v 0.087188 0.765626 0.143003
v 0.055520 0.742188 0.176782
v 0.241302 0.875001 0.214782
v 0.256079 0.722657 0.100779
v 0.218079 0.751953 0.358341
v 0.218079 0.755860 0.360452
v 0.209635 0.761719 0.347785
v 0.209635 0.759766 0.347785
v -0.043704 0.664063 0.100779
v -0.014148 0.662109 0.100779
v -0.012037 0.669922 0.092335
v -0.012037 0.669922 0.092335
v -0.043704 0.664063 0.100779
v 0.205412 0.642579 0.269672
v -0.092261 0.748048 0.088113
v 0.019630 0.738282 0.311895
v 0.019630 0.738282 0.292894
v -0.100705 0.744141 0.138781
v -0.107039 0.738282 0.159893
v 0.099854 0.816406 0.134559
v -0.033149 0.689454 0.240116
v -0.024704 0.693359 0.240116
v 0.165300 0.763673 0.271784
v 0.167411 0.750000 0.248560
v 0.256079 0.757813 0.100779
v 0.260302 0.816406 0.126114
v 0.228634 0.810547 0.121891
v 0.104077 0.730469 0.153558
v 0.266635 0.716798 0.263339
v 0.190634 0.826172 0.071224
v 0.114632 0.753907 0.026890
v 0.108299 0.763673 0.010001
v 0.270858 0.898438 0.214782
v 0.042854 0.720704 0.250672
v 0.032298 0.728516 0.263339
v 0.015408 0.738282 0.240116
v 0.021742 0.826172 0.098669
v 0.017520 0.832031 0.081780
v 0.017520 0.832031 0.081780
v 0.011185 0.818360 0.075446
v 0.013297 0.812501 0.090225
v -0.128151 0.707032 0.143003
v -0.121816 0.732423 0.119780
v 0.190634 0.759766 0.352008
v 0.209635 0.763673 0.345673
v 0.262412 0.804688 0.225338
v -0.096483 0.695313 0.128225
v -0.092261 0.708985 0.113447
v 0.251858 0.746094 0.257006
v 0.101966 0.654297 0.371007
v -0.107039 0.730469 0.147225
v 0.055520 0.621094 0.387896
v 0.059743 0.615235 0.396342
v 0.192744 0.906250 0.041667
v 0.196967 0.906250 0.041667
v 0.017520 0.732423 0.333007
v 0.173745 0.746094 0.153558
v 0.175855 0.773438 0.143003
v 0.165300 0.759766 0.162003
v 0.009075 0.783203 0.136669
v -0.096483 0.695313 0.128225
v -0.016260 0.691407 0.090225
v 0.139967 0.783203 0.147225
v -0.014148 0.791016 0.174670
v 0.302525 0.804688 0.202116
v 0.256079 0.660157 0.267561
v 0.279303 0.669922 0.254894
v 0.120966 0.849610 0.016334
v 0.112522 0.839844 0.003667
v 0.108299 0.859376 0.018445
v 0.313081 0.751953 0.124003
v -0.062704 0.775391 0.195782
v -0.062704 0.775391 0.195782
v -0.062704 0.771485 0.193671
v -0.075372 0.763673 0.193671
v 0.025964 0.845704 0.083890
v 0.021742 0.826172 0.098669
v 0.171634 0.791016 0.100779
v 0.175855 0.804688 0.083890
v 0.184300 0.802735 0.090225
v 0.175855 0.785157 0.111335
v 0.190634 0.869141 0.153558
v 0.279303 0.705079 0.216893
v 0.294080 0.710938 0.219005
v 0.279303 0.806641 0.219005
v 0.281413 0.808594 0.216893
v 0.260302 0.810547 0.221116
v 0.260302 0.810547 0.221116
v 0.004852 0.621094 0.360452
v -0.018370 0.634766 0.345673
v 0.002741 0.767578 0.214782
v -0.005704 0.771485 0.212672
v 0.209635 0.904297 0.090225
v 0.199079 0.910157 0.079669
v 0.239190 0.689454 0.132447
v 0.256079 0.644532 0.254894
v 0.281413 0.654297 0.271784
v 0.171634 0.748048 0.269672
v 0.142077 0.730469 0.282340
v 0.101966 0.724610 0.295006
v 0.091410 0.732423 0.303450
v -0.071149 0.775391 0.107114
v -0.060593 0.767578 0.094446
v -0.062704 0.662109 0.132447
v -0.081705 0.671875 0.134559
v -0.043704 0.755860 0.069113
v -0.007815 0.769532 0.079669
v 0.017520 0.783203 0.164114
v 0.013297 0.783203 0.168337
v 0.030186 0.730469 0.216893
v 0.015408 0.744141 0.225338
v 0.034409 0.726563 0.214782
v 0.237079 0.748048 0.102891
v 0.251858 0.632813 0.297117
v 0.243413 0.638672 0.269672
v 0.317303 0.804688 0.166226
v 0.321526 0.794922 0.151448
v 0.118855 0.794922 -0.011111
v 0.228634 0.810547 0.121891
v 0.270858 0.724610 0.100779
v 0.207523 0.845704 0.138781
v 0.232857 0.767578 0.276005
v 0.215968 0.765626 0.259116
v 0.308858 0.705079 0.204227
v 0.262412 0.703125 0.216893
v 0.163189 0.660157 0.238005
v 0.137855 0.675782 0.248560
v 0.298302 0.732423 0.240116
v 0.150522 0.814453 0.140892
v 0.150522 0.830078 0.145114
v 0.165300 0.833985 0.149337
v 0.163189 0.826172 0.147225
v -0.007815 0.638672 0.219005
v 0.063964 0.740235 0.324562
v 0.044964 0.716798 0.107114
v 0.032298 0.691407 0.102891
v 0.182190 0.830078 0.269672
v 0.175855 0.851563 0.244338
v 0.175855 0.833985 0.242227
v 0.177967 0.816406 0.261228
v 0.291969 0.757813 0.250672
v 0.272968 0.769532 0.254894
v 0.194856 0.724610 0.187338
v 0.253968 0.734375 0.364674
v 0.237079 0.744141 0.366785
v 0.211745 0.623047 0.295006
v 0.334192 0.791016 0.197893
v 0.342636 0.789063 0.187338
v 0.325747 0.806641 0.155670
v 0.319414 0.806641 0.170447
v 0.125188 0.603516 0.286561
v 0.106187 0.595704 0.261228
v 0.194856 0.853517 0.138781
v 0.059743 0.859376 0.100779
v 0.325747 0.738282 0.170447
v 0.266635 0.880860 0.244338
v 0.277191 0.892579 0.238005
v 0.256079 0.816406 0.153558
v 0.266635 0.818360 0.162003
v 0.266635 0.818360 0.157781
v 0.266635 0.818360 0.157781
v 0.251858 0.667970 0.244338
v 0.270858 0.687500 0.252783
v 0.118855 0.751953 0.124003
v 0.063964 0.781251 -0.013222
v 0.055520 0.806641 -0.015333
v 0.036519 0.796876 -0.006889
v 0.055520 0.777344 -0.009000
v 0.036519 0.796876 -0.006889
v 0.188523 0.738282 0.202116
v 0.087188 0.728516 0.119780
v 0.051298 0.734375 0.117670
v -0.014148 0.650391 0.360452
v 0.266635 0.728516 0.356229
v 0.251858 0.746094 0.257006
v -0.028926 0.623047 0.343563
v -0.005704 0.615235 0.364674
v 0.256079 0.800782 0.229561
v 0.253968 0.800782 0.231671
v 0.192744 0.648438 0.235894
v 0.199079 0.656250 0.227449
v 0.002741 0.767578 0.214782
v 0.000631 0.769532 0.223226
v 0.000631 0.792969 0.197893
v 0.002741 0.779298 0.197893
v 0.017520 0.689454 0.105002
v 0.025964 0.679688 0.126114
v 0.342636 0.755860 0.147225
v 0.125188 0.855469 0.029001
v 0.135744 0.849610 0.033223
v 0.104077 0.863281 0.003667
v 0.025964 0.679688 0.126114
v 0.306747 0.720704 0.219005
v 0.215968 0.621094 0.269672
v -0.016260 0.656250 0.248560
v -0.098594 0.738282 0.193671
v -0.102817 0.744141 0.176782
v -0.071149 0.775391 0.107114
v 0.059743 0.730469 0.189448
v 0.042854 0.736328 0.208449
v 0.294080 0.816406 0.130336
v 0.296192 0.816406 0.145114
v 0.137855 0.849610 0.077557
v 0.135744 0.849610 0.083890
v 0.146300 0.871094 0.081780
v 0.146300 0.865235 0.067001
v 0.015408 0.660157 0.208449
v 0.047075 0.679688 0.204227
v 0.049187 0.675782 0.204227
v 0.049187 0.675782 0.204227
v 0.015408 0.660157 0.206337
v 0.015408 0.660157 0.208449
v -0.007815 0.660157 0.126114
v 0.011185 0.667970 0.126114
v 0.106187 0.595704 0.261228
v 0.125188 0.603516 0.286561
v 0.173745 0.828126 0.151448
v 0.190634 0.818360 0.149337
v 0.215968 0.919922 0.039556
v 0.215968 0.919922 0.039556
v 0.192744 0.798828 0.200004
v 0.313081 0.746094 0.136669
v 0.321526 0.742188 0.153558
v 0.023853 0.759766 0.109224
v 0.015408 0.771485 0.107114
v 0.009075 0.767578 0.098669
v 0.009075 0.753907 0.090225
v 0.042854 0.736328 0.273895
v 0.213856 0.759766 0.269672
v 0.228634 0.759766 0.273895
v 0.237079 0.748048 0.261228
v 0.270858 0.687500 0.252783
v 0.275080 0.712891 0.257006
v 0.258191 0.697266 0.242227
v 0.047075 0.679688 0.204227
v 0.049187 0.673829 0.191560
v 0.066076 0.695313 0.176782
v 0.061853 0.710938 0.202116
v 0.161078 0.736328 0.362562
v 0.251858 0.792969 0.240116
v 0.251858 0.791016 0.238005
v 0.300414 0.753907 0.121891
v 0.304637 0.767578 0.126114
v 0.317303 0.759766 0.138781
v 0.313081 0.746094 0.136669
v 0.095632 0.873047 0.077557
v 0.321526 0.775391 0.134559
v 0.158966 0.779298 0.290784
v 0.218079 0.751953 0.358341
v 0.209635 0.759766 0.347785
v 0.091410 0.748048 0.143003
v 0.125188 0.759766 0.138781
v 0.125188 0.750000 0.140892
v 0.154744 0.814453 0.081780
v 0.154744 0.828126 0.071224
v 0.167411 0.828126 0.064891
v 0.163189 0.806641 0.081780
v 0.215968 0.654297 0.398452
v 0.194856 0.771485 0.252783
v 0.253968 0.861329 0.240116
v 0.247635 0.867188 0.229561
v -0.020481 0.648438 0.216893
v -0.052148 0.642579 0.197893
v 0.165300 0.728516 0.235894
v 0.137855 0.714844 0.246450
v 0.218079 0.755860 0.360452
v 0.203300 0.662109 0.235894
v -0.102817 0.744141 0.176782
v 0.262412 0.884766 0.244338
v 0.266635 0.880860 0.244338
v 0.277191 0.892579 0.238005
v 0.275080 0.896485 0.238005
v 0.133632 0.658204 0.276005
v 0.127299 0.673829 0.259116
v 0.245523 0.734375 0.257006
v 0.234968 0.738282 0.254894
v 0.253968 0.740235 0.265450
v 0.300414 0.769532 0.242227
v -0.107039 0.738282 0.159893
v 0.247635 0.675782 0.204227
v 0.127299 0.675782 0.259116
v 0.118855 0.689454 0.261228
v 0.017520 0.783203 0.164114
v 0.017520 0.732423 0.333007
v 0.053408 0.714844 0.168337
v 0.099854 0.726563 0.295006
v 0.089298 0.732423 0.299229
v -0.022593 0.677734 0.349896
v -0.028926 0.683595 0.333007
v 0.135744 0.636720 0.301339
v -0.026815 0.730469 0.073335
v 0.247635 0.718750 0.242227
v 0.256079 0.724610 0.248560
v 0.125188 0.730469 0.172559
v 0.142077 0.740235 0.174670
v 0.129411 0.746094 0.159893
v -0.094372 0.757813 0.181004
v -0.098594 0.761719 0.166226
v -0.085928 0.771485 0.164114
v -0.081705 0.769532 0.176782
v 0.218079 0.919922 0.064891
v 0.230746 0.712891 0.227449
v 0.213856 0.724610 0.231671
v 0.232857 0.843751 0.242227
v 0.234968 0.841797 0.235894
v 0.251858 0.863281 0.246450
v 0.127299 0.771485 -0.009000
v 0.110410 0.603516 0.358341
v 0.135744 0.628906 0.345673
v 0.125188 0.851563 0.100779
v -0.035259 0.658204 0.124003
v 0.262412 0.701172 0.254894
v -0.052148 0.634766 0.320340
v 0.228634 0.759766 0.273895
v 0.224412 0.765626 0.290784
v 0.234968 0.763673 0.295006
v 0.228634 0.759766 0.273895
v 0.047075 0.847656 0.153558
v 0.226524 0.687500 0.216893
v 0.222301 0.689454 0.214782
v -0.073260 0.781251 0.164114
v -0.066927 0.781251 0.174670
v 0.228634 0.716798 0.233782
v 0.245523 0.716798 0.240116
v 0.213856 0.878907 0.157781
v 0.209635 0.882813 0.170447
v 0.106187 0.783203 -0.021667
v 0.089298 0.759766 -0.013222
v 0.150522 0.751953 0.168337
v 0.099854 0.867188 0.029001
v -0.090149 0.759766 0.166226
v -0.081705 0.767578 0.164114
v -0.005704 0.666016 0.371007
v 0.006964 0.681641 0.377341
v 0.137855 0.851563 0.050112
v 0.158966 0.867188 0.221116
v 0.156856 0.871094 0.187338
v 0.156856 0.871094 0.187338
v 0.137855 0.875001 0.200004
v 0.158966 0.867188 0.221116
v 0.194856 0.818360 0.254894
v 0.182190 0.830078 0.269672
v 0.053408 0.722657 0.060668
v 0.061853 0.726563 0.033223
v -0.045815 0.658204 0.092335
v -0.016260 0.656250 0.092335
v 0.234968 0.675782 0.231671
v 0.234968 0.695313 0.229561
v 0.222301 0.695313 0.225338
v 0.222301 0.673829 0.229561
v 0.072409 0.611329 0.248560
v 0.308858 0.705079 0.204227
v 0.099854 0.757813 0.113447
v 0.158966 0.763673 0.149337
v 0.177967 0.779298 0.164114
v 0.158966 0.773438 0.022667
v 0.049187 0.722657 0.362562
v 0.047075 0.722657 0.360452
v 0.009075 0.816406 0.054335
v 0.180078 0.705079 0.195782
v 0.209635 0.693359 0.214782
v 0.184300 0.714844 0.216893
v 0.173745 0.720704 0.214782
v 0.228634 0.902345 0.086002
v 0.123076 0.687500 0.341452
v 0.120966 0.695313 0.330896
v 0.116743 0.701172 0.335118
v 0.123076 0.687500 0.343563
v 0.298302 0.689454 0.271784
v 0.211745 0.824219 0.233782
v 0.211745 0.669922 0.231671
v 0.087188 0.777344 -0.004777
v 0.047075 0.787110 -0.000555
v 0.040742 0.585938 0.240116
v 0.009075 0.603516 0.229561
v 0.040742 0.585938 0.240116
v 0.112522 0.646485 0.229561
v 0.009075 0.773438 0.090225
v 0.009075 0.767578 0.077557
v -0.001481 0.787110 0.067001
v 0.211745 0.863281 0.058557
v -0.104927 0.675782 0.204227
v -0.100705 0.683595 0.200004
v -0.115483 0.693359 0.172559
v -0.123928 0.687500 0.172559
v -0.014148 0.763673 0.088113
v -0.045815 0.751953 0.079669
v 0.327859 0.794922 0.138781
v -0.018370 0.585938 0.311895
v -0.031037 0.601563 0.333007
v -0.071149 0.779298 0.166226
v -0.073260 0.781251 0.164114
v -0.071149 0.734375 0.094446
v 0.006964 0.681641 0.377341
v -0.012037 0.693359 0.356229
v 0.327859 0.738282 0.189448
v 0.049187 0.750000 0.164114
v 0.061853 0.746094 0.149337
v 0.287747 0.792969 0.233782
v 0.256079 0.654297 0.244338
v 0.279303 0.669922 0.254894
v 0.232857 0.765626 0.328784
v 0.030186 0.775391 0.149337
v 0.346859 0.775391 0.168337
v 0.317303 0.712891 0.168337
v 0.300414 0.707032 0.143003
v 0.032298 0.708985 0.214782
v 0.072409 0.611329 0.248560
v 0.025964 0.785157 0.003667
v 0.049187 0.769532 -0.002667
v 0.171634 0.746094 0.187338
v 0.218079 0.919922 0.064891
v 0.222301 0.921875 0.048001
v 0.215968 0.923829 0.041667
v 0.207523 0.921875 0.056446
v 0.215968 0.654297 0.398452
v 0.129411 0.828126 0.007889
v 0.133632 0.642579 0.314006
v 0.127299 0.667970 0.345673
v 0.131521 0.652345 0.335118
v 0.127299 0.851563 0.164114
v 0.017520 0.775391 0.001556
v 0.230746 0.625000 0.299229
v 0.232857 0.634766 0.271784
v 0.173745 0.748048 0.360452
v 0.057631 0.708985 0.240116
v 0.085076 0.703125 0.246450
v 0.334192 0.771485 0.225338
v 0.253968 0.685547 0.248560
v -0.073260 0.671875 0.107114
v 0.030186 0.769532 0.136669
v 0.002741 0.681641 0.229561
v 0.237079 0.666016 0.227449
v 0.224412 0.666016 0.223226
v 0.226524 0.687500 0.216893
v 0.245523 0.687500 0.223226
v 0.306747 0.779298 0.132447
v 0.131521 0.853517 0.086002
v 0.302525 0.699220 0.176782
v -0.113372 0.720704 0.102891
v 0.101966 0.753907 -0.006889
v 0.133632 0.714844 0.320340
v 0.213856 0.759766 0.269672
v 0.272968 0.673829 0.352008
v 0.253968 0.679688 0.375230
v 0.110410 0.736328 0.164114
v 0.165300 0.753907 0.341452
v 0.023853 0.738282 0.081780
v -0.092261 0.748048 0.088113
v -0.060593 0.773438 0.083890
v 0.253968 0.732423 0.250672
v 0.249746 0.740235 0.254894
v 0.230746 0.767578 0.309784
v -0.115483 0.693359 0.172559
v -0.119706 0.710938 0.147225
v 0.080854 0.738282 0.166226
v 0.055520 0.742188 0.176782
v 0.019630 0.773438 0.083890
v 0.137855 0.691407 0.278117
v 0.070299 0.619141 0.216893
v 0.087188 0.742188 0.018445
v 0.247635 0.662109 0.235894
v 0.256079 0.654297 0.244338
v 0.066076 0.695313 0.176782
v 0.059743 0.681641 0.149337
v 0.074520 0.769532 0.126114
v 0.085076 0.783203 0.134559
v 0.120966 0.675782 0.238005
v 0.325747 0.744141 0.210560
v 0.078743 0.767578 0.138781
v 0.266635 0.820313 0.174670
v 0.180078 0.718750 0.219005
v 0.177967 0.734375 0.225338
v 0.258191 0.761719 0.292894
v 0.120966 0.775391 0.005778
v 0.129411 0.765626 0.024778
v 0.175855 0.806641 0.290784
v 0.047075 0.744141 0.311895
v 0.063964 0.730469 0.349896
v 0.135744 0.816406 -0.002667
v 0.137855 0.851563 0.050112
v 0.144188 0.845704 0.058557
v 0.230746 0.771485 0.271784
v 0.232857 0.767578 0.276005
v 0.283524 0.781251 0.246450
v 0.277191 0.751953 0.314006
v 0.283524 0.744141 0.301339
v 0.059743 0.755860 0.143003
v 0.256079 0.708985 0.229561
v 0.211745 0.664063 0.223226
v 0.144188 0.845704 0.058557
v -0.001481 0.578126 0.288673
v -0.016260 0.593751 0.263339
v -0.062704 0.662109 0.132447
v -0.079593 0.666016 0.153558
v -0.081705 0.671875 0.134559
v 0.144188 0.833985 0.010001
v 0.156856 0.742188 0.187338
v 0.158966 0.742188 0.191560
v 0.163189 0.751953 0.183115
v 0.163189 0.751953 0.176782
v 0.133632 0.757813 0.048001
v 0.023853 0.654297 0.195782
v 0.015408 0.660157 0.208449
v 0.304637 0.767578 0.126114
v 0.188523 0.857422 0.138781
v 0.188523 0.855469 0.140892
v 0.281413 0.783203 0.244338
v 0.131521 0.705079 0.301339
v 0.150522 0.656250 0.326674
v 0.264524 0.738282 0.263339
v 0.186411 0.785157 0.136669
v -0.077483 0.652345 0.172559
v 0.230746 0.625000 0.299229
v 0.184300 0.714844 0.216893
v 0.209635 0.693359 0.214782
v 0.272968 0.808594 0.223226
v 0.154744 0.787110 0.105002
v 0.144188 0.800782 0.105002
v 0.154744 0.808594 0.088113
v 0.163189 0.806641 0.081780
v -0.043704 0.654297 0.136669
v -0.064816 0.658204 0.149337
v 0.063964 0.607422 0.375230
v 0.213856 0.746094 0.242227
v 0.230746 0.748048 0.250672
v 0.120966 0.822267 0.132447
v 0.095632 0.738282 0.147225
v -0.071149 0.775391 0.107114
v 0.184300 0.751953 0.219005
v 0.188523 0.748048 0.240116
v 0.188523 0.746094 0.240116
v 0.087188 0.746094 0.130336
v -0.069037 0.775391 0.166226
v 0.106187 0.654297 0.242227
v 0.063964 0.759766 0.113447
v 0.099854 0.789063 -0.006889
v 0.108299 0.705079 0.347785
v 0.095632 0.710938 0.354118
v 0.133632 0.687500 0.320340
v 0.021742 0.812501 -0.009000
v 0.034409 0.787110 -0.015333
v 0.055520 0.621094 0.387896
v 0.019630 0.777344 0.098669
v 0.011185 0.587892 0.248560
v 0.009075 0.603516 0.229561
v 0.139967 0.660157 0.278117
v 0.144188 0.644532 0.303450
v 0.017520 0.828126 0.003667
v 0.161078 0.736328 0.362562
v 0.152633 0.742188 0.343563
v -0.056371 0.746094 0.090225
v -0.039482 0.755860 0.090225
v 0.294080 0.814453 0.145114
v 0.260302 0.818360 0.117670
v 0.260302 0.816406 0.126114
v 0.023853 0.818360 0.001556
v 0.342636 0.789063 0.187338
v 0.325747 0.806641 0.155670
v 0.308858 0.705079 0.204227
v 0.190634 0.638672 0.244338
v 0.161078 0.644532 0.252783
v 0.228634 0.816406 0.183115
v 0.220190 0.810547 0.193671
v 0.237079 0.816406 0.200004
v -0.113372 0.720704 0.102891
v 0.239190 0.751953 0.111335
v 0.038631 0.748048 0.010001
v 0.175855 0.804688 0.083890
v 0.171634 0.791016 0.100779
v -0.009925 0.607422 0.371007
v -0.005704 0.615235 0.364674
v 0.110410 0.691407 0.358341
v 0.072409 0.591797 0.354118
v 0.190634 0.826172 0.071224
v 0.154744 0.783203 0.307673
v -0.009925 0.607422 0.371007
v 0.104077 0.656250 0.229561
v 0.095632 0.628906 0.231671
v -0.003592 0.591797 0.358341
v -0.009925 0.607422 0.371007
v -0.035259 0.617188 0.347785
v 0.215968 0.923829 0.041667
v 0.243413 0.673829 0.238005
v 0.251858 0.695313 0.238005
v 0.268747 0.902345 0.219005
v 0.270858 0.898438 0.214782
v 0.091410 0.699220 0.368897
v 0.203300 0.806641 0.143003
v 0.146300 0.841797 0.069113
v 0.139967 0.847656 0.073335
v 0.047075 0.742188 0.115558
v 0.015408 0.744141 0.225338
v 0.030186 0.730469 0.216893
v 0.061853 0.730469 0.178892
v 0.055520 0.753907 0.155670
v 0.095632 0.628906 0.231671
v 0.215968 0.687500 0.149337
v -0.079593 0.681641 0.115558
v -0.128151 0.707032 0.143003
v -0.119706 0.710938 0.147225
v 0.133632 0.843751 0.100779
v 0.135744 0.849610 0.086002
v 0.023853 0.607422 0.387896
v 0.023853 0.615235 0.381563
v 0.180078 0.718750 0.219005
v 0.177967 0.734375 0.225338
v 0.175855 0.734375 0.225338
v 0.066076 0.695313 0.176782
v 0.028075 0.777344 0.115558
v 0.034409 0.728516 0.214782
v 0.034409 0.728516 0.214782
v 0.042854 0.728516 0.187338
v 0.042854 0.726563 0.187338
v 0.108299 0.656250 0.377341
v 0.099854 0.789063 -0.006889
v 0.167411 0.833985 0.062779
v 0.089298 0.732423 0.299229
v 0.078743 0.736328 0.299229
v 0.177967 0.818360 0.073335
v 0.175855 0.828126 0.064891
v 0.184300 0.802735 0.090225
v 0.283524 0.724610 0.105002
v 0.038631 0.777344 0.012112
v 0.175855 0.712891 0.229561
v 0.192744 0.691407 0.225338
v -0.069037 0.775391 0.166226
v 0.137855 0.714844 0.246450
v 0.165300 0.728516 0.235894
v 0.169522 0.730469 0.223226
v 0.133632 0.716798 0.235894
v 0.251858 0.632813 0.297117
v 0.139967 0.847656 0.073335
v 0.146300 0.841797 0.069113
v 0.004852 0.722657 0.269672
v 0.146300 0.810547 0.140892
v 0.129411 0.794922 0.132447
v 0.135744 0.652345 0.269672
v 0.199079 0.796876 0.128225
v 0.256079 0.724610 0.248560
v 0.023853 0.738282 0.081780
v 0.030186 0.732423 0.054335
v 0.279303 0.777344 0.117670
v 0.049187 0.730469 0.189448
v 0.047075 0.728516 0.195782
v 0.047075 0.710938 0.193671
v -0.014148 0.691407 0.242227
v 0.123076 0.695313 0.252783
v 0.277191 0.724610 0.254894
v 0.047075 0.742188 0.115558
v 0.047075 0.742188 0.117670
v 0.199079 0.796876 0.128225
v 0.213856 0.724610 0.231671
v 0.213856 0.724610 0.231671
v 0.213856 0.697266 0.223226
v 0.222301 0.673829 0.229561
v 0.213856 0.697266 0.223226
v 0.015408 0.738282 0.240116
v 0.038631 0.734375 0.269672
v 0.036519 0.740235 0.273895
v 0.013297 0.750000 0.250672
v 0.135744 0.679688 0.292894
v 0.057631 0.708985 0.240116
v 0.053408 0.714844 0.246450
v 0.015408 0.660157 0.100779
v 0.171634 0.835938 0.060668
v 0.167411 0.833985 0.062779
v 0.074520 0.757813 -0.002667
v 0.215968 0.720704 0.238005
v 0.218079 0.730469 0.242227
v 0.173745 0.818360 0.159893
v 0.205412 0.921875 0.041667
v 0.154744 0.812501 0.083890
v 0.249746 0.712891 0.246450
v 0.218079 0.710938 0.235894
v 0.009075 0.750000 0.225338
v 0.015408 0.738282 0.240116
v 0.013297 0.750000 0.250672
v 0.009075 0.750000 0.225338
v 0.089298 0.744141 0.143003
v 0.066076 0.748048 0.143003
v 0.275080 0.708985 0.124003
v 0.165300 0.738282 0.208449
v 0.137855 0.773438 0.136669
v 0.144188 0.771485 0.138781
v -0.020481 0.660157 0.240116
v 0.253968 0.732423 0.250672
v 0.110410 0.716798 0.295006
v 0.116743 0.708985 0.305562
v 0.114632 0.710938 0.290784
v 0.247635 0.699220 0.229561
v 0.228634 0.650391 0.246450
v 0.123076 0.693359 0.250672
v 0.133632 0.673829 0.259116
v 0.133632 0.673829 0.259116
v 0.123076 0.695313 0.252783
v 0.123076 0.693359 0.250672
v 0.030186 0.750000 0.096558
v 0.156856 0.742188 0.187338
v 0.161078 0.759766 0.157781
v 0.093521 0.798828 0.134559
v 0.228634 0.716798 0.233782
v 0.319414 0.806641 0.170447
v 0.177967 0.775391 0.126114
v 0.175855 0.775391 0.143003
v 0.177967 0.777344 0.140892
v 0.177967 0.777344 0.140892
v 0.177967 0.777344 0.126114
v 0.177967 0.775391 0.126114
v 0.021742 0.789063 0.134559
v 0.006964 0.792969 0.134559
v 0.152633 0.832031 0.069113
v 0.150522 0.833985 0.069113
v 0.074520 0.738282 0.007889
v 0.047075 0.732423 0.029001
v 0.038631 0.740235 0.020557
v 0.215968 0.701172 0.219005
v 0.218079 0.699220 0.216893
v 0.196967 0.791016 0.117670
v 0.177967 0.777344 0.126114
v 0.186411 0.785157 0.136669
v 0.186411 0.785157 0.136669
v 0.175855 0.843751 0.174670
v 0.125188 0.750000 0.140892
v 0.120966 0.697266 0.326674
v 0.118855 0.703125 0.316118
v 0.218079 0.919922 0.064891
v 0.171634 0.748048 0.269672
v 0.188523 0.746094 0.240116
v 0.177967 0.734375 0.225338
v 0.089298 0.748048 0.143003
v 0.066076 0.748048 0.143003
v 0.036519 0.699220 0.227449
v 0.120966 0.765626 0.138781
v 0.148411 0.779298 0.126114
v 0.167411 0.787110 0.105002
v 0.154744 0.777344 0.124003
v 0.015408 0.666016 0.107114
v 0.015408 0.666016 0.107114
v 0.137855 0.773438 0.136669
v 0.044964 0.757813 0.159893
v 0.042854 0.763673 0.157781
v 0.232857 0.746094 0.250672
v 0.245523 0.742188 0.254894
v 0.125188 0.615235 0.318228
v 0.133632 0.648438 0.330896
v 0.135744 0.636720 0.301339
v 0.279303 0.896485 0.227449
v 0.275080 0.896485 0.238005
v 0.275080 0.708985 0.124003
v 0.078743 0.605469 0.240116
v 0.078743 0.605469 0.240116
v 0.104077 0.703125 0.261228
v 0.118855 0.689454 0.265450
v 0.146300 0.839844 0.069113
v 0.188523 0.748048 0.240116
v 0.188523 0.750000 0.240116
v 0.177967 0.734375 0.225338
v 0.182190 0.728516 0.225338
v 0.135744 0.849610 0.083890
v 0.279303 0.896485 0.227449
v 0.270858 0.898438 0.235894
v 0.275080 0.896485 0.238005
v 0.137855 0.666016 0.276005
v 0.135744 0.677734 0.295006
v 0.135744 0.662109 0.337229
v 0.139967 0.652345 0.314006
v 0.245523 0.742188 0.254894
v 0.251858 0.667970 0.244338
v 0.256079 0.697266 0.240116
v 0.171634 0.833985 0.149337
v 0.171634 0.828126 0.151448
v 0.249746 0.712891 0.246450
v 0.251858 0.724610 0.254894
v 0.089298 0.753907 0.140892
v 0.099854 0.726563 0.295006
v 0.137855 0.644532 0.335118
v 0.135744 0.652345 0.347785
v 0.154744 0.808594 0.088113
v 0.144188 0.800782 0.105002
v 0.112522 0.710938 0.278117
v 0.106187 0.720704 0.288673
v 0.213856 0.693359 0.214782
v 0.129411 0.669922 0.358341
v 0.129411 0.681641 0.362562
v 0.118855 0.787110 0.126114
v 0.101966 0.794922 0.132447
v 0.093521 0.792969 0.134559
v 0.146300 0.839844 0.069113
v 0.023853 0.779298 0.162003
v 0.034409 0.773438 0.157781
v 0.044964 0.728516 0.197893
v 0.047075 0.728516 0.195782
v 0.044964 0.728516 0.187338
v 0.165300 0.769532 0.147225
v 0.161078 0.761719 0.155670
v 0.165300 0.759766 0.162003
v 0.175855 0.773438 0.143003
v 0.078743 0.755860 0.143003
v 0.089298 0.753907 0.140892
v 0.169522 0.804688 0.081780
v 0.165300 0.791016 0.100779
v 0.154744 0.787110 0.105002
v 0.169522 0.804688 0.081780
v 0.004852 0.785157 0.178892
v 0.004852 0.785157 0.181004
v 0.127299 0.667970 0.345673
v 0.131521 0.652345 0.335118
v 0.148411 0.812501 0.140892
v 0.150522 0.814453 0.140892
v 0.080854 0.708985 0.250672
v 0.186411 0.812501 0.181004
v 0.192744 0.804688 0.193671
v -0.005704 0.675782 0.233782
v 0.177967 0.855469 0.147225
v 0.180078 0.857422 0.145114
v 0.120966 0.679688 0.358341
v 0.116743 0.707032 0.314006
v 0.116743 0.707032 0.307673
v -0.007815 0.791016 0.056446
v 0.009075 0.750000 0.225338
v 0.251858 0.726563 0.254894
v 0.251858 0.726563 0.254894
v -0.016260 0.662109 0.219005
v 0.224412 0.638672 0.244338
v 0.135744 0.849610 0.086002
v 0.133632 0.843751 0.100779
v 0.125188 0.669922 0.345673
v 0.127299 0.667970 0.345673
v 0.129411 0.669922 0.358341
v 0.127299 0.675782 0.354118
v 0.125188 0.675782 0.271784
v 0.127299 0.671875 0.273895
v 0.209635 0.699220 0.223226
v 0.209635 0.699220 0.223226
v 0.188523 0.746094 0.240116
v 0.038631 0.769532 0.155670
v 0.213856 0.746094 0.242227
v 0.040742 0.734375 0.271784
v 0.165300 0.791016 0.151448
v 0.165300 0.789063 0.151448
v 0.175855 0.779298 0.147225
v 0.133632 0.654297 0.297117
v 0.154744 0.783203 0.307673
v 0.104077 0.722657 0.290784
v 0.213856 0.693359 0.214782
v 0.133632 0.800782 0.117670
v 0.125188 0.800782 0.126114
v 0.049187 0.742188 0.286561
v 0.118855 0.689454 0.261228
v 0.127299 0.675782 0.259116
v 0.125188 0.675782 0.271784
v 0.118855 0.689454 0.265450
v 0.032298 0.746094 0.105002
v 0.049187 0.753907 0.132447
v 0.059743 0.712891 0.244338
v 0.150522 0.779298 0.121891
v 0.139967 0.798828 0.109224
v 0.101966 0.794922 0.132447
v 0.101966 0.808594 0.134559
v 0.270858 0.697266 0.121891
v 0.131521 0.656250 0.288673
v 0.131521 0.654297 0.292894
v 0.180078 0.857422 0.145114
v 0.165300 0.791016 0.151448
v 0.165300 0.792969 0.151448
v 0.161078 0.761719 0.155670
v 0.165300 0.769532 0.147225
v 0.009075 0.660157 0.212672
v -0.005704 0.675782 0.233782
v 0.002741 0.681641 0.229561
v 0.133632 0.675782 0.354118
v 0.129411 0.669922 0.358341
v 0.042854 0.716798 0.090225
v 0.040742 0.734375 0.092335
v 0.099854 0.707032 0.261228
v 0.108299 0.707032 0.267561
v 0.112522 0.699220 0.267561
v 0.165300 0.792969 0.151448
v 0.177967 0.777344 0.140892
v 0.175855 0.775391 0.143003
v 0.093521 0.707032 0.257006
v 0.146300 0.810547 0.140892
v 0.148411 0.810547 0.143003
v 0.148411 0.812501 0.143003
v 0.148411 0.812501 0.143003
v 0.146300 0.810547 0.140892
v 0.279303 0.708985 0.246450
v 0.272968 0.697266 0.242227
v 0.234968 0.675782 0.231671
v 0.243413 0.673829 0.238005
v 0.251858 0.634766 0.263339
v 0.169522 0.855469 0.166226
v 0.049187 0.748048 0.117670
v 0.253968 0.689454 0.229561
v 0.245523 0.687500 0.223226
v 0.028075 0.777344 0.115558
v 0.171634 0.826172 0.153558
v 0.163189 0.751953 0.176782
v 0.165300 0.740235 0.195782
v 0.114632 0.707032 0.254894
v 0.112522 0.708985 0.276005
v 0.127299 0.707032 0.278117
v 0.127299 0.707032 0.278117
v 0.118855 0.697266 0.250672
v 0.114632 0.707032 0.254894
v 0.125188 0.802735 0.126114
v 0.101966 0.808594 0.134559
v 0.127299 0.671875 0.273895
v 0.125188 0.675782 0.271784
v 0.165300 0.738282 0.208449
v 0.165300 0.738282 0.208449
v 0.156856 0.740235 0.189448
v 0.021742 0.744141 0.079669
v 0.040742 0.734375 0.092335
v 0.127299 0.707032 0.278117
v 0.125188 0.695313 0.330896
v 0.127299 0.685547 0.339340
v 0.133632 0.679688 0.301339
v 0.099854 0.816406 0.134559
v 0.148411 0.812501 0.140892
v 0.150522 0.830078 0.145114
v 0.148411 0.812501 0.140892
v 0.080854 0.705079 0.225338
v 0.123076 0.693359 0.250672
v 0.004852 0.771485 0.086002
v 0.133632 0.683595 0.263339
v -0.005704 0.675782 0.233782
v -0.014148 0.691407 0.242227
v -0.033149 0.675782 0.259116
v 0.127299 0.667970 0.345673
v 0.123076 0.695313 0.252783
v 0.135744 0.679688 0.292894
v 0.112522 0.710938 0.278117
v 0.106187 0.720704 0.288673
v 0.112522 0.710938 0.278117
v 0.044964 0.728516 0.197893
v 0.034409 0.726563 0.214782
v 0.114632 0.707032 0.254894
v 0.108299 0.707032 0.267561
v 0.099854 0.707032 0.261228
v 0.099854 0.859376 -0.006889
v 0.104077 0.863281 0.003667
v 0.249746 0.712891 0.246450
v 0.262412 0.701172 0.254894
v 0.317303 0.804688 0.166226
v 0.296192 0.816406 0.145114
v 0.125188 0.621094 0.278117
v 0.125188 0.636720 0.263339
v 0.224412 0.638672 0.244338
v 0.256079 0.654297 0.244338
v 0.256079 0.644532 0.254894
v 0.108299 0.705079 0.246450
v 0.009075 0.703125 0.235894
v 0.011185 0.712891 0.244338
v -0.018370 0.703125 0.259116
v -0.014148 0.699220 0.244338
v 0.123076 0.822267 0.121891
v 0.099854 0.816406 0.134559
v 0.125188 0.804688 0.124003
v 0.167411 0.835938 0.151448
v 0.002741 0.763673 0.216893
v 0.173745 0.851563 0.149337
v 0.173745 0.847656 0.162003
v 0.074520 0.757813 -0.002667
v 0.133632 0.679688 0.301339
v 0.021742 0.781251 0.162003
v 0.047075 0.761719 0.136669
v 0.059743 0.755860 0.143003
v 0.042854 0.763673 0.157781
v 0.125188 0.669922 0.345673
v 0.169522 0.810547 0.077557
v 0.161078 0.759766 0.157781
v 0.015408 0.660157 0.100779
v 0.108299 0.705079 0.246450
v 0.101966 0.705079 0.250672
v 0.114632 0.707032 0.254894
v 0.123076 0.685547 0.343563
v 0.270858 0.697266 0.121891
v 0.167411 0.808594 0.153558
v 0.177967 0.812501 0.168337
v 0.180078 0.814453 0.170447
v 0.177967 0.845704 0.145114
v 0.125188 0.695313 0.330896
v 0.230746 0.767578 0.263339
v 0.232857 0.767578 0.276005
v 0.230746 0.771485 0.271784
v 0.135744 0.642579 0.311895
v 0.040742 0.734375 0.271784
v 0.116743 0.685547 0.261228
v 0.118855 0.689454 0.265450
v 0.150522 0.775391 0.128225
v 0.009075 0.660157 0.212672
v 0.015408 0.666016 0.107114
v 0.171634 0.833985 0.149337
v 0.129411 0.675782 0.354118
v 0.129411 0.669922 0.358341
v 0.129411 0.681641 0.362562
v 0.163189 0.757813 0.166226
v 0.218079 0.710938 0.235894
v 0.150522 0.833985 0.069113
v 0.009075 0.773438 0.090225
v 0.019630 0.777344 0.098669
v 0.015408 0.771485 0.107114
v 0.047075 0.744141 0.311895
v 0.169522 0.828126 0.064891
v 0.047075 0.742188 0.117670
v 0.175855 0.734375 0.225338
v 0.177967 0.734375 0.225338
v 0.059743 0.750000 0.130336
v 0.040742 0.767578 0.155670
v 0.038631 0.769532 0.155670
v 0.131521 0.654297 0.320340
v 0.173745 0.847656 0.162003
v 0.175855 0.843751 0.174670
v 0.249746 0.740235 0.254894
v 0.047075 0.753907 0.159893
v 0.133632 0.716798 0.235894
v 0.101966 0.705079 0.250672
v 0.114632 0.707032 0.254894
v 0.006964 0.755860 0.223226
v 0.009075 0.716798 0.238005
v 0.004852 0.703125 0.240116
v -0.022593 0.707032 0.252783
v 0.188523 0.750000 0.240116
v 0.135744 0.654297 0.280228
v 0.123076 0.695313 0.252783
v 0.146300 0.841797 0.069113
v 0.131521 0.652345 0.335118
v 0.177967 0.777344 0.126114
v 0.177967 0.777344 0.140892
v 0.245523 0.742188 0.254894
v 0.137855 0.861329 0.024778
v 0.152633 0.775391 0.126114
v 0.234968 0.697266 0.121891
v 0.177967 0.845704 0.145114
v 0.074520 0.591797 0.240116
v -0.045815 0.683595 0.269672
v 0.192744 0.832031 0.216893
v 0.133632 0.841797 0.102891
v 0.196967 0.808594 0.216893
v 0.040742 0.767578 0.155670
v 0.072409 0.718750 0.153558
v 0.063964 0.716798 0.166226
v 0.061853 0.710938 0.202116
v 0.173745 0.828126 0.151448
v 0.171634 0.822267 0.153558
v 0.167411 0.808594 0.153558
v 0.101966 0.730469 0.022667
v 0.091410 0.726563 0.031111
v 0.091410 0.812501 0.132447
v 0.097743 0.810547 0.134559
v 0.093521 0.798828 0.134559
v 0.133632 0.662109 0.337229
v 0.154744 0.812501 0.083890
v 0.137855 0.775391 0.136669
v 0.144188 0.644532 0.303450
v 0.009075 0.703125 0.235894
v 0.004852 0.703125 0.240116
v 0.011185 0.712891 0.244338
v 0.171634 0.835938 0.060668
v 0.004852 0.771485 0.086002
v 0.175855 0.779298 0.147225
v 0.177967 0.777344 0.140892
v 0.106187 0.783203 0.132447
v 0.093521 0.792969 0.134559
v 0.101966 0.794922 0.132447
v 0.002741 0.763673 0.216893
v 0.006964 0.755860 0.223226
v 0.066076 0.748048 0.143003
v 0.165300 0.847656 0.050112
v 0.118855 0.705079 0.311895
v 0.171634 0.826172 0.153558
v 0.040742 0.767578 0.155670
v 0.222301 0.689454 0.214782
v 0.087188 0.681641 0.214782
v 0.135744 0.654297 0.280228
v 0.131521 0.656250 0.288673
v 0.104077 0.722657 0.290784
v 0.049187 0.753907 0.132447
v 0.051298 0.751953 0.134559
v 0.059743 0.755860 0.143003
v 0.044964 0.736328 0.113447
v 0.133632 0.662109 0.337229
v 0.135744 0.662109 0.337229
v 0.133632 0.664063 0.337229
v 0.188523 0.748048 0.240116
v 0.129411 0.818360 0.117670
v 0.114632 0.707032 0.254894
v 0.118855 0.697266 0.250672
v 0.051298 0.744141 0.128225
v 0.047075 0.742188 0.117670
v 0.133632 0.648438 0.330896
v 0.182190 0.849610 0.143003
v 0.042854 0.763673 0.157781
v 0.044964 0.757813 0.159893
v 0.013297 0.783203 0.168337
v -0.007815 0.638672 0.219005
v -0.016260 0.658204 0.225338
v 0.118855 0.697266 0.250672
v 0.108299 0.707032 0.267561
v 0.114632 0.707032 0.254894
v 0.047075 0.761719 0.136669
v 0.059743 0.755860 0.143003
v 0.040742 0.767578 0.155670
v 0.218079 0.720704 0.231671
v 0.123076 0.693359 0.250672
v 0.139967 0.644532 0.322451
v 0.152633 0.832031 0.069113
v 0.137855 0.849610 0.077557
v 0.171634 0.826172 0.153558
v 0.114632 0.708985 0.286561
v 0.049187 0.750000 0.164114
v 0.165300 0.789063 0.151448
v 0.112522 0.708985 0.276005
v 0.171634 0.828126 0.151448
v 0.004852 0.708985 0.238005
v -0.014148 0.699220 0.244338
v 0.137855 0.652345 0.286561
v 0.148411 0.632813 0.290784
v 0.133632 0.642579 0.314006
v 0.135744 0.642579 0.311895
v 0.253968 0.689454 0.229561
v 0.142077 0.648438 0.318228
v 0.218079 0.720704 0.231671
v 0.215968 0.720704 0.238005
v 0.076632 0.724610 0.035334
v 0.061853 0.726563 0.033223
v 0.177967 0.818360 0.073335
v 0.097743 0.585938 0.267561
v 0.215968 0.919922 0.039556
v 0.205412 0.921875 0.041667
v 0.131521 0.654297 0.320340
v -0.001481 0.787110 0.067001
v -0.016260 0.662109 0.219005
v 0.165300 0.740235 0.195782
v 0.051298 0.841797 -0.015333
v 0.085076 0.855469 -0.011111
v 0.099854 0.859376 -0.006889
v 0.040742 0.734375 0.092335
v 0.133632 0.648438 0.330896
v 0.040742 0.595704 0.229561
v 0.074520 0.591797 0.240116
v 0.173745 0.742188 0.221116
v 0.118855 0.697266 0.250672
v 0.131521 0.654297 0.292894
v 0.125188 0.800782 0.126114
v 0.129411 0.794922 0.132447
v 0.165300 0.769532 0.147225
v 0.004852 0.785157 0.178892
v 0.163189 0.826172 0.147225
v 0.127299 0.685547 0.339340
v 0.108299 0.705079 0.246450
v 0.015408 0.771485 0.107114
v 0.047075 0.761719 0.136669
v 0.040742 0.767578 0.155670
v 0.042854 0.763673 0.157781
v 0.196967 0.810547 0.219005
v 0.004852 0.761719 0.077557
v -0.014148 0.699220 0.244338
v -0.022593 0.691407 0.248560
v 0.051298 0.742188 0.170447
v 0.032298 0.728516 0.263339
v 0.023853 0.748048 0.094446
v 0.125188 0.804688 0.124003
v 0.192744 0.798828 0.200004
v 0.127299 0.673829 0.259116
v 0.047075 0.742188 0.117670
v 0.055520 0.708985 0.126114
v 0.135744 0.642579 0.309784
v 0.137855 0.652345 0.286561
v 0.114632 0.707032 0.254894
v 0.004852 0.771485 0.086002
v 0.167411 0.835938 0.151448
v 0.167411 0.837892 0.151448
v 0.165300 0.791016 0.100779
v 0.032298 0.746094 0.105002
v 0.251858 0.724610 0.254894
v 0.047075 0.761719 0.136669
v 0.133632 0.675782 0.354118
v 0.106187 0.783203 0.132447
v 0.091410 0.812501 0.132447
v 0.093521 0.792969 0.134559
v 0.112522 0.699220 0.267561
v 0.165300 0.728516 0.235894
v 0.127299 0.675782 0.354118
v 0.129411 0.675782 0.354118
v 0.044964 0.736328 0.113447
v 0.093521 0.792969 0.134559
v 0.148411 0.779298 0.126114
v 0.023853 0.748048 0.094446
v 0.108299 0.707032 0.267561
v 0.161078 0.787110 0.105002
v 0.004852 0.785157 0.178892
v 0.004852 0.785157 0.181004
v 0.129411 0.818360 0.117670
v 0.009075 0.703125 0.235894
v 0.004852 0.703125 0.240116
v 0.173745 0.818360 0.159893
v 0.232857 0.746094 0.250672
v 0.139967 0.798828 0.109224
v 0.163189 0.771485 0.149337
v 0.165300 0.779298 0.149337
v 0.175855 0.828126 0.064891
v 0.177967 0.818360 0.073335
v 0.165300 0.783203 0.149337
v 0.165300 0.779298 0.149337
v 0.163189 0.757813 0.166226
v 0.061853 0.712891 0.204227
v 0.133632 0.841797 0.102891
v 0.061853 0.712891 0.204227
v 0.165300 0.833985 0.149337
v 0.038631 0.734375 0.269672
v 0.146300 0.810547 0.140892
v 0.150522 0.830078 0.145114
v 0.148411 0.810547 0.143003
v 0.066076 0.710938 0.244338
v 0.171634 0.773438 0.132447
v 0.163189 0.751953 0.183115
v 0.165300 0.783203 0.149337
v 0.228634 0.917970 0.058557
v 0.230746 0.912109 0.069113
v 0.047075 0.761719 0.003667
v 0.213856 0.712891 0.235894
v 0.125188 0.671875 0.345673
v 0.281413 0.808594 0.216893
v 0.034409 0.728516 0.214782
v 0.129411 0.820313 0.117670
v 0.123076 0.683595 0.343563
v 0.051298 0.751953 0.134559
v 0.047075 0.761719 0.136669
v 0.059743 0.755860 0.143003
v 0.047075 0.679688 0.204227
v 0.002741 0.783203 0.185226
v 0.006964 0.808594 0.174670
v 0.049187 0.730469 0.189448
v 0.188523 0.857422 0.138781
v 0.061853 0.710938 0.202116
v 0.013297 0.658204 0.200004
v 0.009075 0.660157 0.212672
v 0.015408 0.660157 0.208449
v 0.165300 0.769532 0.147225
v -0.014148 0.691407 0.242227
v 0.133632 0.675782 0.354118
v 0.009075 0.660157 0.212672
v 0.239190 0.712891 0.242227
v 0.009075 0.660157 0.212672
v 0.053408 0.714844 0.246450
v 0.072409 0.718750 0.153558
v 0.063964 0.716798 0.166226
v 0.061853 0.712891 0.204227
v 0.266635 0.818360 0.157781
v 0.266635 0.820313 0.174670
v 0.266635 0.818360 0.162003
v 0.137855 0.849610 0.077557
v -0.020481 0.648438 0.216893
v 0.129411 0.794922 0.132447
v 0.177967 0.818360 0.073335
v 0.078743 0.755860 0.143003
v 0.049187 0.753907 0.132447
v 0.047075 0.761719 0.136669
v 0.055520 0.753907 0.155670
v 0.188523 0.746094 0.240116
v 0.188523 0.748048 0.240116
v 0.144188 0.771485 0.138781
v 0.177967 0.777344 0.140892
v 0.097743 0.810547 0.134559
v 0.101966 0.625000 0.240116
v 0.177967 0.777344 0.126114
v 0.171634 0.773438 0.132447
v 0.186411 0.785157 0.136669
v 0.066076 0.710938 0.244338
v 0.059743 0.755860 0.143003
v 0.131521 0.652345 0.335118
v 0.009075 0.716798 0.238005
v 0.011185 0.712891 0.244338
v 0.004852 0.703125 0.240116
v 0.133632 0.800782 0.117670
v 0.123076 0.683595 0.343563
v 0.125188 0.671875 0.345673
v 0.063964 0.712891 0.197893
v 0.116743 0.707032 0.307673
v 0.118855 0.705079 0.311895
v 0.125188 0.695313 0.330896
v 0.047075 0.728516 0.195782
v 0.125188 0.669922 0.345673
v 0.127299 0.673829 0.259116
v 0.133632 0.673829 0.259116
v 0.133632 0.658204 0.276005
v 0.009075 0.773438 0.090225
v 0.123076 0.685547 0.343563
v 0.150522 0.769532 0.140892
v 0.171634 0.835938 0.060668
v 0.047075 0.742188 0.115558
v 0.279303 0.708985 0.246450
v 0.049187 0.742188 0.286561
v 0.099854 0.816406 0.134559
v 0.163189 0.771485 0.149337
v 0.188523 0.746094 0.240116
v 0.072409 0.707032 0.233782
v 0.258191 0.820313 0.191560
v 0.127299 0.667970 0.345673
v 0.034409 0.728516 0.214782
v 0.230746 0.748048 0.250672
v 0.040742 0.734375 0.271784
v 0.051298 0.742188 0.170447
v 0.228634 0.810547 0.121891
v 0.040742 0.748048 0.107114
v -0.014148 0.699220 0.244338
v 0.097743 0.810547 0.134559
v 0.194856 0.730469 0.231671
v 0.188523 0.746094 0.240116
v 0.199079 0.732423 0.233782
v -0.012037 0.697266 0.242227
v 0.135744 0.642579 0.311895
v 0.034409 0.773438 0.157781
v 0.059743 0.712891 0.244338
v 0.116743 0.708985 0.305562
v 0.116743 0.707032 0.307673
v 0.125188 0.695313 0.330896
v 0.116743 0.708985 0.305562
v 0.215968 0.765626 0.259116
v 0.232857 0.767578 0.276005
v 0.230746 0.767578 0.263339
v 0.093521 0.792969 0.134559
v 0.112522 0.699220 0.267561
v 0.196967 0.808594 0.216893
v 0.196967 0.810547 0.219005
v 0.123076 0.683595 0.343563
v 0.173745 0.847656 0.162003
v 0.154744 0.814453 0.081780
v 0.066076 0.710938 0.244338
v 0.004852 0.761719 0.077557
v 0.013297 0.658204 0.200004
v 0.009075 0.660157 0.212672
v -0.020481 0.648438 0.216893
v 0.095632 0.628906 0.231671
v 0.175855 0.734375 0.225338
v 0.125188 0.800782 0.126114
v 0.135744 0.652345 0.269672
v 0.135744 0.642579 0.311895
v 0.135744 0.642579 0.309784
v 0.023853 0.738282 0.081780
v 0.205412 0.734375 0.233782
v 0.135744 0.654297 0.280228
v 0.028075 0.777344 0.115558
v 0.006964 0.767578 0.075446
v 0.114632 0.707032 0.254894
v -0.098594 0.107422 0.100779
v -0.096483 0.117188 0.105002
v -0.100705 0.117188 0.105002
v -0.102817 0.109376 0.102891
v -0.210485 0.376954 -0.042778
v -0.208373 0.365235 -0.038557
v -0.210485 0.378907 -0.028001
v -0.212596 0.382813 -0.038557
v 0.260302 0.550782 -0.266560
v 0.296192 0.550782 -0.222226
v 0.308858 0.564453 -0.230672
v 0.270858 0.564453 -0.277116
v -0.123928 0.564453 0.064891
v -0.094372 0.564453 0.098669
v -0.075372 0.570313 0.060668
v -0.111261 0.570313 0.001556
v -0.005704 0.564453 -0.118779
v -0.007815 0.564453 -0.099780
v -0.009925 0.574219 -0.104002
v -0.007815 0.574219 -0.123002
v -0.047927 0.109376 0.138781
v -0.050038 0.105469 0.149337
v -0.056371 0.125001 0.151448
v -0.052148 0.125001 0.138781
v -0.161929 0.425782 0.115558
v -0.166151 0.437500 0.113447
v -0.164040 0.437500 0.107114
v -0.159817 0.425782 0.109224
v -0.185151 0.343751 0.043779
v -0.170373 0.369141 0.081780
v -0.204152 0.560547 0.073335
v -0.225264 0.560547 0.024778
v 0.158966 0.007814 -0.260227
v 0.120966 0.007814 -0.277116
v 0.114632 0.560547 -0.372118
v 0.167411 0.560547 -0.357340
v 0.249746 0.000000 -0.133558
v 0.264524 0.007814 -0.139892
v 0.277191 0.007814 -0.099780
v 0.260302 0.000000 -0.097669
v -0.100705 0.007814 -0.209560
v -0.123928 0.007814 -0.175781
v -0.204152 0.560547 -0.215893
v -0.174595 0.560547 -0.262338
v -0.212596 0.380860 -0.055446
v -0.214708 0.394532 -0.044890
v -0.216819 0.406250 -0.040667
v -0.242153 0.560547 -0.066001
v -0.168262 0.550782 0.092335
v -0.193596 0.550782 0.043779
v -0.210485 0.564453 0.050112
v -0.183040 0.564453 0.100779
v -0.216819 0.287110 0.107114
v -0.145040 0.332031 0.130336
v -0.166151 0.367188 0.086002
v -0.170373 0.369141 0.081780
v 0.158966 0.007814 0.130336
v 0.192744 0.007814 0.109224
v 0.256079 0.560547 0.176782
v 0.211745 0.560547 0.208449
v -0.237930 0.560547 -0.114558
v -0.242153 0.560547 -0.066001
v -0.229485 0.564453 -0.066001
v -0.225264 0.564453 -0.120891
v 0.078743 0.000000 0.134559
v 0.080854 0.007814 0.151448
v 0.040742 0.007814 0.151448
v 0.042854 0.000000 0.134559
v -0.153484 0.453125 0.121891
v -0.145040 0.449219 0.130336
v -0.136595 0.560547 0.168337
v -0.174595 0.560547 0.121891
v -0.100705 0.007814 0.081780
v -0.071149 0.007814 0.109224
v -0.090149 0.070313 0.100779
v -0.096483 0.060547 0.092335
v 0.028075 0.574219 -0.167337
v 0.013297 0.574219 -0.156781
v -0.014148 0.808594 -0.251782
v 0.000631 0.806641 -0.260227
v 0.078743 0.197266 0.183115
v 0.082965 0.208985 0.185226
v 0.061853 0.302735 0.200004
v 0.053408 0.154297 0.174670
v 0.209635 0.000000 0.071224
v 0.222301 0.007814 0.081780
v 0.192744 0.007814 0.109224
v 0.182190 0.000000 0.096558
v -0.005704 0.564453 -0.118779
v 0.000631 0.564453 -0.137780
v -0.018370 0.570313 -0.150448
v -0.028926 0.570313 -0.125114
v -0.225264 0.560547 -0.167337
v -0.210485 0.564453 -0.177893
v -0.176707 0.166016 0.092335
v -0.168262 0.166016 0.098669
v -0.212596 0.277344 0.115558
v -0.221041 0.275391 0.107114
v 0.044964 0.574219 -0.036445
v 0.063964 0.574219 -0.036445
v 0.030186 0.855469 -0.148336
v 0.013297 0.853517 -0.148336
v 0.120966 0.564453 -0.080779
v 0.112522 0.564453 -0.063890
v 0.135744 0.570313 -0.047001
v 0.146300 0.570313 -0.070223
v -0.016260 0.173829 0.178892
v 0.002741 0.173829 0.183115
v 0.006964 0.183595 0.174670
v -0.016260 0.177734 0.174670
v 0.262412 0.000000 -0.066001
v 0.279303 0.007814 -0.066001
v 0.277191 0.007814 -0.023778
v 0.260302 0.000000 -0.025889
v 0.099854 0.564453 -0.152558
v 0.082965 0.564453 -0.163114
v 0.080854 0.574219 -0.167337
v 0.097743 0.574219 -0.156781
v -0.115483 0.082031 0.079669
v -0.109150 0.089844 0.088113
v -0.128151 0.154297 0.077557
v -0.132372 0.146485 0.071224
v -0.016260 0.078126 0.155670
v -0.033149 0.083985 0.149337
v -0.031037 0.083985 0.143003
v -0.003592 0.074219 0.151448
v -0.138707 0.322267 0.138781
v 0.034409 0.173829 0.176782
v 0.038631 0.277344 0.195782
v 0.028075 0.273438 0.195782
v 0.023853 0.175782 0.176782
v -0.090149 0.082031 0.102891
v -0.094372 0.080079 0.102891
v -0.094372 0.070313 0.102891
v -0.043704 0.560547 -0.357340
v -0.050038 0.564453 -0.344673
v 0.006964 0.564453 -0.361562
v 0.009075 0.560547 -0.372118
v 0.078743 0.355469 0.246450
v 0.085076 0.369141 0.244338
v -0.012037 0.435547 0.246450
v -0.016260 0.425782 0.250672
v 0.230746 0.000000 -0.167337
v 0.247635 0.007814 -0.175781
v -0.168262 0.550782 -0.222226
v -0.193596 0.550782 -0.171558
v -0.142928 0.564453 -0.152558
v -0.123928 0.564453 -0.192670
v -0.123928 0.007814 0.050112
v -0.107039 0.062501 0.083890
v -0.111261 0.070313 0.079669
v -0.102817 0.089844 0.094446
v -0.098594 0.089844 0.096558
v -0.104927 0.105469 0.096558
v 0.055520 0.105469 0.166226
v 0.061853 0.132813 0.170447
v 0.047075 0.125001 0.185226
v 0.042854 0.105469 0.181004
v -0.007815 0.574219 -0.085001
v -0.035259 0.828126 -0.190559
v -0.037371 0.822267 -0.207448
v -0.007815 0.574219 -0.085001
v 0.000631 0.574219 -0.068112
v -0.028926 0.835938 -0.175781
v -0.035259 0.828126 -0.190559
v 0.336303 0.550782 -0.118779
v 0.321526 0.550782 -0.171558
v 0.270858 0.564453 -0.152558
v 0.283524 0.564453 -0.108225
v -0.123928 0.000000 0.007889
v -0.140817 0.007814 0.014222
v -0.149261 0.007814 -0.023778
v -0.132372 0.000000 -0.025889
v -0.100705 0.367188 0.155670
v -0.056371 0.458985 0.197893
v -0.092261 0.560547 0.197893
v -0.136595 0.560547 0.168337
v 0.167411 0.550782 -0.329895
v 0.218079 0.550782 -0.302450
v 0.226524 0.564453 -0.317229
v 0.226524 0.564453 -0.317229
v 0.173745 0.564453 -0.344673
v 0.167411 0.550782 -0.329895
v 0.061853 0.550782 -0.351007
v 0.011185 0.550782 -0.346784
v 0.021742 0.564453 -0.294005
v 0.061853 0.564453 -0.298228
v 0.006964 0.000000 -0.260227
v 0.000631 0.007814 -0.277116
v 0.040742 0.007814 -0.283449
v 0.042854 0.000000 -0.266560
v 0.247635 0.571846 -0.095557
v 0.222301 0.571155 -0.000555
v 0.247635 0.571846 -0.030112
v 0.287747 0.564453 -0.066001
v -0.208373 0.365235 -0.038557
v -0.210485 0.376954 -0.042778
v -0.216819 0.375001 -0.044890
v -0.214708 0.365235 -0.040667
v -0.113372 0.125001 0.088113
v -0.107039 0.128907 0.096558
v -0.100705 0.201173 0.117670
v 0.091410 0.212891 0.189448
v 0.104077 0.212891 0.187338
v 0.104077 0.214844 0.183115
v 0.091410 0.216798 0.185226
v 0.260302 0.550782 0.134559
v 0.218079 0.550782 0.170447
v 0.226524 0.564453 0.185226
v 0.270858 0.564453 0.147225
v 0.000631 0.007814 -0.277116
v -0.037371 0.007814 -0.260227
v -0.092261 0.560547 -0.334118
v -0.043704 0.560547 -0.357340
v 0.150522 0.000000 -0.245449
v 0.158966 0.007814 -0.260227
v 0.192744 0.007814 -0.239116
v 0.182190 0.000000 -0.226449
v 0.080854 0.197266 0.187338
v 0.114632 0.185547 0.181004
v 0.116743 0.197266 0.183115
v 0.082965 0.207032 0.189448
v 0.082965 0.564453 -0.038557
v 0.099854 0.564453 -0.049111
v 0.097743 0.574219 -0.053334
v 0.080854 0.574219 -0.042778
v -0.043704 0.550782 -0.329895
v -0.020481 0.564453 -0.279228
v -0.014148 0.080079 0.159893
v -0.031037 0.087892 0.155670
v -0.208373 0.355469 -0.047001
v -0.214708 0.357422 -0.047001
v 0.120966 0.564453 -0.118779
v 0.123076 0.564453 -0.099780
v 0.150522 0.570313 -0.095557
v 0.146300 0.570313 -0.125114
v -0.149261 0.007814 -0.023778
v -0.140817 0.007814 0.014222
v -0.164040 0.166016 0.020557
v -0.178818 0.179688 -0.025889
v 0.061853 0.550782 0.216893
v 0.011185 0.550782 0.212672
v 0.006964 0.564453 0.227449
v 0.061853 0.564453 0.233782
v -0.123928 0.000000 -0.133558
v -0.140817 0.007814 -0.139892
v -0.123928 0.007814 -0.175781
v -0.109150 0.000000 -0.167337
v 0.061853 0.402345 0.219005
v 0.004852 0.447266 0.219005
v -0.012037 0.435547 0.246450
v 0.085076 0.369141 0.244338
v -0.142928 0.150391 0.058557
v 0.082965 0.564453 -0.163114
v 0.099854 0.564453 -0.152558
v 0.118855 0.570313 -0.169448
v 0.095632 0.570313 -0.184226
v 0.110410 0.574219 -0.068112
v 0.118855 0.574219 -0.085001
v 0.087188 0.851563 -0.188448
v 0.078743 0.855469 -0.173670
v 0.118855 0.197266 0.176782
v 0.114632 0.208985 0.181004
v 0.112522 0.207032 0.185226
v -0.045815 0.105469 0.155670
v -0.052148 0.125001 0.157781
v 0.112522 0.564453 -0.137780
v 0.135744 0.570313 -0.150448
v -0.071149 0.007814 -0.239116
v -0.136595 0.560547 -0.302450
v -0.161929 0.564453 -0.066001
v -0.155596 0.564453 -0.017445
v -0.117595 0.570313 -0.066001
v -0.176707 0.166016 0.092335
v -0.221041 0.275391 0.107114
v -0.229485 0.273438 -0.013222
v -0.199929 0.193359 -0.032222
v -0.109150 0.000000 0.041667
v -0.123928 0.007814 0.050112
v -0.140817 0.437500 0.134559
v -0.145040 0.449219 0.130336
v -0.149261 0.447266 0.132447
v -0.147151 0.437500 0.134559
v -0.043704 0.550782 0.195782
v 0.021742 0.564453 0.162003
v -0.020481 0.564453 0.149337
v -0.047927 0.146485 0.164114
v 0.040742 0.146485 0.187338
v 0.023853 0.164063 0.187338
v -0.035259 0.164063 0.170447
v -0.195707 0.304688 -0.013222
v -0.210485 0.390625 -0.015333
v 0.264524 0.007814 -0.139892
v 0.247635 0.007814 -0.175781
v 0.298302 0.560547 -0.262338
v 0.327859 0.560547 -0.215893
v 0.061853 0.564453 0.166226
v 0.047075 0.570313 0.121891
v -0.018370 0.570313 0.102891
v -0.037371 0.167970 0.166226
v -0.016260 0.177734 0.174670
v -0.022593 0.177734 0.164114
v -0.035259 0.171875 0.157781
v -0.147151 0.425782 0.132447
v -0.161929 0.447266 0.117670
v -0.060593 0.000000 0.096558
v -0.071149 0.007814 0.109224
v -0.100705 0.007814 0.081780
v -0.088038 0.000000 0.071224
v 0.011185 0.550782 -0.346784
v 0.061853 0.550782 -0.351007
v 0.061853 0.564453 -0.367896
v 0.047075 0.564453 -0.032222
v 0.066076 0.564453 -0.032222
v 0.110410 0.574219 -0.142003
v 0.066076 0.820313 -0.258116
v 0.078743 0.826172 -0.247561
v 0.104077 0.214844 0.183115
v 0.114632 0.208985 0.181004
v 0.167411 0.560547 0.227449
v 0.167411 0.560547 0.227449
v 0.114632 0.560547 0.240116
v 0.104077 0.214844 0.183115
v -0.218929 0.386720 -0.036445
v -0.221041 0.394532 -0.040667
v -0.005704 0.564453 -0.080779
v 0.000631 0.564453 -0.063890
v -0.216819 0.384766 -0.025889
v 0.118855 0.574219 -0.123002
v 0.110410 0.574219 -0.142003
v 0.078743 0.826172 -0.247561
v 0.087188 0.833985 -0.232782
v -0.193596 0.199219 -0.042778
v -0.199929 0.193359 -0.032222
v -0.229485 0.273438 -0.013222
v -0.223152 0.277344 -0.023778
v 0.047075 0.125001 0.185226
v 0.063964 0.857422 -0.161004
v -0.237930 0.560547 -0.025889
v -0.225264 0.560547 0.024778
v -0.210485 0.564453 0.050112
v -0.225264 0.564453 -0.004777
v 0.080854 0.007814 -0.283449
v 0.061853 0.560547 -0.378452
v 0.222301 0.564453 0.098669
v 0.249746 0.564453 0.064891
v 0.222301 0.570313 0.035334
v 0.175855 0.571846 0.083890
v -0.193596 0.550782 0.043779
v -0.208373 0.550782 -0.006889
v 0.264524 0.007814 0.014222
v 0.249746 0.000000 0.007889
v -0.113372 0.070313 0.083890
v -0.115483 0.080079 0.083890
v 0.264524 0.007814 0.014222
v 0.277191 0.007814 -0.023778
v 0.363749 0.560547 -0.004777
v 0.348971 0.560547 0.045890
v 0.000631 0.007814 0.143003
v 0.006964 0.000000 0.128225
v 0.116743 0.550782 0.212672
v 0.167411 0.550782 0.195782
v 0.148411 0.564453 0.149337
v 0.106187 0.564453 0.162003
v -0.212596 0.550782 -0.066001
v -0.208373 0.550782 -0.118779
v 0.013297 0.564453 -0.049111
v 0.000631 0.564453 -0.063890
v -0.018370 0.570313 -0.047001
v -0.001481 0.570313 -0.025889
v -0.037371 0.007814 0.130336
v -0.047927 0.109376 0.138781
v -0.052148 0.125001 0.138781
v -0.216819 0.416016 -0.030112
v -0.237930 0.560547 -0.025889
v 0.089298 0.177734 0.183115
v 0.082965 0.185547 0.185226
v 0.082965 0.185547 0.181004
v 0.089298 0.177734 0.178892
v -0.035259 0.816406 -0.224337
v -0.134484 0.550782 0.134559
v 0.148411 0.564453 -0.279228
v 0.188523 0.564453 -0.258116
v -0.216819 0.394532 -0.011111
v -0.216819 0.394532 -0.011111
v -0.218929 0.406250 -0.009000
v -0.223152 0.406250 -0.038557
v -0.221041 0.394532 -0.040667
v -0.140817 0.007814 -0.139892
v -0.225264 0.560547 -0.167337
v 0.061853 0.402345 0.219005
v 0.066076 0.400391 0.219005
v 0.061853 0.560547 0.244338
v -0.193596 0.324219 0.012112
v -0.210485 0.394532 -0.011111
v -0.043704 0.474610 0.206337
v 0.004852 0.447266 0.219005
v 0.009075 0.560547 0.240116
v -0.043704 0.560547 0.223226
v 0.093521 0.373047 0.231671
v 0.066076 0.400391 0.219005
v 0.000631 0.574219 -0.142003
v -0.026815 0.812501 -0.239116
v -0.060593 0.564453 -0.258116
v -0.094372 0.564453 -0.228560
v -0.075372 0.570313 -0.196892
v -0.018370 0.570313 -0.239116
v 0.120966 0.574219 -0.104002
v 0.091410 0.839844 -0.215893
v 0.049187 0.857422 -0.152558
v 0.017520 0.269532 0.193671
v 0.011185 0.273438 0.191560
v -0.012037 0.183595 0.168337
v 0.080854 0.574219 -0.042778
v 0.049187 0.857422 -0.152558
v -0.151373 0.007814 -0.066001
v -0.180929 0.189454 -0.042778
v 0.099854 0.564453 -0.049111
v 0.082965 0.564453 -0.038557
v 0.095632 0.570313 -0.011111
v 0.118855 0.570313 -0.025889
v 0.047075 0.564453 -0.032222
v 0.028075 0.564453 -0.038557
v 0.019630 0.570313 -0.011111
v 0.044964 0.570313 -0.004777
v -0.005704 0.564453 -0.080779
v -0.028926 0.570313 -0.070223
v 0.017520 0.273438 0.212672
v 0.004852 0.279298 0.214782
v -0.033149 0.304688 0.183115
v -0.151373 0.007814 -0.066001
v -0.134484 0.000000 -0.066001
v 0.116743 0.550782 -0.346784
v 0.106187 0.564453 -0.294005
v -0.161929 0.447266 0.113447
v -0.159817 0.449219 0.115558
v 0.209635 0.000000 -0.196892
v 0.222301 0.007814 -0.209560
v -0.028926 0.000000 -0.245449
v -0.037371 0.007814 -0.260227
v -0.060593 0.000000 -0.226449
v -0.071149 0.007814 -0.239116
v -0.050038 0.564453 0.210560
v -0.007815 0.564453 -0.099780
v -0.033149 0.570313 -0.095557
v 0.158966 0.007814 0.130336
v 0.150522 0.000000 0.115558
v -0.134484 0.550782 -0.266560
v -0.075372 0.343751 0.212672
v -0.026815 0.431641 0.244338
v -0.216819 0.375001 -0.066001
v -0.218929 0.378907 -0.055446
v -0.212596 0.380860 -0.055446
v -0.212596 0.376954 -0.068112
v -0.052148 0.148438 0.157781
v 0.222301 0.007814 -0.209560
v 0.260302 0.560547 -0.302450
v -0.193596 0.550782 -0.171558
v -0.035259 0.171875 0.157781
v -0.022593 0.177734 0.164114
v -0.075372 0.339844 0.168337
v -0.161929 0.447266 0.117670
v -0.155596 0.451173 0.126114
v -0.050038 0.148438 0.145114
v -0.214708 0.357422 -0.066001
v -0.216819 0.365235 -0.070223
v -0.210485 0.365235 -0.072335
v -0.208373 0.355469 -0.068112
v 0.218079 0.550782 0.170447
v 0.260302 0.550782 0.134559
v 0.188523 0.564453 0.128225
v 0.114632 0.570313 0.115558
v 0.080854 0.197266 0.187338
v 0.078743 0.197266 0.183115
v 0.013297 0.564453 -0.152558
v 0.000631 0.564453 -0.137780
v 0.336303 0.550782 -0.006889
v 0.340526 0.550782 -0.066001
v 0.283524 0.564453 -0.017445
v 0.230746 0.000000 0.041667
v 0.247635 0.007814 0.050112
v 0.118855 0.564453 0.227449
v 0.173745 0.564453 0.210560
v 0.030186 0.087892 0.172559
v 0.042854 0.105469 0.181004
v 0.013297 0.574219 -0.053334
v -0.018370 0.841797 -0.163114
v 0.013297 0.564453 -0.049111
v -0.050038 0.150391 0.145114
v -0.185151 0.205079 -0.049111
v -0.195707 0.285157 -0.036445
v -0.208373 0.353516 -0.055446
v -0.208373 0.355469 -0.068112
v -0.149261 0.007814 -0.099780
v -0.151373 0.007814 -0.066001
v -0.242153 0.560547 -0.066001
v -0.237930 0.560547 -0.114558
v -0.208373 0.550782 -0.118779
v -0.212596 0.550782 -0.066001
v -0.155596 0.564453 -0.108225
v -0.037371 0.007814 0.130336
v 0.000631 0.007814 0.143003
v -0.003592 0.074219 0.151448
v -0.031037 0.083985 0.143003
v 0.097743 0.175782 0.181004
v 0.097743 0.175782 0.176782
v -0.216819 0.375001 -0.066001
v -0.212596 0.376954 -0.068112
v 0.028075 0.564453 -0.038557
v 0.028075 0.574219 -0.042778
v -0.092261 0.550782 -0.302450
v 0.321526 0.550782 0.043779
v 0.270858 0.564453 0.024778
v -0.216819 0.365235 -0.070223
v -0.216819 0.375001 -0.066001
v 0.015408 0.281251 0.221116
v -0.064816 0.337892 0.219005
v -0.071149 0.332031 0.210560
v 0.040742 0.007814 -0.283449
v 0.009075 0.560547 -0.372118
v -0.037371 0.007814 0.130336
v -0.028926 0.000000 0.115558
v 0.112522 0.564453 -0.063890
v 0.120966 0.564453 -0.080779
v -0.100705 0.125001 0.102891
v -0.109150 0.126954 0.098669
v -0.102817 0.123047 0.102891
v 0.336303 0.550782 -0.006889
v 0.321526 0.550782 0.043779
v 0.336303 0.564453 0.050112
v 0.351081 0.564453 -0.004777
v 0.044964 0.574219 -0.173670
v 0.017520 0.808594 -0.266560
v 0.247635 0.007814 0.050112
v 0.264524 0.007814 0.014222
v 0.348971 0.560547 0.045890
v 0.325747 0.560547 0.094446
v -0.005704 0.564453 -0.080779
v -0.115483 0.117188 0.090225
v -0.115483 0.123047 0.092335
v -0.115483 0.117188 0.086002
v 0.222301 0.564453 -0.228560
v 0.175855 0.570313 -0.213781
v 0.222301 0.570313 -0.163114
v 0.249746 0.564453 -0.192670
v -0.060593 0.564453 0.128225
v -0.140817 0.425782 0.130336
v -0.130261 0.335938 0.121891
v -0.136595 0.560547 0.168337
v -0.136595 0.560547 0.168337
v -0.140817 0.437500 0.134559
v -0.140817 0.425782 0.130336
v -0.221041 0.275391 0.107114
v -0.216819 0.287110 0.107114
v -0.225264 0.285157 -0.011111
v -0.229485 0.273438 -0.013222
v -0.104927 0.062501 0.086002
v -0.100705 0.062501 0.096558
v -0.109150 0.064453 0.088113
v 0.013297 0.564453 -0.152558
v 0.028075 0.564453 -0.163114
v 0.019630 0.570313 -0.184226
v -0.001481 0.570313 -0.169448
v -0.088038 0.000000 -0.196892
v -0.100705 0.007814 -0.209560
v -0.043704 0.550782 -0.329895
v -0.214708 0.355469 -0.055446
v -0.214708 0.357422 -0.066001
v -0.208373 0.355469 -0.068112
v -0.208373 0.353516 -0.055446
v -0.210485 0.406250 -0.004777
v -0.214708 0.416016 -0.013222
v -0.221041 0.414063 -0.015333
v -0.218929 0.406250 -0.009000
v 0.173745 0.564453 0.210560
v 0.279303 0.007814 -0.066001
v 0.277191 0.007814 -0.099780
v 0.348971 0.560547 -0.167337
v 0.363749 0.560547 -0.114558
v 0.120966 0.007814 0.143003
v -0.145040 0.347656 0.109224
v -0.130261 0.335938 0.121891
v -0.140817 0.425782 0.130336
v -0.149261 0.417970 0.121891
v -0.149261 0.417970 0.121891
v -0.140817 0.425782 0.130336
v -0.153484 0.419922 0.124003
v -0.168262 0.550782 -0.222226
v -0.183040 0.564453 -0.230672
v 0.270858 0.564453 -0.277116
v 0.218079 0.550782 -0.302450
v -0.016260 0.173829 0.178892
v -0.111261 0.107422 0.088113
v 0.047075 0.570313 -0.256005
v -0.155596 0.451173 0.126114
v -0.142928 0.564453 0.024778
v 0.114632 0.570313 -0.247561
v -0.092261 0.550782 0.170447
v 0.222301 0.007814 0.081780
v 0.294080 0.560547 0.138781
v 0.120966 0.007814 0.143003
v 0.114632 0.000000 0.128225
v -0.003592 0.847656 -0.154669
v -0.100705 0.087892 0.098669
v 0.082965 0.185547 0.185226
v 0.106187 0.177734 0.181004
v 0.004852 0.447266 0.219005
v 0.061853 0.560547 0.244338
v 0.091410 0.845704 -0.201115
v 0.116743 0.550782 -0.346784
v 0.118855 0.564453 -0.361562
v 0.038631 0.277344 0.195782
v 0.061853 0.302735 0.200004
v 0.085076 0.347656 0.240116
v 0.028075 0.279298 0.219005
v 0.061853 0.560547 -0.378452
v -0.094372 0.212891 0.126114
v -0.208373 0.355469 -0.047001
v 0.336303 0.564453 -0.177893
v -0.185151 0.343751 0.043779
v -0.193596 0.324219 0.012112
v -0.092261 0.550782 -0.302450
v -0.102817 0.564453 -0.317229
v -0.166151 0.156250 0.086002
v 0.082965 0.207032 0.189448
v 0.091410 0.212891 0.189448
v 0.091410 0.216798 0.185226
v 0.082965 0.208985 0.185226
v -0.107039 0.107422 0.098669
v -0.113372 0.109376 0.092335
v 0.078743 0.000000 -0.266560
v 0.080854 0.007814 -0.283449
v 0.120966 0.007814 -0.277116
v 0.114632 0.000000 -0.260227
v -0.208373 0.550782 -0.006889
v -0.140817 0.007814 0.014222
v -0.164040 0.166016 0.020557
v 0.040742 0.007814 0.151448
v 0.038631 0.083985 0.162003
v 0.011185 0.074219 0.155670
v -0.166151 0.367188 0.086002
v -0.153484 0.419922 0.117670
v -0.159817 0.425782 0.109224
v 0.296192 0.550782 0.092335
v 0.308858 0.564453 0.100779
v 0.123076 0.564453 -0.099780
v 0.120966 0.564453 -0.118779
v 0.336303 0.550782 -0.118779
v 0.340526 0.550782 -0.066001
v 0.357415 0.564453 -0.066001
v 0.351081 0.564453 -0.120891
v -0.164040 0.166016 0.020557
v -0.166151 0.156250 0.086002
v -0.189374 0.183595 -0.034334
v -0.178818 0.179688 -0.025889
v 0.296192 0.550782 0.092335
v -0.047927 0.474610 0.204227
v -0.092261 0.560547 0.197893
v -0.056371 0.458985 0.197893
v -0.149261 0.007814 -0.099780
v -0.132372 0.000000 -0.097669
v -0.221041 0.394532 -0.040667
v -0.223152 0.406250 -0.038557
v -0.216819 0.406250 -0.040667
v 0.192744 0.007814 -0.239116
v 0.215968 0.560547 -0.334118
v 0.000631 0.007814 -0.277116
v -0.043704 0.560547 -0.357340
v -0.153484 0.419922 0.117670
v -0.147151 0.564453 0.147225
v -0.102817 0.564453 0.185226
v 0.080854 0.007814 0.151448
v 0.040742 0.087892 0.162003
v 0.047075 0.564453 -0.169448
v 0.066076 0.564453 -0.169448
v 0.070299 0.570313 -0.190559
v 0.044964 0.570313 -0.190559
v 0.063964 0.574219 -0.173670
v 0.034409 0.810547 -0.268672
v 0.051298 0.814453 -0.264450
v 0.097743 0.175782 0.176782
v 0.106187 0.175782 0.176782
v 0.097743 0.175782 0.181004
v 0.028075 0.564453 -0.163114
v -0.134484 0.550782 -0.266560
v -0.147151 0.564453 -0.277116
v -0.075372 0.343751 0.212672
v -0.100705 0.367188 0.155670
v -0.096483 0.355469 0.155670
v -0.111261 0.087892 0.090225
v 0.112522 0.564453 -0.137780
v -0.111261 0.570313 -0.135669
v -0.161929 0.447266 0.113447
v -0.164040 0.437500 0.107114
v -0.166151 0.437500 0.113447
v -0.223152 0.414063 -0.028001
v 0.367970 0.560547 -0.066001
v 0.082965 0.564453 -0.038557
v 0.114632 0.560547 -0.372118
v 0.028075 0.273438 0.195782
v 0.017520 0.273438 0.212672
v -0.195707 0.285157 -0.036445
v -0.185151 0.205079 -0.049111
v -0.204152 0.560547 -0.215893
v 0.066076 0.564453 -0.032222
v 0.070299 0.570313 -0.004777
v 0.044964 0.574219 -0.173670
v 0.017520 0.808594 -0.266560
v -0.026815 0.431641 0.244338
v 0.114632 0.185547 0.174670
v 0.023853 0.164063 0.187338
v 0.040742 0.146485 0.187338
v 0.030186 0.087892 0.172559
v -0.223152 0.414063 -0.028001
v -0.216819 0.416016 -0.030112
v 0.080854 0.197266 0.187338
v 0.082965 0.208985 0.185226
v -0.212596 0.380860 -0.055446
v -0.218929 0.378907 -0.055446
v -0.223152 0.277344 -0.023778
v -0.195707 0.304688 -0.013222
v -0.195707 0.285157 -0.036445
v 0.009075 0.078126 0.164114
v 0.011185 0.074219 0.155670
v 0.099854 0.355469 0.208449
v 0.097743 0.373047 0.212672
v 0.093521 0.373047 0.231671
v 0.093521 0.359376 0.238005
v 0.106187 0.175782 0.176782
v 0.097743 0.175782 0.176782
v 0.028075 0.279298 0.219005
v 0.085076 0.347656 0.240116
v 0.089298 0.177734 0.178892
v 0.082965 0.185547 0.181004
v 0.112522 0.564453 -0.137780
v 0.351081 0.564453 -0.120891
v 0.066076 0.564453 -0.169448
v 0.047075 0.564453 -0.169448
v 0.167411 0.560547 -0.357340
v 0.091410 0.216798 0.185226
v 0.099854 0.355469 0.208449
v 0.061853 0.302735 0.200004
v 0.047075 0.564453 -0.169448
v -0.047927 0.105469 0.138781
v -0.221041 0.414063 -0.015333
v -0.223152 0.414063 -0.028001
v 0.363749 0.560547 -0.114558
v 0.367970 0.560547 -0.066001
v 0.215968 0.560547 -0.334118
v 0.066076 0.820313 -0.258116
v 0.051298 0.814453 -0.264450
v 0.013297 0.853517 -0.148336
v 0.063964 0.857422 -0.161004
v -0.121816 0.328126 0.128225
v -0.145040 0.332031 0.130336
v -0.138707 0.322267 0.138781
v 0.087188 0.833985 -0.232782
v 0.087188 0.851563 -0.188448
v -0.180929 0.189454 -0.042778
v -0.189374 0.183595 -0.034334
v 0.093521 0.359376 0.238005
v -0.092261 0.560547 -0.334118
v 0.348971 0.560547 -0.167337
v 0.336303 0.564453 -0.177893
v 0.017520 0.808594 -0.266560
v -0.003592 0.847656 -0.154669
v 0.034409 0.810547 -0.268672
v -0.216819 0.384766 -0.025889
v -0.092261 0.560547 0.197893
v 0.006964 0.564453 0.227449
v -0.050038 0.564453 0.210560
v 0.017520 0.269532 0.193671
v 0.097743 0.373047 0.212672
v 0.327859 0.560547 -0.215893
v 0.260302 0.560547 -0.302450
v -0.043704 0.560547 0.223226
v 0.061853 0.564453 0.233782
v 0.006964 0.564453 0.227449
v 0.270858 0.564453 0.147225
v 0.167411 0.560547 0.227449
v 0.211745 0.560547 0.208449
v -0.047927 0.105469 0.138781
v 0.118855 0.197266 0.176782
v 0.114632 0.185547 0.174670
v -0.142928 0.150391 0.058557
v -0.094372 0.220704 0.128225
v -0.136595 0.560547 -0.302450
v -0.174595 0.560547 -0.262338
v -0.043704 0.474610 0.206337
v 0.091410 0.216798 0.185226
v 0.097743 0.373047 0.212672
v -0.028926 0.835938 -0.175781
v -0.018370 0.841797 -0.163114
v -0.050038 0.148438 0.145114
v -0.092261 0.216798 0.128225
v -0.168262 0.166016 0.098669
v -0.210485 0.365235 -0.072335
v -0.212596 0.376954 -0.068112
v -0.092261 0.560547 0.197893
v 0.030186 0.855469 -0.148336
v -0.204152 0.560547 0.073335
v -0.140817 0.437500 0.134559
v -0.170373 0.369141 0.081780
v -0.050038 0.148438 0.145114
v -0.050038 0.150391 0.145114
v -0.075372 0.339844 0.168337
v -0.166151 0.367188 0.086002
v -0.145040 0.347656 0.109224
v 0.298302 0.560547 -0.262338
v 0.308858 0.564453 -0.230672
v -0.225264 0.560547 0.024778
v 0.078743 0.855469 -0.173670
v 0.085076 0.369141 0.244338
v -0.094372 0.220704 0.128225
v 0.270858 0.564453 0.147225
v 0.226524 0.564453 0.185226
v 0.167411 0.560547 0.227449
v 0.308858 0.564453 0.100779
v 0.211745 0.560547 0.208449
v 0.256079 0.560547 0.176782
v -0.180929 0.189454 -0.042778
v -0.037371 0.822267 -0.207448
v -0.035259 0.828126 -0.190559
v 0.226524 0.564453 0.185226
v 0.114632 0.560547 0.240116
v 0.167411 0.560547 0.227449
v -0.026815 0.812501 -0.239116
v 0.357415 0.564453 -0.066001
v 0.325747 0.560547 0.094446
v 0.348971 0.560547 0.045890
v -0.174595 0.560547 0.121891
v 0.078743 0.826172 -0.247561
v 0.009075 0.560547 0.240116
v -0.098594 0.089844 0.096558
v -0.100705 0.201173 0.117670
v -0.096483 0.117188 0.105002
v 0.351081 0.564453 -0.004777
v 0.294080 0.560547 0.138781
v 0.325747 0.560547 0.094446
v 0.357415 0.564453 -0.066001
v 0.351081 0.564453 -0.004777
v 0.325747 0.560547 0.094446
v 0.091410 0.839844 -0.215893
v 0.091410 0.845704 -0.201115
v -0.136595 0.560547 0.168337
v -0.050038 0.564453 0.210560
v -0.102817 0.564453 0.185226
v 0.000631 0.806641 -0.260227
v -0.014148 0.808594 -0.251782
v -0.022593 0.177734 0.164114
v -0.016260 0.177734 0.174670
v -0.012037 0.183595 0.168337
v 0.089298 0.177734 0.183115
v -0.050038 0.150391 0.145114
v 0.363749 0.560547 -0.004777
v 0.351081 0.564453 -0.004777
v 0.336303 0.564453 0.050112
v 0.294080 0.560547 0.138781
v 0.118855 0.564453 0.227449
v 0.009075 0.560547 0.240116
v 0.061853 0.560547 0.244338
v -0.136595 0.560547 0.168337
v -0.092261 0.560547 0.197893
v -0.050038 0.564453 0.210560
v 0.118855 0.564453 0.227449
v 0.061853 0.564453 0.233782
v 0.009075 0.560547 0.240116
v -0.132372 0.146485 0.071224
v -0.094372 0.220704 0.128225
v -0.050038 0.148438 0.145114
v -0.075372 0.339844 0.168337
v -0.035259 0.816406 -0.224337
v 0.336303 0.564453 0.050112
v 0.256079 0.560547 0.176782
v 0.294080 0.560547 0.138781
v -0.174595 0.560547 0.121891
v -0.102817 0.564453 0.185226
v -0.147151 0.564453 0.147225
v 0.002741 0.173829 0.183115
v 0.308858 0.564453 0.100779
v 0.270858 0.564453 0.147225
v 0.211745 0.560547 0.208449
v -0.210485 0.365235 -0.072335
v -0.242153 0.560547 -0.066001
v -0.151373 0.007814 -0.066001
v 0.357415 0.564453 -0.066001
v 0.348971 0.560547 0.045890
v 0.363749 0.560547 -0.004777
v 0.173745 0.564453 0.210560
v 0.118855 0.564453 0.227449
v 0.061853 0.560547 0.244338
v -0.174595 0.560547 0.121891
v -0.136595 0.560547 0.168337
v -0.102817 0.564453 0.185226
v 0.226524 0.564453 0.185226
v 0.173745 0.564453 0.210560
v 0.114632 0.560547 0.240116
v 0.173745 0.564453 0.210560
v 0.061853 0.560547 0.244338
v 0.114632 0.560547 0.240116
v -0.037371 0.007814 0.130336
v -0.047927 0.105469 0.138781
v -0.047927 0.109376 0.138781
v 0.049187 0.857422 -0.152558
v 0.336303 0.564453 0.050112
v 0.308858 0.564453 0.100779
v 0.256079 0.560547 0.176782
v 0.175855 0.785157 0.242227
v 0.175855 0.802735 0.242227
v 0.173745 0.802735 0.259116
v 0.171634 0.785157 0.263339
v 0.030186 0.810547 0.172559
v 0.021742 0.830078 0.195782
v 0.034409 0.839844 0.185226
v 0.044964 0.820313 0.164114
v 0.006964 0.792969 0.240116
v 0.011185 0.806641 0.259116
v 0.009075 0.818360 0.244338
v 0.006964 0.804688 0.223226
v 0.093521 0.822267 0.149337
v 0.106187 0.833985 0.155670
v 0.123076 0.824219 0.155670
v 0.112522 0.808594 0.147225
v 0.165300 0.822267 0.267561
v 0.161078 0.837892 0.259116
v 0.156856 0.839844 0.267561
v 0.156856 0.830078 0.278117
v 0.070299 0.744141 0.288673
v 0.080854 0.755860 0.303450
v 0.055520 0.769532 0.303450
v 0.049187 0.755860 0.288673
v 0.019630 0.839844 0.248560
v 0.030186 0.845704 0.263339
v 0.038631 0.855469 0.257006
v 0.028075 0.851563 0.240116
v 0.019630 0.816406 0.273895
v 0.030186 0.826172 0.282340
v 0.025964 0.833985 0.271784
v 0.017520 0.828126 0.261228
v 0.082965 0.765626 0.153558
v 0.093521 0.779298 0.147225
v 0.116743 0.767578 0.155670
v 0.106187 0.753907 0.162003
v 0.038631 0.820313 0.295006
v 0.049187 0.835938 0.295006
v 0.038631 0.839844 0.282340
v 0.097743 0.742188 0.170447
v 0.089298 0.736328 0.181004
v 0.061853 0.748048 0.174670
v 0.072409 0.755860 0.162003
v 0.034409 0.853517 0.208449
v 0.049187 0.861329 0.202116
v 0.051298 0.849610 0.178892
v 0.146300 0.738282 0.233782
v 0.161078 0.751953 0.238005
v 0.154744 0.750000 0.261228
v 0.139967 0.736328 0.254894
v 0.116743 0.767578 0.155670
v 0.125188 0.783203 0.153558
v 0.144188 0.771485 0.168337
v 0.144188 0.771485 0.168337
v 0.131521 0.757813 0.170447
v 0.118855 0.843751 0.166226
v 0.095632 0.847656 0.164114
v 0.110410 0.853517 0.172559
v 0.156856 0.763673 0.189448
v 0.144188 0.750000 0.189448
v 0.104077 0.792969 0.145114
v 0.093521 0.779298 0.147225
v 0.066076 0.796876 0.149337
v 0.080854 0.808594 0.145114
v 0.133632 0.742188 0.278117
v 0.146300 0.755860 0.282340
v 0.131521 0.767578 0.303450
v 0.118855 0.753907 0.299229
v 0.169522 0.812501 0.204227
v 0.167411 0.826172 0.212672
v 0.171634 0.822267 0.227449
v 0.175855 0.806641 0.223226
v 0.053408 0.869141 0.225338
v 0.070299 0.875001 0.219005
v 0.066076 0.867188 0.197893
v 0.038631 0.861329 0.231671
v 0.044964 0.820313 0.164114
v 0.061853 0.830078 0.159893
v 0.072409 0.726563 0.208449
v 0.070299 0.724610 0.225338
v 0.051298 0.732423 0.229561
v 0.049187 0.734375 0.210560
v 0.066076 0.869141 0.261228
v 0.076632 0.873047 0.254894
v 0.059743 0.871094 0.244338
v 0.047075 0.865235 0.250672
v 0.080854 0.755860 0.303450
v 0.093521 0.769532 0.311895
v 0.063964 0.785157 0.311895
v 0.055520 0.769532 0.303450
v 0.106187 0.783203 0.316118
v 0.118855 0.798828 0.316118
v 0.089298 0.816406 0.316118
v 0.076632 0.800782 0.316118
v 0.171634 0.820313 0.254894
v 0.167411 0.806641 0.276005
v 0.015408 0.763673 0.235894
v 0.013297 0.779298 0.259116
v 0.011185 0.775391 0.216893
v 0.087188 0.876954 0.214782
v 0.085076 0.871094 0.195782
v 0.057631 0.861329 0.269672
v 0.061853 0.859376 0.267561
v 0.072409 0.865235 0.261228
v 0.070299 0.869141 0.261228
v 0.101966 0.830078 0.311895
v 0.114632 0.841797 0.301339
v 0.093521 0.853517 0.295006
v 0.078743 0.841797 0.303450
v 0.167411 0.833985 0.244338
v 0.074520 0.724610 0.242227
v 0.057631 0.730469 0.248560
v 0.133632 0.798828 0.155670
v 0.152633 0.789063 0.170447
v 0.019630 0.798828 0.185226
v 0.011185 0.818360 0.208449
v 0.104077 0.726563 0.263339
v 0.118855 0.732423 0.271784
v 0.104077 0.742188 0.290784
v 0.089298 0.734375 0.280228
v 0.021742 0.843751 0.219005
v 0.165300 0.765626 0.263339
v 0.156856 0.771485 0.284450
v 0.059743 0.871094 0.244338
v 0.074520 0.875001 0.240116
v 0.127299 0.851563 0.178892
v 0.120966 0.857422 0.183115
v 0.101966 0.830078 0.311895
v 0.078743 0.841797 0.303450
v 0.066076 0.830078 0.307673
v 0.028075 0.806641 0.288673
v 0.049187 0.851563 0.280228
v 0.030186 0.845704 0.263339
v 0.089298 0.869141 0.269672
v 0.091410 0.873047 0.257006
v 0.144188 0.859376 0.242227
v 0.129411 0.869141 0.242227
v 0.137855 0.861329 0.257006
v 0.137855 0.861329 0.257006
v 0.150522 0.851563 0.257006
v 0.144188 0.859376 0.242227
v 0.053408 0.785157 0.155670
v 0.030186 0.810547 0.172559
v 0.144188 0.853517 0.200004
v 0.139967 0.861329 0.216893
v 0.150522 0.853517 0.227449
v 0.154744 0.845704 0.210560
v 0.104077 0.863281 0.183115
v 0.118855 0.865235 0.191560
v 0.032298 0.765626 0.181004
v 0.028075 0.755860 0.197893
v 0.013297 0.787110 0.200004
v 0.082965 0.765626 0.153558
v 0.072409 0.755860 0.162003
v 0.040742 0.775391 0.166226
v 0.019630 0.792969 0.276005
v 0.089298 0.851563 0.288673
v 0.089298 0.853517 0.290784
v 0.101966 0.861329 0.282340
v 0.101966 0.861329 0.282340
v 0.099854 0.859376 0.280228
v 0.089298 0.851563 0.288673
v 0.118855 0.753907 0.299229
v 0.131521 0.767578 0.303450
v 0.028075 0.767578 0.276005
v 0.034409 0.781251 0.290784
v 0.070299 0.855469 0.176782
v 0.156856 0.847656 0.242227
v 0.078743 0.839844 0.159893
v 0.070299 0.855469 0.176782
v 0.089298 0.859376 0.176782
v 0.044964 0.740235 0.257006
v 0.034409 0.742188 0.238005
v 0.093521 0.769532 0.311895
v 0.097743 0.876954 0.244338
v 0.087188 0.876954 0.246450
v 0.137855 0.865235 0.229561
v 0.123076 0.871094 0.225338
v 0.163189 0.839844 0.225338
v 0.171634 0.767578 0.240116
v 0.110410 0.875001 0.233782
v 0.097743 0.878907 0.225338
v 0.114632 0.873047 0.246450
v 0.087188 0.724610 0.259116
v 0.072409 0.730469 0.267561
v 0.078743 0.730469 0.191560
v 0.053408 0.740235 0.191560
v 0.059743 0.738282 0.271784
v 0.165300 0.765626 0.263339
v 0.163189 0.789063 0.282340
v 0.156856 0.771485 0.284450
v 0.042854 0.796876 0.301339
v 0.053408 0.814453 0.307673
v 0.129411 0.814453 0.309784
v 0.137855 0.828126 0.299229
v 0.118855 0.744141 0.174670
v 0.066076 0.830078 0.307673
v 0.040742 0.775391 0.166226
v 0.019630 0.798828 0.185226
v 0.150522 0.798828 0.299229
v 0.154744 0.814453 0.290784
v 0.137855 0.828126 0.299229
v 0.129411 0.814453 0.309784
v 0.104077 0.871094 0.263339
v 0.137855 0.865235 0.229561
v 0.158966 0.833985 0.197893
v 0.028075 0.748048 0.216893
v 0.028075 0.755860 0.197893
v 0.087188 0.876954 0.214782
v 0.087188 0.876954 0.233782
v 0.099854 0.876954 0.214782
v 0.053408 0.814453 0.307673
v 0.063964 0.785157 0.311895
v 0.158966 0.804688 0.176782
v 0.161078 0.820313 0.187338
v 0.169522 0.796876 0.197893
v 0.154744 0.814453 0.290784
v 0.061853 0.849610 0.290784
v 0.049187 0.835938 0.295006
v 0.173745 0.820313 0.240116
v 0.142077 0.814453 0.162003
v 0.125188 0.851563 0.286561
v 0.106187 0.861329 0.282340
v 0.146300 0.847656 0.269672
v 0.150522 0.851563 0.257006
v 0.133632 0.857422 0.271784
v 0.101966 0.871094 0.197893
v 0.114632 0.871094 0.204227
v 0.011185 0.818360 0.208449
v 0.148411 0.742188 0.210560
v 0.163189 0.755860 0.212672
v 0.154744 0.814453 0.290784
v 0.156856 0.830078 0.278117
v 0.144188 0.839844 0.284450
v 0.085076 0.871094 0.195782
v 0.123076 0.726563 0.248560
v 0.091410 0.722657 0.244338
v 0.106187 0.722657 0.240116
v 0.032298 0.765626 0.181004
v 0.099854 0.859376 0.280228
v 0.101966 0.861329 0.282340
v 0.087188 0.867188 0.271784
v 0.087188 0.863281 0.269672
v 0.093521 0.722657 0.212672
v 0.095632 0.726563 0.197893
v 0.114632 0.724610 0.210560
v 0.110410 0.722657 0.225338
v 0.129411 0.728516 0.229561
v 0.078743 0.845704 0.295006
v 0.074520 0.855469 0.278117
v 0.066076 0.847656 0.286561
v 0.047075 0.865235 0.250672
v 0.125188 0.867188 0.257006
v 0.131521 0.835938 0.166226
v 0.135744 0.847656 0.181004
v 0.148411 0.839844 0.187338
v 0.146300 0.828126 0.172559
v 0.013297 0.832031 0.229561
v 0.025964 0.755860 0.254894
v 0.171634 0.767578 0.240116
v 0.110410 0.730469 0.195782
v 0.127299 0.738282 0.191560
v 0.133632 0.732423 0.210560
v 0.078743 0.845704 0.295006
v 0.078743 0.845704 0.299229
v 0.066076 0.847656 0.286561
v 0.063964 0.849610 0.288673
v 0.158966 0.804688 0.176782
v 0.087188 0.867188 0.271784
v 0.055520 0.769532 0.303450
v 0.089298 0.720704 0.229561
v 0.042854 0.748048 0.269672
v 0.074520 0.875001 0.240116
v 0.118855 0.865235 0.269672
v 0.055520 0.861329 0.269672
v 0.055520 0.861329 0.269672
v 0.040742 0.775391 0.166226
v 0.061853 0.849610 0.290784
v 0.049187 0.851563 0.280228
v 0.165300 0.779298 0.191560
v 0.171634 0.771485 0.216893
v 0.137855 0.865235 0.229561
v 0.139967 0.861329 0.216893
v 0.127299 0.867188 0.210560
v 0.123076 0.871094 0.225338
v 0.171634 0.771485 0.216893
v 0.175855 0.789063 0.219005
v 0.146300 0.755860 0.282340
v 0.156856 0.771485 0.284450
v 0.142077 0.783203 0.303450
v 0.152633 0.789063 0.170447
v 0.142077 0.814453 0.162003
v 0.146300 0.828126 0.172559
v 0.110410 0.875001 0.219005
v 0.156856 0.839844 0.267561
v 0.070299 0.875001 0.219005
v 0.061853 0.830078 0.159893
v 0.025964 0.755860 0.254894
v 0.015408 0.763673 0.235894
v 0.104077 0.734375 0.183115
v 0.013297 0.832031 0.229561
v 0.066076 0.869141 0.261228
v 0.070299 0.869141 0.261228
v 0.087188 0.867188 0.271784
v 0.051298 0.853517 0.278117
v 0.051298 0.853517 0.278117
v 0.019630 0.798828 0.185226
v 0.028075 0.767578 0.276005
v 0.152633 0.789063 0.170447
v 0.165300 0.779298 0.191560
v 0.087188 0.876954 0.214782
v 0.099854 0.876954 0.214782
v 0.089298 0.859376 0.176782
v 0.131521 0.859376 0.193671
v 0.144188 0.853517 0.200004
v 0.011185 0.775391 0.216893
v 0.148411 0.839844 0.187338
v 0.055520 0.861329 0.269672
v 0.049187 0.755860 0.288673
v 0.019630 0.839844 0.248560
v 0.053408 0.851563 0.276005
v 0.087188 0.863281 0.269672
v 0.066076 0.869141 0.261228
v 0.110410 0.875001 0.219005
v 0.053408 0.851563 0.276005
v 0.051298 0.849610 0.178892
v 0.150522 0.798828 0.299229
v 0.070299 0.869141 0.261228
v 0.072409 0.865235 0.261228
v 0.061853 0.859376 0.267561
v 0.053408 0.851563 0.276005
v 0.142077 0.783203 0.303450
v 0.072409 0.865235 0.261228
v 0.049187 0.851563 0.280228
v -0.446934 0.800782 -0.270783
v -0.440601 0.804688 -0.270783
v -0.440601 0.800782 -0.287672
v -0.446934 0.796876 -0.287672
v -0.081705 0.875001 -0.220116
v -0.079593 0.867188 -0.211671
v -0.073260 0.884766 -0.192670
v -0.077483 0.892579 -0.203226
v -0.444823 0.882813 -0.258116
v -0.463823 0.878907 -0.256005
v -0.465935 0.886719 -0.270783
v -0.446934 0.890625 -0.270783
v -0.451157 0.814453 -0.232782
v -0.444823 0.812501 -0.228560
v -0.451157 0.832031 -0.220116
v -0.457490 0.832031 -0.224337
v -0.147151 0.886719 -0.222226
v -0.151373 0.906250 -0.213781
v 0.025964 0.857422 -0.150448
v 0.021742 0.873047 -0.144113
v -0.001481 0.867188 -0.146225
v -0.001481 0.867188 -0.146225
v 0.004852 0.853517 -0.152558
v 0.025964 0.857422 -0.150448
v -0.018977 1.000158 -0.153999
v 0.026263 1.015783 -0.123841
v 0.041341 1.019689 -0.141936
v -0.015961 1.004064 -0.166063
v -0.453267 0.853517 -0.357340
v -0.457490 0.873047 -0.351007
v -0.133583 0.937658 -0.289716
v -0.151373 0.927734 -0.353117
v -0.446934 0.800782 -0.270783
v -0.449046 0.794922 -0.268672
v -0.451157 0.802735 -0.251782
v -0.451157 0.808594 -0.256005
v -0.045815 0.894532 -0.173670
v -0.033149 0.884766 -0.175781
v -0.016260 0.898438 -0.171558
v -0.026815 0.910157 -0.169448
v 0.004852 0.810547 -0.264450
v -0.001481 0.814453 -0.275005
v 0.023853 0.818360 -0.283449
v 0.025964 0.812501 -0.270783
v -0.442712 0.789063 -0.266560
v -0.446934 0.791016 -0.287672
v -0.442712 0.785157 -0.287672
v -0.100705 0.875001 -0.226449
v -0.094372 0.873047 -0.220116
v -0.092261 0.892579 -0.201115
v -0.092261 0.892579 -0.201115
v -0.102817 0.894532 -0.209560
v -0.100705 0.875001 -0.226449
v -0.457490 0.853517 -0.220116
v -0.155596 0.927734 -0.211671
v 0.038631 0.882813 -0.310894
v 0.000631 0.910157 -0.310894
v 0.009075 0.925782 -0.298228
v 0.053408 0.900391 -0.298228
v -0.113372 0.851563 -0.306673
v -0.115483 0.847656 -0.281339
v -0.138707 0.855469 -0.281339
v -0.138707 0.859376 -0.304561
v -0.022593 0.857422 -0.156781
v -0.014148 0.845704 -0.161004
v -0.094372 0.873047 -0.220116
v 0.066076 0.890625 -0.163114
v 0.036519 0.916016 -0.188448
v 0.021742 0.914063 -0.180003
v 0.042854 0.890625 -0.150448
v -0.457490 0.851563 -0.241226
v -0.463823 0.851563 -0.239116
v -0.468046 0.865235 -0.243338
v -0.461712 0.867188 -0.245449
v -0.446934 0.800782 -0.304561
v -0.440601 0.804688 -0.302450
v -0.442712 0.812501 -0.317229
v -0.449046 0.808594 -0.319339
v 0.002741 0.908204 -0.173670
v -0.005704 0.923829 -0.171558
v -0.026815 0.910157 -0.169448
v 0.002741 0.908204 -0.173670
v -0.453267 0.837892 -0.241226
v -0.459602 0.833985 -0.239116
v -0.113372 0.861329 -0.327784
v -0.083816 0.869141 -0.323562
v -0.085928 0.859376 -0.302450
v -0.012945 1.000158 -0.181143
v -0.058185 1.035314 -0.235431
v -0.061199 1.043126 -0.184160
v -0.028926 0.845704 -0.300340
v -0.041593 0.863281 -0.302450
v -0.026815 0.876954 -0.313006
v -0.005704 0.853517 -0.313006
v -0.007815 0.917970 -0.327784
v 0.089598 0.918126 -0.244478
v -0.083816 0.869141 -0.323562
v -0.083816 0.884766 -0.340451
v -0.071149 0.894532 -0.334118
v -0.069037 0.873047 -0.321450
v -0.436378 0.783203 -0.287672
v -0.436378 0.787110 -0.310894
v -0.052148 0.865235 -0.315117
v -0.037371 0.880860 -0.327784
v -0.472268 0.888672 -0.243338
v -0.465935 0.892579 -0.241226
v -0.468046 0.904297 -0.260227
v -0.474379 0.900391 -0.262338
v -0.468046 0.878907 -0.323562
v -0.461712 0.878907 -0.321450
v -0.463823 0.886719 -0.306673
v -0.470156 0.886719 -0.308784
v 0.065469 0.941565 -0.259558
v -0.000881 0.953283 -0.256542
v -0.003897 0.980626 -0.232414
v 0.071501 0.976721 -0.232414
v -0.139614 0.972815 -0.271622
v -0.142630 1.000158 -0.244478
v -0.100407 1.007971 -0.274636
v -0.100407 1.007971 -0.274636
v -0.094376 0.972815 -0.298764
v -0.139614 0.972815 -0.271622
v -0.067232 0.929844 -0.084634
v -0.052152 0.925940 -0.090665
v -0.043105 0.965001 -0.105745
v -0.067232 0.972815 -0.096697
v 0.017520 0.886719 -0.146225
v -0.444823 0.812501 -0.228560
v -0.440601 0.796876 -0.245449
v -0.142928 0.869141 -0.237005
v -0.142928 0.869141 -0.237005
v -0.468046 0.886719 -0.334118
v -0.470156 0.882813 -0.329895
v -0.474379 0.892579 -0.313006
v -0.472268 0.898438 -0.317229
v 0.044964 0.833985 -0.289784
v 0.032298 0.853517 -0.289784
v 0.049187 0.865235 -0.283449
v 0.068187 0.843751 -0.281339
v -0.067232 0.929844 -0.084634
v -0.067232 0.972815 -0.096697
v -0.106439 0.968908 -0.093681
v -0.103423 0.925940 -0.081617
v -0.472268 0.878907 -0.253894
v -0.474379 0.882813 -0.249671
v -0.476491 0.892579 -0.264450
v -0.474379 0.886719 -0.268672
v -0.121816 0.859376 -0.234893
v -0.126039 0.875001 -0.215893
v -0.147151 0.886719 -0.222226
v 0.011185 0.843751 -0.289784
v 0.002741 0.845704 -0.302450
v 0.025964 0.857422 -0.304561
v -0.069037 0.855469 -0.296117
v -0.079593 0.861329 -0.300340
v -0.104927 0.880860 -0.218004
v -0.107039 0.900391 -0.205337
v -0.130261 0.894532 -0.203226
v -0.130261 0.894532 -0.203226
v -0.126039 0.875001 -0.215893
v -0.104927 0.880860 -0.218004
v -0.436378 0.787110 -0.310894
v -0.442712 0.789063 -0.308784
v -0.444823 0.798828 -0.327784
v -0.438490 0.796876 -0.332006
v 0.085076 0.888672 -0.180003
v 0.049187 0.916016 -0.199004
v 0.036519 0.916016 -0.188448
v 0.066076 0.890625 -0.163114
v -0.109150 0.921875 -0.201115
v -0.100705 0.917970 -0.201115
v -0.052152 0.925940 -0.090665
v 0.035310 0.925940 -0.078601
v 0.062454 0.914219 -0.048443
v 0.095629 0.933751 -0.060506
v 0.056421 0.945471 -0.093681
v 0.019630 0.826172 -0.289784
v 0.049187 0.824219 -0.283449
v 0.070299 0.832031 -0.275005
v 0.085076 0.853517 -0.266560
v 0.087188 0.841797 -0.260227
v 0.071501 0.953283 -0.111776
v 0.053405 0.992346 -0.111776
v 0.032294 0.976721 -0.090665
v -0.463823 0.851563 -0.239116
v -0.465935 0.851563 -0.230672
v -0.470156 0.869141 -0.237005
v -0.468046 0.865235 -0.243338
v -0.446934 0.794922 -0.306673
v -0.446934 0.800782 -0.304561
v -0.449046 0.808594 -0.319339
v -0.449046 0.802735 -0.323562
v -0.449046 0.837892 -0.336228
v -0.430045 0.843751 -0.334118
v -0.434268 0.859376 -0.334118
v -0.453267 0.851563 -0.336228
v 0.095632 0.865235 -0.247561
v 0.068187 0.892579 -0.253894
v 0.068187 0.904297 -0.234893
v 0.099854 0.875001 -0.224337
v -0.442712 0.884766 -0.317229
v -0.444823 0.890625 -0.302450
v -0.050038 0.843751 -0.283449
v -0.058483 0.855469 -0.285561
v -0.088038 0.925782 -0.359452
v -0.043105 0.941565 -0.304796
v -0.003897 0.918126 -0.271622
v -0.060593 0.876954 -0.186337
v -0.058483 0.904297 -0.180003
v -0.468046 0.904297 -0.319339
v -0.470156 0.910157 -0.285561
v -0.145647 1.011876 -0.199238
v -0.113372 0.876954 -0.346784
v -0.115483 0.896485 -0.359452
v -0.085928 0.904297 -0.353117
v 0.068187 0.904297 -0.266560
v 0.068187 0.917970 -0.245449
v 0.068485 0.996251 -0.129872
v 0.053405 0.992346 -0.111776
v -0.028926 0.822267 -0.264450
v -0.031037 0.833985 -0.266560
v -0.009925 0.835938 -0.281339
v -0.005704 0.822267 -0.281339
v -0.066927 0.845704 -0.260227
v -0.071149 0.855469 -0.264450
v -0.103423 1.031408 -0.241462
v -0.106439 1.043126 -0.184160
v -0.465935 0.892579 -0.241226
v -0.461712 0.875001 -0.226449
v -0.139614 0.937658 -0.105745
v -0.142630 0.972815 -0.126856
v -0.066927 0.910157 -0.194782
v -0.039482 0.921875 -0.175781
v -0.052148 0.927734 -0.194782
v -0.088343 0.929844 -0.313844
v -0.049136 0.980626 -0.289716
v 0.056421 1.015783 -0.166063
v -0.451157 0.820313 -0.329895
v -0.444823 0.822267 -0.327784
v -0.449046 0.837892 -0.336228
v -0.455379 0.833985 -0.338340
v -0.430045 0.828126 -0.245449
v -0.449046 0.822267 -0.247561
v -0.434268 0.841797 -0.241226
v 0.044964 0.873047 -0.298228
v 0.092612 0.976721 -0.184160
v 0.068485 1.004064 -0.199238
v 0.080549 0.992346 -0.153999
v -0.449046 0.812501 -0.342562
v -0.453267 0.816406 -0.336228
v -0.457490 0.832031 -0.344673
v -0.453267 0.832031 -0.351007
v -0.457490 0.867188 -0.332006
v -0.438490 0.873047 -0.327784
v -0.474379 0.886719 -0.268672
v -0.474379 0.890625 -0.285561
v -0.465935 0.890625 -0.285561
v -0.024704 0.812501 -0.258116
v -0.001481 0.814453 -0.275005
v -0.461712 0.851563 -0.224337
v -0.468046 0.871094 -0.230672
v -0.083816 0.914063 -0.190559
v 0.097743 0.851563 -0.241226
v 0.101966 0.861329 -0.220116
v 0.104676 0.922033 -0.199238
v 0.095629 0.953283 -0.217334
v 0.092612 0.976721 -0.184160
v 0.101661 0.941565 -0.172096
v -0.455379 0.816406 -0.239116
v -0.455379 0.820313 -0.245449
v 0.017520 0.867188 -0.315117
v -0.037371 0.845704 -0.173670
v -0.026815 0.835938 -0.175781
v 0.087188 0.875001 -0.175781
v 0.068187 0.876954 -0.158892
v -0.461712 0.851563 -0.224337
v -0.067232 1.007971 -0.117808
v -0.064216 1.031408 -0.147968
v -0.106439 1.031408 -0.147968
v -0.106439 1.004064 -0.114792
v -0.031041 0.988440 -0.129872
v -0.031041 0.988440 -0.129872
v -0.067232 1.007971 -0.117808
v -0.007815 0.878907 -0.150448
v -0.028926 0.869141 -0.161004
v -0.022593 0.857422 -0.156781
v 0.095632 0.882813 -0.201115
v 0.097743 0.869141 -0.196892
v -0.474379 0.904297 -0.285561
v -0.012037 0.892579 -0.315117
v -0.438490 0.796876 -0.332006
v -0.442712 0.812501 -0.346784
v -0.142928 0.884766 -0.342562
v -0.140817 0.869141 -0.325673
v -0.058483 0.837892 -0.253894
v -0.045815 0.837892 -0.247561
v -0.054260 0.845704 -0.224337
v -0.066927 0.847656 -0.228560
v -0.117595 0.849610 -0.258116
v -0.090149 0.855469 -0.279228
v -0.096483 0.857422 -0.256005
v 0.080854 0.857422 -0.175781
v 0.087188 0.875001 -0.175781
v 0.068187 0.876954 -0.158892
v 0.066076 0.859376 -0.161004
v -0.465935 0.867188 -0.340451
v -0.463823 0.865235 -0.334118
v -0.468046 0.878907 -0.323562
v -0.069037 0.873047 -0.321450
v -0.079593 0.861329 -0.300340
v -0.459602 0.832031 -0.232782
v -0.457490 0.832031 -0.224337
v -0.463823 0.890625 -0.338340
v -0.113372 0.861329 -0.327784
v -0.054260 0.833985 -0.220116
v -0.054260 0.845704 -0.224337
v -0.045815 0.837892 -0.247561
v -0.045815 0.826172 -0.243338
v -0.107039 0.900391 -0.205337
v -0.026815 0.929688 -0.338340
v -0.083816 0.853517 -0.270783
v -0.071149 0.855469 -0.264450
v -0.079593 0.861329 -0.241226
v -0.092261 0.859376 -0.245449
v -0.421600 0.808594 -0.302450
v -0.423712 0.816406 -0.317229
v 0.089298 0.853517 -0.194782
v 0.097743 0.869141 -0.196892
v -0.423712 0.808594 -0.270783
v -0.440601 0.804688 -0.270783
v -0.444823 0.810547 -0.258116
v -0.425823 0.816406 -0.258116
v -0.145647 1.000158 -0.153999
v -0.041593 0.835938 -0.275005
v -0.031037 0.833985 -0.266560
v -0.474379 0.890625 -0.285561
v -0.476491 0.896485 -0.285561
v -0.470156 0.886719 -0.308784
v 0.061853 0.912109 -0.215893
v 0.059743 0.927734 -0.222226
v 0.044964 0.933595 -0.201115
v 0.015408 0.931641 -0.180003
v -0.005704 0.923829 -0.171558
v -0.043105 0.925940 -0.078601
v -0.021994 0.968908 -0.087648
v -0.459602 0.833985 -0.239116
v -0.039482 0.816406 -0.239116
v -0.026815 0.812501 -0.232782
v -0.033149 0.818360 -0.213781
v -0.045815 0.824219 -0.215893
v 0.038631 0.882813 -0.310894
v 0.053408 0.900391 -0.298228
v 0.059743 0.888672 -0.285561
v -0.096483 0.861329 -0.249671
v -0.092261 0.859376 -0.245449
v 0.140867 0.941565 -0.093681
v 0.080549 0.957190 -0.126856
v 0.071501 0.953283 -0.111776
v 0.119756 0.941565 -0.075585
v -0.142630 0.972815 -0.126856
v -0.005704 0.822267 -0.281339
v -0.442712 0.785157 -0.287672
v -0.436378 0.787110 -0.264450
v -0.442712 0.789063 -0.266560
v 0.089298 0.837892 -0.232782
v 0.097743 0.851563 -0.241226
v 0.101966 0.861329 -0.220116
v 0.093521 0.845704 -0.213781
v -0.472268 0.878907 -0.253894
v 0.164994 0.929844 -0.126856
v 0.092612 0.953283 -0.147968
v -0.045815 0.833985 -0.192670
v -0.033149 0.826172 -0.194782
v -0.442712 0.871094 -0.245449
v -0.461712 0.867188 -0.245449
v 0.068485 0.996251 -0.129872
v 0.053405 0.992346 -0.111776
v -0.012945 0.914219 -0.063521
v -0.100705 0.867188 -0.234893
v -0.446934 0.796876 -0.287672
v 0.061853 0.931641 -0.256005
v -0.446934 0.798828 -0.247561
v -0.444823 0.812501 -0.228560
v -0.451157 0.814453 -0.232782
v -0.446934 0.798828 -0.247561
v 0.061853 0.878907 -0.270783
v 0.059743 0.888672 -0.285561
v -0.472268 0.888672 -0.243338
v -0.106439 1.004064 -0.114792
v -0.041593 0.908204 -0.342562
v -0.066927 0.916016 -0.338340
v -0.022593 0.898438 -0.332006
v -0.007815 0.917970 -0.327784
v -0.083816 0.853517 -0.270783
v 0.066076 0.859376 -0.161004
v 0.068187 0.876954 -0.158892
v 0.047075 0.876954 -0.148336
v 0.047075 0.859376 -0.152558
v -0.021994 0.968908 -0.087648
v 0.008166 0.949376 -0.072570
v 0.002135 1.000158 -0.102728
v 0.002135 1.000158 -0.102728
v 0.032294 0.976721 -0.090665
v -0.119706 0.919922 -0.365785
v -0.052148 0.843751 -0.196892
v -0.045815 0.833985 -0.192670
v -0.037371 0.845704 -0.173670
v -0.043704 0.857422 -0.175781
v -0.423712 0.808594 -0.270783
v -0.421600 0.806641 -0.287672
v 0.061853 0.917970 -0.279228
v -0.077483 0.853517 -0.234893
v -0.066927 0.845704 -0.260227
v -0.096483 0.857422 -0.256005
v -0.090149 0.855469 -0.279228
v -0.090149 0.857422 -0.279228
v -0.096483 0.861329 -0.249671
v -0.455379 0.833985 -0.338340
v -0.459602 0.849610 -0.338340
v -0.054260 0.857422 -0.203226
v -0.052148 0.843751 -0.196892
v -0.043704 0.857422 -0.175781
v -0.045815 0.871094 -0.186337
v -0.020481 0.837892 -0.291895
v -0.468046 0.871094 -0.230672
v -0.472268 0.888672 -0.243338
v 0.071501 0.976721 -0.232414
v 0.068485 1.004064 -0.199238
v -0.446934 0.832031 -0.355229
v -0.453267 0.832031 -0.351007
v -0.459602 0.851563 -0.353117
v -0.140817 0.859376 -0.258116
v -0.449046 0.812501 -0.342562
v -0.455379 0.833985 -0.338340
v -0.459602 0.849610 -0.338340
v -0.461712 0.849610 -0.344673
v -0.050038 0.843751 -0.283449
v 0.032298 0.933595 -0.188448
v 0.119756 0.941565 -0.075585
v -0.079593 0.861329 -0.300340
v -0.045815 0.824219 -0.215893
v -0.045815 0.833985 -0.192670
v -0.457490 0.873047 -0.351007
v -0.463823 0.871094 -0.346784
v -0.463823 0.890625 -0.338340
v -0.090149 0.857422 -0.279228
v -0.463823 0.865235 -0.334118
v -0.009925 0.835938 -0.281339
v -0.474379 0.904297 -0.285561
v -0.054260 0.857422 -0.203226
v -0.069037 0.861329 -0.205337
v -0.474379 0.900391 -0.262338
v -0.079593 0.867188 -0.211671
v -0.081705 0.875001 -0.220116
v -0.468046 0.865235 -0.243338
v -0.012945 0.914219 -0.063521
v -0.052148 0.927734 -0.194782
v 0.035310 0.925940 -0.078601
v -0.468046 0.904297 -0.319339
v -0.451157 0.808594 -0.256005
v -0.455379 0.820313 -0.245449
v 0.011185 0.843751 -0.289784
v 0.019630 0.826172 -0.289784
v -0.056371 0.888672 -0.336228
v 0.047075 0.816406 -0.268672
v -0.451157 0.820313 -0.329895
v 0.066076 0.822267 -0.262338
v -0.024704 0.812501 -0.258116
v -0.014148 0.810547 -0.249671
v 0.080549 0.992346 -0.153999
v -0.446934 0.800782 -0.270783
v 0.062454 0.914219 -0.048443
v -0.005704 0.923829 -0.171558
v 0.062454 0.914219 -0.048443
v -0.039482 0.921875 -0.175781
v -0.132372 0.917970 -0.199004
v -0.147151 0.906250 -0.351007
v -0.060593 0.876954 -0.186337
v -0.073260 0.884766 -0.192670
v -0.138707 0.859376 -0.304561
v -0.113372 0.851563 -0.306673
v 0.032298 0.933595 -0.188448
v -0.463823 0.886719 -0.306673
v -0.444823 0.890625 -0.302450
v -0.446934 0.894532 -0.287672
v -0.006914 0.996251 -0.205271
v -0.045815 0.871094 -0.186337
v -0.055168 1.015783 -0.265589
v 0.068187 0.843751 -0.281339
v 0.049187 0.865235 -0.283449
v 0.085076 0.853517 -0.266560
v -0.039482 0.816406 -0.239116
v -0.031041 0.988440 -0.129872
v -0.425823 0.830078 -0.327784
v -0.430045 0.843751 -0.334118
v -0.438490 0.857422 -0.241226
v -0.442712 0.871094 -0.245449
v -0.463823 0.890625 -0.338340
v -0.043105 0.925940 -0.078601
v -0.012945 0.914219 -0.063521
v 0.008166 0.949376 -0.072570
v -0.043105 0.925940 -0.078601
v -0.092261 0.859376 -0.245449
v -0.079593 0.861329 -0.241226
v -0.081705 0.875001 -0.220116
v -0.094372 0.873047 -0.220116
v -0.045815 0.871094 -0.186337
v -0.470156 0.886719 -0.308784
v 0.071501 0.976721 -0.232414
v -0.003897 0.980626 -0.232414
v 0.080854 0.830078 -0.249671
v -0.001481 0.814453 -0.275005
v 0.004852 0.810547 -0.264450
v 0.002135 1.000158 -0.102728
v -0.043105 0.965001 -0.105745
v -0.104927 0.880860 -0.218004
v 0.080854 0.830078 -0.249671
v 0.087188 0.841797 -0.260227
v -0.090149 0.857422 -0.279228
v -0.083816 0.853517 -0.270783
v -0.459602 0.851563 -0.353117
v 0.065469 0.941565 -0.259558
v -0.463823 0.871094 -0.346784
v -0.049136 0.980626 -0.289716
v -0.442712 0.789063 -0.308784
v -0.100705 0.917970 -0.201115
v -0.041593 0.835938 -0.275005
v -0.055168 1.015783 -0.265589
v 0.000631 0.910157 -0.310894
v -0.020481 0.837892 -0.291895
v -0.009925 0.835938 -0.281339
v -0.436378 0.787110 -0.310894
v -0.026815 0.929688 -0.338340
v 0.087188 0.841797 -0.260227
v -0.106439 0.968908 -0.093681
v 0.066076 0.822267 -0.262338
v 0.047075 0.859376 -0.152558
v 0.047075 0.816406 -0.268672
v -0.446934 0.894532 -0.287672
v -0.444823 0.890625 -0.302450
v -0.423712 0.808594 -0.270783
v -0.446934 0.890625 -0.270783
v 0.025964 0.812501 -0.270783
v -0.434268 0.859376 -0.334118
v -0.438490 0.873047 -0.327784
v -0.438490 0.857422 -0.241226
v -0.442712 0.871094 -0.245449
v -0.100705 0.867188 -0.234893
v -0.434268 0.841797 -0.241226
v -0.423712 0.816406 -0.317229
v -0.421600 0.808594 -0.302450
v -0.442712 0.884766 -0.317229
v -0.444823 0.882813 -0.258116
v -0.100705 0.875001 -0.226449
v -0.102817 0.894532 -0.209560
v -0.425823 0.830078 -0.327784
v -0.102817 0.894532 -0.209560
v -0.421600 0.806641 -0.287672
v -0.430045 0.828126 -0.245449
v -0.100705 0.875001 -0.226449
v -0.430045 0.843751 -0.334118
v -0.425823 0.816406 -0.258116
v 0.091410 0.875001 0.062779
v 0.087188 0.875001 0.054335
v 0.072409 0.875001 0.060668
v 0.072409 0.718750 0.153558
v 0.061853 0.712891 0.204227
v 0.061853 0.710938 0.202116
vt 0.839820 0.362386
vt 0.836881 0.359041
vt 0.829744 0.367768
vt 0.835254 0.372855
vt 0.946998 0.360336
vt 0.945047 0.366254
vt 0.938193 0.363436
vt 0.936723 0.357204
vt 0.917964 0.465361
vt 0.925058 0.471490
vt 0.917688 0.480596
vt 0.910533 0.475924
vt 0.295487 0.104159
vt 0.288165 0.091338
vt 0.279385 0.094529
vt 0.282942 0.107809
vt 0.348726 0.147944
vt 0.361818 0.151081
vt 0.357661 0.161233
vt 0.345507 0.153101
vt 0.936618 0.167381
vt 0.928717 0.166372
vt 0.924708 0.151478
vt 0.933671 0.151264
vt 0.894275 0.159149
vt 0.897863 0.167745
vt 0.888325 0.169611
vt 0.888238 0.160767
vt 0.897333 0.512440
vt 0.897361 0.510499
vt 0.905698 0.511588
vt 0.904951 0.512735
vt 0.322493 0.290662
vt 0.322959 0.297506
vt 0.316386 0.296122
vt 0.316417 0.289901
vt 0.977155 0.816478
vt 0.990608 0.818708
vt 0.991681 0.832362
vt 0.978550 0.830599
vt 0.720242 0.796702
vt 0.726412 0.803957
vt 0.719913 0.815465
vt 0.714098 0.810166
vt 0.186007 0.024845
vt 0.189499 0.029001
vt 0.199471 0.021568
vt 0.192142 0.020043
vt 0.912062 0.491073
vt 0.920100 0.492544
vt 0.916544 0.502267
vt 0.908110 0.501230
vt 0.387708 0.887100
vt 0.385149 0.882202
vt 0.373026 0.884052
vt 0.374158 0.887822
vt 0.796737 0.516583
vt 0.792403 0.503877
vt 0.796961 0.501707
vt 0.805015 0.512702
vt 0.911053 0.459450
vt 0.903018 0.472076
vt 0.636070 0.719105
vt 0.642520 0.715021
vt 0.646672 0.724046
vt 0.640781 0.728968
vt 0.362785 0.141197
vt 0.376399 0.139732
vt 0.375000 0.154078
vt 0.435808 0.067571
vt 0.451161 0.069331
vt 0.451989 0.056897
vt 0.438100 0.054875
vt 0.283416 0.131476
vt 0.272678 0.132319
vt 0.274613 0.142508
vt 0.288769 0.137745
vt 0.971329 0.901259
vt 0.969685 0.914907
vt 0.953648 0.912018
vt 0.956614 0.898214
vt 0.141292 0.187933
vt 0.143619 0.175198
vt 0.158226 0.177016
vt 0.157118 0.189770
vt 0.808306 0.611945
vt 0.809493 0.599149
vt 0.819784 0.598508
vt 0.821945 0.611616
vt 0.854484 0.376305
vt 0.862819 0.373365
vt 0.860876 0.361479
vt 0.799037 0.475167
vt 0.808669 0.473845
vt 0.808669 0.487794
vt 0.790284 0.273159
vt 0.784722 0.285376
vt 0.771891 0.277925
vt 0.780937 0.266659
vt 0.737666 0.574800
vt 0.739905 0.581886
vt 0.728824 0.585122
vt 0.727526 0.580075
vt 0.713390 0.955414
vt 0.715866 0.967365
vt 0.702823 0.967919
vt 0.702080 0.955064
vt 0.725446 0.175100
vt 0.727277 0.165649
vt 0.717741 0.162812
vt 0.714634 0.170908
vt 0.265552 0.666026
vt 0.269321 0.661667
vt 0.271016 0.677047
vt 0.268171 0.679870
vt 0.125296 0.226495
vt 0.133699 0.223456
vt 0.129781 0.213356
vt 0.121144 0.217265
vt 0.333052 0.059715
vt 0.346099 0.057977
vt 0.346956 0.072282
vt 0.334018 0.072381
vt 0.803710 0.542435
vt 0.804706 0.554903
vt 0.789722 0.556543
vt 0.789301 0.543481
vt 0.645607 0.307739
vt 0.650664 0.306974
vt 0.652624 0.300523
vt 0.649190 0.292692
vt 0.981168 0.703203
vt 0.974928 0.706483
vt 0.980769 0.711972
vt 0.987303 0.708811
vt 0.254578 0.639325
vt 0.257246 0.634227
vt 0.264266 0.646903
vt 0.260821 0.651941
vt 0.682637 0.590096
vt 0.677320 0.595028
vt 0.677344 0.581470
vt 0.682673 0.580824
vt 0.083970 0.065331
vt 0.096685 0.060266
vt 0.095857 0.057298
vt 0.083573 0.060973
vt 0.729731 0.081906
vt 0.720431 0.085067
vt 0.718291 0.078112
vt 0.727934 0.073710
vt 0.987719 0.033566
vt 0.992557 0.038613
vt 0.984479 0.046566
vt 0.980426 0.040794
vt 0.998115 0.182049
vt 0.999562 0.192038
vt 0.985911 0.193032
vt 0.984434 0.183044
vt 0.796783 0.314393
vt 0.796704 0.324328
vt 0.783694 0.323950
vt 0.786845 0.314147
vt 0.975163 0.138258
vt 0.963315 0.141907
vt 0.959781 0.127256
vt 0.971865 0.126103
vt 0.742106 0.483782
vt 0.739376 0.491080
vt 0.725682 0.499764
vt 0.722690 0.492818
vt 0.839498 0.563048
vt 0.844279 0.557890
vt 0.848373 0.561200
vt 0.846385 0.567831
vt 0.927053 0.422599
vt 0.918175 0.422050
vt 0.915744 0.412044
vt 0.925589 0.411593
vt 0.891956 0.146791
vt 0.885233 0.145455
vt 0.885073 0.135831
vt 0.893909 0.135386
vt 0.691650 0.105804
vt 0.701239 0.105546
vt 0.704177 0.094267
vt 0.694434 0.092217
vt 0.436775 0.879250
vt 0.436632 0.877625
vt 0.429510 0.877507
vt 0.429653 0.879132
vt 0.735727 0.177170
vt 0.735990 0.167519
vt 0.528901 0.195846
vt 0.538757 0.206284
vt 0.547682 0.192029
vt 0.534422 0.185757
vt 0.750695 0.233390
vt 0.755223 0.221005
vt 0.740883 0.219931
vt 0.740117 0.231971
vt 0.153830 0.029486
vt 0.146979 0.027217
vt 0.138086 0.037232
vt 0.144108 0.039930
vt 0.162531 0.216578
vt 0.174694 0.216096
vt 0.173830 0.205318
vt 0.161190 0.206386
vt 0.691839 0.134273
vt 0.685957 0.139135
vt 0.693353 0.144763
vt 0.699140 0.136546
vt 0.977538 0.053551
vt 0.973797 0.047953
vt 0.058279 0.154432
vt 0.071144 0.154654
vt 0.072608 0.163923
vt 0.060138 0.167095
vt 0.320889 0.373148
vt 0.319684 0.381242
vt 0.333546 0.378155
vt 0.334182 0.371723
vt 0.679427 0.127209
vt 0.686643 0.122447
vt 0.683293 0.107443
vt 0.674694 0.109998
vt 0.350615 0.301671
vt 0.352452 0.310154
vt 0.345592 0.309297
vt 0.344869 0.301483
vt 0.757516 0.798454
vt 0.756481 0.787403
vt 0.766669 0.786634
vt 0.765424 0.798353
vt 0.840222 0.376762
vt 0.827032 0.381481
vt 0.832775 0.386376
vt 0.987233 0.698892
vt 0.973173 0.077203
vt 0.979121 0.071991
vt 0.982766 0.080176
vt 0.417588 0.068245
vt 0.413556 0.075691
vt 0.424601 0.080454
vt 0.428634 0.073008
vt 0.873455 0.526818
vt 0.873699 0.533773
vt 0.869437 0.532022
vt 0.866580 0.526533
vt 0.946337 0.353500
vt 0.935129 0.350363
vt 0.856064 0.219141
vt 0.845983 0.227276
vt 0.838683 0.215659
vt 0.851121 0.210537
vt 0.762274 0.677111
vt 0.765669 0.663702
vt 0.778225 0.667642
vt 0.771651 0.678547
vt 0.891698 0.771738
vt 0.899743 0.774299
vt 0.898205 0.782780
vt 0.890421 0.781868
vt 0.462389 0.121404
vt 0.454349 0.121441
vt 0.453413 0.132238
vt 0.460851 0.131227
vt 0.628606 0.705425
vt 0.634922 0.702194
vt 0.962940 0.210092
vt 0.958338 0.210540
vt 0.956655 0.194733
vt 0.960476 0.195692
vt 0.319177 0.128599
vt 0.314522 0.113813
vt 0.300751 0.118639
vt 0.303887 0.133610
vt 0.583315 0.107817
vt 0.583725 0.094792
vt 0.566112 0.095228
vt 0.566441 0.107915
vt 0.349985 0.285950
vt 0.350659 0.293715
vt 0.345567 0.294544
vt 0.344740 0.287813
vt 0.310346 0.304425
vt 0.317261 0.302187
vt 0.864026 0.536383
vt 0.860670 0.530992
vt 0.018377 0.330198
vt 0.016882 0.317969
vt 0.001625 0.320028
vt 0.003848 0.332310
vt 0.961980 0.178868
vt 0.964006 0.182012
vt 0.892638 0.124102
vt 0.883258 0.126521
vt 0.877294 0.118134
vt 0.628562 0.355288
vt 0.634348 0.363142
vt 0.644112 0.354988
vt 0.894227 0.260432
vt 0.899777 0.256416
vt 0.892114 0.247595
vt 0.888154 0.255585
vt 0.292138 0.127797
vt 0.486153 0.029207
vt 0.476070 0.032354
vt 0.478818 0.044814
vt 0.491043 0.041936
vt 0.750833 0.976601
vt 0.751512 0.970500
vt 0.758761 0.973787
vt 0.760508 0.979390
vt 0.346537 0.171142
vt 0.339562 0.158660
vt 0.056420 0.024076
vt 0.065096 0.022069
vt 0.063135 0.008501
vt 0.053978 0.009264
vt 0.495526 0.104674
vt 0.493974 0.112549
vt 0.501981 0.115617
vt 0.505333 0.108053
vt 0.870162 0.339832
vt 0.877225 0.336041
vt 0.879529 0.344813
vt 0.902364 0.157726
vt 0.131102 0.209040
vt 0.114620 0.210518
vt 0.924534 0.345625
vt 0.935212 0.343494
vt 0.924355 0.352058
vt 0.853978 0.392521
vt 0.861054 0.387414
vt 0.846322 0.381148
vt 0.902060 0.137714
vt 0.902364 0.123238
vt 0.000000 1.000000
vt 0.000000 1.000000
vt 0.000000 1.000000
vt 0.083625 0.017296
vt 0.082279 0.008501
vt 0.081885 0.017973
vt 0.985552 0.915940
vt 0.985050 0.927699
vt 0.968456 0.926649
vt 0.624463 0.287896
vt 0.612278 0.284122
vt 0.610488 0.288486
vt 0.621017 0.296267
vt 0.129266 0.236353
vt 0.137101 0.233546
vt 0.679072 0.653444
vt 0.679453 0.656059
vt 0.688418 0.655290
vt 0.688704 0.653444
vt 0.075849 0.675436
vt 0.085320 0.679015
vt 0.091151 0.668078
vt 0.082847 0.665754
vt 0.971307 0.058852
vt 0.965478 0.064367
vt 0.961641 0.059061
vt 0.967580 0.053572
vt 0.078323 0.118052
vt 0.068195 0.118288
vt 0.067443 0.108041
vt 0.078371 0.107241
vt 0.923956 0.558378
vt 0.923776 0.569526
vt 0.911433 0.569546
vt 0.911661 0.556992
vt 0.920520 0.166084
vt 0.915894 0.153689
vt 0.874374 0.555510
vt 0.872430 0.549688
vt 0.877555 0.549478
vt 0.956405 0.744636
vt 0.957528 0.740342
vt 0.951503 0.740293
vt 0.702479 0.059044
vt 0.693570 0.058104
vt 0.697690 0.048089
vt 0.705735 0.050240
vt 0.950765 0.542183
vt 0.958227 0.552220
vt 0.952776 0.551203
vt 0.946190 0.546208
vt 0.827165 0.184637
vt 0.827933 0.172042
vt 0.812247 0.171835
vt 0.812552 0.184770
vt 0.716765 0.044171
vt 0.708866 0.043085
vt 0.710317 0.035622
vt 0.719481 0.035564
vt 0.790697 0.715150
vt 0.778704 0.711243
vt 0.779454 0.706348
vt 0.791446 0.706325
vt 0.399999 0.073528
vt 0.398310 0.081822
vt 0.411083 0.084409
vt 0.628531 0.125468
vt 0.632126 0.112126
vt 0.615900 0.109030
vt 0.613782 0.123071
vt 0.320997 0.049671
vt 0.332992 0.047572
vt 0.335493 0.054385
vt 0.323375 0.057105
vt 0.746646 0.789808
vt 0.743300 0.778730
vt 0.755301 0.775365
vt 0.975447 0.036164
vt 0.968795 0.043164
vt 0.781931 0.804254
vt 0.788607 0.792848
vt 0.799037 0.801145
vt 0.789023 0.810560
vt 0.267513 0.281736
vt 0.276441 0.281958
vt 0.277385 0.268315
vt 0.268455 0.268091
vt 0.932492 0.243052
vt 0.940225 0.238195
vt 0.932640 0.229038
vt 0.925082 0.233790
vt 0.727427 0.961556
vt 0.731345 0.955026
vt 0.742072 0.963370
vt 0.739833 0.969844
vt 0.073508 0.197238
vt 0.070299 0.204446
vt 0.061667 0.196113
vt 0.071547 0.188753
vt 0.954970 0.144289
vt 0.953152 0.129332
vt 0.830562 0.339172
vt 0.830081 0.344817
vt 0.840666 0.345451
vt 0.842846 0.338098
vt 0.695107 0.558832
vt 0.693015 0.570516
vt 0.683301 0.569023
vt 0.686212 0.556339
vt 0.329841 0.286705
vt 0.327977 0.292101
vt 0.324496 0.285246
vt 0.997961 0.193582
vt 0.986620 0.193693
vt 0.066729 0.130210
vt 0.056903 0.130152
vt 0.058650 0.118683
vt 0.686609 0.196917
vt 0.685697 0.197867
vt 0.686389 0.203734
vt 0.687634 0.204143
vt 0.929000 0.194315
vt 0.922882 0.192437
vt 0.922546 0.179449
vt 0.930281 0.180798
vt 0.975595 0.726271
vt 0.972734 0.732676
vt 0.980502 0.731877
vt 0.982061 0.724678
vt 0.970276 0.739395
vt 0.966019 0.734269
vt 0.963662 0.741246
vt 0.967893 0.746266
vt 0.897581 0.266240
vt 0.888337 0.265579
vt 0.890509 0.272674
vt 0.908846 0.191652
vt 0.915968 0.200258
vt 0.908420 0.201317
vt 0.307254 0.369963
vt 0.304147 0.380029
vt 0.830875 0.964377
vt 0.832591 0.955863
vt 0.820106 0.956731
vt 0.818104 0.965128
vt 0.733095 0.110747
vt 0.743870 0.110199
vt 0.738793 0.096233
vt 0.729552 0.100393
vt 0.337518 0.277459
vt 0.341734 0.272968
vt 0.346715 0.279136
vt 0.341522 0.282786
vt 0.307793 0.042244
vt 0.319912 0.041665
vt 0.308755 0.050871
vt 0.861162 0.142767
vt 0.852891 0.147744
vt 0.849887 0.134173
vt 0.859585 0.133702
vt 0.071877 0.045050
vt 0.086045 0.048803
vt 0.090074 0.045217
vt 0.077888 0.039669
vt 0.345232 0.042090
vt 0.345927 0.049364
vt 0.798727 0.182408
vt 0.809408 0.171555
vt 0.806178 0.168397
vt 0.795479 0.176118
vt 0.385766 0.064990
vt 0.385468 0.073496
vt 0.402743 0.064999
vt 0.280565 0.440055
vt 0.279169 0.445692
vt 0.267299 0.443791
vt 0.277517 0.435041
vt 0.347785 0.135786
vt 0.360924 0.130658
vt 0.349460 0.142154
vt 0.313222 0.345231
vt 0.303570 0.354188
vt 0.312170 0.359139
vt 0.317818 0.348439
vt 0.599135 0.724906
vt 0.590310 0.734065
vt 0.583915 0.731760
vt 0.589758 0.717836
vt 0.802281 0.443859
vt 0.806610 0.444473
vt 0.807793 0.428725
vt 0.803970 0.429352
vt 0.840362 0.957008
vt 0.837457 0.954078
vt 0.832911 0.952485
vt 0.280720 0.428779
vt 0.281161 0.431948
vt 0.271807 0.426984
vt 0.278458 0.424852
vt 0.752458 0.966969
vt 0.743205 0.959798
vt 0.985570 0.694420
vt 0.981873 0.697478
vt 0.842842 0.811944
vt 0.842808 0.820794
vt 0.831899 0.821438
vt 0.832779 0.809909
vt 0.097389 0.050692
vt 0.098886 0.049304
vt 0.803899 0.705605
vt 0.790109 0.697376
vt 0.801404 0.693666
vt 0.746522 0.563327
vt 0.740760 0.563688
vt 0.734562 0.553115
vt 0.740364 0.550874
vt 0.089030 0.032673
vt 0.088879 0.025556
vt 0.098511 0.025331
vt 0.098511 0.033566
vt 0.875768 0.150871
vt 0.874035 0.156857
vt 0.865435 0.151662
vt 0.870590 0.146614
vt 0.912061 0.643406
vt 0.900703 0.652734
vt 0.893406 0.645085
vt 0.901748 0.634188
vt 0.655132 0.187214
vt 0.664578 0.188132
vt 0.664407 0.175303
vt 0.659301 0.174379
vt 0.633819 0.530064
vt 0.634675 0.517076
vt 0.619728 0.516587
vt 0.618858 0.528916
vt 0.866025 0.572969
vt 0.863782 0.572756
vt 0.863339 0.564191
vt 0.865658 0.564936
vt 0.678482 0.196732
vt 0.679129 0.197881
vt 0.864505 0.659639
vt 0.854203 0.648772
vt 0.863023 0.642014
vt 0.869047 0.654872
vt 0.959833 0.278636
vt 0.964962 0.274714
vt 0.966240 0.279249
vt 0.961128 0.283046
vt 0.145476 0.043087
vt 0.131904 0.049581
vt 0.133219 0.052684
vt 0.746441 0.059789
vt 0.748867 0.071358
vt 0.755168 0.063970
vt 0.754647 0.059222
vt 0.710052 0.080590
vt 0.709042 0.071196
vt 0.717783 0.070927
vt 0.720883 0.444188
vt 0.724755 0.442601
vt 0.723895 0.428511
vt 0.720228 0.427313
vt 0.312422 0.015257
vt 0.323000 0.015421
vt 0.320842 0.023554
vt 0.310140 0.024011
vt 0.989054 0.501889
vt 0.986898 0.496737
vt 0.984764 0.505041
vt 0.987326 0.507464
vt 0.957734 0.629518
vt 0.965249 0.630969
vt 0.961874 0.643669
vt 0.954165 0.642396
vt 0.214907 0.045670
vt 0.204359 0.051151
vt 0.209723 0.053618
vt 0.317300 0.283868
vt 0.308348 0.290842
vt 0.307793 0.284235
vt 0.956816 0.298747
vt 0.962523 0.296000
vt 0.962929 0.302820
vt 0.956845 0.304460
vt 0.720050 0.137211
vt 0.723683 0.145358
vt 0.735449 0.137647
vt 0.728824 0.130038
vt 0.884197 0.044656
vt 0.883743 0.040886
vt 0.866671 0.045123
vt 0.867625 0.046995
vt 0.898408 0.241750
vt 0.903807 0.235731
vt 0.891597 0.226022
vt 0.886602 0.234468
vt 0.833614 0.568629
vt 0.842631 0.575237
vt 0.128961 0.250341
vt 0.123454 0.256200
vt 0.132676 0.264071
vt 0.135921 0.259620
vt 0.257474 0.668991
vt 0.260506 0.682295
vt 0.802369 0.202938
vt 0.810516 0.200378
vt 0.812793 0.207792
vt 0.802858 0.208070
vt 0.981463 0.207690
vt 0.985920 0.202429
vt 0.988687 0.212369
vt 0.983409 0.213349
vt 0.933589 0.434142
vt 0.941722 0.436008
vt 0.936691 0.451127
vt 0.928876 0.446569
vt 0.850841 0.704141
vt 0.854625 0.708511
vt 0.849772 0.715029
vt 0.843721 0.710841
vt 0.918933 0.012920
vt 0.926337 0.012990
vt 0.924658 0.021475
vt 0.917381 0.018363
vt 0.068160 0.064012
vt 0.083227 0.056759
vt 0.068644 0.057842
vt 0.796681 0.150226
vt 0.793110 0.146961
vt 0.786288 0.146461
vt 0.787770 0.153526
vt 0.261621 0.070409
vt 0.269629 0.071927
vt 0.274092 0.057218
vt 0.265615 0.056441
vt 0.759536 0.882546
vt 0.774664 0.877831
vt 0.773825 0.889520
vt 0.760248 0.888037
vt 0.585874 0.287056
vt 0.579315 0.281301
vt 0.574081 0.290889
vt 0.586098 0.290257
vt 0.914013 0.542296
vt 0.927059 0.545706
vt 0.775511 0.005661
vt 0.772353 0.000436
vt 0.766002 0.003426
vt 0.769159 0.008650
vt 0.734460 0.918499
vt 0.738322 0.903610
vt 0.744596 0.904296
vt 0.746121 0.918040
vt 0.819322 0.329819
vt 0.818740 0.338208
vt 0.831473 0.332989
vt 0.290572 0.210135
vt 0.292086 0.222818
vt 0.285847 0.224950
vt 0.280309 0.212841
vt 0.599452 0.310225
vt 0.597768 0.296764
vt 0.591976 0.295782
vt 0.589114 0.309013
vt 0.787666 0.518484
vt 0.787030 0.505451
vt 0.935509 0.422761
vt 0.943998 0.423318
vt 0.938192 0.905870
vt 0.942647 0.892795
vt 0.203627 0.039445
vt 0.192571 0.044663
vt 0.197973 0.048317
vt 0.209079 0.042555
vt 0.906090 0.250708
vt 0.912880 0.244615
vt 0.081931 0.197081
vt 0.081459 0.197976
vt 0.956135 0.269383
vt 0.958835 0.264325
vt 0.962738 0.268888
vt 0.959220 0.274493
vt 0.669018 0.055347
vt 0.673721 0.054979
vt 0.673818 0.067614
vt 0.669230 0.067878
vt 0.605846 0.763974
vt 0.593816 0.758282
vt 0.596167 0.751451
vt 0.608786 0.753291
vt 0.864660 0.170770
vt 0.859860 0.177828
vt 0.848805 0.169876
vt 0.854849 0.163095
vt 0.287559 0.414550
vt 0.283645 0.414980
vt 0.280030 0.409728
vt 0.292022 0.406100
vt 0.964032 0.308798
vt 0.969586 0.298819
vt 0.973292 0.304977
vt 0.880516 0.544477
vt 0.875231 0.543796
vt 0.875964 0.539400
vt 0.882452 0.539661
vt 0.481016 0.151656
vt 0.472776 0.139930
vt 0.462742 0.144240
vt 0.467833 0.157917
vt 0.069784 0.052227
vt 0.083744 0.052890
vt 0.451530 0.077966
vt 0.466545 0.078030
vt 0.466219 0.069514
vt 0.755451 0.476243
vt 0.755453 0.471879
vt 0.741448 0.466503
vt 0.739919 0.470457
vt 0.865992 0.937189
vt 0.856246 0.935227
vt 0.858338 0.918277
vt 0.868214 0.919599
vt 0.330451 0.273834
vt 0.327570 0.279536
vt 0.318769 0.278242
vt 0.321418 0.271954
vt 0.276519 0.044145
vt 0.278026 0.032694
vt 0.269861 0.032947
vt 0.269359 0.043868
vt 0.955554 0.292876
vt 0.961561 0.289536
vt 0.101272 0.048189
vt 0.095612 0.042924
vt 0.733225 0.121258
vt 0.743332 0.125058
vt 0.845724 0.730264
vt 0.846415 0.739538
vt 0.837154 0.740116
vt 0.836704 0.729182
vt 0.273099 0.188007
vt 0.276186 0.200252
vt 0.262908 0.205770
vt 0.258519 0.193240
vt 0.818768 0.388908
vt 0.812184 0.381056
vt 0.803854 0.387228
vt 0.810534 0.395505
vt 0.972197 0.888189
vt 0.781524 0.237094
vt 0.768810 0.244386
vt 0.774457 0.255409
vt 0.832916 0.550152
vt 0.838903 0.548729
vt 0.841047 0.553472
vt 0.834800 0.557122
vt 0.854748 0.570890
vt 0.855111 0.563378
vt 0.024081 0.140775
vt 0.032905 0.140180
vt 0.033431 0.155166
vt 0.025536 0.155579
vt 0.777571 0.114842
vt 0.785945 0.125605
vt 0.792248 0.119666
vt 0.784831 0.110595
vt 0.684808 0.542892
vt 0.690769 0.543802
vt 0.680626 0.555178
vt 0.623384 0.180822
vt 0.629164 0.182306
vt 0.624615 0.170419
vt 0.617460 0.172379
vt 0.750266 0.801131
vt 0.270579 0.175905
vt 0.286366 0.172848
vt 0.288313 0.185066
vt 0.869291 0.540679
vt 0.923835 0.375759
vt 0.931123 0.372865
vt 0.934031 0.377589
vt 0.928825 0.380558
vt 0.693440 0.117788
vt 0.138351 0.147866
vt 0.143651 0.136179
vt 0.149029 0.136862
vt 0.147946 0.150272
vt 0.780353 0.776598
vt 0.782758 0.764641
vt 0.798007 0.767910
vt 0.793961 0.780231
vt 0.317426 0.150384
vt 0.317425 0.148649
vt 0.309545 0.148649
vt 0.310703 0.151264
vt 0.162167 0.103910
vt 0.168289 0.108030
vt 0.170974 0.106317
vt 0.166683 0.102031
vt 0.099387 0.174936
vt 0.099218 0.189273
vt 0.089421 0.185660
vt 0.095388 0.173527
vt 0.947479 0.933304
vt 0.955939 0.941185
vt 0.950813 0.945165
vt 0.624781 0.404098
vt 0.622154 0.418781
vt 0.624360 0.416328
vt 0.633931 0.390937
vt 0.622708 0.392590
vt 0.625366 0.400610
vt 0.637636 0.398549
vt 0.262976 0.427657
vt 0.269206 0.414877
vt 0.274499 0.415194
vt 0.823139 0.624828
vt 0.822924 0.637851
vt 0.805480 0.637313
vt 0.806522 0.624556
vt 0.835814 0.107567
vt 0.829378 0.106874
vt 0.829097 0.112346
vt 0.931042 0.508809
vt 0.929920 0.501502
vt 0.933012 0.500954
vt 0.818109 0.845158
vt 0.804467 0.844370
vt 0.803727 0.831424
vt 0.816857 0.834838
vt 0.405741 0.101302
vt 0.402183 0.106785
vt 0.408941 0.110852
vt 0.412498 0.105369
vt 0.700683 0.115785
vt 0.802061 0.126824
vt 0.805972 0.119944
vt 0.798352 0.114564
vt 0.868152 0.555675
vt 0.866001 0.548383
vt 0.691460 0.631866
vt 0.693816 0.632520
vt 0.694834 0.625202
vt 0.692434 0.625744
vt 0.904320 0.488106
vt 0.896498 0.485751
vt 0.293337 0.045410
vt 0.294695 0.034393
vt 0.286568 0.033364
vt 0.284447 0.044948
vt 0.857653 0.901514
vt 0.868214 0.901886
vt 0.651926 0.362586
vt 0.639397 0.372378
vt 0.934285 0.013727
vt 0.932314 0.022835
vt 0.969437 0.645219
vt 0.967761 0.656019
vt 0.959725 0.654747
vt 0.402070 0.978824
vt 0.406883 0.983450
vt 0.408184 0.983086
vt 0.397135 0.973222
vt 0.482496 0.846992
vt 0.474168 0.851915
vt 0.490125 0.849604
vt 0.490729 0.848259
vt 0.934549 0.650597
vt 0.942731 0.652394
vt 0.939466 0.659121
vt 0.931866 0.657932
vt 0.817420 0.139032
vt 0.820524 0.138731
vt 0.823179 0.130765
vt 0.816993 0.131398
vt 0.351213 0.025530
vt 0.351005 0.034105
vt 0.344537 0.033745
vt 0.342035 0.025861
vt 0.104613 0.271819
vt 0.097214 0.271088
vt 0.098885 0.278557
vt 0.105646 0.279481
vt 0.128392 0.045615
vt 0.755316 0.009055
vt 0.766289 0.014685
vt 0.525421 0.559987
vt 0.518860 0.571600
vt 0.522558 0.574832
vt 0.533093 0.565246
vt 0.875630 0.176412
vt 0.871642 0.184765
vt 0.954751 0.309609
vt 0.331211 0.031222
vt 0.331907 0.039567
vt 0.712255 0.131958
vt 0.714648 0.124216
vt 0.708629 0.124623
vt 0.705814 0.132974
vt 0.534365 0.603228
vt 0.546645 0.609852
vt 0.551188 0.596005
vt 0.538667 0.593639
vt 0.627720 0.723620
vt 0.620180 0.710168
vt 0.618724 0.323491
vt 0.615894 0.319731
vt 0.608028 0.323880
vt 0.609100 0.333361
vt 0.145729 0.162861
vt 0.158932 0.163739
vt 0.951830 0.423931
vt 0.943400 0.411577
vt 0.952487 0.411664
vt 0.686308 0.172067
vt 0.688704 0.162822
vt 0.675716 0.162143
vt 0.675220 0.167006
vt 0.846175 0.722096
vt 0.838946 0.719017
vt 0.802985 0.718600
vt 0.798111 0.731021
vt 0.786424 0.723770
vt 0.862192 0.815397
vt 0.870776 0.814541
vt 0.872173 0.825853
vt 0.887132 0.698848
vt 0.877742 0.702016
vt 0.872694 0.693091
vt 0.875376 0.216006
vt 0.872349 0.230122
vt 0.862679 0.225291
vt 0.870342 0.213627
vt 0.868689 0.133384
vt 0.861902 0.122518
vt 0.870341 0.125506
vt 0.919068 0.656454
vt 0.905705 0.660981
vt 0.788963 0.592280
vt 0.780913 0.604033
vt 0.769264 0.593552
vt 0.780493 0.583865
vt 0.685111 0.055406
vt 0.689440 0.044630
vt 0.193724 0.032856
vt 0.182541 0.035735
vt 0.187448 0.040566
vt 0.198486 0.035947
vt 0.231263 0.099040
vt 0.233077 0.086742
vt 0.215505 0.086344
vt 0.215501 0.098403
vt 0.134773 0.059613
vt 0.133897 0.066670
vt 0.151590 0.067721
vt 0.151598 0.058849
vt 0.320244 0.032468
vt 0.755867 0.811209
vt 0.752586 0.814310
vt 0.743388 0.805088
vt 0.784986 0.067566
vt 0.790518 0.073634
vt 0.802639 0.068636
vt 0.797049 0.063266
vt 0.610090 0.717177
vt 0.598789 0.706283
vt 0.609984 0.697767
vt 0.619065 0.693065
vt 0.597473 0.685784
vt 0.606917 0.679599
vt 0.446721 0.121421
vt 0.445708 0.131499
vt 0.289311 0.197638
vt 0.303596 0.184190
vt 0.303426 0.198072
vt 0.721890 0.104663
vt 0.720971 0.091107
vt 0.714152 0.098840
vt 0.603055 0.012926
vt 0.606979 0.004795
vt 0.611646 0.005916
vt 0.605554 0.018606
vt 0.735990 0.795161
vt 0.340712 0.295306
vt 0.339686 0.290338
vt 0.080944 0.180360
vt 0.098993 0.219147
vt 0.110799 0.222847
vt 0.637074 0.192446
vt 0.625712 0.182878
vt 0.630496 0.195728
vt 0.800956 0.529411
vt 0.789151 0.530946
vt 0.776941 0.530741
vt 0.774504 0.543259
vt 0.759938 0.538230
vt 0.765043 0.527245
vt 0.737856 0.812060
vt 0.844848 0.547150
vt 0.847876 0.552398
vt 0.812925 0.689596
vt 0.816043 0.704459
vt 0.011803 0.677750
vt 0.019445 0.677480
vt 0.018161 0.663943
vt 0.011422 0.663844
vt 0.963538 0.517539
vt 0.971216 0.528208
vt 0.963682 0.532932
vt 0.956008 0.522486
vt 0.867459 0.782044
vt 0.875596 0.781530
vt 0.876417 0.791741
vt 0.867904 0.792681
vt 0.915465 0.338238
vt 0.925042 0.338406
vt 0.913748 0.346083
vt 0.355380 0.971053
vt 0.343337 0.978784
vt 0.354640 0.989409
vt 0.363000 0.978729
vt 0.870152 0.705163
vt 0.881450 0.713325
vt 0.873119 0.714394
vt 0.961674 0.745744
vt 0.696714 0.129659
vt 0.599627 0.108430
vt 0.600800 0.095000
vt 0.123582 0.154555
vt 0.116546 0.165374
vt 0.104648 0.155846
vt 0.113748 0.146036
vt 0.206093 0.023839
vt 0.211237 0.027613
vt 0.214317 0.018745
vt 0.446846 0.094983
vt 0.454162 0.096185
vt 0.453206 0.087620
vt 0.133097 0.100268
vt 0.144575 0.102727
vt 0.153557 0.099385
vt 0.145307 0.096546
vt 0.986205 0.716928
vt 0.978841 0.719837
vt 0.956465 0.072970
vt 0.960778 0.069437
vt 0.965332 0.074423
vt 0.870278 0.410643
vt 0.876079 0.404300
vt 0.868662 0.396617
vt 0.862517 0.402101
vt 0.871282 0.723503
vt 0.880402 0.726298
vt 0.873557 0.737549
vt 0.865868 0.731327
vt 0.968516 0.727829
vt 0.870694 0.037053
vt 0.862168 0.037918
vt 0.855668 0.042948
vt 0.860308 0.042630
vt 0.973932 0.714130
vt 0.997340 0.195475
vt 0.997319 0.201750
vt 0.988496 0.202637
vt 0.988123 0.194220
vt 0.028800 0.028117
vt 0.037909 0.026299
vt 0.035935 0.012730
vt 0.027583 0.015023
vt 0.887674 0.178805
vt 0.878923 0.168046
vt 0.884352 0.331997
vt 0.891533 0.326452
vt 0.897499 0.338340
vt 0.888938 0.341659
vt 0.802865 0.264576
vt 0.801144 0.277243
vt 0.796932 0.261407
vt 0.795404 0.341085
vt 0.797449 0.351467
vt 0.807903 0.348672
vt 0.806959 0.338854
vt 0.905521 0.783307
vt 0.905367 0.789543
vt 0.898238 0.790881
vt 0.967043 0.715879
vt 0.964028 0.709569
vt 0.961618 0.717763
vt 0.965815 0.722444
vt 0.776132 0.716359
vt 0.780221 0.731365
vt 0.771641 0.719940
vt 0.794373 0.328845
vt 0.806993 0.328248
vt 0.485441 0.109806
vt 0.484176 0.116662
vt 0.490917 0.119937
vt 0.787411 0.892145
vt 0.780890 0.905916
vt 0.770617 0.899549
vt 0.900647 0.756725
vt 0.899044 0.747781
vt 0.913600 0.745784
vt 0.915070 0.755309
vt 0.651596 0.168665
vt 0.649998 0.164579
vt 0.637315 0.167934
vt 0.640331 0.175576
vt 0.497709 0.123457
vt 0.350897 0.102364
vt 0.357127 0.101043
vt 0.347499 0.115859
vt 0.343644 0.116685
vt 0.882710 0.317660
vt 0.876385 0.322192
vt 0.867832 0.310514
vt 0.875270 0.306592
vt 0.499562 0.183454
vt 0.495294 0.174614
vt 0.479752 0.181786
vt 0.485169 0.190302
vt 0.538091 0.019186
vt 0.537215 0.018755
vt 0.538967 0.028335
vt 0.829685 0.153880
vt 0.830560 0.155158
vt 0.829685 0.163470
vt 0.906997 0.776768
vt 0.740470 0.207979
vt 0.734597 0.200532
vt 0.717836 0.204058
vt 0.722017 0.210901
vt 0.882334 0.615341
vt 0.882397 0.616827
vt 0.890105 0.616409
vt 0.889595 0.614211
vt 0.860076 0.297802
vt 0.855409 0.285749
vt 0.863920 0.283796
vt 0.868092 0.294721
vt 0.708496 0.186915
vt 0.711340 0.178717
vt 0.699929 0.173754
vt 0.939980 0.253816
vt 0.932111 0.257367
vt 0.937638 0.269318
vt 0.764010 0.455956
vt 0.762534 0.454800
vt 0.755889 0.455685
vt 0.756628 0.456263
vt 0.620759 0.740802
vt 0.608648 0.742689
vt 0.605029 0.733037
vt 0.616969 0.728557
vt 0.044787 0.091957
vt 0.038913 0.098561
vt 0.032615 0.093203
vt 0.039063 0.086507
vt 0.358826 0.073006
vt 0.362344 0.072920
vt 0.362073 0.083284
vt 0.356063 0.088173
vt 0.141365 0.220696
vt 0.138822 0.210904
vt 0.845139 0.917414
vt 0.832737 0.915838
vt 0.832062 0.902422
vt 0.845104 0.901780
vt 0.029627 0.103777
vt 0.023258 0.098873
vt 0.732424 0.933738
vt 0.747969 0.932690
vt 0.646663 0.183028
vt 0.281924 0.057620
vt 0.913860 0.064582
vt 0.912119 0.071443
vt 0.919348 0.071927
vt 0.920670 0.065956
vt 0.708018 0.507226
vt 0.713521 0.510406
vt 0.704325 0.520926
vt 0.698760 0.520789
vt 0.224116 0.686653
vt 0.236543 0.686099
vt 0.236352 0.695343
vt 0.222974 0.691876
vt 0.596871 0.051684
vt 0.596714 0.038815
vt 0.582570 0.038444
vt 0.581972 0.050756
vt 0.886506 0.391384
vt 0.889627 0.384505
vt 0.885421 0.380566
vt 0.879755 0.385775
vt 0.846786 0.692198
vt 0.848920 0.698763
vt 0.839024 0.704524
vt 0.835606 0.697882
vt 0.694333 0.037439
vt 0.701024 0.041300
vt 0.860105 0.725679
vt 0.857129 0.737666
vt 0.854398 0.730419
vt 0.756813 0.018798
vt 0.766385 0.020622
vt 0.130729 0.143411
vt 0.134227 0.159901
vt 0.815517 0.366669
vt 0.811212 0.357843
vt 0.801460 0.362334
vt 0.806726 0.371946
vt 0.741510 0.151869
vt 0.743943 0.164486
vt 0.760872 0.163538
vt 0.758260 0.151134
vt 0.168437 0.069745
vt 0.168685 0.059300
vt 0.777414 0.213584
vt 0.778993 0.210727
vt 0.766943 0.206422
vt 0.758993 0.209026
vt 0.901706 0.599221
vt 0.901827 0.600615
vt 0.893012 0.608108
vt 0.891805 0.599059
vt 0.773028 0.500660
vt 0.762912 0.510231
vt 0.757887 0.502088
vt 0.770624 0.496168
vt 0.700898 0.083757
vt 0.713391 0.090235
vt 0.899859 0.555647
vt 0.901367 0.540712
vt 0.161969 0.098813
vt 0.922504 0.671494
vt 0.907798 0.672412
vt 0.374125 0.125586
vt 0.387575 0.120784
vt 0.390057 0.137955
vt 0.045734 0.139930
vt 0.045460 0.154587
vt 0.148467 0.267035
vt 0.129601 0.268729
vt 0.141345 0.273322
vt 0.507289 0.191590
vt 0.509355 0.206368
vt 0.520205 0.202225
vt 0.513692 0.189592
vt 0.973291 0.483466
vt 0.971763 0.488828
vt 0.975607 0.493734
vt 0.981497 0.488527
vt 0.333222 0.282131
vt 0.939808 0.024906
vt 0.947228 0.025246
vt 0.944833 0.035309
vt 0.937211 0.034604
vt 0.389043 0.155866
vt 0.517742 0.162349
vt 0.527803 0.150692
vt 0.517869 0.144613
vt 0.512647 0.159243
vt 0.890105 0.711734
vt 0.762259 0.691410
vt 0.767571 0.691144
vt 0.709847 0.107192
vt 0.826427 0.287589
vt 0.821278 0.275465
vt 0.830560 0.268901
vt 0.817201 0.926613
vt 0.830589 0.930054
vt 0.826192 0.943963
vt 0.474642 0.121351
vt 0.469669 0.119428
vt 0.467995 0.129309
vt 0.475828 0.128119
vt 0.867565 0.243161
vt 0.855934 0.236566
vt 0.144961 0.231654
vt 0.099892 0.229862
vt 0.106961 0.239173
vt 0.115882 0.231722
vt 0.254597 0.180637
vt 0.256781 0.175453
vt 0.266843 0.169828
vt 0.688571 0.204325
vt 0.687115 0.211022
vt 0.688960 0.211421
vt 0.979190 0.859760
vt 0.991681 0.860400
vt 0.991193 0.872521
vt 0.978174 0.872672
vt 0.952514 0.060431
vt 0.950462 0.068604
vt 0.945271 0.064194
vt 0.948133 0.056048
vt 0.971541 0.542658
vt 0.965051 0.547449
vt 0.957414 0.537581
vt 0.916726 0.309067
vt 0.926283 0.314807
vt 0.921171 0.322523
vt 0.302539 0.045766
vt 0.899439 0.570212
vt 0.900289 0.584391
vt 0.890787 0.585169
vt 0.890105 0.569682
vt 0.945423 0.183636
vt 0.954028 0.184013
vt 0.954028 0.197576
vt 0.945118 0.196733
vt 0.040260 0.717134
vt 0.033310 0.705237
vt 0.031750 0.709290
vt 0.038393 0.717392
vt 0.779664 0.956437
vt 0.773437 0.948394
vt 0.786600 0.935374
vt 0.792350 0.942165
vt 0.937039 0.195826
vt 0.941675 0.207934
vt 0.933009 0.205336
vt 0.803014 0.412816
vt 0.799394 0.415023
vt 0.420637 0.088727
vt 0.419081 0.088804
vt 0.416319 0.096012
vt 0.418441 0.096601
vt 0.717786 0.064152
vt 0.710811 0.061751
vt 0.714116 0.052616
vt 0.721791 0.055842
vt 0.985552 0.901960
vt 0.965207 0.702141
vt 0.960199 0.705269
vt 0.968809 0.708229
vt 0.046898 0.309249
vt 0.047678 0.317436
vt 0.063551 0.318173
vt 0.062349 0.310395
vt 0.738473 0.856789
vt 0.737385 0.849299
vt 0.760508 0.839146
vt 0.759619 0.846146
vt 0.822229 0.984049
vt 0.825553 0.973841
vt 0.813261 0.974543
vt 0.809712 0.983368
vt 0.909295 0.268753
vt 0.916988 0.265653
vt 0.912145 0.258083
vt 0.905116 0.262540
vt 0.141798 0.243194
vt 0.135036 0.246054
vt 0.140052 0.256872
vt 0.144551 0.254994
vt 0.882293 0.495997
vt 0.891946 0.497557
vt 0.888696 0.508227
vt 0.879900 0.507268
vt 0.745188 0.017510
vt 0.747298 0.009993
vt 0.476907 0.108788
vt 0.476561 0.102262
vt 0.895656 0.762636
vt 0.902933 0.767189
vt 0.952609 0.316042
vt 0.976795 0.646180
vt 0.972974 0.633009
vt 0.733362 0.024118
vt 0.744942 0.025721
vt 0.734572 0.016048
vt 0.476372 0.115429
vt 0.469487 0.113009
vt 0.214447 0.111931
vt 0.198422 0.099606
vt 0.199264 0.113873
vt 0.885082 0.802128
vt 0.892376 0.801002
vt 0.894212 0.811057
vt 0.886862 0.812685
vt 0.100681 0.659384
vt 0.105517 0.659726
vt 0.104271 0.651257
vt 0.101999 0.651885
vt 0.956863 0.064866
vt 0.974269 0.392764
vt 0.965525 0.392027
vt 0.963810 0.381090
vt 0.972908 0.381470
vt 0.703223 0.165946
vt 0.779511 0.196600
vt 0.782399 0.183615
vt 0.767887 0.181634
vt 0.766879 0.194483
vt 0.853862 0.694134
vt 0.857477 0.700568
vt 0.878855 0.813903
vt 0.880066 0.825082
vt 0.332910 0.986010
vt 0.347956 0.995647
vt 0.869407 0.163752
vt 0.860381 0.157649
vt 0.869235 0.803960
vt 0.877869 0.802944
vt 0.821280 0.353983
vt 0.819129 0.346265
vt 0.095909 0.122963
vt 0.109077 0.125040
vt 0.114492 0.115149
vt 0.101230 0.113515
vt 0.924394 0.200663
vt 0.913908 0.354360
vt 0.925977 0.359077
vt 0.916507 0.361894
vt 0.220734 0.696323
vt 0.231282 0.704084
vt 0.224402 0.710954
vt 0.217253 0.700128
vt 0.958127 0.492536
vt 0.957856 0.501323
vt 0.965304 0.499714
vt 0.966176 0.491107
vt 0.636963 0.158231
vt 0.639431 0.148605
vt 0.626990 0.144607
vt 0.624111 0.157299
vt 0.919915 0.368990
vt 0.928079 0.366436
vt 0.881447 0.375588
vt 0.874767 0.378727
vt 0.633135 0.738502
vt 0.906497 0.520052
vt 0.820409 0.140105
vt 0.827831 0.140707
vt 0.897612 0.151251
vt 0.915126 0.510970
vt 0.914514 0.517631
vt 0.877925 0.137180
vt 0.874781 0.129962
vt 0.717714 0.130648
vt 0.722447 0.125508
vt 0.739417 0.769152
vt 0.735674 0.765110
vt 0.742090 0.764193
vt 0.554729 0.289015
vt 0.553243 0.289887
vt 0.548599 0.289015
vt 0.888666 0.627322
vt 0.884283 0.640708
vt 0.873920 0.639871
vt 0.873893 0.625134
vt 0.822529 0.647341
vt 0.840193 0.636630
vt 0.839535 0.646773
vt 0.713125 0.543279
vt 0.707847 0.552492
vt 0.698573 0.547980
vt 0.704702 0.537103
vt 0.465531 0.057385
vt 0.479325 0.056644
vt 0.466012 0.045661
vt 0.999456 0.376805
vt 0.990861 0.378895
vt 0.990837 0.367302
vt 0.999036 0.367372
vt 0.420030 0.990715
vt 0.431261 0.976734
vt 0.418009 0.970362
vt 0.798975 0.597305
vt 0.803371 0.585137
vt 0.809630 0.586580
vt 0.890105 0.726942
vt 0.583344 0.295215
vt 0.585317 0.291143
vt 0.576289 0.299521
vt 0.781557 0.649527
vt 0.785297 0.657574
vt 0.769957 0.651854
vt 0.772998 0.646469
vt 0.095884 0.271219
vt 0.097546 0.278955
vt 0.861993 0.328587
vt 0.854406 0.331858
vt 0.846140 0.320935
vt 0.853840 0.316911
vt 0.339588 0.300870
vt 0.338753 0.308279
vt 0.332101 0.306838
vt 0.333707 0.299853
vt 0.028459 0.744115
vt 0.024123 0.743725
vt 0.024081 0.730634
vt 0.027813 0.731488
vt 0.721491 0.549984
vt 0.717386 0.556792
vt 0.957429 0.054645
vt 0.963514 0.049098
vt 0.329427 0.297833
vt 0.335798 0.293827
vt 0.327664 0.304804
vt 0.626532 0.038623
vt 0.625732 0.030078
vt 0.611145 0.030538
vt 0.611666 0.039840
vt 0.883385 0.770703
vt 0.883060 0.781440
vt 0.992358 0.388895
vt 0.983531 0.391767
vt 0.982171 0.380473
vt 0.337063 0.286628
vt 0.976868 0.213827
vt 0.972417 0.207834
vt 0.234911 0.677360
vt 0.246563 0.673542
vt 0.248402 0.684867
vt 0.926544 0.331311
vt 0.935601 0.327135
vt 0.935167 0.336495
vt 0.863954 0.246482
vt 0.851061 0.237139
vt 0.712389 0.246765
vt 0.699523 0.238218
vt 0.691615 0.252435
vt 0.706335 0.257082
vt 0.824387 0.361195
vt 0.821300 0.374690
vt 0.756567 0.027008
vt 0.301335 0.169637
vt 0.302729 0.171381
vt 0.284916 0.168062
vt 0.766878 0.175177
vt 0.767625 0.168205
vt 0.765914 0.176033
vt 0.460272 0.105271
vt 0.452944 0.104409
vt 0.454053 0.112555
vt 0.461154 0.112568
vt 0.078615 0.319220
vt 0.079920 0.319491
vt 0.080123 0.317741
vt 0.076861 0.311285
vt 0.122073 0.241487
vt 0.114890 0.247714
vt 0.441723 0.041768
vt 0.453859 0.044841
vt 0.456442 0.031699
vt 0.447407 0.029207
vt 0.796692 0.682988
vt 0.807080 0.676300
vt 0.280154 0.228858
vt 0.270694 0.218104
vt 0.412007 0.086190
vt 0.408505 0.092718
vt 0.538967 0.010898
vt 0.903658 0.389581
vt 0.904986 0.380873
vt 0.897325 0.379579
vt 0.896177 0.387815
vt 0.407257 0.035579
vt 0.398116 0.025227
vt 0.387003 0.035276
vt 0.398724 0.043611
vt 0.788918 0.635184
vt 0.791920 0.621823
vt 0.532837 0.033423
vt 0.531551 0.019787
vt 0.522328 0.022673
vt 0.528042 0.035144
vt 0.371716 0.064880
vt 0.372566 0.073058
vt 0.881795 0.398013
vt 0.874590 0.390818
vt 0.733570 0.821224
vt 0.850715 0.556907
vt 0.949418 0.628727
vt 0.946127 0.641341
vt 0.925754 0.649125
vt 0.924256 0.657967
vt 0.797603 0.377851
vt 0.794762 0.386830
vt 0.803917 0.397566
vt 0.855048 0.556652
vt 0.639799 0.280762
vt 0.626546 0.279387
vt 0.637721 0.291954
vt 0.937697 0.664544
vt 0.931311 0.664778
vt 0.861061 0.705204
vt 0.859292 0.712004
vt 0.085990 0.697566
vt 0.089425 0.692744
vt 0.079001 0.689440
vt 0.075431 0.696124
vt 0.445870 0.103637
vt 0.685115 0.210357
vt 0.888548 0.823934
vt 0.891217 0.836841
vt 0.882360 0.837940
vt 0.862803 0.745859
vt 0.064895 0.089992
vt 0.055683 0.093715
vt 0.052434 0.086374
vt 0.062526 0.080958
vt 0.668564 0.041699
vt 0.673268 0.041331
vt 0.613178 0.390859
vt 0.612932 0.400005
vt 0.873802 0.583090
vt 0.873154 0.581790
vt 0.880580 0.582926
vt 0.881228 0.584226
vt 0.899977 0.499748
vt 0.118398 0.262734
vt 0.811510 0.133020
vt 0.351576 0.043072
vt 0.345374 0.086192
vt 0.693731 0.618161
vt 0.691331 0.618703
vt 0.797615 0.096024
vt 0.789396 0.096545
vt 0.792171 0.106378
vt 0.799787 0.103637
vt 0.098729 0.669622
vt 0.095155 0.658093
vt 0.212693 0.702110
vt 0.215593 0.715753
vt 0.205342 0.716216
vt 0.206906 0.701864
vt 0.789330 0.875510
vt 0.799912 0.874341
vt 0.798535 0.894745
vt 0.022908 0.111275
vt 0.015324 0.104660
vt 0.735419 0.565962
vt 0.729927 0.556724
vt 0.156011 0.252554
vt 0.161358 0.253699
vt 0.165015 0.240675
vt 0.156656 0.240184
vt 0.804303 0.920753
vt 0.805100 0.914382
vt 0.818955 0.915383
vt 0.797678 0.581977
vt 0.929298 0.737726
vt 0.928103 0.728779
vt 0.943083 0.728953
vt 0.944396 0.738866
vt 0.804950 0.966423
vt 0.807036 0.958980
vt 0.794513 0.963187
vt 0.793599 0.968207
vt 0.036244 0.108045
vt 0.045278 0.104284
vt 0.843864 0.932912
vt 0.852804 0.952664
vt 0.839524 0.949700
vt 0.216711 0.077158
vt 0.199901 0.077311
vt 0.198336 0.086357
vt 0.902940 0.454664
vt 0.895023 0.468112
vt 0.702115 0.126233
vt 0.827760 0.560299
vt 0.952997 0.276263
vt 0.950423 0.273346
vt 0.684287 0.091107
vt 0.245512 0.065541
vt 0.253673 0.068705
vt 0.257996 0.056173
vt 0.250456 0.054339
vt 0.340174 0.315491
vt 0.334604 0.314618
vt 0.860635 0.313312
vt 0.843662 0.304682
vt 0.852032 0.300433
vt 0.893343 0.665199
vt 0.890606 0.660063
vt 0.094675 0.681439
vt 0.813544 0.314851
vt 0.813445 0.324760
vt 0.148593 0.241476
vt 0.734049 0.032675
vt 0.745629 0.034279
vt 0.949558 0.527312
vt 0.943025 0.533234
vt 0.780663 0.682999
vt 0.772273 0.693001
vt 0.879303 0.369377
vt 0.871779 0.371008
vt 0.881057 0.530778
vt 0.876763 0.528087
vt 0.990364 0.355554
vt 0.981593 0.354902
vt 0.981148 0.343069
vt 0.990969 0.344372
vt 0.719332 0.535851
vt 0.711787 0.528067
vt 0.843159 0.885153
vt 0.856836 0.884481
vt 0.687216 0.194856
vt 0.354746 0.121042
vt 0.367528 0.112903
vt 0.151952 0.218673
vt 0.149448 0.208109
vt 0.048703 0.097204
vt 0.324875 0.303755
vt 0.068886 0.069432
vt 0.614372 0.350844
vt 0.604807 0.356857
vt 0.613148 0.365102
vt 0.620399 0.360128
vt 0.333192 0.290113
vt 0.969081 0.698886
vt 0.790490 0.913054
vt 0.779235 0.926882
vt 0.772007 0.917386
vt 0.786708 0.755744
vt 0.795668 0.760733
vt 0.756429 0.034492
vt 0.767136 0.035321
vt 0.767412 0.026905
vt 0.890195 0.375651
vt 0.322010 0.361182
vt 0.322316 0.349379
vt 0.810065 0.114367
vt 0.804165 0.109411
vt 0.777204 0.817972
vt 0.793175 0.819093
vt 0.298287 0.346365
vt 0.310416 0.342024
vt 0.309080 0.336094
vt 0.845912 0.152021
vt 0.841191 0.136971
vt 0.964969 0.751090
vt 0.138954 0.133430
vt 0.883942 0.792015
vt 0.722789 0.183586
vt 0.220305 0.677203
vt 0.231431 0.668462
vt 0.222665 0.681556
vt 0.824614 0.394767
vt 0.816654 0.402354
vt 0.678516 0.194856
vt 0.971971 0.367933
vt 0.981452 0.367873
vt 0.617688 0.096043
vt 0.619038 0.086026
vt 0.601075 0.085004
vt 0.496813 0.097539
vt 0.507417 0.100236
vt 0.985098 0.066544
vt 0.974816 0.065005
vt 0.981242 0.059805
vt 0.956475 0.735270
vt 0.917874 0.330067
vt 0.925051 0.261482
vt 0.925775 0.248685
vt 0.919121 0.253511
vt 0.562989 0.598083
vt 0.564379 0.581228
vt 0.552265 0.581263
vt 0.869659 0.325953
vt 0.164729 0.228481
vt 0.154521 0.229378
vt 0.795017 0.609431
vt 0.776284 0.616881
vt 0.985144 0.123588
vt 0.970755 0.113744
vt 0.984174 0.114212
vt 0.767147 0.937968
vt 0.761084 0.926677
vt 0.714972 0.564960
vt 0.704947 0.561971
vt 0.798620 0.289710
vt 0.516174 0.555853
vt 0.513883 0.569750
vt 0.923879 0.502540
vt 0.922655 0.509202
vt 0.772203 0.629783
vt 0.726507 0.575474
vt 0.715496 0.582422
vt 0.714604 0.574182
vt 0.879031 0.363051
vt 0.870485 0.361413
vt 0.805052 0.647049
vt 0.811955 0.140802
vt 0.694834 0.616827
vt 0.518386 0.185646
vt 0.986549 0.203046
vt 0.887465 0.483072
vt 0.867960 0.382577
vt 0.918687 0.239706
vt 0.910024 0.228720
vt 0.036186 0.170069
vt 0.048102 0.168936
vt 0.052048 0.183398
vt 0.040089 0.185612
vt 0.533009 0.547543
vt 0.543350 0.556361
vt 0.422117 0.087707
vt 0.289405 0.825196
vt 0.285026 0.822135
vt 0.288372 0.815803
vt 0.289405 0.815606
vt 0.779619 0.085004
vt 0.771016 0.085919
vt 0.772735 0.100757
vt 0.780689 0.098285
vt 0.948364 0.735194
vt 0.806050 0.096026
vt 0.806433 0.089887
vt 0.798298 0.087823
vt 0.134253 0.021994
vt 0.121709 0.017001
vt 0.118950 0.020838
vt 0.128141 0.029947
vt 0.047217 0.079118
vt 0.875395 0.614211
vt 0.874343 0.616499
vt 0.729630 0.249344
vt 0.720660 0.239282
vt 0.725063 0.255227
vt 0.596169 0.136047
vt 0.598412 0.121704
vt 0.582569 0.121790
vt 0.585202 0.136443
vt 0.883097 0.294598
vt 0.875617 0.291515
vt 0.883140 0.287769
vt 0.886139 0.291897
vt 0.838078 0.869660
vt 0.834657 0.859972
vt 0.843695 0.855566
vt 0.961033 0.757193
vt 0.961033 0.773758
vt 0.959282 0.772964
vt 0.954681 0.281691
vt 0.955280 0.286888
vt 0.914167 0.179169
vt 0.911362 0.167925
vt 0.173334 0.042087
vt 0.178224 0.046290
vt 0.773742 0.800437
vt 0.776997 0.788537
vt 0.815926 0.262908
vt 0.820910 0.259002
vt 0.881834 0.152577
vt 0.879103 0.144688
vt 0.888131 0.154316
vt 0.672942 0.685103
vt 0.674250 0.685331
vt 0.674694 0.678083
vt 0.673386 0.677855
vt 0.551325 0.174687
vt 0.536600 0.173818
vt 0.168564 0.037139
vt 0.178029 0.030741
vt 0.733934 0.186529
vt 0.182743 0.018745
vt 0.467275 0.091752
vt 0.470414 0.099675
vt 0.476218 0.095284
vt 0.962214 0.729477
vt 0.126386 0.184695
vt 0.129203 0.171745
vt 0.861208 0.806345
vt 0.111430 0.266386
vt 0.105298 0.265398
vt 0.111966 0.272430
vt 0.333621 0.084224
vt 0.341092 0.100174
vt 0.330780 0.096829
vt 0.261706 0.043878
vt 0.261424 0.033029
vt 0.253347 0.032694
vt 0.253905 0.043035
vt 0.832385 0.993172
vt 0.833567 0.983092
vt 0.819874 0.993615
vt 0.707675 0.157854
vt 0.526458 0.583904
vt 0.539521 0.583335
vt 0.537371 0.573523
vt 0.525516 0.578681
vt 0.971429 0.721030
vt 0.788724 0.977910
vt 0.791150 0.973056
vt 0.784153 0.972107
vt 0.782763 0.974932
vt 0.642968 0.379570
vt 0.630927 0.382580
vt 0.646646 0.387553
vt 0.066607 0.098510
vt 0.058032 0.101019
vt 0.098543 0.264627
vt 0.097524 0.263731
vt 0.755436 0.491877
vt 0.769969 0.490623
vt 0.941247 0.627691
vt 0.937698 0.640034
vt 0.825306 0.551738
vt 0.975557 0.656295
vt 0.118160 0.057977
vt 0.333908 0.382978
vt 0.350701 0.373027
vt 0.792482 0.257667
vt 0.183717 0.050703
vt 0.819838 0.952742
vt 0.338632 0.262520
vt 0.342882 0.257629
vt 0.350968 0.263750
vt 0.346033 0.268470
vt 0.769330 0.811383
vt 0.773363 0.814226
vt 0.089423 0.656533
vt 0.098589 0.650828
vt 0.359721 0.882368
vt 0.361924 0.884122
vt 0.370225 0.880122
vt 0.098206 0.695649
vt 0.088341 0.697947
vt 0.093571 0.702294
vt 0.805279 0.564834
vt 0.789894 0.566260
vt 0.866619 0.210403
vt 0.908494 0.018830
vt 0.917577 0.020741
vt 0.909304 0.022392
vt 0.740368 0.142633
vt 0.756579 0.142888
vt 0.926062 0.710793
vt 0.925219 0.701337
vt 0.937536 0.699730
vt 0.939901 0.709787
vt 0.806344 0.955650
vt 0.793908 0.961156
vt 0.782466 0.330579
vt 0.783703 0.343240
vt 0.114628 0.093723
vt 0.121947 0.097927
vt 0.137510 0.093723
vt 0.878820 0.038013
vt 0.901458 0.037687
vt 0.462130 0.097367
vt 0.460048 0.089509
vt 0.868383 0.140211
vt 0.837239 0.972611
vt 0.841924 0.963461
vt 0.819196 0.104033
vt 0.813911 0.098356
vt 0.810404 0.106028
vt 0.815501 0.109625
vt 0.949328 0.438929
vt 0.945870 0.338320
vt 0.946585 0.345616
vt 0.959259 0.113008
vt 0.960164 0.098881
vt 0.972104 0.101692
vt 0.321118 0.074055
vt 0.320662 0.082911
vt 0.970626 0.556908
vt 0.963761 0.561685
vt 0.090537 0.170452
vt 0.641798 0.269266
vt 0.626229 0.270085
vt 0.624591 0.689518
vt 0.959468 0.723892
vt 0.863784 0.721159
vt 0.059114 0.109576
vt 0.860880 0.695300
vt 0.864961 0.686938
vt 0.865902 0.699711
vt 0.703687 0.572178
vt 0.703596 0.582395
vt 0.692765 0.581784
vt 0.031802 0.309067
vt 0.032018 0.317141
vt 0.725501 0.222867
vt 0.729797 0.234073
vt 0.049482 0.118131
vt 0.051548 0.110357
vt 0.853644 0.579834
vt 0.839303 0.989593
vt 0.841635 0.982627
vt 0.726629 0.568749
vt 0.306474 0.143555
vt 0.291635 0.147557
vt 0.998999 0.357499
vt 0.999562 0.348122
vt 0.016872 0.653522
vt 0.010070 0.652729
vt 0.900458 0.708994
vt 0.902860 0.699635
vt 0.913546 0.701617
vt 0.913137 0.710980
vt 0.972113 0.354962
vt 0.961923 0.355734
vt 0.962528 0.344553
vt 0.971668 0.343129
vt 0.047526 0.025458
vt 0.045083 0.010645
vt 0.928914 0.746369
vt 0.944396 0.748671
vt 0.672419 0.197556
vt 0.671872 0.203478
vt 0.679241 0.204811
vt 0.813047 0.524555
vt 0.899711 0.177665
vt 0.302223 0.210611
vt 0.299171 0.223032
vt 0.784840 0.142633
vt 0.771215 0.142546
vt 0.773743 0.149737
vt 0.047550 0.329192
vt 0.047504 0.342537
vt 0.061040 0.343881
vt 0.063367 0.330838
vt 0.352452 0.275683
vt 0.502523 0.129384
vt 0.508513 0.121949
vt 0.334390 0.268156
vt 0.702615 0.148362
vt 0.704668 0.139287
vt 0.032295 0.690464
vt 0.046919 0.690759
vt 0.044270 0.674421
vt 0.030988 0.676339
vt 0.760437 0.265494
vt 0.774146 0.267219
vt 0.759645 0.258794
vt 0.031325 0.115170
vt 0.770159 0.226231
vt 0.760903 0.237225
vt 0.789405 0.207801
vt 0.803568 0.224495
vt 0.789983 0.224499
vt 0.913401 0.728437
vt 0.912784 0.720222
vt 0.927144 0.720129
vt 0.732022 0.194249
vt 0.719945 0.191784
vt 0.853675 0.549029
vt 0.850200 0.541916
vt 0.856833 0.542735
vt 0.860017 0.549067
vt 0.851962 0.519749
vt 0.856186 0.525627
vt 0.853183 0.537158
vt 0.847781 0.533516
vt 0.959216 0.044928
vt 0.963670 0.038869
vt 0.956878 0.442488
vt 0.952406 0.458712
vt 0.944002 0.454949
vt 0.922326 0.515974
vt 0.439883 0.145124
vt 0.437871 0.159426
vt 0.453522 0.160896
vt 0.451267 0.146122
vt 0.812895 0.855833
vt 0.811460 0.856055
vt 0.724649 0.118888
vt 0.724060 0.112061
vt 0.886053 0.465224
vt 0.878722 0.478869
vt 0.977328 0.475675
vt 0.934508 0.690061
vt 0.618285 0.768547
vt 0.611537 0.782295
vt 0.598719 0.773749
vt 0.965241 0.261444
vt 0.967656 0.266561
vt 0.632984 0.302981
vt 0.128796 0.117037
vt 0.135673 0.108843
vt 0.122162 0.106858
vt 0.893757 0.671644
vt 0.756636 0.876374
vt 0.768686 0.866173
vt 0.677820 0.568153
vt 0.925666 0.218396
vt 0.917805 0.223168
vt 0.112136 0.279473
vt 0.014050 0.131114
vt 0.010240 0.127880
vt 0.023205 0.117262
vt 0.967808 0.224881
vt 0.971209 0.221888
vt 0.983800 0.230602
vt 0.242424 0.662152
vt 0.252573 0.656559
vt 0.074379 0.019927
vt 0.073049 0.008282
vt 0.716019 0.587567
vt 0.704358 0.589996
vt 0.027981 0.170984
vt 0.606867 0.370426
vt 0.600891 0.377116
vt 0.607609 0.381833
vt 0.611968 0.376938
vt 0.963208 0.084201
vt 0.975164 0.088616
vt 0.185705 0.070758
vt 0.185065 0.060318
vt 0.634984 0.098506
vt 0.344367 0.130184
vt 0.805314 0.858580
vt 0.795679 0.856380
vt 0.792332 0.842621
vt 0.890049 0.361377
vt 0.887388 0.368557
vt 0.895607 0.370186
vt 0.899727 0.361479
vt 0.715896 0.116825
vt 0.597129 0.030494
vt 0.871792 0.281646
vt 0.758648 0.893297
vt 0.504950 0.018319
vt 0.497426 0.008307
vt 0.485552 0.017633
vt 0.944333 0.298717
vt 0.950472 0.296129
vt 0.952422 0.302551
vt 0.948124 0.307403
vt 0.334782 0.175690
vt 0.333187 0.160399
vt 0.816686 0.585620
vt 0.822858 0.582808
vt 0.831591 0.595006
vt 0.050756 0.103092
vt 0.610368 0.269444
vt 0.621564 0.261574
vt 0.618071 0.261116
vt 0.996935 0.423278
vt 0.993503 0.433109
vt 0.991871 0.433580
vt 0.575556 0.039061
vt 0.575414 0.050549
vt 0.717921 0.109733
vt 0.026254 0.088099
vt 0.032501 0.080407
vt 0.502550 0.847962
vt 0.504816 0.850876
vt 0.727295 0.529676
vt 0.720868 0.519272
vt 0.679840 0.211276
vt 0.587497 0.283663
vt 0.580922 0.281219
vt 0.971642 0.167225
vt 0.972063 0.171176
vt 0.902788 0.398866
vt 0.893639 0.395904
vt 0.831667 0.713891
vt 0.785836 0.967172
vt 0.785554 0.969282
vt 0.103375 0.047932
vt 0.100736 0.042424
vt 0.838441 0.158580
vt 0.990057 0.209524
vt 0.989053 0.210839
vt 0.636165 0.088689
vt 0.712022 0.229231
vt 0.245446 0.644262
vt 0.891539 0.791495
vt 0.597268 0.362823
vt 0.954740 0.701283
vt 0.949945 0.707274
vt 0.956579 0.710978
vt 0.914148 0.597480
vt 0.914728 0.600335
vt 0.902510 0.599787
vt 0.928043 0.958965
vt 0.940331 0.951979
vt 0.943433 0.962649
vt 0.928867 0.965087
vt 0.049217 0.706981
vt 0.800766 0.165121
vt 0.800286 0.158241
vt 0.798424 0.161049
vt 0.077084 0.087536
vt 0.971541 0.513078
vt 0.296547 0.417014
vt 0.297710 0.407291
vt 0.304289 0.413523
vt 0.238025 0.633279
vt 0.246357 0.628028
vt 0.754233 0.171261
vt 0.754162 0.181538
vt 0.066934 0.672514
vt 0.075797 0.662790
vt 0.372783 0.086344
vt 0.377912 0.096901
vt 0.386704 0.092289
vt 0.385317 0.082405
vt 0.521374 0.167636
vt 0.534512 0.161325
vt 0.969162 0.272313
vt 0.972237 0.279838
vt 0.644043 0.294186
vt 0.641939 0.281487
vt 0.151029 0.081491
vt 0.167196 0.084517
vt 0.103044 0.682882
vt 0.105047 0.670439
vt 0.466151 0.032665
vt 0.593875 0.541968
vt 0.603854 0.536641
vt 0.595903 0.537284
vt 0.160683 0.726678
vt 0.159282 0.728422
vt 0.155429 0.726678
vt 0.000438 0.158742
vt 0.005312 0.157597
vt 0.009553 0.171726
vt 0.005828 0.173984
vt 0.700139 0.070602
vt 0.988358 0.053236
vt 0.855549 0.407651
vt 0.846927 0.398825
vt 0.967597 0.285070
vt 0.967595 0.292090
vt 0.880911 0.159566
vt 0.816774 0.819508
vt 0.803785 0.817261
vt 0.806674 0.802790
vt 0.819737 0.806144
vt 0.909607 0.012682
vt 0.917250 0.950253
vt 0.922776 0.938328
vt 0.933436 0.943688
vt 0.923980 0.953666
vt 0.827932 0.726132
vt 0.832837 0.534605
vt 0.839798 0.536932
vt 0.838749 0.543156
vt 0.832358 0.543431
vt 0.413382 0.102440
vt 0.413490 0.103549
vt 0.673019 0.692677
vt 0.674694 0.691554
vt 0.813047 0.223429
vt 0.596252 0.744994
vt 0.594220 0.738404
vt 0.896594 0.822268
vt 0.690800 0.975425
vt 0.685494 0.976576
vt 0.684862 0.976009
vt 0.088346 0.196255
vt 0.969992 0.255885
vt 0.973292 0.262458
vt 0.632080 0.318046
vt 0.624735 0.311443
vt 0.864666 0.205559
vt 0.849792 0.200541
vt 0.864105 0.199617
vt 0.137316 0.205318
vt 0.760295 0.809852
vt 0.844671 0.540927
vt 0.855671 0.718179
vt 0.853935 0.724286
vt 0.788971 0.085917
vt 0.595159 0.347428
vt 0.587128 0.352117
vt 0.549372 0.568151
vt 0.728260 0.458718
vt 0.731267 0.456136
vt 0.485828 0.102319
vt 0.486069 0.095290
vt 0.475988 0.088247
vt 0.243818 0.200734
vt 0.238004 0.188292
vt 0.727111 0.543954
vt 0.942096 0.719353
vt 0.978403 0.845382
vt 0.991599 0.846151
vt 0.727603 0.414599
vt 0.724598 0.412816
vt 0.954041 0.717776
vt 0.952849 0.724707
vt 0.668957 0.033661
vt 0.673818 0.030078
vt 0.835394 0.201799
vt 0.306905 0.097227
vt 0.497106 0.089902
vt 0.485889 0.087620
vt 0.989037 0.074787
vt 0.727921 0.157738
vt 0.720591 0.155779
vt 0.775914 0.159358
vt 0.577496 0.731581
vt 0.831450 0.349739
vt 0.935639 0.299292
vt 0.941286 0.290743
vt 0.938120 0.301861
vt 0.185244 0.727550
vt 0.184441 0.722965
vt 0.195450 0.720575
vt 0.200088 0.722815
vt 0.508003 0.092422
vt 0.798074 0.919606
vt 0.087103 0.166487
vt 0.075754 0.172713
vt 0.085464 0.161318
vt 0.494159 0.054122
vt 0.944843 0.167928
vt 0.953434 0.168629
vt 0.279187 0.419963
vt 0.280264 0.416741
vt 0.883796 0.054458
vt 0.883166 0.048747
vt 0.867297 0.049082
vt 0.866391 0.052103
vt 0.691527 0.085922
vt 0.690731 0.070285
vt 0.770799 0.514886
vt 0.753974 0.520272
vt 0.690527 0.530421
vt 0.697227 0.531972
vt 0.971375 0.497644
vt 0.782167 0.505074
vt 0.779145 0.518558
vt 0.777072 0.503159
vt 0.898105 0.738079
vt 0.897986 0.728736
vt 0.913207 0.737477
vt 0.842814 0.528820
vt 0.419911 0.097115
vt 0.505179 0.997820
vt 0.505692 0.996077
vt 0.496060 0.996077
vt 0.969941 0.069847
vt 0.955491 0.337992
vt 0.955779 0.346095
vt 0.837001 0.608841
vt 0.839149 0.623066
vt 0.404386 0.055362
vt 0.419744 0.058204
vt 0.308612 0.297797
vt 0.496375 0.970490
vt 0.500740 0.966434
vt 0.487571 0.966511
vt 0.488383 0.973568
vt 0.874609 0.769454
vt 0.649534 0.518217
vt 0.650175 0.508858
vt 0.635067 0.507847
vt 0.687661 0.153191
vt 0.674132 0.157162
vt 0.952456 0.367865
vt 0.955491 0.361280
vt 0.866685 0.885616
vt 0.446451 0.112287
vt 0.748743 0.818571
vt 0.747940 0.824324
vt 0.823943 0.122846
vt 0.822528 0.114639
vt 0.814768 0.118981
vt 0.818648 0.123656
vt 0.020710 0.343363
vt 0.033832 0.342748
vt 0.032859 0.329735
vt 0.955885 0.958977
vt 0.964761 0.956883
vt 0.965412 0.972651
vt 0.956393 0.973754
vt 0.786509 0.306909
vt 0.797164 0.301930
vt 0.756841 0.252286
vt 0.753021 0.248335
vt 0.007115 0.143436
vt 0.002509 0.142796
vt 0.135252 0.129068
vt 0.123618 0.137519
vt 0.118277 0.129394
vt 0.881348 0.215732
vt 0.746322 0.531120
vt 0.812400 0.289779
vt 0.811259 0.277846
vt 0.997031 0.207979
vt 0.997601 0.210102
vt 0.813047 0.506401
vt 0.033502 0.356146
vt 0.245386 0.032799
vt 0.245708 0.042210
vt 0.526104 0.589869
vt 0.522644 0.174013
vt 0.709021 0.115463
vt 0.899656 0.799571
vt 0.906171 0.797115
vt 0.906346 0.799497
vt 0.902351 0.806997
vt 0.813132 0.126289
vt 0.439069 0.094484
vt 0.438266 0.103362
vt 0.967832 0.569089
vt 0.961044 0.572815
vt 0.956272 0.565870
vt 0.582571 0.030078
vt 0.068498 0.685096
vt 0.468076 0.105881
vt 0.880422 0.653540
vt 0.874686 0.653046
vt 0.786224 0.981417
vt 0.781285 0.976437
vt 0.959786 0.425640
vt 0.108906 0.105210
vt 0.730677 0.787036
vt 0.720244 0.795067
vt 0.730985 0.784112
vt 0.336432 0.115015
vt 0.330785 0.127725
vt 0.317523 0.384045
vt 0.781392 0.175495
vt 0.768802 0.170805
vt 0.768893 0.172163
vt 0.782001 0.180954
vt 0.908671 0.770973
vt 0.908211 0.761552
vt 0.912872 0.767216
vt 0.903569 0.373127
vt 0.912924 0.380628
vt 0.913185 0.372692
vt 0.907050 0.063208
vt 0.905867 0.070429
vt 0.419138 0.884935
vt 0.419877 0.880122
vt 0.411578 0.880348
vt 0.414720 0.885405
vt 0.654952 0.172689
vt 0.358542 0.058545
vt 0.364711 0.058536
vt 0.362087 0.069346
vt 0.830397 0.218406
vt 0.823555 0.204003
vt 0.105885 0.135719
vt 0.833722 0.354671
vt 0.845447 0.352633
vt 0.591292 0.369514
vt 0.078323 0.097464
vt 0.000879 0.729294
vt 0.000438 0.727550
vt 0.011821 0.727550
vt 0.786434 0.689261
vt 0.776193 0.696296
vt 0.481671 0.076133
vt 0.496060 0.073490
vt 0.495662 0.065858
vt 0.481085 0.068204
vt 0.871184 0.520513
vt 0.564025 0.033481
vt 0.569868 0.030325
vt 0.554485 0.031763
vt 0.553853 0.035288
vt 0.272269 0.095037
vt 0.271522 0.108491
vt 0.711429 0.931089
vt 0.715995 0.928825
vt 0.723610 0.941437
vt 0.721138 0.943601
vt 0.274800 0.405148
vt 0.712395 0.139239
vt 0.713135 0.148649
vt 0.150443 0.253467
vt 0.937284 0.579421
vt 0.940018 0.588678
vt 0.927298 0.594136
vt 0.924352 0.581316
vt 0.939777 0.371636
vt 0.924472 0.484421
vt 0.481746 0.122997
vt 0.486892 0.127050
vt 0.415448 0.047197
vt 0.861943 0.664718
vt 0.897639 0.218396
vt 0.099213 0.100746
vt 0.940969 0.575850
vt 0.945202 0.568895
vt 0.949582 0.573334
vt 0.980779 0.511003
vt 0.974205 0.504921
vt 0.971847 0.510145
vt 0.116900 0.052061
vt 0.435639 0.077883
vt 0.902689 0.271858
vt 0.852199 0.120975
vt 0.953339 0.050044
vt 0.778155 0.701117
vt 0.642286 0.281470
vt 0.656851 0.274637
vt 0.429987 0.160823
vt 0.421847 0.153322
vt 0.419002 0.163185
vt 0.919080 0.021410
vt 0.911832 0.583045
vt 0.680823 0.068926
vt 0.885930 0.655979
vt 0.383100 0.248198
vt 0.384851 0.249782
vt 0.384851 0.241064
vt 0.383280 0.241175
vt 0.621082 0.384101
vt 0.148567 0.111624
vt 0.160937 0.113483
vt 0.165086 0.110358
vt 0.155974 0.106581
vt 0.767663 0.774956
vt 0.505692 0.556440
vt 0.508620 0.569860
vt 0.520100 0.542720
vt 0.369140 0.168063
vt 0.615472 0.302129
vt 0.606679 0.292693
vt 0.602352 0.295691
vt 0.608361 0.307177
vt 0.395866 0.105015
vt 0.390149 0.108282
vt 0.398511 0.112031
vt 0.437880 0.880143
vt 0.430172 0.880994
vt 0.397119 0.090759
vt 0.864765 0.709175
vt 0.866264 0.715090
vt 0.752042 0.947146
vt 0.613522 0.384188
vt 0.604680 0.387703
vt 0.758517 0.959973
vt 0.387042 0.055362
vt 0.925170 0.432777
vt 0.382844 0.172912
vt 0.829024 0.301178
vt 0.830560 0.313983
vt 0.812968 0.301888
vt 0.835979 0.231549
vt 0.725359 0.778543
vt 0.716841 0.789157
vt 0.811862 0.195145
vt 0.812671 0.194680
vt 0.948614 0.002180
vt 0.955779 0.002314
vt 0.955779 0.013219
vt 0.948502 0.013589
vt 0.890330 0.554753
vt 0.891229 0.540105
vt 0.912210 0.399067
vt 0.910536 0.389936
vt 0.983451 0.487774
vt 0.865361 0.580819
vt 0.863786 0.581632
vt 0.788202 0.674058
vt 0.727263 0.561022
vt 0.734592 0.539351
vt 0.801108 0.973910
vt 0.746754 0.245322
vt 0.546848 0.804272
vt 0.546849 0.801656
vt 0.554729 0.801656
vt 0.554344 0.802712
vt 0.157339 0.149644
vt 0.153881 0.136614
vt 0.158932 0.134261
vt 0.084522 0.155529
vt 0.072998 0.145220
vt 0.863000 0.342269
vt 0.715186 0.950088
vt 0.019867 0.083170
vt 0.024817 0.075575
vt 0.330782 0.023159
vt 0.339018 0.016797
vt 0.942573 0.312951
vt 0.574201 0.032535
vt 0.569984 0.032613
vt 0.098242 0.247335
vt 0.108079 0.255586
vt 0.984104 0.104589
vt 0.953291 0.111612
vt 0.954421 0.096636
vt 0.613653 0.279540
vt 0.890457 0.403864
vt 0.123547 0.125981
vt 0.855339 0.685372
vt 0.845782 0.684513
vt 0.785250 0.966425
vt 0.663442 0.285610
vt 0.671191 0.284011
vt 0.667937 0.271418
vt 0.951353 0.653375
vt 0.948395 0.661237
vt 0.943982 0.330761
vt 0.940188 0.323867
vt 0.946895 0.320660
vt 0.584216 0.085221
vt 0.567448 0.085004
vt 0.773719 0.024232
vt 0.772145 0.015012
vt 0.956386 0.729064
vt 0.726690 0.047799
vt 0.730773 0.038612
vt 0.960095 0.696003
vt 0.898742 0.719192
vt 0.332036 0.015257
vt 0.795039 0.457004
vt 0.799571 0.459197
vt 0.095712 0.055084
vt 0.096359 0.053394
vt 0.016786 0.093166
vt 0.796760 0.665550
vt 0.789180 0.653495
vt 0.800563 0.657832
vt 0.806938 0.101370
vt 0.906763 0.156993
vt 0.937268 0.182610
vt 0.844323 0.364375
vt 0.930822 0.515696
vt 0.861926 0.556000
vt 0.863369 0.416670
vt 0.404397 0.964214
vt 0.235114 0.048295
vt 0.242730 0.052101
vt 0.237808 0.041083
vt 0.987303 0.133295
vt 0.671191 0.197037
vt 0.664186 0.074542
vt 0.662627 0.076286
vt 0.655429 0.074542
vt 0.956893 0.663802
vt 0.952076 0.328177
vt 0.559613 0.275567
vt 0.547895 0.267533
vt 0.546807 0.274190
vt 0.562857 0.282615
vt 0.058587 0.682397
vt 0.926142 0.003142
vt 0.933457 0.002468
vt 0.873135 0.562983
vt 0.872328 0.561430
vt 0.882453 0.563356
vt 0.096494 0.280296
vt 0.929384 0.756219
vt 0.943357 0.758936
vt 0.928644 0.491977
vt 0.925949 0.495594
vt 0.033108 0.660663
vt 0.026016 0.662128
vt 0.588662 0.763876
vt 0.804313 0.907497
vt 0.818679 0.903686
vt 0.623979 0.340453
vt 0.639158 0.333966
vt 0.959686 0.508772
vt 0.966505 0.506905
vt 0.815674 0.062379
vt 0.810814 0.055717
vt 0.906333 0.181922
vt 0.902384 0.172471
vt 0.722730 0.971496
vt 0.735455 0.979589
vt 0.819781 0.098782
vt 0.821778 0.100885
vt 0.931553 0.467355
vt 0.927354 0.477053
vt 0.932526 0.464539
vt 0.987303 0.095299
vt 0.681305 0.179873
vt 0.672364 0.170556
vt 0.269216 0.694183
vt 0.261128 0.696078
vt 0.318301 0.092024
vt 0.750001 0.199215
vt 0.740275 0.245467
vt 0.900729 0.044004
vt 0.262570 0.413968
vt 0.270078 0.406419
vt 0.754002 0.194321
vt 0.918911 0.005850
vt 0.349725 0.961720
vt 0.336400 0.965978
vt 0.941242 0.013756
vt 0.959096 0.857825
vt 0.966509 0.859853
vt 0.966922 0.866845
vt 0.963448 0.864963
vt 0.526226 0.215780
vt 0.980747 0.500573
vt 0.852435 0.190269
vt 0.866099 0.194088
vt 0.780499 0.359614
vt 0.787000 0.373935
vt 0.791484 0.366515
vt 0.787070 0.354947
vt 0.852529 0.588201
vt 0.863468 0.590671
vt 0.992553 0.059988
vt 0.387880 0.100277
vt 0.396323 0.099040
vt 0.936548 0.569656
vt 0.990975 0.303703
vt 0.984811 0.303540
vt 0.980298 0.286271
vt 0.987138 0.288602
vt 0.506154 0.142546
vt 0.506072 0.157597
vt 0.899570 0.050722
vt 0.955676 0.353872
vt 0.438892 0.111610
vt 0.784849 0.983272
vt 0.780026 0.976883
vt 0.519702 0.393636
vt 0.519702 0.387533
vt 0.517951 0.388695
vt 0.324357 0.309114
vt 0.670879 0.152482
vt 0.681954 0.144524
vt 0.768171 0.762619
vt 0.327831 0.348420
vt 0.331216 0.360438
vt 0.340345 0.355723
vt 0.331772 0.346296
vt 0.121615 0.035562
vt 0.513573 0.114062
vt 0.717601 0.980851
vt 0.701499 0.980581
vt 0.046335 0.130340
vt 0.381709 0.103625
vt 0.929878 0.033136
vt 0.016234 0.309249
vt 0.001313 0.310081
vt 0.882452 0.576292
vt 0.883100 0.577591
vt 0.362952 0.957554
vt 0.365711 0.962656
vt 0.975109 0.958546
vt 0.971747 0.956362
vt 0.970666 0.972260
vt 0.975803 0.967937
vt 0.716984 0.198344
vt 0.706172 0.194152
vt 0.587352 0.695258
vt 0.960566 0.258476
vt 0.954621 0.258488
vt 0.799912 0.925003
vt 0.929028 0.272818
vt 0.940920 0.002526
vt 0.809474 0.265215
vt 0.961033 0.462511
vt 0.695977 0.195657
vt 0.696585 0.204079
vt 0.733181 0.951456
vt 0.741788 0.534465
vt 0.736800 0.523251
vt 0.981727 0.267935
vt 0.986171 0.272854
vt 0.018750 0.702376
vt 0.021812 0.702990
vt 0.021627 0.691574
vt 0.014708 0.693350
vt 0.410245 0.365737
vt 0.391850 0.372711
vt 0.391490 0.370712
vt 0.520578 0.999564
vt 0.516114 0.983596
vt 0.515199 0.983792
vt 0.910206 0.275937
vt 0.919970 0.274286
vt 0.827992 0.578119
vt 0.840193 0.587297
vt 0.915530 0.054318
vt 0.916225 0.045355
vt 0.105517 0.047657
vt 0.172267 0.111362
vt 0.287811 0.112442
vt 0.825572 0.534202
vt 0.825324 0.543325
vt 0.771279 0.058297
vt 0.777204 0.061738
vt 0.780128 0.057562
vt 0.778738 0.049985
vt 0.950653 0.558816
vt 0.879476 0.279029
vt 0.886338 0.277681
vt 0.890107 0.285801
vt 0.292272 0.445946
vt 0.281183 0.440568
vt 0.292971 0.437443
vt 0.570471 0.015507
vt 0.569023 0.021266
vt 0.555604 0.017893
vt 0.557663 0.004795
vt 0.596025 0.384174
vt 0.443520 0.879132
vt 0.443377 0.877507
vt 0.216433 0.030905
vt 0.222249 0.034872
vt 0.226633 0.026960
vt 0.220991 0.022688
vt 0.946942 0.372717
vt 0.249147 0.696845
vt 0.089382 0.238756
vt 0.089706 0.018202
vt 0.097345 0.017873
vt 0.993191 0.434003
vt 0.992808 0.450212
vt 0.988179 0.448359
vt 0.044785 0.058277
vt 0.052865 0.059661
vt 0.055545 0.053885
vt 0.042452 0.053415
vt 0.863631 0.955100
vt 0.183972 0.086276
vt 0.795400 0.986832
vt 0.798093 0.981334
vt 0.910367 0.622929
vt 0.922504 0.634456
vt 0.618101 0.141674
vt 0.611229 0.154769
vt 0.406308 0.100166
vt 0.650016 0.159781
vt 0.347170 0.018389
vt 0.670054 0.078405
vt 0.673113 0.078229
vt 0.672953 0.086001
vt 0.670693 0.086748
vt 0.527219 0.008132
vt 0.516436 0.010130
vt 0.895010 0.292133
vt 0.889742 0.291474
vt 0.898862 0.287308
vt 0.955029 0.024682
vt 0.702976 0.035309
vt 0.621250 0.754496
vt 0.515647 0.009627
vt 0.508791 0.006413
vt 0.809543 0.857359
vt 0.979028 0.201026
vt 0.946621 0.248492
vt 0.960949 0.509231
vt 0.966802 0.508980
vt 0.040530 0.117190
vt 0.043754 0.109863
vt 0.745622 0.509064
vt 0.064501 0.178616
vt 0.781279 0.172586
vt 0.777169 0.169253
vt 0.753503 0.568161
vt 0.753268 0.577477
vt 0.744813 0.573334
vt 0.555604 0.116391
vt 0.548599 0.115413
vt 0.549008 0.108159
vt 0.555006 0.108365
vt 0.022546 0.650828
vt 0.492522 0.130063
vt 0.797243 0.170226
vt 0.805664 0.994212
vt 0.807203 0.991512
vt 0.793756 0.989480
vt 0.755565 0.914596
vt 0.489172 0.162968
vt 0.473914 0.170523
vt 0.948782 0.289037
vt 0.916087 0.190941
vt 0.885871 0.411358
vt 0.233829 0.077311
vt 0.740578 0.002227
vt 0.748102 0.004607
vt 0.750694 0.000436
vt 0.917250 0.390776
vt 0.790280 0.829324
vt 0.630749 0.762929
vt 0.630137 0.765849
vt 0.550283 0.101060
vt 0.555604 0.099826
vt 0.790447 0.173991
vt 0.782390 0.173661
vt 0.401594 0.886522
vt 0.398426 0.880959
vt 0.764066 0.907398
vt 0.755243 0.898004
vt 0.748436 0.583508
vt 0.237526 0.033692
vt 0.761644 0.452921
vt 0.756325 0.453662
vt 0.036340 0.129708
vt 0.026187 0.128430
vt 0.951753 0.265722
vt 0.278056 0.153008
vt 0.263750 0.148384
vt 0.678394 0.606520
vt 0.686903 0.601737
vt 0.690486 0.614211
vt 0.201839 0.069139
vt 0.199915 0.058849
vt 0.313047 0.215324
vt 0.305330 0.226254
vt 0.904738 0.683086
vt 0.892091 0.677609
vt 0.307929 0.434701
vt 0.300591 0.428936
vt 0.303927 0.424150
vt 0.312172 0.430682
vt 0.999562 0.384791
vt 0.235305 0.651954
vt 0.873140 0.838274
vt 0.587617 0.293485
vt 0.580071 0.305055
vt 0.250237 0.213587
vt 0.999562 0.202381
vt 0.998196 0.202167
vt 0.930019 0.324058
vt 0.624961 0.789888
vt 0.632028 0.772815
vt 0.637052 0.789252
vt 0.636989 0.795688
vt 0.864436 0.043489
vt 0.948444 0.481652
vt 0.949711 0.487779
vt 0.953617 0.487473
vt 0.948971 0.480837
vt 0.828588 0.887796
vt 0.818895 0.997719
vt 0.651845 0.154617
vt 0.832921 0.689959
vt 0.825306 0.707988
vt 0.793064 0.576221
vt 0.774998 0.573009
vt 0.500471 0.191322
vt 0.428597 0.139930
vt 0.168564 0.018446
vt 0.162129 0.017001
vt 0.159671 0.028834
vt 0.143085 0.117790
vt 0.719124 0.868162
vt 0.723781 0.873451
vt 0.714027 0.893004
vt 0.707569 0.891042
vt 0.790431 0.052707
vt 0.804226 0.045772
vt 0.705015 0.218287
vt 0.248381 0.101968
vt 0.250245 0.088635
vt 0.749124 0.454944
vt 0.749260 0.456408
vt 0.308125 0.033047
vt 0.996371 0.172188
vt 0.981714 0.174167
vt 0.439027 0.120444
vt 0.831138 0.856777
vt 0.836072 0.849509
vt 0.105143 0.263731
vt 0.801664 0.900660
vt 0.814465 0.893575
vt 0.908321 0.364562
vt 0.812909 0.091434
vt 0.689174 0.228298
vt 0.770290 0.736496
vt 0.765918 0.721671
vt 0.927785 0.457062
vt 0.961033 0.412700
vt 0.346359 0.349225
vt 0.335146 0.341935
vt 0.296560 0.085876
vt 0.006826 0.751546
vt 0.012697 0.756880
vt 0.011807 0.760841
vt 0.004816 0.757258
vt 0.830034 0.324383
vt 0.238442 0.061125
vt 0.781427 0.298254
vt 0.605067 0.516254
vt 0.607339 0.524960
vt 0.693093 0.590513
vt 0.942813 0.974249
vt 0.673144 0.186072
vt 0.668783 0.173878
vt 0.776270 0.033482
vt 0.920626 0.442706
vt 0.916951 0.430168
vt 0.998686 0.316914
vt 0.880642 0.418919
vt 0.058990 0.141835
vt 0.735063 0.159409
vt 0.561329 0.563955
vt 0.382062 0.967224
vt 0.376339 0.967906
vt 0.377288 0.978451
vt 0.386251 0.977491
vt 0.227233 0.038956
vt 0.949111 0.281973
vt 0.225434 0.660267
vt 0.704466 0.937649
vt 0.750269 0.902467
vt 0.618686 0.376592
vt 0.737676 0.008467
vt 0.854049 0.185266
vt 0.842824 0.176560
vt 0.156931 0.265891
vt 0.602866 0.395167
vt 0.941547 0.933579
vt 0.402364 0.136073
vt 0.402364 0.155123
vt 0.926067 0.026861
vt 0.927216 0.031391
vt 0.757222 0.002880
vt 0.140902 0.196735
vt 0.155463 0.198344
vt 0.166785 0.255889
vt 0.172892 0.244268
vt 0.928172 0.639064
vt 0.836690 0.309818
vt 0.521577 0.180509
vt 0.765025 0.809969
vt 0.387381 0.963976
vt 0.391606 0.958996
vt 0.379659 0.048763
vt 0.393220 0.052746
vt 0.951924 0.615083
vt 0.960812 0.616077
vt 0.548881 0.156284
vt 0.438541 0.130594
vt 0.831756 0.835768
vt 0.328424 0.315820
vt 0.354104 0.991427
vt 0.350899 0.998692
vt 0.256445 0.426156
vt 0.843239 0.676175
vt 0.854742 0.676112
vt 0.776588 0.344993
vt 0.956776 0.575069
vt 0.998539 0.212052
vt 0.295118 0.364553
vt 0.912402 0.782737
vt 0.911678 0.788507
vt 0.983800 0.159983
vt 0.983160 0.162707
vt 0.945271 0.714190
vt 0.250000 0.437615
vt 0.256627 0.440412
vt 0.831840 0.845970
vt 0.480374 0.133827
vt 0.370947 0.966867
vt 0.946606 0.267951
vt 0.244247 0.114751
vt 0.229008 0.112941
vt 0.735298 0.069963
vt 0.723152 0.067355
vt 0.729991 0.061294
vt 0.289405 0.373921
vt 0.983229 0.769895
vt 0.984564 0.768220
vt 0.987645 0.773819
vt 0.986424 0.776356
vt 0.866886 0.678106
vt 0.583776 0.025719
vt 0.587709 0.019365
vt 0.836626 0.526064
vt 0.898878 0.054115
vt 0.900154 0.053846
vt 0.112522 0.264538
vt 0.627677 0.374562
vt 0.623486 0.347428
vt 0.272658 0.431339
vt 0.090908 0.111155
vt 0.610671 0.052746
vt 0.937007 0.560556
vt 0.356527 0.989819
vt 0.369217 0.981243
vt 0.951817 0.731752
vt 0.840828 0.794939
vt 0.832764 0.795641
vt 0.831599 0.786121
vt 0.834215 0.782121
vt 0.736865 0.081047
vt 0.898862 0.185428
vt 0.774009 0.556083
vt 0.796099 0.158789
vt 0.788194 0.157265
vt 0.964893 0.845335
vt 0.612617 0.273912
vt 0.031626 0.185685
vt 0.602569 0.325479
vt 0.315815 0.101004
vt 0.316334 0.100227
vt 0.753787 0.763433
vt 0.673151 0.210114
vt 0.934307 0.411072
vt 0.943198 0.615539
vt 0.830234 0.681494
vt 0.959343 0.483611
vt 0.965940 0.482554
vt 0.622167 0.364591
vt 0.953981 0.988980
vt 0.940599 0.986025
vt 0.774897 0.565716
vt 0.747254 0.984648
vt 0.225850 0.126853
vt 0.214279 0.125970
vt 0.440931 0.162748
vt 0.454407 0.165533
vt 0.963656 0.989102
vt 0.776208 0.040445
vt 0.767074 0.042284
vt 0.942706 0.151645
vt 0.951637 0.153309
vt 0.987352 0.272225
vt 0.987308 0.253037
vt 0.990353 0.255446
vt 0.346944 0.366288
vt 0.681699 0.219515
vt 0.699013 0.210847
vt 0.789516 0.741500
vt 0.362001 0.951613
vt 0.348091 0.952081
vt 0.976880 0.744939
vt 0.978999 0.738499
vt 0.347112 0.317786
vt 0.400241 0.118298
vt 0.323972 0.266126
vt 0.751330 0.872130
vt 0.244012 0.181276
vt 0.253437 0.176681
vt 0.771394 0.476460
vt 0.769869 0.471685
vt 0.956476 0.476111
vt 0.648899 0.530665
vt 0.057213 0.042594
vt 0.774518 0.328248
vt 0.787841 0.645208
vt 0.513697 0.028721
vt 0.523832 0.037925
vt 0.268389 0.088310
vt 0.267832 0.078107
vt 0.251006 0.078166
vt 0.173818 0.109681
vt 0.305878 0.439078
vt 0.295649 0.435440
vt 0.363345 0.885255
vt 0.364132 0.887969
vt 0.966554 0.473845
vt 0.918205 0.037053
vt 0.943046 0.271825
vt 0.946257 0.275011
vt 0.096317 0.202660
vt 0.663595 0.266121
vt 0.655627 0.271507
vt 0.375109 0.029047
vt 0.384668 0.017001
vt 0.522503 0.595351
vt 0.983362 0.887969
vt 0.736865 0.053908
vt 0.706335 0.912850
vt 0.712227 0.912317
vt 0.943636 0.288024
vt 0.946509 0.281311
vt 0.786883 0.470112
vt 0.784034 0.466505
vt 0.638788 0.792027
vt 0.646672 0.797199
vt 0.646175 0.798169
vt 0.859521 0.628006
vt 0.754263 0.985615
vt 0.653663 0.272528
vt 0.834939 0.777245
vt 0.833499 0.767528
vt 0.834135 0.766894
vt 0.620317 0.507950
vt 0.866388 0.768977
vt 0.362654 0.086460
vt 0.130468 0.067412
vt 0.126532 0.064098
vt 0.051677 0.046603
vt 0.056856 0.049796
vt 0.043152 0.039669
vt 0.734636 0.246890
vt 0.290401 0.057671
vt 0.306836 0.401330
vt 0.312172 0.413444
vt 0.749560 0.452921
vt 0.682301 0.244335
vt 0.669371 0.252326
vt 0.668492 0.258346
vt 0.684298 0.248156
vt 0.940018 0.550462
vt 0.059479 0.069611
vt 0.058262 0.065341
vt 0.041380 0.072799
vt 0.957587 0.856096
vt 0.951401 0.846821
vt 0.334143 0.951613
vt 0.957479 0.081517
vt 0.924405 0.023126
vt 0.688022 0.965788
vt 0.690568 0.953357
vt 0.847062 0.514821
vt 0.702955 0.154173
vt 0.700560 0.153008
vt 0.694834 0.159744
vt 0.566132 0.035628
vt 0.610825 0.166697
vt 0.250549 0.627289
vt 0.839832 0.186138
vt 0.839209 0.186875
vt 0.765917 0.200102
vt 0.502809 0.130329
vt 0.992557 0.084132
vt 0.646862 0.141674
vt 0.655483 0.150879
vt 0.305316 0.420435
vt 0.088004 0.596774
vt 0.084348 0.579775
vt 0.080583 0.579903
vt 0.080123 0.595720
vt 0.634892 0.364670
vt 0.938078 0.540523
vt 0.940785 0.544007
vt 0.879368 0.668995
vt 0.060181 0.052998
vt 0.058446 0.054576
vt 0.762229 0.823523
vt 0.879544 0.303132
vt 0.880956 0.298056
vt 0.848074 0.973347
vt 0.104727 0.052710
vt 0.901583 0.808344
vt 0.287890 0.430781
vt 0.296527 0.418982
vt 0.665769 0.262989
vt 0.979422 0.940279
vt 0.971905 0.940396
vt 0.978944 0.949226
vt 0.717601 0.993473
vt 0.707176 0.993813
vt 0.209910 0.687830
vt 0.608391 0.315562
vt 0.996935 0.458007
vt 0.994672 0.460259
vt 0.555094 0.549413
vt 0.778100 0.165686
vt 0.954578 0.507138
vt 0.951578 0.501207
vt 0.950778 0.507895
vt 0.816550 0.719138
vt 0.662431 0.162624
vt 0.328456 0.973004
vt 0.332462 0.962776
vt 0.579247 0.330863
vt 0.591506 0.330863
vt 0.590873 0.332607
vt 0.731880 0.783817
vt 0.966870 0.926362
vt 0.952509 0.919500
vt 0.968858 0.618774
vt 0.495081 0.132855
vt 0.271016 0.692767
vt 0.538967 0.985615
vt 0.532214 0.989352
vt 0.533708 0.989974
vt 0.940249 0.914623
vt 0.937391 0.908609
vt 0.938248 0.908200
vt 0.774364 0.076917
vt 0.781032 0.078030
vt 0.054765 0.060988
vt 0.055361 0.062169
vt 0.743544 0.888222
vt 0.738046 0.872380
vt 0.744935 0.870109
vt 0.797738 0.183330
vt 0.797176 0.184894
vt 0.144921 0.358762
vt 0.156667 0.358762
vt 0.153123 0.364865
vt 0.776106 0.199215
vt 0.067492 0.696568
vt 0.599476 0.280325
vt 0.949707 0.489965
vt 0.950571 0.495499
vt 0.852452 0.049383
vt 0.658171 0.237576
vt 0.655429 0.253057
vt 0.664083 0.258500
vt 0.302312 0.169429
vt 0.313047 0.167136
vt 0.841781 0.247088
vt 0.769253 0.753289
vt 0.784866 0.754027
vt 0.563915 0.276498
vt 0.577400 0.280762
vt 0.148909 0.123365
vt 0.099218 0.159220
vt 0.276465 0.165129
vt 0.826987 0.854643
vt 0.824198 0.853297
vt 0.969148 0.696918
vt 0.963308 0.694420
vt 0.617292 0.541646
vt 0.607515 0.527708
vt 0.603847 0.541277
vt 0.780622 0.971641
vt 0.778021 0.976123
vt 0.765303 0.706101
vt 0.512820 0.583976
vt 0.785549 0.491907
vt 0.910505 0.421192
vt 0.912821 0.411603
vt 0.057400 0.064914
vt 0.807751 0.156614
vt 0.807460 0.155587
vt 0.814143 0.165821
vt 0.811896 0.168372
vt 0.946777 0.280318
vt 0.357278 0.887590
vt 0.356171 0.882076
vt 0.354203 0.883366
vt 0.438106 0.164013
vt 0.439580 0.174099
vt 0.457893 0.183107
vt 0.454596 0.171965
vt 0.782202 0.160620
vt 0.305300 0.444448
vt 0.293734 0.436478
vt 0.913169 0.056370
vt 0.915891 0.055196
vt 0.894845 0.413991
vt 0.898347 0.407564
vt 0.839828 0.835510
vt 0.133733 0.072390
vt 0.466122 0.174376
vt 0.469211 0.180657
vt 0.900291 0.811029
vt 0.898538 0.821055
vt 0.949604 0.513504
vt 0.956241 0.510638
vt 0.371158 0.981133
vt 0.470530 0.190725
vt 0.469610 0.196600
vt 0.285063 0.281817
vt 0.285539 0.273063
vt 0.283208 0.269855
vt 0.912036 0.794421
vt 0.818853 0.094930
vt 0.816823 0.089174
vt 0.829685 0.770059
vt 0.829687 0.768789
vt 0.832866 0.766892
vt 0.986776 0.791964
vt 0.984731 0.786712
vt 0.986988 0.783947
vt 0.991681 0.794682
vt 0.748593 0.756756
vt 0.753834 0.757151
vt 0.839400 0.779860
vt 0.843504 0.790149
vt 0.027583 0.055217
vt 0.042209 0.050372
vt 0.826094 0.105786
vt 0.827100 0.105904
vt 0.074781 0.021204
vt 0.069281 0.028335
vt 0.052693 0.715748
vt 0.052899 0.714425
vt 0.914126 0.432942
vt 0.276497 0.112341
vt 0.283775 0.113143
vt 0.566661 0.044873
vt 0.055328 0.690855
vt 0.054536 0.689527
vt 0.605145 0.507847
vt 0.952177 0.497223
vt 0.951189 0.499900
vt 0.158006 0.034361
vt 0.926226 0.481198
vt 0.898482 0.295621
vt 0.899425 0.406895
vt 0.100263 0.150594
vt 0.806913 0.250444
vt 0.022904 0.703037
vt 0.029413 0.706397
vt 0.933665 0.531386
vt 0.934764 0.531465
vt 0.934764 0.537489
vt 0.931561 0.535891
vt 0.957767 0.382153
vt 0.958736 0.380574
vt 0.305197 0.418349
vt 0.644647 0.141708
vt 0.808015 0.157661
vt 0.815634 0.086399
vt 0.978651 0.698737
vt 0.951138 0.557220
vt 0.933049 0.048867
vt 0.933879 0.048412
vt 0.935639 0.041607
vt 0.962396 0.367482
vt 0.085377 0.231277
vt 0.957815 0.510153
vt 0.631345 0.770862
vt 0.898595 0.829286
vt 0.898454 0.834904
vt 0.753503 0.480820
vt 0.535708 0.809046
vt 0.533831 0.801709
vt 0.539842 0.801528
vt 0.537674 0.808840
vt 0.766166 0.052300
vt 0.756789 0.063996
vt 0.656539 0.290633
vt 0.843695 0.803038
vt 0.832682 0.798447
vt 0.826308 0.820021
vt 0.820807 0.816633
vt 0.581188 0.748962
vt 0.962913 0.371587
vt 0.963310 0.369427
vt 0.901632 0.057977
vt 0.269279 0.094326
vt 0.268735 0.095110
vt 0.951033 0.919118
vt 0.945619 0.916961
vt 0.864543 0.249690
vt 0.858141 0.261279
vt 0.854720 0.257765
vt 0.017062 0.182469
vt 0.013480 0.183832
vt 0.417883 0.030411
vt 0.415838 0.022183
vt 0.909496 0.423783
vt 0.906743 0.419724
vt 0.909187 0.416095
vt 0.932216 0.049388
vt 0.786985 0.651915
vt 0.788742 0.652472
vt 0.911419 0.426781
vt 0.682574 0.828683
vt 0.682195 0.830427
vt 0.681220 0.830078
vt 0.053624 0.715895
vt 0.052485 0.717071
vt 0.639301 0.730089
vt 0.636868 0.736643
vt 0.661050 0.148737
vt 0.665943 0.149702
vt 0.823026 0.252845
vt 0.259070 0.136009
vt 0.737946 0.772386
vt 0.633593 0.747975
vt 0.631616 0.753091
vt 0.771748 0.066631
vt 0.847740 0.968533
vt 0.808058 0.661549
vt 0.816550 0.667853
vt 0.944049 0.522668
vt 0.948510 0.514239
vt 0.942644 0.510918
vt 0.568739 0.142546
vt 0.560601 0.153816
vt 0.566083 0.154268
vt 0.293090 0.281475
vt 0.291579 0.270336
vt 0.520637 0.004988
vt 0.518379 0.004663
vt 0.976235 0.931907
vt 0.986650 0.760218
vt 0.982925 0.768713
vt 0.363784 0.173754
vt 0.352780 0.177419
vt 0.423592 0.178290
vt 0.443563 0.192437
vt 0.449716 0.192011
vt 0.440668 0.176998
vt 0.976795 0.623074
vt 0.681431 0.828982
vt 0.672067 0.828683
vt 0.958479 0.856667
vt 0.563962 0.174465
vt 0.558377 0.152296
vt 0.961923 0.939972
vt 0.427939 0.165560
vt 0.560128 0.558946
vt 0.569615 0.556691
vt 0.566656 0.542720
vt 0.465255 0.188209
vt 0.419155 0.166135
vt 0.438257 0.173999
vt 0.649545 0.321711
vt 0.134880 0.077145
vt 0.135176 0.084393
vt 0.946227 0.231480
vt 0.940203 0.224511
vt 0.642529 0.313615
vt 0.649172 0.315817
vt 0.650016 0.310638
vt 0.337320 0.125264
vt 0.342294 0.123637
vt 0.894522 0.312969
vt 0.898862 0.320948
vt 0.990706 0.286383
vt 0.268890 0.708498
vt 0.604090 0.554760
vt 0.594193 0.555798
vt 0.377123 0.952038
vt 0.820224 0.239320
vt 0.822802 0.246014
vt 0.642247 0.308809
vt 0.173333 0.149863
vt 0.179947 0.150392
vt 0.179947 0.134699
vt 0.173336 0.138528
vt 0.301950 0.277508
vt 0.294671 0.268091
vt 0.294367 0.281258
vt 0.967874 0.868143
vt 0.927599 0.489922
vt 0.056066 0.693567
vt 0.061711 0.695253
vt 0.323603 0.336094
vt 0.631274 0.363360
vt 0.818909 0.096424
vt 0.081874 0.095527
vt 0.088004 0.098954
vt 0.088004 0.087620
vt 0.075664 0.020282
vt 0.045607 0.051034
vt 0.984653 0.785396
vt 0.333801 0.142010
vt 0.679072 0.080305
vt 0.682574 0.082389
vt 0.682574 0.076286
vt 0.948248 0.480291
vt 0.742110 0.261995
vt 0.925211 0.052480
vt 0.270704 0.108416
vt 0.271391 0.109855
vt 0.842260 0.959174
vt 0.947793 0.487841
vt 0.655429 0.027463
vt 0.661559 0.027463
vt 0.659405 0.030078
vt 0.604439 0.535928
vt 0.083996 0.578466
vt 0.956606 0.388549
vt 0.954028 0.387175
vt 0.270081 0.168357
vt 0.100664 0.138829
vt 0.879360 0.201343
vt 0.846394 0.964428
vt 0.019702 0.758544
vt 0.023205 0.760680
vt 0.023205 0.754577
vt 0.803068 0.658524
vt 0.879767 0.308647
vt 0.909129 0.796517
vt 0.933025 0.925091
vt 0.927500 0.921970
vt 0.924950 0.926330
vt 0.979664 0.217524
vt 0.055742 0.052957
vt 0.402977 0.018117
vt 0.990695 0.752063
vt 0.991681 0.751962
vt 0.741403 0.765453
vt 0.822161 0.852257
vt 0.820791 0.852415
vt 0.602399 0.529309
vt 0.258757 0.131423
vt 0.264720 0.131395
vt 0.780430 0.161842
vt 0.829060 0.854905
vt 0.746497 0.187881
vt 0.746497 0.171317
vt 0.742119 0.175698
vt 0.926930 0.484570
vt 0.486887 0.997676
vt 0.490426 0.991850
vt 0.480173 0.983128
vt 0.315289 0.101776
vt 0.591506 0.543963
vt 0.559558 0.151717
vt 0.912872 0.793862
vt 0.959783 0.350396
vt 0.568755 0.290626
vt 0.573537 0.296957
vt 0.926279 0.033310
vt 0.353914 0.110451
vt 0.268754 0.169338
vt 0.582184 0.766285
vt 0.906628 0.056145
vt 0.505828 0.175158
vt 0.478546 0.966434
vt 0.285930 0.131054
vt 0.942782 0.289188
vt 0.831233 0.997195
vt 0.815529 0.085004
vt 0.973292 0.803400
vt 0.970666 0.809843
vt 0.973292 0.826068
vt 0.259877 0.110099
vt 0.262232 0.108066
vt 0.265551 0.102042
vt 0.732516 0.898985
vt 0.729264 0.892728
vt 0.600881 0.197472
vt 0.600640 0.194213
vt 0.594388 0.194670
vt 0.458836 0.182991
vt 0.829858 0.784118
vt 0.778291 0.751090
vt 0.921201 0.598611
vt 0.093580 0.443330
vt 0.093257 0.440715
vt 0.099387 0.440715
vt 0.772271 0.960360
vt 0.739927 0.982486
vt 0.083625 0.110508
vt 0.085533 0.113159
vt 0.003940 0.814734
vt 0.003940 0.806888
vt 0.000438 0.809419
vt 0.975906 0.956617
vt 0.977254 0.951853
vt 0.836512 0.846059
vt 0.363100 0.095123
vt 0.950569 0.497642
vt 0.261364 0.109729
vt 0.727492 0.153008
vt 0.375132 0.979560
vt 0.371716 0.365737
vt 0.529989 0.007632
vt 0.530623 0.003428
vt 0.134501 0.075559
vt 0.698099 0.991661
vt 0.699720 0.991616
vt 0.703089 0.996077
vt 0.406416 0.019758
vt 0.825306 0.677287
vt 0.827058 0.676983
vt 0.825879 0.678197
vt 0.286249 0.398378
vt 0.301697 0.281295
vt 0.603765 0.163893
vt 0.608473 0.166712
vt 0.700615 0.987058
vt 0.697886 0.982707
vt 0.783059 0.306521
vt 0.903993 0.055179
vt 0.725215 0.153481
vt 0.722230 0.154628
vt 0.808076 0.859633
vt 0.514817 0.968232
vt 0.504965 0.971715
vt 0.530915 0.812934
vt 0.539842 0.818221
vt 0.533226 0.817805
vt 0.049475 0.428509
vt 0.056480 0.428509
vt 0.049475 0.438099
vt 0.500258 0.131302
vt 0.530210 0.810396
vt 0.461302 0.170811
vt 0.907950 0.797343
vt 0.946981 0.277283
vt 0.917106 0.054675
vt 0.949382 0.509490
vt 0.717677 0.155575
vt 0.269809 0.093438
vt 0.649153 0.320359
vt 0.847715 0.967157
vt 0.028459 0.716202
vt 0.026041 0.725979
vt 0.532696 0.006203
vt 0.557356 0.679599
vt 0.570504 0.682214
vt 0.569378 0.681297
vt 0.391106 0.977490
vt 0.457477 0.171881
vt 0.795336 0.172179
vt 0.292639 0.415906
vt 0.728984 0.885050
vt 0.732464 0.878429
vt 0.235989 0.183203
vt 0.499562 0.159642
vt 0.012595 0.762779
vt 0.007543 0.763296
vt 0.960477 0.357242
vt 0.965412 0.951119
vt 0.868270 0.260291
vt 0.987327 0.765855
vt 0.732487 0.404098
vt 0.730736 0.420605
vt 0.732487 0.427637
vt 0.624781 0.427637
vt 0.578371 0.679599
vt 0.791814 0.568875
vt 0.809231 0.571314
vt 0.608646 0.322361
vt 0.326421 0.974719
vt 0.532268 0.002180
vt 0.292210 0.281656
vt 0.289511 0.284656
vt 0.527583 0.985615
vt 0.803983 0.864139
vt 0.056252 0.706686
vt 0.827058 0.689189
vt 0.564498 0.158892
vt 0.718205 0.780529
vt 0.680823 0.627289
vt 0.678196 0.636331
vt 0.680823 0.636879
vt 0.830113 0.997820
vt 0.375841 0.174224
vt 0.486598 0.983990
vt 0.486268 0.978451
vt 0.712710 0.156040
vt 0.088004 0.582856
vt 0.771406 0.049170
vt 0.042661 0.724584
vt 0.839440 0.993562
vt 0.533744 0.800785
vt 0.757912 0.055176
vt 0.743870 0.045772
vt 0.166813 0.720575
vt 0.178624 0.722771
vt 0.692207 0.237576
vt 0.935639 0.926208
vt 0.057375 0.701517
vt 0.057222 0.700659
vt 0.799037 0.761594
vt 0.689765 0.979373
vt 0.281521 0.429149
vt 0.758305 0.068113
vt 0.942948 0.473845
vt 0.479422 0.002180
vt 0.495184 0.002180
vt 0.486152 0.005667
vt 0.539328 0.814099
vt 0.302530 0.392764
vt 0.016670 0.185217
vt 0.016801 0.184301
vt 0.698257 0.979126
vt 0.966852 0.616768
vt 0.843381 0.805109
vt 0.684326 0.976943
vt 0.948862 0.518553
vt 0.843256 0.793448
vt 0.979422 0.976141
vt 0.978805 0.975421
vt 0.038555 0.718368
vt 0.025435 0.714473
vt 0.025668 0.717120
vt 0.265739 0.108191
vt 0.787492 0.158280
vt 0.898104 0.824204
vt 0.274352 0.085876
vt 0.272501 0.089281
vt 0.767570 0.961753
vt 0.761790 0.964691
vt 0.936393 0.046803
vt 0.938030 0.045854
vt 0.986289 0.781767
vt 0.363835 0.037457
vt 0.030498 0.707424
vt 0.834635 0.231751
vt 0.056380 0.702766
vt 0.951452 0.555918
vt 0.100263 0.445946
vt 0.090630 0.445946
vt 0.099906 0.447690
vt 0.917403 0.439639
vt 0.085518 0.118455
vt 0.810980 0.661684
vt 0.271289 0.090770
vt 0.012595 0.751153
vt 0.011034 0.745859
vt 0.336563 0.337228
vt 0.878119 0.307093
vt 0.076464 0.019849
vt 0.924256 0.063208
vt 0.933012 0.465405
vt 0.302539 0.280902
vt 0.022305 0.187881
vt 0.760508 0.738012
vt 0.765762 0.738012
vt 0.761558 0.744115
vt 0.553072 0.193312
vt 0.978092 0.973468
vt 0.972351 0.984743
vt 0.830837 0.766042
vt 0.837332 0.952742
vt 0.366662 0.044571
vt 0.551226 0.297733
vt 0.557356 0.297733
vt 0.554664 0.300349
vt 0.795592 0.653194
vt 0.077161 0.321018
vt 0.458109 0.194180
vt 0.590819 0.017706
vt 0.889653 0.311077
vt 0.512775 0.981473
vt 0.658949 0.288868
vt 0.700088 0.874891
vt 0.697461 0.881336
vt 0.700088 0.898431
vt 0.727233 0.924586
vt 0.727233 0.916739
vt 0.726357 0.922655
vt 0.059524 0.071927
vt 0.881348 0.261988
vt 0.048222 0.727550
vt 0.538091 0.261116
vt 0.836607 0.839105
vt 0.798161 0.043156
vt 0.798161 0.038797
vt 0.787653 0.039213
vt 0.175530 0.097210
vt 0.176271 0.096639
vt 0.273660 0.163470
vt 0.158932 0.364840
vt 0.291735 0.268285
vt 0.771782 0.485399
vt 0.984706 0.748474
vt 0.982049 0.744987
vt 0.990806 0.744987
vt 0.654904 0.293278
vt 0.739610 0.758779
vt 0.782161 0.309512
vt 0.218476 0.665650
vt 0.214974 0.667587
vt 0.218476 0.672624
vt 0.830759 0.802819
vt 0.599003 0.510987
vt 0.603482 0.514639
vt 0.836313 0.229252
vt 0.782399 0.017001
vt 0.783275 0.014743
vt 0.782399 0.004795
vt 0.947023 0.232598
vt 0.604136 0.515311
vt 0.114273 0.077158
vt 0.117776 0.077158
vt 0.117776 0.087620
vt 0.963997 0.938053
vt 0.023205 0.187651
vt 0.992409 0.462511
vt 0.364711 0.087465
vt 0.697596 0.981818
vt 0.767137 0.176441
vt 0.496715 0.852223
vt 0.603765 0.193984
vt 0.941769 0.044751
vt 0.287150 0.398685
vt 0.825966 0.242393
vt 0.882010 0.546179
vt 0.778789 0.318751
vt 0.941007 0.223962
vt 0.970109 0.697981
vt 0.503948 0.846992
vt 0.834939 0.757193
vt 0.998686 0.243679
vt 0.735393 0.777981
vt 0.813047 0.189625
vt 0.819154 0.817704
vt 0.232487 0.050131
vt 0.223730 0.052746
vt 0.232487 0.052746
vt 0.172067 0.139522
vt 0.779266 0.296252
vt 0.818069 0.853266
vt 0.937739 0.543324
vt 0.999562 0.411944
vt 0.998288 0.412816
vt 0.985552 0.411944
vt 0.430043 0.189892
vt 0.317426 0.136443
vt 0.328809 0.136443
vt 0.323867 0.139930
vt 0.591506 0.193984
vt 0.504357 0.002180
vt 0.291745 0.120705
vt 0.292091 0.122131
vt 0.926883 0.531415
vt 0.973694 0.873147
vt 0.828988 0.783117
vt 0.934764 0.543280
vt 0.735721 0.985243
vt 0.702715 0.302092
vt 0.698907 0.307323
vt 0.685201 0.302092
vt 0.774930 0.480820
vt 0.984477 0.935920
vt 0.828916 0.807786
vt 0.790280 0.418919
vt 0.789405 0.438099
vt 0.790280 0.437199
vt 0.423380 0.017001
vt 0.986296 0.083382
vt 0.181669 0.723622
vt 0.919002 0.921970
vt 0.160761 0.017246
vt 0.322680 0.978513
vt 0.451309 0.933362
vt 0.446756 0.935219
vt 0.446580 0.933468
vt 0.449715 0.932150
vt 0.660680 0.583576
vt 0.658578 0.577931
vt 0.654116 0.584724
vt 0.658873 0.586601
vt 0.499586 0.608244
vt 0.519155 0.623830
vt 0.525681 0.617105
vt 0.504668 0.600492
vt 0.366162 0.786517
vt 0.381973 0.798066
vt 0.386569 0.779952
vt 0.365616 0.758278
vt 0.735424 0.399209
vt 0.727341 0.401974
vt 0.727458 0.396895
vt 0.735469 0.394133
vt 0.335340 0.847574
vt 0.333485 0.852606
vt 0.325181 0.848103
vt 0.327921 0.842861
vt 0.663463 0.014628
vt 0.657370 0.014738
vt 0.657372 0.017873
vt 0.663827 0.017592
vt 0.620927 0.567380
vt 0.602658 0.578917
vt 0.609759 0.670234
vt 0.633091 0.670807
vt 0.124784 0.734475
vt 0.106554 0.733335
vt 0.070494 0.995366
vt 0.094482 0.997386
vt 0.516166 0.930841
vt 0.509615 0.933635
vt 0.504001 0.915944
vt 0.511487 0.915012
vt 0.592225 0.480609
vt 0.592283 0.462058
vt 0.318506 0.455624
vt 0.318301 0.480548
vt 0.666422 0.585417
vt 0.661889 0.592076
vt 0.660441 0.597664
vt 0.673818 0.670597
vt 0.349306 0.803103
vt 0.333504 0.784926
vt 0.325047 0.791026
vt 0.342183 0.809872
vt 0.350268 0.899314
vt 0.338447 0.937685
vt 0.313180 0.926211
vt 0.311296 0.924072
vt 0.291561 0.520406
vt 0.289838 0.503043
vt 0.024011 0.521214
vt 0.026141 0.544983
vt 0.432655 0.561901
vt 0.453824 0.562649
vt 0.453405 0.568212
vt 0.429275 0.567413
vt 0.591962 0.812592
vt 0.591026 0.805144
vt 0.608805 0.805144
vt 0.607870 0.812592
vt 0.581724 0.617565
vt 0.576549 0.615519
vt 0.558231 0.667746
vt 0.584732 0.669212
vt 0.498685 0.926499
vt 0.498919 0.944188
vt 0.469062 0.935913
vt 0.473619 0.931302
vt 0.760905 0.389107
vt 0.752881 0.390032
vt 0.753638 0.270610
vt 0.761259 0.270880
vt 0.207139 0.573307
vt 0.201232 0.572537
vt 0.158625 0.589984
vt 0.229655 0.580373
vt 0.533945 0.840525
vt 0.528330 0.835870
vt 0.541431 0.823766
vt 0.546110 0.829352
vt 0.399488 0.697093
vt 0.400390 0.688516
vt 0.390770 0.684811
vt 0.388668 0.696578
vt 0.409011 0.564644
vt 0.403677 0.570823
vt 0.412293 0.898817
vt 0.413058 0.903474
vt 0.356071 0.901526
vt 0.355793 0.896211
vt 0.738632 0.600917
vt 0.746957 0.600069
vt 0.746657 0.742591
vt 0.739163 0.742480
vt 0.456647 0.701312
vt 0.454671 0.709226
vt 0.466419 0.714304
vt 0.468730 0.703431
vt 0.228811 0.610246
vt 0.225762 0.603186
vt 0.219985 0.603082
vt 0.226465 0.611430
vt 0.510552 0.901046
vt 0.503065 0.901046
vt 0.504001 0.882424
vt 0.511487 0.883355
vt 0.176812 0.238987
vt 0.179353 0.247585
vt 0.184547 0.247956
vt 0.182005 0.239357
vt 0.463306 0.921519
vt 0.459510 0.926093
vt 0.428865 0.917012
vt 0.432611 0.913707
vt 0.341549 0.871009
vt 0.341590 0.862616
vt 0.344571 0.861854
vt 0.344571 0.876740
vt 0.344593 0.940278
vt 0.222044 0.590292
vt 0.172552 0.597719
vt 0.175221 0.601933
vt 0.222010 0.595007
vt 0.463418 0.936512
vt 0.464322 0.934609
vt 0.468351 0.934257
vt 0.310044 0.626687
vt 0.316298 0.625869
vt 0.301125 0.647270
vt 0.296115 0.646254
vt 0.124961 0.577410
vt 0.118187 0.575143
vt 0.090272 0.620185
vt 0.095341 0.621867
vt 0.524588 0.945738
vt 0.517101 0.949463
vt 0.318671 0.667997
vt 0.312597 0.692228
vt 0.337092 0.695673
vt 0.341415 0.676750
vt 0.498917 0.909179
vt 0.472506 0.925284
vt 0.468972 0.922536
vt 0.459541 0.929998
vt 0.459572 0.932050
vt 0.452054 0.930041
vt 0.252636 0.575116
vt 0.239188 0.574823
vt 0.243043 0.583922
vt 0.252708 0.583641
vt 0.719508 0.399868
vt 0.721519 0.270214
vt 0.729594 0.270184
vt 0.707362 0.610702
vt 0.715105 0.607699
vt 0.715041 0.740802
vt 0.707093 0.739920
vt 0.546539 0.664188
vt 0.534918 0.643017
vt 0.514334 0.656502
vt 0.524039 0.674168
vt 0.681794 0.868458
vt 0.689279 0.865665
vt 0.693022 0.882424
vt 0.685537 0.883355
vt 0.399834 0.199215
vt 0.440635 0.230555
vt 0.490909 0.222652
vt 0.493433 0.199215
vt 0.453514 0.589645
vt 0.478040 0.596693
vt 0.480971 0.587184
vt 0.281254 0.744386
vt 0.279791 0.718203
vt 0.289447 0.718196
vt 0.405815 0.590557
vt 0.384295 0.597231
vt 0.394227 0.619692
vt 0.411025 0.614098
vt 0.623777 0.986706
vt 0.626584 0.994155
vt 0.608805 0.996949
vt 0.607870 0.989499
vt 0.509591 0.683118
vt 0.507754 0.725897
vt 0.515800 0.710937
vt 0.529896 0.691787
vt 0.623030 0.458326
vt 0.623030 0.465258
vt 0.619991 0.464704
vt 0.620464 0.459799
vt 0.442850 0.924858
vt 0.441034 0.929382
vt 0.406157 0.938247
vt 0.460941 0.021852
vt 0.464153 0.017094
vt 0.466287 0.017543
vt 0.463633 0.023099
vt 0.452416 0.863437
vt 0.476810 0.861142
vt 0.479118 0.870808
vt 0.453406 0.873147
vt 0.595009 0.531187
vt 0.593644 0.515432
vt 0.319920 0.528068
vt 0.321602 0.548823
vt 0.560147 0.980189
vt 0.556403 0.986707
vt 0.541431 0.977396
vt 0.546110 0.971809
vt 0.451636 0.020927
vt 0.456237 0.005756
vt 0.461269 0.008332
vt 0.456178 0.023104
vt 0.355079 0.260510
vt 0.355873 0.269231
vt 0.360934 0.269017
vt 0.360122 0.260244
vt 0.362186 0.609749
vt 0.377512 0.629981
vt 0.339621 0.872069
vt 0.338324 0.863855
vt 0.617660 0.454103
vt 0.617080 0.457050
vt 0.453077 0.685296
vt 0.455760 0.693103
vt 0.468138 0.692255
vt 0.463546 0.680084
vt 0.648250 0.405205
vt 0.630848 0.404970
vt 0.629281 0.481423
vt 0.650912 0.488469
vt 0.459974 0.834631
vt 0.437775 0.837559
vt 0.437406 0.846992
vt 0.462102 0.844357
vt 0.681794 0.930841
vt 0.689279 0.933635
vt 0.681793 0.949463
vt 0.675244 0.945738
vt 0.877095 0.982073
vt 0.910347 0.982399
vt 0.912388 0.997820
vt 0.858760 0.994659
vt 0.430801 0.906443
vt 0.432832 0.670191
vt 0.440974 0.673049
vt 0.447626 0.663807
vt 0.436302 0.659706
vt 0.362564 0.277480
vt 0.364677 0.285571
vt 0.504816 0.284172
vt 0.504746 0.276410
vt 0.462770 0.005768
vt 0.466287 0.011564
vt 0.464057 0.012475
vt 0.331980 0.855598
vt 0.323941 0.850852
vt 0.447722 0.678081
vt 0.456639 0.670305
vt 0.592662 0.499108
vt 0.318783 0.505136
vt 0.337277 0.734434
vt 0.344640 0.754550
vt 0.356433 0.730141
vt 0.371898 0.182019
vt 0.315674 0.178291
vt 0.317860 0.230997
vt 0.358757 0.237407
vt 0.675244 0.853560
vt 0.681793 0.849837
vt 0.662995 0.000436
vt 0.656083 0.000436
vt 0.656955 0.002588
vt 0.661788 0.003081
vt 0.412576 0.835520
vt 0.437510 0.814036
vt 0.418296 0.812619
vt 0.313702 0.850000
vt 0.301536 0.887992
vt 0.295482 0.878533
vt 0.303933 0.852756
vt 0.646626 0.548982
vt 0.648568 0.589979
vt 0.196572 0.734254
vt 0.179167 0.735039
vt 0.166272 0.999564
vt 0.190444 0.998921
vt 0.455027 0.812079
vt 0.444534 0.794429
vt 0.414853 0.792502
vt 0.302778 0.850162
vt 0.293969 0.857496
vt 0.294447 0.851505
vt 0.300313 0.846427
vt 0.666647 0.005731
vt 0.653734 0.010608
vt 0.653721 0.829352
vt 0.658399 0.823766
vt 0.671500 0.835870
vt 0.665886 0.840525
vt 0.308862 0.652641
vt 0.298251 0.672455
vt 0.289610 0.668751
vt 0.739058 0.595893
vt 0.747341 0.595031
vt 0.179012 0.231844
vt 0.310971 0.239025
vt 0.311296 0.231473
vt 0.196887 0.563724
vt 0.198889 0.558628
vt 0.028729 0.565952
vt 0.703590 0.823452
vt 0.679674 0.820255
vt 0.703590 0.656059
vt 0.657531 0.589458
vt 0.658813 0.592638
vt 0.707603 0.605688
vt 0.714897 0.602743
vt 0.653779 0.588421
vt 0.370251 0.301549
vt 0.373406 0.310182
vt 0.502492 0.314298
vt 0.503462 0.305945
vt 0.738749 0.834588
vt 0.739522 0.828683
vt 0.697461 0.828683
vt 0.697569 0.834233
vt 0.310680 0.893434
vt 0.504376 0.267752
vt 0.471085 0.565744
vt 0.493139 0.571907
vt 0.503940 0.579111
vt 0.480045 0.572028
vt 0.088809 0.731539
vt 0.047279 0.992884
vt 0.517403 0.768335
vt 0.526002 0.751322
vt 0.511244 0.741205
vt 0.495877 0.766189
vt 0.500309 0.588642
vt 0.478230 0.581716
vt 0.509615 0.865665
vt 0.516166 0.868458
vt 0.468251 0.924176
vt 0.464141 0.923415
vt 0.265618 0.726678
vt 0.248242 0.729422
vt 0.285753 0.990808
vt 0.308669 0.987320
vt 0.626584 0.808868
vt 0.623777 0.815385
vt 0.483165 0.827635
vt 0.503430 0.815753
vt 0.490440 0.796837
vt 0.473562 0.806148
vt 0.452511 0.577983
vt 0.429308 0.576853
vt 0.414119 0.724674
vt 0.407372 0.719613
vt 0.400632 0.728800
vt 0.409852 0.736182
vt 0.499562 0.961742
vt 0.450952 0.961559
vt 0.443412 0.960255
vt 0.655876 0.602341
vt 0.656113 0.670881
vt 0.011858 0.040456
vt 0.016731 0.040489
vt 0.016367 0.038187
vt 0.011494 0.038154
vt 0.737668 0.270330
vt 0.367762 0.817903
vt 0.449946 0.614049
vt 0.469129 0.619304
vt 0.648960 0.593161
vt 0.195890 0.358762
vt 0.200088 0.354753
vt 0.189398 0.346738
vt 0.185201 0.350748
vt 0.592756 0.444259
vt 0.319238 0.431970
vt 0.669303 0.741869
vt 0.671313 0.741271
vt 0.656420 0.816630
vt 0.635472 0.558314
vt 0.646888 0.591937
vt 0.066135 0.636546
vt 0.084553 0.619003
vt 0.033528 0.600087
vt 0.026979 0.623316
vt 0.857146 0.987710
vt 0.875037 0.981809
vt 0.744378 0.391691
vt 0.745465 0.270214
vt 0.362326 0.642802
vt 0.350647 0.658618
vt 0.361992 0.670440
vt 0.382360 0.647075
vt 0.367379 0.293591
vt 0.503430 0.297746
vt 0.503758 0.260244
vt 0.178054 0.606143
vt 0.176975 0.609433
vt 0.222104 0.611598
vt 0.754896 0.600279
vt 0.755254 0.743243
vt 0.667150 0.404970
vt 0.658561 0.493079
vt 0.450706 0.716646
vt 0.444559 0.722676
vt 0.452692 0.733342
vt 0.461203 0.724871
vt 0.429988 0.728666
vt 0.421359 0.727756
vt 0.420268 0.740476
vt 0.431679 0.740798
vt 0.403089 0.713090
vt 0.393909 0.719918
vt 0.169800 0.601884
vt 0.166219 0.607296
vt 0.167033 0.632060
vt 0.693958 0.901046
vt 0.686473 0.901046
vt 0.429977 0.587184
vt 0.430440 0.611723
vt 0.587232 0.615425
vt 0.585855 0.616167
vt 0.533945 0.958773
vt 0.528330 0.964361
vt 0.639685 0.980189
vt 0.643427 0.986707
vt 0.653721 0.971809
vt 0.658399 0.977396
vt 0.410793 0.845026
vt 0.400392 0.705284
vt 0.389688 0.709538
vt 0.556403 0.814455
vt 0.560147 0.820972
vt 0.329020 0.645688
vt 0.384851 0.224923
vt 0.424944 0.253269
vt 0.670004 0.126048
vt 0.670315 0.120750
vt 0.666813 0.120750
vt 0.667480 0.126853
vt 0.314078 0.846708
vt 0.160624 0.735318
vt 0.142003 0.999509
vt 0.406167 0.580364
vt 0.228373 0.613051
vt 0.224728 0.612057
vt 0.158882 0.656459
vt 0.585710 0.614679
vt 0.581272 0.615404
vt 0.315402 0.841081
vt 0.841475 0.127725
vt 0.837330 0.128253
vt 0.837659 0.131212
vt 0.842820 0.130592
vt 0.523023 0.800161
vt 0.537946 0.780690
vt 0.505675 0.784113
vt 0.472747 0.785424
vt 0.022623 0.040541
vt 0.022483 0.037925
vt 0.752406 0.394993
vt 0.743963 0.396675
vt 0.557356 0.712428
vt 0.553514 0.686531
vt 0.532714 0.712934
vt 0.524588 0.853560
vt 0.517101 0.849837
vt 0.486550 0.836284
vt 0.508975 0.823677
vt 0.330459 0.890541
vt 0.320325 0.894071
vt 0.723202 0.604876
vt 0.722818 0.740972
vt 0.722893 0.599933
vt 0.313666 0.840889
vt 0.661621 0.500701
vt 0.656784 0.539464
vt 0.666033 0.572341
vt 0.671686 0.573144
vt 0.593836 0.426928
vt 0.595009 0.413560
vt 0.322200 0.389276
vt 0.320576 0.408784
vt 0.311296 0.716366
vt 0.314556 0.739506
vt 0.335915 0.715809
vt 0.306918 0.607074
vt 0.303369 0.590157
vt 0.272728 0.597093
vt 0.270786 0.610149
vt 0.007807 0.040226
vt 0.007443 0.037925
vt 0.832228 0.127725
vt 0.831436 0.129953
vt 0.730481 0.597676
vt 0.730875 0.602616
vt 0.343823 0.626200
vt 0.555798 0.735699
vt 0.531271 0.732182
vt 0.607960 0.463242
vt 0.611092 0.467480
vt 0.164054 0.602266
vt 0.140870 0.639999
vt 0.145156 0.643305
vt 0.071331 0.729335
vt 0.024174 0.989541
vt 0.643427 0.814455
vt 0.639685 0.820972
vt 0.357511 0.277591
vt 0.359621 0.285552
vt 0.442960 0.933273
vt 0.442489 0.929413
vt 0.443994 0.932441
vt 0.382061 0.850739
vt 0.404125 0.858318
vt 0.401804 0.867662
vt 0.378166 0.859145
vt 0.768920 0.388918
vt 0.769264 0.269834
vt 0.287769 0.467677
vt 0.287557 0.450305
vt 0.021263 0.450305
vt 0.021571 0.473878
vt 0.719352 0.404970
vt 0.446484 0.925430
vt 0.444193 0.926217
vt 0.446550 0.923599
vt 0.486365 0.628748
vt 0.467804 0.639572
vt 0.492421 0.656760
vt 0.501488 0.641439
vt 0.399191 0.807420
vt 0.138489 0.705068
vt 0.175788 0.683683
vt 0.075441 0.724935
vt 0.906743 0.289015
vt 0.905867 0.349416
vt 0.906743 0.355275
vt 0.897110 0.100386
vt 0.902080 0.097111
vt 0.929626 0.141407
vt 0.925469 0.145662
vt 0.472686 0.926694
vt 0.471239 0.930796
vt 0.470673 0.926428
vt 0.404349 0.681128
vt 0.409606 0.675325
vt 0.403809 0.666864
vt 0.396179 0.675134
vt 0.665886 0.958773
vt 0.671500 0.964361
vt 0.323676 0.632080
vt 0.613524 0.456920
vt 0.608972 0.458694
vt 0.607268 0.455632
vt 0.613207 0.453793
vt 0.644468 0.597431
vt 0.648522 0.602140
vt 0.650366 0.600224
vt 0.648115 0.597537
vt 0.503940 0.863484
vt 0.229801 0.731590
vt 0.215008 0.733054
vt 0.213671 0.997763
vt 0.237687 0.996104
vt 0.293934 0.537791
vt 0.586848 0.567801
vt 0.578748 0.561603
vt 0.576100 0.604330
vt 0.581660 0.601097
vt 0.670315 0.010768
vt 0.668776 0.003718
vt 0.667857 0.010739
vt 0.382545 0.588668
vt 0.378839 0.579444
vt 0.288758 0.769657
vt 0.291144 0.743147
vt 0.296115 0.859637
vt 0.451204 0.925446
vt 0.408750 0.633707
vt 0.653436 0.005369
vt 0.354142 0.771328
vt 0.438441 0.630941
vt 0.389309 0.829240
vt 0.288607 0.485420
vt 0.022502 0.497723
vt 0.573246 0.808868
vt 0.576054 0.815385
vt 0.730789 0.741609
vt 0.460930 0.931595
vt 0.447537 0.016715
vt 0.450987 0.006191
vt 0.640543 0.758418
vt 0.040595 0.578134
vt 0.503884 0.290644
vt 0.291252 0.694880
vt 0.282569 0.693039
vt 0.247293 0.023498
vt 0.263063 0.025884
vt 0.289933 0.013070
vt 0.247832 0.011770
vt 0.284950 0.666873
vt 0.400675 0.943084
vt 0.662301 0.573306
vt 0.542772 0.637403
vt 0.943351 0.103002
vt 0.943454 0.120132
vt 0.341052 0.614631
vt 0.334332 0.606779
vt 0.420270 0.902056
vt 0.841802 0.291260
vt 0.846717 0.291630
vt 0.848074 0.289015
vt 0.842499 0.289015
vt 0.450572 0.930003
vt 0.449621 0.926683
vt 0.591962 0.989499
vt 0.591026 0.996949
vt 0.573246 0.994155
vt 0.576054 0.986706
vt 0.322145 0.764538
vt 0.499562 0.891743
vt 0.424003 0.887097
vt 0.300002 0.572793
vt 0.264600 0.579520
vt 0.271404 0.590595
vt 0.600092 0.577833
vt 0.584219 0.602202
vt 0.588731 0.605190
vt 0.427921 0.862798
vt 0.426893 0.872094
vt 0.362328 0.293438
vt 0.365195 0.301288
vt 0.339494 0.825483
vt 0.358853 0.838609
vt 0.353775 0.847108
vt 0.333932 0.832898
vt 0.378441 0.213381
vt 0.378675 0.184383
vt 0.365418 0.237930
vt 0.370429 0.234199
vt 0.549458 0.759056
vt 0.065770 0.638582
vt 0.020578 0.643366
vt 0.071445 0.645237
vt 0.693022 0.915944
vt 0.685537 0.915012
vt 0.765762 0.597646
vt 0.765214 0.602861
vt 0.762259 0.602196
vt 0.142265 0.735188
vt 0.118084 0.998749
vt 0.053695 0.726678
vt 0.000438 0.985545
vt 0.668421 0.013589
vt 0.362169 0.826535
vt 0.385282 0.838790
vt 0.296715 0.555531
vt 0.262652 0.578888
vt 0.417056 0.670906
vt 0.425091 0.669130
vt 0.424870 0.659391
vt 0.414038 0.661780
vt 0.186418 0.255900
vt 0.309856 0.254869
vt 0.310085 0.246791
vt 0.446527 0.006545
vt 0.449987 0.004288
vt 0.447609 0.008275
vt 0.760383 0.394062
vt 0.360691 0.600024
vt 0.355886 0.591519
vt 0.137359 0.649254
vt 0.153232 0.673743
vt 0.157152 0.669422
vt 0.460879 0.926376
vt 0.173818 0.231473
vt 0.352488 0.699890
vt 0.652802 0.012274
vt 0.590288 0.610886
vt 0.587376 0.610461
vt 0.655342 0.599711
vt 0.258993 0.994029
vt 0.755254 0.595250
vt 0.278606 0.689436
vt 0.242699 0.021429
vt 0.241763 0.012346
vt 0.699115 0.847864
vt 0.737890 0.840056
vt 0.386682 0.570995
vt 0.438015 0.726906
vt 0.442488 0.738425
vt 0.187394 0.263731
vt 0.309505 0.261735
vt 0.091803 0.626807
vt 0.456605 0.003051
vt 0.228827 0.594559
vt 0.234313 0.586830
vt 0.261917 0.584779
vt 0.765762 0.608879
vt 0.762513 0.608980
vt 0.836690 0.290928
vt 0.028459 0.039545
vt 0.618894 0.470357
vt 0.616373 0.468361
vt 0.931093 0.147959
vt 0.944298 0.134702
vt 0.945271 0.148649
vt 0.337998 0.882305
vt 0.342138 0.883835
vt 0.293281 0.029207
vt 0.301803 0.027864
vt 0.302539 0.018969
vt 0.296265 0.015556
vt 0.215251 0.559465
vt 0.215939 0.563100
vt 0.164825 0.596618
vt 0.129254 0.574112
vt 0.215603 0.567009
vt 0.212355 0.570445
vt 0.368364 0.309859
vt 0.555125 0.660459
vt 0.181225 0.255529
vt 0.182201 0.263361
vt 0.275394 0.713384
vt 0.697804 0.656146
vt 0.689991 0.722340
vt 0.677714 0.694588
vt 0.769264 0.393969
vt 0.337249 0.849415
vt 0.200088 0.350021
vt 0.195506 0.346556
vt 0.333466 0.839396
vt 0.351295 0.851467
vt 0.275993 0.737103
vt 0.891892 0.888653
vt 0.897969 0.893294
vt 0.923523 0.842416
vt 0.900205 0.843225
vt 0.176850 0.677878
vt 0.183073 0.686169
vt 0.184515 0.682286
vt 0.884492 0.874558
vt 0.887840 0.853630
vt 0.744956 0.836899
vt 0.745622 0.830872
vt 0.123252 0.569965
vt 0.325603 0.608973
vt 0.316081 0.822563
vt 0.314933 0.815147
vt 0.912676 0.897559
vt 0.930516 0.847201
vt 0.905071 0.896867
vt 0.187684 0.358583
vt 0.003065 0.528771
vt 0.003065 0.483435
vt 0.001313 0.509425
vt 0.237741 0.020229
vt 0.687471 0.730561
vt 0.301401 0.804381
vt 0.280367 0.760721
vt 0.949516 0.683238
vt 0.996060 0.676983
vt 0.971732 0.679104
vt 0.017075 0.875763
vt 0.017075 0.818221
vt 0.010946 0.838717
vt 0.262461 0.619547
vt 0.204218 0.555534
vt 0.210124 0.556310
vt 0.389562 0.196192
vt 0.217894 0.645504
vt 0.343927 0.593629
vt 0.364263 0.580451
vt 0.935639 0.979512
vt 0.196907 0.569555
vt 0.855954 0.979512
vt 0.940052 0.859538
vt 0.936396 0.852678
vt 0.432227 0.962947
vt 0.398925 0.944589
vt 0.374657 0.178291
vt 0.673659 0.577839
vt 0.671954 0.583449
vt 0.926007 0.676983
vt 0.916116 0.840889
vt 0.329462 0.801119
vt 0.574207 0.609854
vt 0.945271 0.081517
vt 0.702715 0.021360
vt 0.701793 0.022232
vt 0.609895 0.021360
vt 0.169129 0.709458
vt 0.173882 0.693640
vt 0.288960 0.783522
vt 0.299748 0.793735
vt 0.314793 0.782830
vt 0.892704 0.847606
vt 0.301741 0.011770
vt 0.396895 0.944140
vt 0.407618 0.378814
vt 0.381897 0.380558
vt 0.349825 0.378814
vt 0.309545 0.558413
vt 0.373468 0.558413
vt 0.350030 0.563644
vt 0.368802 0.242807
vt 0.941370 0.875276
vt 0.941769 0.867320
vt 0.658056 0.139058
vt 0.658056 0.084132
vt 0.651926 0.107447
vt 0.934278 0.888968
vt 0.852452 0.829555
vt 0.852452 0.758065
vt 0.846322 0.780839
vt 0.347378 0.818832
vt 0.887124 0.882485
vt 0.973888 0.685702
vt 0.052977 0.001308
vt 0.107268 0.001308
vt 0.066542 0.003923
vt 0.838441 0.001308
vt 0.906743 0.001308
vt 0.883372 0.007411
vt 0.461909 0.386661
vt 0.435017 0.389276
vt 0.390105 0.386661
vt 0.883976 0.866458
vt 0.885092 0.859482
vt 0.582750 0.799913
vt 0.625657 0.799913
vt 0.599624 0.801656
vt 0.920676 0.896579
vt 0.927781 0.893869
vt 0.241243 0.119006
vt 0.245276 0.123365
vt 0.247373 0.119006
vt 0.446147 0.012078
vt 0.241203 0.616732
vt 0.375704 0.863285
vt 0.029335 0.757193
vt 0.025832 0.782035
vt 0.029335 0.825196
vt 0.936515 0.991718
vt 0.985552 0.991718
vt 0.962535 0.996949
vt 0.721979 0.264603
vt 0.698498 0.268091
vt 0.679072 0.264603
vt 0.712347 0.295990
vt 0.686934 0.297733
vt 0.663310 0.295990
vt 0.394483 0.190551
vt 0.630291 0.082389
vt 0.665937 0.063208
vt 0.573117 0.063208
vt 0.939142 0.882944
vt 0.113398 0.346556
vt 0.179947 0.346556
vt 0.156692 0.351787
vt 0.562609 0.803400
vt 0.562609 0.761552
vt 0.560858 0.787027
vt 0.293783 0.868006
vt 0.820053 0.719704
vt 0.818301 0.745992
vt 0.820053 0.783348
vt 0.007443 0.547919
vt 0.010946 0.641238
vt 0.010946 0.377071
vt 0.587128 0.141674
vt 0.587128 0.191369
vt 0.581874 0.168533
vt 0.994308 0.108544
vt 0.992557 0.133786
vt 0.994308 0.159983
vt 0.986427 0.630776
vt 0.981173 0.656616
vt 0.986427 0.672624
vt 0.299912 0.156495
vt 0.274029 0.158239
vt 0.244746 0.156495
vt 0.665937 0.738884
vt 0.665937 0.687446
vt 0.660683 0.710190
vt 0.818301 0.519180
vt 0.817426 0.566154
vt 0.818301 0.568003
vt 0.907398 0.840889
vt 0.022329 0.783348
vt 0.019702 0.808733
vt 0.022329 0.849608
vt 0.526073 0.069548
vt 0.533077 0.065479
vt 0.529530 0.059301
vt 0.521473 0.061556
vt 0.550350 0.233842
vt 0.537233 0.230973
vt 0.538257 0.239965
vt 0.550312 0.243203
vt 0.895359 0.937784
vt 0.889268 0.945957
vt 0.883800 0.939855
vt 0.889915 0.930651
vt 0.205712 0.175836
vt 0.204462 0.183512
vt 0.196105 0.183959
vt 0.195778 0.175013
vt 0.535643 0.050874
vt 0.544235 0.050003
vt 0.543505 0.045632
vt 0.536708 0.043766
vt 0.067954 0.237412
vt 0.066919 0.226797
vt 0.081618 0.227993
vt 0.079709 0.238825
vt 0.513527 0.222433
vt 0.505176 0.224870
vt 0.504848 0.231508
vt 0.513636 0.229942
vt 0.884907 0.953051
vt 0.880114 0.958539
vt 0.876328 0.953647
vt 0.879262 0.947885
vt 0.042105 0.298308
vt 0.033598 0.303836
vt 0.025924 0.291571
vt 0.034282 0.287210
vt 0.882904 0.965155
vt 0.874534 0.968351
vt 0.872912 0.960728
vt 0.040417 0.282528
vt 0.045477 0.278874
vt 0.055846 0.287284
vt 0.049494 0.293363
vt 0.525665 0.238789
vt 0.525190 0.247279
vt 0.537157 0.249695
vt 0.029502 0.251422
vt 0.021416 0.247288
vt 0.027203 0.238204
vt 0.034634 0.243953
vt 0.182121 0.161085
vt 0.184091 0.169219
vt 0.172067 0.170496
vt 0.014347 0.281222
vt 0.023773 0.280341
vt 0.202874 0.191509
vt 0.212053 0.187223
vt 0.208654 0.194237
vt 0.014406 0.268809
vt 0.023015 0.269544
vt 0.194634 0.167239
vt 0.194596 0.159330
vt 0.209152 0.160081
vt 0.206494 0.167798
vt 0.039213 0.234409
vt 0.032220 0.228296
vt 0.040827 0.216975
vt 0.047809 0.223927
vt 0.545723 0.076862
vt 0.549321 0.070463
vt 0.544116 0.066155
vt 0.538711 0.071363
vt 0.513509 0.246247
vt 0.513274 0.255044
vt 0.524086 0.255671
vt 0.513984 0.237757
vt 0.224281 0.164155
vt 0.220083 0.172165
vt 0.055369 0.269538
vt 0.058125 0.263532
vt 0.066512 0.264594
vt 0.064900 0.272258
vt 0.941824 0.779337
vt 0.937056 0.782747
vt 0.935648 0.773903
vt 0.941045 0.769398
vt 0.738863 0.410243
vt 0.745400 0.417056
vt 0.754305 0.404790
vt 0.746621 0.399738
vt 0.751563 0.423185
vt 0.758130 0.429349
vt 0.767702 0.417693
vt 0.761071 0.411401
vt 0.537372 0.056750
vt 0.527436 0.051765
vt 0.909671 0.936606
vt 0.901603 0.946127
vt 0.904029 0.927819
vt 0.513035 0.262503
vt 0.522351 0.263965
vt 0.800007 0.402557
vt 0.800276 0.405212
vt 0.806332 0.409097
vt 0.807793 0.407126
vt 0.962785 0.808760
vt 0.953676 0.809424
vt 0.953460 0.798453
vt 0.962635 0.796544
vt 0.545275 0.057155
vt 0.058632 0.256858
vt 0.066239 0.256445
vt 0.185424 0.177306
vt 0.173995 0.179668
vt 0.548695 0.224752
vt 0.535578 0.221883
vt 0.050009 0.245524
vt 0.045138 0.240083
vt 0.053425 0.232337
vt 0.057994 0.239833
vt 0.524640 0.229796
vt 0.018914 0.233739
vt 0.023757 0.223178
vt 0.504672 0.245397
vt 0.504194 0.252549
vt 0.202328 0.198912
vt 0.206344 0.200535
vt 0.773758 0.424023
vt 0.781332 0.414114
vt 0.775799 0.407921
vt 0.889390 0.960123
vt 0.865587 0.962870
vt 0.869558 0.951306
vt 0.941574 0.790431
vt 0.935656 0.789181
vt 0.922401 0.810977
vt 0.924214 0.803139
vt 0.929633 0.809631
vt 0.558296 0.042393
vt 0.551799 0.046394
vt 0.559515 0.049750
vt 0.211461 0.152395
vt 0.228412 0.156288
vt 0.566868 0.067892
vt 0.566988 0.059006
vt 0.559279 0.057575
vt 0.559255 0.066169
vt 0.214215 0.198698
vt 0.209595 0.204733
vt 0.909866 0.909115
vt 0.914623 0.917092
vt 0.898305 0.920208
vt 0.195508 0.150779
vt 0.197704 0.143418
vt 0.214894 0.144588
vt 0.895513 0.953721
vt 0.952878 0.794585
vt 0.953197 0.795876
vt 0.945674 0.798282
vt 0.479422 0.237576
vt 0.477840 0.238046
vt 0.477151 0.245018
vt 0.735732 0.428137
vt 0.742249 0.434165
vt 0.907882 0.955361
vt 0.901217 0.962382
vt 0.534990 0.258457
vt 0.552509 0.053855
vt 0.215957 0.179904
vt 0.225213 0.186391
vt 0.218720 0.192523
vt 0.073788 0.254561
vt 0.075637 0.263843
vt 0.062951 0.216652
vt 0.929178 0.789738
vt 0.931596 0.785780
vt 0.917675 0.805794
vt 0.917707 0.798328
vt 0.552217 0.062479
vt 0.012724 0.243874
vt 0.923040 0.793695
vt 0.921254 0.787023
vt 0.927834 0.797211
vt 0.055849 0.249175
vt 0.062866 0.247346
vt 0.050977 0.275303
vt 0.061278 0.279978
vt 0.069429 0.246643
vt 0.512576 0.065656
vt 0.518584 0.052834
vt 0.509848 0.055267
vt 0.893973 0.968385
vt 0.885536 0.973929
vt 0.960284 0.822742
vt 0.951479 0.821227
vt 0.032350 0.278252
vt 0.876820 0.978234
vt 0.905510 0.901046
vt 0.892760 0.912866
vt 0.756101 0.444840
vt 0.763378 0.449433
vt 0.770972 0.441930
vt 0.764912 0.435386
vt 0.936382 0.795350
vt 0.566004 0.052846
vt 0.556844 0.073911
vt 0.076158 0.273876
vt 0.075037 0.283410
vt 0.918302 0.781022
vt 0.926378 0.783842
vt 0.916375 0.786472
vt 0.768923 0.401449
vt 0.900094 0.978640
vt 0.550276 0.089648
vt 0.553596 0.081282
vt 0.541057 0.083162
vt 0.527024 0.042393
vt 0.788068 0.406301
vt 0.781709 0.399864
vt 0.540422 0.062172
vt 0.186356 0.186025
vt 0.944577 0.809591
vt 0.944842 0.799982
vt 0.935326 0.817231
vt 0.929026 0.817012
vt 0.936712 0.810104
vt 0.218207 0.205394
vt 0.213620 0.209971
vt 0.883170 0.924060
vt 0.025552 0.260235
vt 0.017004 0.257716
vt 0.948104 0.831299
vt 0.939893 0.826540
vt 0.942629 0.819270
vt 0.225162 0.201441
vt 0.041292 0.248985
vt 0.052581 0.254154
vt 0.046703 0.254059
vt 0.071688 0.292617
vt 0.925131 0.832799
vt 0.923825 0.833915
vt 0.922504 0.825405
vt 0.924778 0.825232
vt 0.048153 0.265306
vt 0.045556 0.270583
vt 0.040341 0.263713
vt 0.043547 0.258899
vt 0.036661 0.255210
vt 0.475697 0.250935
vt 0.468718 0.245098
vt 0.468772 0.251526
vt 0.504521 0.238146
vt 0.931024 0.803510
vt 0.196325 0.191783
vt 0.198255 0.200206
vt 0.191227 0.202886
vt 0.188569 0.194234
vt 0.523661 0.221883
vt 0.914012 0.946111
vt 0.518984 0.074549
vt 0.039577 0.269985
vt 0.031871 0.270053
vt 0.032642 0.261776
vt 0.959094 0.793548
vt 0.960452 0.794912
vt 0.959831 0.786795
vt 0.961445 0.786524
vt 0.175305 0.188160
vt 0.943163 0.789980
vt 0.907582 0.972910
vt 0.051601 0.259731
vt 0.078029 0.249139
vt 0.931093 0.779487
vt 0.937225 0.802740
vt 0.948166 0.775851
vt 0.496788 0.236668
vt 0.066544 0.300840
vt 0.962785 0.786406
vt 0.791886 0.399738
vt 0.005413 0.267819
vt 0.008544 0.254717
vt 0.204741 0.223627
vt 0.201946 0.217832
vt 0.208134 0.214005
vt 0.211993 0.220408
vt 0.526100 0.082591
vt 0.532792 0.077109
vt 0.733362 0.443394
vt 0.740763 0.448388
vt 0.749213 0.439676
vt 0.003940 0.280986
vt 0.560948 0.093869
vt 0.562893 0.085512
vt 0.916693 0.791754
vt 0.934061 0.823179
vt 0.922725 0.774468
vt 0.548342 0.252528
vt 0.085124 0.258092
vt 0.088414 0.268878
vt 0.040217 0.275778
vt 0.876632 0.933813
vt 0.530210 0.981255
vt 0.528542 0.982127
vt 0.519702 0.981255
vt 0.961653 0.778973
vt 0.793435 0.400546
vt 0.231611 0.147664
vt 0.090630 0.247219
vt 0.545949 0.097210
vt 0.535683 0.090554
vt 0.227861 0.210658
vt 0.222215 0.212937
vt 0.532385 0.266347
vt 0.203461 0.206554
vt 0.197208 0.210031
vt 0.090630 0.279828
vt 0.563712 0.076515
vt 0.799762 0.401508
vt 0.914623 0.965945
vt 0.872848 0.942997
vt 0.960048 0.779278
vt 0.470157 0.237576
vt 0.807186 0.405028
vt 0.217690 0.216200
vt 0.793356 0.402418
vt 0.231611 0.179814
vt 0.518103 0.042284
vt 0.923178 0.816478
vt 0.925131 0.817594
vt 0.461033 0.244626
vt 0.461089 0.251053
vt 0.509194 0.042855
vt 0.462487 0.238709
vt 0.495184 0.229995
vt 0.986256 0.948997
vt 0.989697 0.949091
vt 0.988425 0.956650
vt 0.984945 0.956379
vt 0.509950 0.378896
vt 0.512926 0.382308
vt 0.520964 0.375856
vt 0.517228 0.371061
vt 0.887110 0.019961
vt 0.888405 0.029053
vt 0.880555 0.029627
vt 0.880185 0.020530
vt 0.351034 0.353692
vt 0.354271 0.354709
vt 0.354663 0.344589
vt 0.349825 0.344413
vt 0.486488 0.362341
vt 0.487742 0.352498
vt 0.568064 0.398286
vt 0.566205 0.390601
vt 0.556305 0.393519
vt 0.811296 0.454992
vt 0.818986 0.456264
vt 0.819262 0.465849
vt 0.270796 0.330576
vt 0.284982 0.338890
vt 0.289158 0.333869
vt 0.271727 0.326379
vt 0.033007 0.392964
vt 0.031526 0.403347
vt 0.174390 0.430020
vt 0.175749 0.420023
vt 0.888281 0.091625
vt 0.891238 0.092552
vt 0.887914 0.100344
vt 0.884971 0.098656
vt 0.535939 0.374490
vt 0.539218 0.380826
vt 0.548438 0.377486
vt 0.545782 0.368704
vt 0.246633 0.350044
vt 0.243224 0.354696
vt 0.253727 0.360069
vt 0.255586 0.354116
vt 0.895268 0.093384
vt 0.892836 0.083991
vt 0.896235 0.083714
vt 0.255722 0.719704
vt 0.257538 0.724004
vt 0.270140 0.722342
vt 0.511372 0.368453
vt 0.505791 0.366615
vt 0.499962 0.376689
vt 0.355228 0.334276
vt 0.489190 0.342433
vt 0.609383 0.196600
vt 0.628706 0.202408
vt 0.628063 0.212238
vt 0.606056 0.207539
vt 0.669891 0.328566
vt 0.680682 0.328897
vt 0.681499 0.339369
vt 0.670985 0.339835
vt 0.815695 0.444050
vt 0.822161 0.446963
vt 0.506626 0.379717
vt 0.588004 0.383883
vt 0.584079 0.363939
vt 0.576753 0.363872
vt 0.576759 0.382770
vt 0.174671 0.009275
vt 0.175345 0.012091
vt 0.182274 0.011949
vt 0.182574 0.008943
vt 0.984960 0.963786
vt 0.988561 0.963502
vt 0.988295 0.971138
vt 0.984676 0.971080
vt 0.221103 0.010026
vt 0.225416 0.017873
vt 0.234238 0.010026
vt 0.561922 0.369176
vt 0.167802 0.009304
vt 0.166970 0.012642
vt 0.659807 0.327844
vt 0.660769 0.314770
vt 0.670795 0.316375
vt 0.273025 0.321376
vt 0.257472 0.306104
vt 0.256389 0.320197
vt 0.231182 0.376277
vt 0.224513 0.382847
vt 0.230753 0.391057
vt 0.240123 0.381914
vt 0.636907 0.199858
vt 0.637707 0.210559
vt 0.206084 0.389543
vt 0.204428 0.399235
vt 0.211014 0.402319
vt 0.212470 0.391260
vt 0.686330 0.475823
vt 0.675744 0.476002
vt 0.219406 0.387489
vt 0.224813 0.395996
vt 0.083625 0.335625
vt 0.087286 0.335888
vt 0.088019 0.325549
vt 0.084390 0.325030
vt 0.552054 0.138050
vt 0.552297 0.135078
vt 0.545582 0.134220
vt 0.545339 0.137192
vt 0.235654 0.425155
vt 0.218012 0.431409
vt 0.220156 0.440185
vt 0.239700 0.434775
vt 0.230741 0.290888
vt 0.231490 0.301636
vt 0.245251 0.293179
vt 0.186085 0.445902
vt 0.187418 0.435433
vt 0.172868 0.440309
vt 0.029335 0.202290
vt 0.026507 0.197869
vt 0.016071 0.201499
vt 0.020237 0.208806
vt 0.564427 0.384051
vt 0.717601 0.474381
vt 0.706729 0.474914
vt 0.702687 0.338795
vt 0.485382 0.372769
vt 0.844873 0.067028
vt 0.846854 0.068953
vt 0.842743 0.076693
vt 0.839893 0.074879
vt 0.262186 0.367851
vt 0.257423 0.377265
vt 0.265883 0.381820
vt 0.273068 0.371109
vt 0.511563 0.343926
vt 0.515548 0.333878
vt 0.503930 0.330552
vt 0.501096 0.340692
vt 0.850517 0.101868
vt 0.848578 0.103835
vt 0.843604 0.097642
vt 0.846390 0.095650
vt 0.700348 0.329473
vt 0.710882 0.330120
vt 0.712850 0.340514
vt 0.248073 0.372825
vt 0.243643 0.377152
vt 0.252590 0.382210
vt 0.212978 0.378944
vt 0.208713 0.381537
vt 0.406743 0.113775
vt 0.414371 0.122493
vt 0.421629 0.113775
vt 0.494697 0.361085
vt 0.492179 0.369480
vt 0.499696 0.371468
vt 0.896235 0.072490
vt 0.893702 0.074349
vt 0.888209 0.066325
vt 0.890422 0.063599
vt 0.569692 0.252614
vt 0.593759 0.253031
vt 0.595741 0.260721
vt 0.572877 0.264411
vt 0.507756 0.353180
vt 0.510525 0.356139
vt 0.515625 0.346247
vt 0.559326 0.335048
vt 0.556191 0.349944
vt 0.573619 0.347427
vt 0.568033 0.332882
vt 0.251424 0.364483
vt 0.264124 0.363016
vt 0.273971 0.364880
vt 0.284421 0.372291
vt 0.285026 0.365736
vt 0.574975 0.331061
vt 0.572547 0.321505
vt 0.563755 0.323585
vt 0.864335 0.107505
vt 0.864306 0.111329
vt 0.855583 0.109083
vt 0.857465 0.106153
vt 0.890420 0.075662
vt 0.887705 0.076827
vt 0.883322 0.070711
vt 0.885894 0.068569
vt 0.574322 0.134241
vt 0.573455 0.125109
vt 0.566332 0.125576
vt 0.568032 0.134883
vt 0.570009 0.218143
vt 0.589182 0.221227
vt 0.590104 0.232350
vt 0.568399 0.229877
vt 0.550979 0.125791
vt 0.545096 0.125109
vt 0.221996 0.370925
vt 0.217172 0.374685
vt 0.201478 0.417882
vt 0.200527 0.427516
vt 0.215284 0.422554
vt 0.526079 0.380750
vt 0.531019 0.368721
vt 0.088301 0.298281
vt 0.088035 0.313783
vt 0.231036 0.315965
vt 0.192030 0.396798
vt 0.190860 0.406256
vt 0.202660 0.408800
vt 0.597154 0.219850
vt 0.597988 0.230590
vt 0.298183 0.338452
vt 0.293607 0.344134
vt 0.193449 0.277067
vt 0.193961 0.271234
vt 0.182339 0.270036
vt 0.180674 0.276857
vt 0.213763 0.363822
vt 0.210868 0.367214
vt 0.244890 0.304188
vt 0.244253 0.320205
vt 0.357419 0.313426
vt 0.356599 0.323880
vt 0.490278 0.332865
vt 0.491267 0.322568
vt 0.524602 0.364291
vt 0.539510 0.360706
vt 0.532146 0.357645
vt 0.188350 0.425585
vt 0.200454 0.436871
vt 0.293712 0.327189
vt 0.985141 0.978162
vt 0.988329 0.977828
vt 0.988404 0.986317
vt 0.984855 0.985761
vt 0.160360 0.000646
vt 0.159527 0.009445
vt 0.167373 0.000758
vt 0.261519 0.387552
vt 0.307793 0.322086
vt 0.298015 0.317352
vt 0.302421 0.331252
vt 0.880889 0.060322
vt 0.878719 0.063517
vt 0.870797 0.060454
vt 0.871093 0.057105
vt 0.560008 0.135039
vt 0.558690 0.125751
vt 0.881347 0.033566
vt 0.873275 0.033381
vt 0.873409 0.029437
vt 0.193677 0.282912
vt 0.180754 0.282045
vt 0.864918 0.114647
vt 0.854960 0.112137
vt 0.518608 0.359472
vt 0.562458 0.216726
vt 0.561119 0.228565
vt 0.628537 0.221784
vt 0.637916 0.221469
vt 0.637704 0.231859
vt 0.628725 0.231627
vt 0.881530 0.106537
vt 0.879482 0.103847
vt 0.248736 0.387473
vt 0.823597 0.435183
vt 0.828598 0.439767
vt 0.562232 0.253577
vt 0.564979 0.266347
vt 0.351572 0.333504
vt 0.255329 0.340555
vt 0.255788 0.330388
vt 0.244061 0.330307
vt 0.243250 0.341672
vt 0.005804 0.201879
vt 0.530574 0.330110
vt 0.519521 0.324128
vt 0.553275 0.387986
vt 0.543454 0.389663
vt 0.545415 0.395693
vt 0.568355 0.241398
vt 0.560858 0.241187
vt 0.084601 0.313780
vt 0.237178 0.398365
vt 0.038649 0.360906
vt 0.036757 0.371360
vt 0.178783 0.398208
vt 0.180042 0.387153
vt 0.978732 0.578983
vt 0.984916 0.579111
vt 0.985200 0.590782
vt 0.979280 0.591102
vt 0.690072 0.328923
vt 0.680918 0.317887
vt 0.691032 0.319733
vt 0.834690 0.487531
vt 0.831545 0.495829
vt 0.821612 0.489729
vt 0.826822 0.482597
vt 0.853931 0.063578
vt 0.855330 0.066293
vt 0.849156 0.071490
vt 0.661271 0.308195
vt 0.671464 0.313492
vt 0.874004 0.109957
vt 0.874551 0.113825
vt 0.029043 0.414074
vt 0.193101 0.386331
vt 0.216369 0.276286
vt 0.216581 0.270434
vt 0.204938 0.270982
vt 0.205310 0.276900
vt 0.504994 0.362966
vt 0.229845 0.416591
vt 0.961033 0.579347
vt 0.967476 0.579589
vt 0.968725 0.590924
vt 0.962666 0.591506
vt 0.997586 0.963753
vt 0.997318 0.971245
vt 0.843706 0.489773
vt 0.842619 0.498256
vt 0.145485 0.000486
vt 0.145533 0.008064
vt 0.151956 0.009194
vt 0.152251 0.000436
vt 0.230355 0.330307
vt 0.980684 0.567358
vt 0.986833 0.568301
vt 0.844213 0.088435
vt 0.841327 0.088596
vt 0.846139 0.078254
vt 0.591504 0.242857
vt 0.599568 0.241669
vt 0.602671 0.252460
vt 0.575498 0.355417
vt 0.561543 0.359617
vt 0.025866 0.193112
vt 0.013103 0.193112
vt 0.872925 0.107187
vt 0.856745 0.427624
vt 0.855410 0.434068
vt 0.846240 0.433065
vt 0.844915 0.426766
vt 0.257418 0.393453
vt 0.267301 0.398691
vt 0.271133 0.391884
vt 0.243389 0.721210
vt 0.244447 0.724270
vt 0.610922 0.250489
vt 0.630605 0.247366
vt 0.630798 0.252464
vt 0.614101 0.257656
vt 0.229331 0.341067
vt 0.240687 0.359069
vt 0.686533 0.478795
vt 0.696829 0.474776
vt 0.696672 0.477922
vt 0.861417 0.485980
vt 0.864621 0.493858
vt 0.854259 0.498009
vt 0.852896 0.489354
vt 0.889196 0.032992
vt 0.607562 0.239718
vt 0.629607 0.240020
vt 0.833278 0.429273
vt 0.837296 0.434951
vt 0.894705 0.019616
vt 0.895074 0.028713
vt 0.639616 0.248052
vt 0.639756 0.254288
vt 0.531825 0.345013
vt 0.701213 0.320321
vt 0.890032 0.084125
vt 0.605494 0.229493
vt 0.707121 0.478029
vt 0.885906 0.112070
vt 0.883370 0.109561
vt 0.890616 0.102221
vt 0.589051 0.209767
vt 0.597551 0.208280
vt 0.845999 0.106957
vt 0.507903 0.320802
vt 0.223040 0.408515
vt 0.213081 0.412511
vt 0.230519 0.403391
vt 0.237333 0.410593
vt 0.206324 0.370085
vt 0.585988 0.398570
vt 0.587279 0.390464
vt 0.577255 0.389372
vt 0.577151 0.397677
vt 0.548733 0.317117
vt 0.553340 0.327145
vt 0.559259 0.313426
vt 0.277974 0.345837
vt 0.287512 0.351607
vt 0.189404 0.416079
vt 0.523038 0.398114
vt 0.525288 0.403226
vt 0.534860 0.399020
vt 0.533512 0.393026
vt 0.997655 0.949751
vt 0.997676 0.957237
vt 0.605315 0.218988
vt 0.973375 0.591280
vt 0.972853 0.578887
vt 0.162434 0.166364
vt 0.163451 0.155643
vt 0.164337 0.155815
vt 0.163948 0.169392
vt 0.575744 0.137564
vt 0.568621 0.138032
vt 0.227482 0.268966
vt 0.227447 0.276328
vt 0.239492 0.274521
vt 0.237931 0.266347
vt 0.234576 0.371420
vt 0.352887 0.323432
vt 0.354028 0.313534
vt 0.647402 0.220927
vt 0.647548 0.231842
vt 0.035242 0.381973
vt 0.031644 0.381559
vt 0.029359 0.392200
vt 0.692195 0.339311
vt 0.033337 0.370349
vt 0.870282 0.063471
vt 0.862716 0.063874
vt 0.862284 0.060984
vt 0.974235 0.566120
vt 0.583611 0.355646
vt 0.582267 0.346512
vt 0.168564 0.146033
vt 0.215981 0.282477
vt 0.227324 0.282213
vt 0.850370 0.057593
vt 0.851945 0.060717
vt 0.842653 0.064704
vt 0.204108 0.373755
vt 0.560597 0.138187
vt 0.239411 0.367326
vt 0.837533 0.088711
vt 0.987270 0.601630
vt 0.980523 0.602884
vt 0.839878 0.098856
vt 0.974415 0.603177
vt 0.969009 0.602462
vt 0.896235 0.031778
vt 0.606790 0.476460
vt 0.609895 0.485539
vt 0.602890 0.491841
vt 0.836690 0.073674
vt 0.152498 0.012183
vt 0.159836 0.012469
vt 0.171981 0.266347
vt 0.168564 0.275225
vt 0.217205 0.400323
vt 0.265006 0.355839
vt 0.877255 0.066666
vt 0.274230 0.357429
vt 0.866683 0.432804
vt 0.863785 0.438221
vt 0.638969 0.240931
vt 0.144921 0.011286
vt 0.609895 0.502616
vt 0.926007 0.299477
vt 0.919002 0.293705
vt 0.926007 0.283784
vt 0.497788 0.351126
vt 0.177065 0.409453
vt 0.984872 0.613846
vt 0.977570 0.615083
vt 0.181564 0.376331
vt 0.193438 0.375876
vt 0.604698 0.260033
vt 0.864861 0.028723
vt 0.866342 0.019616
vt 0.872114 0.020345
vt 0.275169 0.313915
vt 0.530994 0.385596
vt 0.259073 0.296563
vt 0.576005 0.195728
vt 0.589696 0.198753
vt 0.571874 0.206573
vt 0.204622 0.282629
vt 0.267291 0.338441
vt 0.997811 0.979227
vt 0.997655 0.986486
vt 0.175032 0.000519
vt 0.182042 0.000486
vt 0.088608 0.287271
vt 0.002189 0.224001
vt 0.010070 0.231649
vt 0.004054 0.241064
vt 0.528521 0.335500
vt 0.911996 0.535745
vt 0.910383 0.529643
vt 0.898862 0.529643
vt 0.898894 0.535660
vt 0.991681 0.611448
vt 0.863835 0.031685
vt 0.299447 0.305662
vt 0.276953 0.305095
vt 0.283883 0.357782
vt 0.876095 0.441730
vt 0.871599 0.445518
vt 0.001313 0.193601
vt 0.262308 0.346671
vt 0.710855 0.320882
vt 0.869069 0.480871
vt 0.873756 0.487497
vt 0.229860 0.719704
vt 0.232239 0.724935
vt 0.861247 0.057159
vt 0.647432 0.209888
vt 0.027583 0.402966
vt 0.264771 0.287271
vt 0.676583 0.479076
vt 0.010070 0.214908
vt 0.225146 0.365981
vt 0.199673 0.447690
vt 0.243168 0.405512
vt 0.985004 0.555798
vt 0.991681 0.557566
vt 0.040581 0.350044
vt 0.647548 0.198593
vt 0.564988 0.205271
vt 0.239997 0.351787
vt 0.874222 0.473019
vt 0.821678 0.474957
vt 0.876095 0.463933
vt 0.809444 0.007092
vt 0.806114 0.013068
vt 0.844054 0.032498
vt 0.816106 0.003250
vt 0.875735 0.454390
vt 0.806745 0.033990
vt 0.804090 0.027158
vt 0.836805 0.006022
vt 0.830777 0.002396
vt 0.165365 0.176641
vt 0.842117 0.011574
vt 0.826685 0.044028
vt 0.834063 0.042316
vt 0.803415 0.019688
vt 0.822809 0.002180
vt 0.706216 0.319634
vt 0.717601 0.318248
vt 0.818760 0.042527
vt 0.410734 0.120867
vt 0.839417 0.038472
vt 0.845447 0.017765
vt 0.168564 0.180907
vt 0.812056 0.039542
vt 0.845447 0.025876
vt 0.837566 0.137315
vt 0.834063 0.139654
vt 0.837566 0.146033
vt 0.010070 0.717960
vt 0.010070 0.694420
vt 0.008319 0.695231
f 1/1 2/2 3/3
f 3/3 4/4 1/1
f 5/5 6/6 7/7
f 7/7 8/8 5/5
f 9/9 10/10 11/11
f 11/11 12/12 9/9
f 13/13 14/14 15/15
f 15/15 16/16 13/13
f 17/17 18/18 19/19
f 19/19 20/20 17/17
f 21/21 22/22 23/23
f 23/23 24/24 21/21
f 25/25 26/26 27/27
f 27/27 28/28 25/25
f 29/29 30/30 31/31
f 31/31 32/32 29/29
f 33/33 34/34 35/35
f 35/35 36/36 33/33
f 37/37 38/38 39/39
f 39/39 40/40 37/37
f 41/41 42/42 43/43
f 43/43 44/44 41/41
f 45/45 46/46 47/47
f 47/47 48/48 45/45
f 49/49 50/50 51/51
f 51/51 52/52 49/49
f 53/53 54/54 55/55
f 55/55 56/56 53/53
f 57/57 58/58 59/59
f 59/59 60/60 57/57
f 61/61 9/9 12/12
f 12/12 62/62 61/61
f 63/63 64/64 65/65
f 65/65 66/66 63/63
f 67/67 68/68 69/69
f 69/69 18/18 67/67
f 70/70 71/71 72/72
f 72/72 73/73 70/70
f 74/74 75/75 76/76
f 76/76 77/77 74/74
f 78/78 79/79 80/80
f 80/80 81/81 78/78
f 82/82 83/83 84/84
f 84/84 85/85 82/82
f 86/86 87/87 88/88
f 88/88 89/89 86/86
f 90/90 91/91 92/92
f 93/93 94/94 95/95
f 96/96 97/97 98/98
f 98/98 99/99 96/96
f 100/100 101/101 102/102
f 102/102 103/103 100/100
f 104/104 105/105 106/106
f 106/106 107/107 104/104
f 108/108 109/109 110/110
f 110/110 111/111 108/108
f 112/112 113/113 114/114
f 114/114 115/115 112/112
f 116/116 117/117 118/118
f 118/118 119/119 116/116
f 120/120 121/121 122/122
f 122/122 123/123 120/120
f 124/124 125/125 126/126
f 126/126 127/127 124/124
f 128/128 129/129 130/130
f 130/130 131/131 128/128
f 132/132 133/133 134/134
f 134/134 135/135 132/132
f 136/136 137/137 138/138
f 138/138 139/139 136/136
f 140/140 141/141 142/142
f 142/142 143/143 140/140
f 144/144 145/145 146/146
f 146/146 147/147 144/144
f 148/148 149/149 150/150
f 150/150 151/151 148/148
f 152/152 153/153 154/154
f 154/154 155/155 152/152
f 156/156 157/157 158/158
f 158/158 159/159 156/156
f 160/160 161/161 162/162
f 162/162 163/163 160/160
f 164/164 165/165 166/166
f 166/166 167/167 164/164
f 168/168 169/169 170/170
f 170/170 171/171 168/168
f 172/172 173/173 174/174
f 174/174 175/175 172/172
f 176/176 177/177 178/178
f 178/178 179/179 176/176
f 180/180 181/181 182/182
f 182/182 183/183 180/180
f 184/184 185/185 186/186
f 186/186 187/187 184/184
f 188/188 189/189 190/190
f 190/190 191/191 188/188
f 192/192 193/193 109/109
f 109/109 108/108 192/192
f 194/194 195/195 196/196
f 196/196 197/197 194/194
f 198/198 199/199 200/200
f 200/200 201/201 198/198
f 202/202 203/203 204/204
f 204/204 205/205 202/202
f 206/206 207/207 208/208
f 208/208 209/209 206/206
f 210/210 211/211 212/212
f 212/212 213/213 210/210
f 155/155 154/154 214/214
f 214/214 215/215 155/155
f 216/216 217/217 218/218
f 218/218 219/219 216/216
f 220/220 221/221 222/222
f 222/222 223/223 220/220
f 224/224 225/225 226/226
f 226/226 227/227 224/224
f 228/228 229/229 230/230
f 230/230 231/231 228/228
f 232/232 233/233 234/234
f 234/234 235/235 232/232
f 236/236 4/4 237/237
f 237/237 238/238 236/236
f 239/239 132/132 135/135
f 240/240 241/241 242/242
f 243/243 244/244 245/245
f 245/245 246/246 243/243
f 247/247 248/248 249/249
f 249/249 250/250 247/247
f 251/251 5/5 8/8
f 8/8 252/252 251/251
f 253/253 254/254 255/255
f 255/255 256/256 253/253
f 257/257 258/258 259/259
f 259/259 260/260 257/257
f 261/261 262/262 263/263
f 263/263 264/264 261/261
f 265/265 266/266 267/267
f 267/267 268/268 265/265
f 64/64 63/63 269/269
f 269/269 270/270 64/64
f 271/271 272/272 273/273
f 273/273 274/274 271/271
f 275/275 276/276 277/277
f 277/277 278/278 275/275
f 279/279 280/280 281/281
f 281/281 282/282 279/279
f 283/283 284/284 285/285
f 285/285 286/286 283/283
f 287/287 35/35 288/288
f 250/250 289/289 290/290
f 291/291 292/292 293/293
f 293/293 294/294 291/291
f 274/274 273/273 295/295
f 295/295 296/296 274/274
f 297/297 298/298 299/299
f 300/300 301/301 302/302
f 303/303 304/304 305/305
f 305/305 306/306 303/303
f 278/278 277/277 307/307
f 307/307 77/77 278/278
f 308/308 309/309 310/310
f 310/310 311/311 308/308
f 312/312 313/313 314/314
f 314/314 315/315 312/312
f 20/20 19/19 316/316
f 316/316 317/317 20/20
f 318/318 319/319 320/320
f 320/320 321/321 318/318
f 322/322 323/323 324/324
f 324/324 325/325 322/322
f 326/326 327/327 328/328
f 26/26 25/25 329/329
f 330/330 331/331 119/119
f 119/119 118/118 330/330
f 332/332 333/333 252/252
f 252/252 334/334 332/332
f 335/335 336/336 90/90
f 90/90 337/337 335/335
f 338/338 183/183 297/297
f 297/297 339/339 338/338
f 340/340 341/341 342/342
f 343/343 344/344 345/345
f 346/346 347/347 348/348
f 348/348 79/79 346/346
f 349/349 350/350 351/351
f 351/351 352/352 349/349
f 353/353 354/354 117/117
f 117/117 116/116 353/353
f 355/355 356/356 357/357
f 357/357 358/358 355/355
f 359/359 360/360 361/361
f 361/361 362/362 359/359
f 363/363 364/364 365/365
f 365/365 366/366 363/363
f 367/367 368/368 369/369
f 369/369 370/370 367/367
f 371/371 372/372 373/373
f 373/373 374/374 371/371
f 22/22 375/375 376/376
f 376/376 23/23 22/22
f 377/377 378/378 379/379
f 380/380 381/381 382/382
f 383/383 384/384 385/385
f 385/385 386/386 383/383
f 387/387 388/388 389/389
f 389/389 390/390 387/387
f 391/391 392/392 393/393
f 393/393 394/394 391/391
f 395/395 396/396 397/397
f 397/397 398/398 395/395
f 399/399 400/400 401/401
f 401/401 402/402 399/399
f 403/403 404/404 405/405
f 405/405 244/244 403/403
f 406/406 407/407 408/408
f 408/408 409/409 406/406
f 410/410 411/411 412/412
f 412/412 413/413 410/410
f 414/414 415/415 416/416
f 416/416 233/233 414/414
f 417/417 155/155 215/215
f 215/215 418/418 417/417
f 419/419 420/420 421/421
f 421/421 422/422 419/419
f 423/423 424/424 425/425
f 425/425 426/426 423/423
f 427/427 428/428 429/429
f 429/429 430/430 427/427
f 431/431 432/432 433/433
f 433/433 434/434 431/431
f 435/435 436/436 437/437
f 437/437 438/438 435/435
f 165/165 439/439 440/440
f 440/440 166/166 165/165
f 441/441 442/442 443/443
f 443/443 444/444 441/441
f 445/445 446/446 447/447
f 447/447 448/448 445/445
f 449/449 450/450 33/33
f 33/33 451/451 449/449
f 157/157 452/452 453/453
f 453/453 158/158 157/157
f 454/454 455/455 456/456
f 456/456 368/368 454/454
f 457/457 458/458 459/459
f 459/459 460/460 457/457
f 461/461 462/462 463/463
f 463/463 464/464 461/461
f 465/465 466/466 467/467
f 467/467 468/468 465/465
f 469/469 470/470 471/471
f 471/471 472/472 469/469
f 473/473 474/474 475/475
f 476/476 477/477 478/478
f 479/479 480/480 221/221
f 221/221 220/220 479/479
f 481/481 482/482 483/483
f 483/483 484/484 481/481
f 485/485 486/486 487/487
f 487/487 488/488 485/485
f 489/489 490/490 491/491
f 491/491 492/492 489/489
f 493/493 494/494 410/410
f 410/410 495/495 493/493
f 496/496 497/497 498/498
f 498/498 499/499 496/496
f 500/500 501/501 502/502
f 502/502 503/503 500/500
f 411/411 504/504 505/505
f 505/505 412/412 411/411
f 506/506 507/507 508/508
f 508/508 509/509 506/506
f 510/510 511/511 403/403
f 403/403 512/512 510/510
f 513/513 514/514 515/515
f 515/515 516/516 513/513
f 517/517 518/518 67/67
f 67/67 519/519 517/517
f 520/520 521/521 522/522
f 522/522 523/523 520/520
f 524/524 525/525 526/526
f 526/526 527/527 524/524
f 528/528 529/529 530/530
f 530/530 531/531 528/528
f 532/532 533/533 534/534
f 534/534 482/482 532/532
f 535/535 536/536 537/537
f 537/537 538/538 535/535
f 539/539 313/313 433/433
f 433/433 540/540 539/539
f 239/239 541/541 542/542
f 542/542 132/132 239/239
f 543/543 544/544 545/545
f 545/545 546/546 543/543
f 501/501 547/547 548/548
f 548/548 502/502 501/501
f 549/549 402/402 550/550
f 550/550 551/551 549/549
f 552/552 553/553 554/554
f 554/554 555/555 552/552
f 556/556 557/557 558/558
f 558/558 559/559 556/556
f 560/560 561/561 562/562
f 562/562 563/563 560/560
f 564/564 565/565 566/566
f 566/566 567/567 564/564
f 568/568 569/569 570/570
f 570/570 571/571 568/568
f 572/572 573/573 574/574
f 574/574 575/575 572/572
f 576/576 577/577 578/578
f 578/578 579/579 576/576
f 458/458 457/457 580/580
f 580/580 581/581 458/458
f 582/582 583/583 584/584
f 584/584 585/585 582/582
f 586/586 587/587 588/588
f 588/588 589/589 586/586
f 590/590 205/205 591/591
f 591/591 592/592 590/590
f 593/593 594/594 595/595
f 595/595 596/596 593/593
f 150/150 597/597 598/598
f 598/598 599/599 150/150
f 600/600 601/601 602/602
f 602/602 603/603 600/600
f 604/604 605/605 606/606
f 606/606 607/607 604/604
f 608/608 609/609 610/610
f 610/610 611/611 608/608
f 612/612 613/613 614/614
f 614/614 615/615 612/612
f 616/616 617/617 618/618
f 619/619 620/620 621/621
f 622/622 623/623 624/624
f 624/624 625/625 622/622
f 626/626 627/627 628/628
f 628/628 629/629 626/626
f 630/630 631/631 632/632
f 632/632 633/633 630/630
f 634/634 635/635 636/636
f 636/636 637/637 634/634
f 638/638 172/172 175/175
f 175/175 639/639 638/638
f 640/640 641/641 642/642
f 642/642 643/643 640/640
f 644/644 112/112 115/115
f 115/115 645/645 644/644
f 646/646 647/647 648/648
f 648/648 649/649 646/646
f 650/650 651/651 652/652
f 652/652 653/653 650/650
f 654/654 655/655 656/656
f 656/656 657/657 654/654
f 658/658 659/659 660/660
f 660/660 661/661 658/658
f 662/662 663/663 664/664
f 664/664 665/665 662/662
f 666/666 147/147 667/667
f 667/667 668/668 666/666
f 669/669 670/670 671/671
f 671/671 672/672 669/669
f 673/673 674/674 675/675
f 675/675 676/676 673/673
f 677/677 678/678 679/679
f 679/679 680/680 677/677
f 681/681 682/682 683/683
f 683/683 684/684 681/681
f 374/374 685/685 686/686
f 686/686 371/371 374/374
f 687/687 688/688 689/689
f 689/689 690/690 687/687
f 691/691 692/692 693/693
f 693/693 694/694 691/691
f 695/695 696/696 441/441
f 441/441 697/697 695/695
f 698/698 699/699 700/700
f 700/700 701/701 698/698
f 702/702 703/703 704/704
f 704/704 705/705 702/702
f 706/706 707/707 58/58
f 58/58 57/57 706/706
f 708/708 709/709 655/655
f 655/655 654/654 708/708
f 81/81 80/80 710/710
f 710/710 711/711 81/81
f 712/712 713/713 714/714
f 714/714 715/715 712/712
f 716/716 717/717 635/635
f 635/635 634/634 716/716
f 718/718 719/719 435/435
f 435/435 438/438 718/718
f 720/720 721/721 722/722
f 722/722 723/723 720/720
f 724/724 725/725 726/726
f 726/726 727/727 724/724
f 728/728 729/729 730/730
f 730/730 731/731 728/728
f 732/732 733/733 734/734
f 734/734 735/735 732/732
f 736/736 737/737 738/738
f 738/738 739/739 736/736
f 740/740 624/624 741/741
f 741/741 742/742 740/740
f 743/743 744/744 745/745
f 745/745 746/746 743/743
f 747/747 748/748 749/749
f 749/749 750/750 747/747
f 751/751 752/752 501/501
f 501/501 500/500 751/751
f 753/753 754/754 755/755
f 755/755 71/71 753/753
f 756/756 757/757 758/758
f 758/758 759/759 756/756
f 760/760 761/761 762/762
f 762/762 763/763 760/760
f 764/764 765/765 766/766
f 766/766 767/767 764/764
f 768/768 769/769 770/770
f 770/770 771/771 768/768
f 772/772 773/773 623/623
f 623/623 622/622 772/772
f 502/502 548/548 774/774
f 774/774 775/775 502/502
f 776/776 777/777 486/486
f 486/486 485/485 776/776
f 778/778 779/779 780/780
f 780/780 781/781 778/778
f 782/782 783/783 784/784
f 784/784 785/785 782/782
f 786/786 787/787 788/788
f 788/788 789/789 786/786
f 790/790 78/78 81/81
f 791/791 792/792 793/793
f 794/794 795/795 796/796
f 796/796 797/797 794/794
f 798/798 799/799 578/578
f 578/578 577/577 798/798
f 800/800 801/801 802/802
f 802/802 803/803 800/800
f 804/804 805/805 806/806
f 806/806 807/807 804/804
f 808/808 809/809 448/448
f 448/448 810/810 808/808
f 811/811 812/812 813/813
f 813/813 814/814 811/811
f 233/233 232/232 815/815
f 815/815 414/414 233/233
f 782/782 816/816 817/817
f 817/817 818/818 782/782
f 289/289 250/250 249/249
f 249/249 819/819 289/289
f 820/820 821/821 822/822
f 822/822 823/823 820/820
f 225/225 824/824 184/184
f 184/184 226/226 225/225
f 825/825 826/826 827/827
f 827/827 828/828 825/825
f 829/829 830/830 831/831
f 831/831 832/832 829/829
f 833/833 834/834 835/835
f 835/835 836/836 833/833
f 837/837 838/838 839/839
f 839/839 840/840 837/837
f 841/841 842/842 843/843
f 843/843 844/844 841/841
f 845/845 846/846 847/847
f 848/848 849/849 850/850
f 851/851 852/852 853/853
f 853/853 854/854 851/851
f 537/537 855/855 856/856
f 856/856 857/857 537/537
f 858/858 859/859 860/860
f 860/860 861/861 858/858
f 862/862 863/863 864/864
f 865/865 866/866 867/867
f 868/868 869/869 870/870
f 870/870 871/871 868/868
f 872/872 873/873 874/874
f 874/874 875/875 872/872
f 824/824 876/876 185/185
f 185/185 184/184 824/824
f 806/806 877/877 878/878
f 878/878 879/879 806/806
f 880/880 881/881 378/378
f 378/378 377/377 880/880
f 882/882 883/883 884/884
f 884/884 885/885 882/882
f 62/62 12/12 886/886
f 886/886 887/887 62/62
f 888/888 889/889 890/890
f 890/890 891/891 888/888
f 763/763 762/762 892/892
f 892/892 893/893 763/763
f 894/894 302/302 301/301
f 301/301 895/895 894/894
f 663/663 896/896 897/897
f 897/897 664/664 663/663
f 614/614 898/898 899/899
f 899/899 900/900 614/614
f 901/901 902/902 903/903
f 903/903 904/904 901/901
f 905/905 906/906 907/907
f 907/907 908/908 905/905
f 909/909 910/910 911/911
f 911/911 912/912 909/909
f 913/913 914/914 915/915
f 915/915 916/916 913/913
f 917/917 918/918 919/919
f 919/919 920/920 917/917
f 921/921 922/922 923/923
f 923/923 924/924 921/921
f 205/205 204/204 925/925
f 925/925 591/591 205/205
f 690/690 689/689 926/926
f 926/926 927/927 690/690
f 928/928 929/929 930/930
f 930/930 931/931 928/928
f 932/932 933/933 733/733
f 733/733 732/732 932/932
f 934/934 625/625 624/624
f 624/624 740/740 934/934
f 935/935 920/920 919/919
f 919/919 936/936 935/935
f 937/937 938/938 939/939
f 939/939 940/940 937/937
f 941/941 942/942 943/943
f 943/943 944/944 941/941
f 63/63 945/945 946/946
f 946/946 269/269 63/63
f 947/947 948/948 949/949
f 949/949 950/950 947/947
f 83/83 951/951 952/952
f 952/952 84/84 83/83
f 797/797 796/796 173/173
f 173/173 172/172 797/797
f 953/953 709/709 954/954
f 954/954 955/955 953/953
f 956/956 957/957 958/958
f 958/958 959/959 956/956
f 661/661 660/660 960/960
f 960/960 961/961 661/661
f 399/399 962/962 963/963
f 963/963 964/964 399/399
f 965/965 966/966 967/967
f 968/968 969/969 970/970
f 971/971 972/972 973/973
f 973/973 974/974 971/971
f 975/975 499/499 976/976
f 976/976 977/977 975/975
f 978/978 979/979 565/565
f 565/565 564/564 978/978
f 980/980 981/981 982/982
f 982/982 983/983 980/980
f 384/384 984/984 985/985
f 985/985 385/385 384/384
f 986/986 987/987 988/988
f 988/988 989/989 986/986
f 990/990 991/991 992/992
f 992/992 993/993 990/990
f 994/994 995/995 996/996
f 996/996 997/997 994/994
f 998/998 935/935 936/936
f 936/936 494/494 998/998
f 815/815 999/999 1000/1000
f 1000/1000 1001/1001 815/815
f 1002/1002 1003/1003 1004/1004
f 1004/1004 1005/1005 1002/1002
f 946/946 1006/1006 1007/1007
f 1007/1007 1008/1008 946/946
f 1009/1009 1008/1008 1010/1010
f 1010/1010 1011/1011 1009/1009
f 266/266 1012/1012 1013/1013
f 1013/1013 267/267 266/266
f 1014/1014 818/818 1015/1015
f 1015/1015 1016/1016 1014/1014
f 1017/1017 488/488 1018/1018
f 1018/1018 1019/1019 1017/1017
f 1020/1020 1021/1021 1022/1022
f 1022/1022 1023/1023 1020/1020
f 414/414 815/815 1001/1001
f 1001/1001 1024/1024 414/414
f 286/286 285/285 1025/1025
f 1025/1025 1026/1026 286/286
f 843/843 718/718 438/438
f 438/438 1027/1027 843/843
f 331/331 1028/1028 1029/1029
f 1029/1029 119/119 331/331
f 1030/1030 812/812 1031/1031
f 1031/1031 1032/1032 1030/1030
f 1033/1033 124/124 127/127
f 127/127 1034/1034 1033/1033
f 1035/1035 1036/1036 1037/1037
f 1037/1037 1038/1038 1035/1035
f 1024/1024 1001/1001 1039/1039
f 1039/1039 42/42 1024/1024
f 796/796 1040/1040 1041/1041
f 1041/1041 173/173 796/796
f 551/551 1042/1042 1043/1043
f 1043/1043 549/549 551/551
f 1044/1044 1045/1045 1046/1046
f 1046/1046 1047/1047 1044/1044
f 1048/1048 1049/1049 1050/1050
f 1050/1050 1051/1051 1048/1048
f 1052/1052 1053/1053 1054/1054
f 1054/1054 1055/1055 1052/1052
f 1056/1056 1057/1057 332/332
f 332/332 1058/1058 1056/1056
f 1059/1059 1060/1060 1061/1061
f 1061/1061 1062/1062 1059/1059
f 1063/1063 969/969 1064/1064
f 1064/1064 1065/1065 1063/1063
f 381/381 380/380 1066/1066
f 1066/1066 471/471 381/381
f 210/210 1067/1067 824/824
f 824/824 225/225 210/210
f 1068/1068 1069/1069 280/280
f 280/280 279/279 1068/1068
f 1070/1070 1071/1071 1072/1072
f 1072/1072 1073/1073 1070/1070
f 1074/1074 1075/1075 1076/1076
f 1077/1077 1078/1078 1079/1079
f 1080/1080 1081/1081 1082/1082
f 1082/1082 1083/1083 1080/1080
f 1084/1084 1085/1085 468/468
f 1086/1086 1087/1087 1088/1088
f 1089/1089 1090/1090 1091/1091
f 1091/1091 1092/1092 1089/1089
f 1093/1093 1094/1094 1095/1095
f 1095/1095 1096/1096 1093/1093
f 466/466 1097/1097 470/470
f 470/470 469/469 466/466
f 1098/1098 1099/1099 1100/1100
f 1100/1100 1101/1101 1098/1098
f 134/134 1102/1102 1085/1085
f 1085/1085 1084/1084 134/134
f 1103/1103 1104/1104 1105/1105
f 1105/1105 1106/1106 1103/1103
f 1107/1107 1108/1108 1109/1109
f 1109/1109 1110/1110 1107/1107
f 27/27 1111/1111 932/932
f 932/932 1112/1112 27/27
f 1113/1113 1114/1114 1115/1115
f 1115/1115 1116/1116 1113/1113
f 1117/1117 1118/1118 96/96
f 96/96 1119/1119 1117/1117
f 1120/1120 1121/1121 1122/1122
f 1122/1122 1123/1123 1120/1120
f 263/263 1124/1124 1125/1125
f 1125/1125 1126/1126 263/263
f 1127/1127 1128/1128 1129/1129
f 1129/1129 1130/1130 1127/1127
f 1131/1131 964/964 1132/1132
f 1132/1132 1133/1133 1131/1131
f 1134/1134 1120/1120 1123/1123
f 1123/1123 1135/1135 1134/1134
f 1136/1136 1137/1137 1138/1138
f 1138/1138 323/323 1136/1136
f 679/679 1139/1139 1140/1140
f 1140/1140 1141/1141 679/679
f 962/962 399/399 402/402
f 402/402 549/549 962/962
f 1142/1142 1143/1143 1144/1144
f 1144/1144 1145/1145 1142/1142
f 1146/1146 1147/1147 1148/1148
f 1148/1148 1149/1149 1146/1146
f 323/323 1138/1138 1150/1150
f 1150/1150 324/324 323/323
f 1151/1151 1152/1152 1153/1153
f 1153/1153 1154/1154 1151/1151
f 1155/1155 1156/1156 1157/1157
f 1157/1157 1158/1158 1155/1155
f 1159/1159 1160/1160 1161/1161
f 1161/1161 1162/1162 1159/1159
f 1163/1163 1164/1164 1165/1165
f 1166/1166 1167/1167 1168/1168
f 262/262 1169/1169 1124/1124
f 1124/1124 263/263 262/262
f 1170/1170 1171/1171 1172/1172
f 1172/1172 1173/1173 1170/1170
f 1174/1174 1175/1175 1176/1176
f 1176/1176 1177/1177 1174/1174
f 1178/1178 1179/1179 1180/1180
f 1180/1180 1181/1181 1178/1178
f 1182/1182 1183/1183 1184/1184
f 1185/1185 1186/1186 1187/1187
f 1188/1188 1189/1189 1190/1190
f 1190/1190 1191/1191 1188/1188
f 1192/1192 1193/1193 1194/1194
f 1194/1194 1195/1195 1192/1192
f 1196/1196 1197/1197 1198/1198
f 1198/1198 1199/1199 1196/1196
f 1200/1200 1201/1201 1202/1202
f 1202/1202 1203/1203 1200/1200
f 183/183 182/182 298/298
f 298/298 297/297 183/183
f 117/117 1204/1204 1205/1205
f 1205/1205 118/118 117/117
f 1206/1206 1207/1207 1208/1208
f 1208/1208 1209/1209 1206/1206
f 1210/1210 1211/1211 1198/1198
f 1198/1198 1197/1197 1210/1210
f 1212/1212 691/691 694/694
f 694/694 1213/1213 1212/1212
f 1214/1214 1149/1149 812/812
f 812/812 1030/1030 1214/1214
f 675/675 1215/1215 891/891
f 891/891 768/768 675/675
f 1216/1216 1217/1217 1218/1218
f 1218/1218 1219/1219 1216/1216
f 1220/1220 1221/1221 1222/1222
f 1222/1222 1223/1223 1220/1220
f 1224/1224 1225/1225 1226/1226
f 1226/1226 1227/1227 1224/1224
f 1228/1228 1229/1229 1230/1230
f 1230/1230 1231/1231 1228/1228
f 1232/1232 1233/1233 1234/1234
f 1234/1234 1235/1235 1232/1232
f 1236/1236 1237/1237 1238/1238
f 1238/1238 1239/1239 1236/1236
f 385/385 985/985 1240/1240
f 1240/1240 1241/1241 385/385
f 1242/1242 1096/1096 1243/1243
f 1243/1243 1244/1244 1242/1242
f 927/927 926/926 1245/1245
f 1245/1245 1246/1246 927/927
f 1070/1070 1247/1247 825/825
f 825/825 1248/1248 1070/1070
f 1249/1249 1250/1250 1251/1251
f 1251/1251 1252/1252 1249/1249
f 1195/1195 1194/1194 524/524
f 524/524 1006/1006 1195/1195
f 1253/1253 1254/1254 1255/1255
f 1255/1255 1256/1256 1253/1253
f 997/997 996/996 1257/1257
f 1257/1257 1258/1258 997/997
f 1259/1259 1260/1260 1261/1261
f 1261/1261 1262/1262 1259/1259
f 1263/1263 1264/1264 1265/1265
f 1265/1265 1266/1266 1263/1263
f 1267/1267 1268/1268 1269/1269
f 1269/1269 1270/1270 1267/1267
f 305/305 634/634 637/637
f 1271/1271 597/597 1272/1272
f 685/685 374/374 1273/1273
f 1273/1273 1274/1274 685/685
f 1082/1082 837/837 840/840
f 840/840 1275/1275 1082/1082
f 979/979 978/978 1276/1276
f 1276/1276 1277/1277 979/979
f 1278/1278 1279/1279 1280/1280
f 1280/1280 68/68 1278/1278
f 801/801 1281/1281 1282/1282
f 1282/1282 802/802 801/801
f 1283/1283 642/642 1284/1284
f 1284/1284 1285/1285 1283/1283
f 1286/1286 1287/1287 1288/1288
f 1288/1288 1289/1289 1286/1286
f 1290/1290 1291/1291 1292/1292
f 1292/1292 1293/1293 1290/1290
f 1294/1294 449/449 451/451
f 451/451 765/765 1294/1294
f 1295/1295 1296/1296 1297/1297
f 1297/1297 1298/1298 1295/1295
f 68/68 1280/1280 1299/1299
f 1299/1299 69/69 68/68
f 248/248 745/745 819/819
f 819/819 249/249 248/248
f 1300/1300 1301/1301 1302/1302
f 1302/1302 1303/1303 1300/1300
f 969/969 968/968 1304/1304
f 1304/1304 1064/1064 969/969
f 1305/1305 257/257 260/260
f 260/260 1306/1306 1305/1305
f 185/185 1307/1307 1019/1019
f 1019/1019 186/186 185/185
f 1308/1308 1309/1309 1310/1310
f 1311/1311 1312/1312 1313/1313
f 1314/1314 1315/1315 1316/1316
f 1316/1316 1317/1317 1314/1314
f 972/972 1318/1318 1319/1319
f 1319/1319 973/973 972/972
f 354/354 1320/1320 1204/1204
f 1204/1204 117/117 354/354
f 1029/1029 1321/1321 1322/1322
f 1322/1322 1323/1323 1029/1029
f 816/816 1324/1324 1325/1325
f 1325/1325 1326/1326 816/816
f 1327/1327 460/460 1328/1328
f 1328/1328 1329/1329 1327/1327
f 1330/1330 1331/1331 1332/1332
f 1332/1332 1333/1333 1330/1330
f 1334/1334 1335/1335 1336/1336
f 1336/1336 1337/1337 1334/1334
f 1050/1050 1338/1338 1339/1339
f 1339/1339 1340/1340 1050/1050
f 1341/1341 1342/1342 1343/1343
f 889/889 888/888 1344/1344
f 1345/1345 1346/1346 1347/1347
f 1347/1347 1348/1348 1345/1345
f 1349/1349 1350/1350 1351/1351
f 1351/1351 1352/1352 1349/1349
f 1353/1353 1354/1354 1355/1355
f 1355/1355 1356/1356 1353/1353
f 1357/1357 1358/1358 1359/1359
f 1359/1359 1360/1360 1357/1357
f 1361/1361 1352/1352 1362/1362
f 1362/1362 1363/1363 1361/1361
f 531/531 530/530 1364/1364
f 1364/1364 1365/1365 531/531
f 1366/1366 1367/1367 1368/1368
f 1368/1368 1369/1369 1366/1366
f 1370/1370 1371/1371 1372/1372
f 1372/1372 1373/1373 1370/1370
f 1374/1374 346/346 79/79
f 79/79 78/78 1374/1374
f 1375/1375 1376/1376 1128/1128
f 1128/1128 1377/1377 1375/1375
f 1378/1378 1379/1379 1380/1380
f 1380/1380 1381/1381 1378/1378
f 1382/1382 1383/1383 1384/1384
f 1384/1384 1385/1385 1382/1382
f 1386/1386 1387/1387 1388/1388
f 1388/1388 1389/1389 1386/1386
f 1390/1390 1391/1391 1392/1392
f 1392/1392 1393/1393 1390/1390
f 1394/1394 1395/1395 1396/1396
f 1396/1396 1397/1397 1394/1394
f 1398/1398 1399/1399 1400/1400
f 1400/1400 1401/1401 1398/1398
f 1402/1402 1245/1245 926/926
f 926/926 1403/1403 1402/1402
f 1404/1404 1137/1137 1136/1136
f 1136/1136 1405/1405 1404/1404
f 1406/1406 1407/1407 262/262
f 262/262 261/261 1406/1406
f 1408/1408 934/934 740/740
f 1409/1409 898/898 1410/1410
f 1411/1411 1412/1412 1402/1402
f 1402/1402 1413/1413 1411/1411
f 1414/1414 1404/1404 1415/1415
f 1415/1415 1315/1315 1414/1414
f 1416/1416 993/993 1417/1417
f 1417/1417 1418/1418 1416/1416
f 1419/1419 1420/1420 1421/1421
f 1421/1421 1422/1422 1419/1419
f 1423/1423 1424/1424 1425/1425
f 1425/1425 1426/1426 1423/1423
f 1427/1427 1086/1086 1335/1335
f 1335/1335 1334/1334 1427/1427
f 1428/1428 1429/1429 1430/1430
f 1430/1430 1431/1431 1428/1428
f 1183/1183 111/111 1432/1432
f 1432/1432 1184/1184 1183/1183
f 1006/1006 524/524 527/527
f 527/527 1007/1007 1006/1006
f 1433/1433 1434/1434 1435/1435
f 1435/1435 1436/1436 1433/1433
f 1437/1437 1438/1438 1237/1237
f 1237/1237 1236/1236 1437/1437
f 966/966 1439/1439 1440/1440
f 1440/1440 967/967 966/966
f 1061/1061 1060/1060 1441/1441
f 1441/1441 1442/1442 1061/1061
f 1443/1443 732/732 735/735
f 735/735 1444/1444 1443/1443
f 1445/1445 1446/1446 1439/1439
f 1439/1439 966/966 1445/1445
f 1447/1447 1448/1448 1122/1122
f 1122/1122 1250/1250 1447/1447
f 1449/1449 1450/1450 1451/1451
f 1451/1451 1452/1452 1449/1449
f 461/461 1361/1361 1363/1363
f 1363/1363 1453/1453 461/461
f 1454/1454 334/334 1455/1455
f 1455/1455 1456/1456 1454/1454
f 1457/1457 1458/1458 1459/1459
f 1459/1459 1460/1460 1457/1457
f 1461/1461 1462/1462 1463/1463
f 1463/1463 1464/1464 1461/1461
f 1465/1465 1466/1466 1467/1467
f 1467/1467 1468/1468 1465/1465
f 1469/1469 1470/1470 821/821
f 821/821 820/820 1469/1469
f 1235/1235 1234/1234 1471/1471
f 1471/1471 1472/1472 1235/1235
f 1473/1473 1192/1192 1195/1195
f 1195/1195 945/945 1473/1473
f 32/32 31/31 1474/1474
f 914/914 1475/1475 1476/1476
f 1477/1477 180/180 183/183
f 183/183 338/338 1477/1477
f 31/31 1478/1478 1479/1479
f 1479/1479 1474/1474 31/31
f 182/182 1480/1480 1481/1481
f 1481/1481 298/298 182/182
f 1482/1482 626/626 629/629
f 629/629 1483/1483 1482/1482
f 1484/1484 1485/1485 1486/1486
f 1487/1487 1488/1488 1489/1489
f 1490/1490 1491/1491 1492/1492
f 1492/1492 1493/1493 1490/1490
f 1494/1494 859/859 1495/1495
f 1495/1495 1496/1496 1494/1494
f 1497/1497 1498/1498 1499/1499
f 1499/1499 1500/1500 1497/1497
f 1501/1501 1502/1502 310/310
f 310/310 1503/1503 1501/1501
f 1504/1504 1505/1505 1506/1506
f 1506/1506 1507/1507 1504/1504
f 903/903 1508/1508 1509/1509
f 1509/1509 1510/1510 903/903
f 1511/1511 1512/1512 1513/1513
f 1513/1513 87/87 1511/1511
f 1064/1064 1304/1304 1514/1514
f 1514/1514 1094/1094 1064/1064
f 1515/1515 1516/1516 683/683
f 683/683 1517/1517 1515/1515
f 1518/1518 1519/1519 1520/1520
f 1520/1520 1521/1521 1518/1518
f 922/922 1522/1522 1523/1523
f 1523/1523 923/923 922/922
f 1524/1524 1525/1525 1526/1526
f 1526/1526 1527/1527 1524/1524
f 1528/1528 1529/1529 1530/1530
f 1530/1530 1531/1531 1528/1528
f 1532/1532 1533/1533 1534/1534
f 1534/1534 1535/1535 1532/1532
f 1536/1536 1537/1537 1498/1498
f 1498/1498 1497/1497 1536/1536
f 366/366 365/365 1538/1538
f 1538/1538 1539/1539 366/366
f 1540/1540 1541/1541 1531/1531
f 1531/1531 1542/1542 1540/1540
f 1543/1543 1544/1544 1545/1545
f 1545/1545 1546/1546 1543/1543
f 1547/1547 261/261 264/264
f 264/264 1548/1548 1547/1547
f 1549/1549 1550/1550 1551/1551
f 1551/1551 1505/1505 1549/1549
f 1372/1372 386/386 396/396
f 396/396 395/395 1372/1372
f 492/492 286/286 1026/1026
f 1026/1026 1552/1552 492/492
f 650/650 653/653 1553/1553
f 1553/1553 1554/1554 650/650
f 1555/1555 1556/1556 1557/1557
f 1557/1557 1225/1225 1555/1555
f 668/668 667/667 752/752
f 752/752 751/751 668/668
f 1558/1558 1559/1559 1560/1560
f 1560/1560 1057/1057 1558/1558
f 1561/1561 1562/1562 1319/1319
f 1319/1319 1318/1318 1561/1561
f 491/491 283/283 286/286
f 286/286 492/492 491/491
f 1563/1563 1564/1564 1565/1565
f 1565/1565 1566/1566 1563/1563
f 3/3 1567/1567 1249/1249
f 1249/1249 1568/1568 3/3
f 1412/1412 1569/1569 1245/1245
f 1245/1245 1402/1402 1412/1412
f 1570/1570 1571/1571 817/817
f 817/817 1572/1572 1570/1570
f 1573/1573 1574/1574 1255/1255
f 1255/1255 1575/1575 1573/1573
f 1576/1576 1577/1577 1578/1578
f 1578/1578 1579/1579 1576/1576
f 1580/1580 1581/1581 1582/1582
f 1582/1582 1583/1583 1580/1580
f 1584/1584 1585/1585 641/641
f 641/641 640/640 1584/1584
f 1586/1586 1587/1587 1588/1588
f 1588/1588 1589/1589 1586/1586
f 1042/1042 551/551 1590/1590
f 1590/1590 1591/1591 1042/1042
f 379/379 378/378 744/744
f 744/744 743/743 379/379
f 701/701 700/700 1592/1592
f 1592/1592 1593/1593 701/701
f 1594/1594 405/405 1595/1595
f 1164/1164 1163/1163 1596/1596
f 1597/1597 1598/1598 1599/1599
f 1599/1599 1600/1600 1597/1597
f 1601/1601 1602/1602 1603/1603
f 1603/1603 1604/1604 1601/1601
f 561/561 1443/1443 1444/1444
f 1444/1444 562/562 561/561
f 861/861 860/860 1605/1605
f 1605/1605 1606/1606 861/861
f 1607/1607 1608/1608 1609/1609
f 1609/1609 1610/1610 1607/1607
f 1611/1611 1612/1612 511/511
f 511/511 510/510 1611/1611
f 1090/1090 1613/1613 1614/1614
f 1614/1614 1091/1091 1090/1090
f 696/696 1448/1448 442/442
f 442/442 441/441 696/696
f 42/42 1039/1039 1615/1615
f 1615/1615 43/43 42/42
f 173/173 1041/1041 1616/1616
f 1616/1616 174/174 173/173
f 1617/1617 612/612 615/615
f 615/615 1618/1618 1617/1617
f 613/613 1410/1410 898/898
f 898/898 614/614 613/613
f 1619/1619 909/909 912/912
f 912/912 1620/1620 1619/1619
f 788/788 1621/1621 1622/1622
f 1622/1622 1623/1623 788/788
f 174/174 1616/1616 1624/1624
f 1624/1624 799/799 174/174
f 1625/1625 1626/1626 349/349
f 349/349 1627/1627 1625/1625
f 912/912 911/911 1628/1628
f 1628/1628 1629/1629 912/912
f 1315/1315 265/265 268/268
f 268/268 1316/1316 1315/1315
f 1630/1630 1631/1631 659/659
f 659/659 1438/1438 1630/1630
f 1632/1632 1633/1633 1634/1634
f 1634/1634 1635/1635 1632/1632
f 1078/1078 1077/1077 1636/1636
f 1636/1636 1577/1577 1078/1078
f 460/460 459/459 1637/1637
f 1637/1637 1328/1328 460/460
f 1440/1440 1638/1638 1639/1639
f 1639/1639 1640/1640 1440/1440
f 1096/1096 1095/1095 1641/1641
f 1641/1641 1243/1243 1096/1096
f 1642/1642 1643/1643 1644/1644
f 1644/1644 1645/1645 1642/1642
f 1646/1646 1647/1647 725/725
f 725/725 724/724 1646/1646
f 518/518 1278/1278 68/68
f 68/68 67/67 518/518
f 852/852 1648/1648 1649/1649
f 1649/1649 853/853 852/852
f 1650/1650 1651/1651 1652/1652
f 1652/1652 1653/1653 1650/1650
f 1399/1399 1654/1654 30/30
f 30/30 1400/1400 1399/1399
f 641/641 1655/1655 1284/1284
f 1284/1284 642/642 641/641
f 913/913 916/916 1656/1656
f 505/505 504/504 1657/1657
f 122/122 1200/1200 1203/1203
f 1203/1203 1658/1658 122/122
f 885/885 884/884 1659/1659
f 1659/1659 1660/1660 885/885
f 1661/1661 1662/1662 1663/1663
f 1663/1663 1664/1664 1661/1661
f 199/199 1262/1262 1170/1170
f 1170/1170 200/200 199/199
f 361/361 1665/1665 1423/1423
f 1423/1423 1666/1666 361/361
f 1667/1667 1668/1668 1669/1669
f 1669/1669 1670/1670 1667/1667
f 1671/1671 1672/1672 1673/1673
f 1673/1673 1139/1139 1671/1671
f 1674/1674 1675/1675 1211/1211
f 1211/1211 1210/1210 1674/1674
f 553/553 1676/1676 1677/1677
f 1677/1677 554/554 553/553
f 1678/1678 1679/1679 1680/1680
f 1680/1680 1681/1681 1678/1678
f 1311/1311 1682/1682 1683/1683
f 1683/1683 1684/1684 1311/1311
f 980/980 1685/1685 1512/1512
f 1512/1512 1511/1511 980/980
f 1686/1686 1687/1687 1688/1688
f 1688/1688 1689/1689 1686/1686
f 1690/1690 1691/1691 1692/1692
f 1692/1692 1693/1693 1690/1690
f 1694/1694 1210/1210 1197/1197
f 1197/1197 1695/1695 1694/1694
f 1696/1696 761/761 1697/1697
f 1697/1697 1698/1698 1696/1696
f 992/992 1699/1699 1700/1700
f 1700/1700 1701/1701 992/992
f 1702/1702 61/61 62/62
f 62/62 1703/1703 1702/1702
f 353/353 1584/1584 640/640
f 640/640 1395/1395 353/353
f 1067/1067 1704/1704 876/876
f 876/876 824/824 1067/1067
f 1705/1705 797/797 172/172
f 172/172 638/638 1705/1705
f 1706/1706 1707/1707 720/720
f 720/720 723/723 1706/1706
f 226/226 184/184 187/187
f 187/187 1708/1708 226/226
f 1709/1709 1710/1710 1711/1711
f 1711/1711 1712/1712 1709/1709
f 1529/1529 230/230 1713/1713
f 1713/1713 1714/1714 1529/1529
f 1715/1715 1527/1527 1716/1716
f 1716/1716 1717/1717 1715/1715
f 979/979 1718/1718 1719/1719
f 1719/1719 565/565 979/979
f 360/360 1720/1720 1665/1665
f 1665/1665 361/361 360/360
f 1721/1721 1722/1722 161/161
f 161/161 160/160 1721/1721
f 1394/1394 1723/1723 1320/1320
f 1320/1320 354/354 1394/1394
f 1724/1724 1725/1725 1412/1412
f 1412/1412 1411/1411 1724/1724
f 1726/1726 1340/1340 387/387
f 387/387 1727/1727 1726/1726
f 816/816 782/782 785/785
f 785/785 1324/1324 816/816
f 1728/1728 1729/1729 1306/1306
f 1306/1306 260/260 1728/1728
f 1472/1472 1471/1471 1730/1730
f 1730/1730 1731/1731 1472/1472
f 1542/1542 1531/1531 1530/1530
f 1732/1732 248/248 1733/1733
f 1734/1734 1735/1735 1736/1736
f 1736/1736 1737/1737 1734/1734
f 1738/1738 1497/1497 1500/1500
f 1500/1500 1739/1739 1738/1738
f 892/892 1209/1209 1740/1740
f 1740/1740 1741/1741 892/892
f 1742/1742 457/457 460/460
f 460/460 1327/1327 1742/1742
f 133/133 1377/1377 1102/1102
f 1102/1102 134/134 133/133
f 1743/1743 1744/1744 1278/1278
f 1278/1278 518/518 1743/1743
f 1204/1204 1745/1745 1746/1746
f 1746/1746 1205/1205 1204/1204
f 1643/1643 1747/1747 1196/1196
f 1196/1196 1644/1644 1643/1643
f 1540/1540 1542/1542 1748/1748
f 1748/1748 34/34 1540/1540
f 1749/1749 144/144 147/147
f 147/147 666/666 1749/1749
f 1750/1750 1751/1751 1752/1752
f 1752/1752 1753/1753 1750/1750
f 1552/1552 1026/1026 1541/1541
f 1541/1541 1754/1754 1552/1552
f 1755/1755 1375/1375 1377/1377
f 1377/1377 133/133 1755/1755
f 1395/1395 640/640 643/643
f 643/643 1396/1396 1395/1395
f 1140/1140 1756/1756 1757/1757
f 1757/1757 1758/1758 1140/1140
f 830/830 1759/1759 1760/1760
f 1760/1760 831/831 830/830
f 1761/1761 1762/1762 1763/1763
f 1763/1763 1569/1569 1761/1761
f 1233/1233 1600/1600 1599/1599
f 1599/1599 1764/1764 1233/1233
f 523/523 522/522 1765/1765
f 1765/1765 1766/1766 523/523
f 879/879 878/878 1767/1767
f 1767/1767 1768/1768 879/879
f 1634/1634 1633/1633 1720/1720
f 1720/1720 360/360 1634/1634
f 1769/1769 422/422 1770/1770
f 1771/1771 1772/1772 1773/1773
f 497/497 1774/1774 1775/1775
f 1775/1775 498/498 497/497
f 472/472 471/471 1066/1066
f 1066/1066 1776/1776 472/472
f 1393/1393 1392/1392 716/716
f 716/716 304/304 1393/1393
f 1247/1247 1777/1777 826/826
f 826/826 825/825 1247/1247
f 1053/1053 1548/1548 1778/1778
f 1778/1778 1054/1054 1053/1053
f 1779/1779 108/108 111/111
f 111/111 1183/1183 1779/1779
f 512/512 403/403 244/244
f 244/244 243/243 512/512
f 1780/1780 1781/1781 1555/1555
f 1555/1555 1782/1782 1780/1780
f 1783/1783 786/786 789/789
f 789/789 1784/1784 1783/1783
f 457/457 1742/1742 1785/1785
f 1785/1785 580/580 457/457
f 1551/1551 1431/1431 1786/1786
f 1786/1786 1787/1787 1551/1551
f 1788/1788 1789/1789 1790/1790
f 1790/1790 1069/1069 1788/1788
f 1791/1791 322/322 325/325
f 325/325 1792/1792 1791/1791
f 1793/1793 241/241 1794/1794
f 1794/1794 1795/1795 1793/1793
f 1550/1550 1428/1428 1431/1431
f 1431/1431 1551/1551 1550/1550
f 470/470 1796/1796 381/381
f 381/381 471/471 470/470
f 1797/1797 1558/1558 1057/1057
f 1057/1057 1056/1056 1797/1797
f 1798/1798 1186/1186 1799/1799
f 1799/1799 1800/1800 1798/1798
f 943/943 1801/1801 1802/1802
f 1802/1802 1803/1803 943/943
f 327/327 326/326 1524/1524
f 1524/1524 1804/1804 327/327
f 1681/1681 1680/1680 1805/1805
f 1805/1805 1806/1806 1681/1681
f 1807/1807 1606/1606 1808/1808
f 1808/1808 981/981 1807/1807
f 1809/1809 167/167 1810/1810
f 1810/1810 1811/1811 1809/1809
f 1758/1758 1757/1757 1812/1812
f 1812/1812 1813/1813 1758/1758
f 1537/1537 1814/1814 1815/1815
f 1815/1815 1498/1498 1537/1537
f 1118/1118 1816/1816 97/97
f 97/97 96/96 1118/1118
f 1754/1754 1541/1541 1540/1540
f 1540/1540 450/450 1754/1754
f 1227/1227 1226/1226 1458/1458
f 1458/1458 1457/1457 1227/1227
f 1139/1139 1673/1673 1756/1756
f 1756/1756 1140/1140 1139/1139
f 1498/1498 1815/1815 445/445
f 445/445 1499/1499 1498/1498
f 1817/1817 1818/1818 929/929
f 929/929 928/928 1817/1817
f 1819/1819 866/866 865/865
f 865/865 1820/1820 1819/1819
f 1606/1606 1605/1605 1821/1821
f 1821/1821 1808/1808 1606/1606
f 1822/1822 103/103 1823/1823
f 1823/1823 1824/1824 1822/1822
f 1584/1584 353/353 116/116
f 116/116 1323/1323 1584/1584
f 1731/1731 1730/1730 1825/1825
f 1825/1825 1826/1826 1731/1731
f 859/859 1494/1494 1827/1827
f 1827/1827 860/860 859/859
f 1579/1579 1578/1578 266/266
f 266/266 265/265 1579/1579
f 1475/1475 914/914 1828/1828
f 1829/1829 1659/1659 884/884
f 1289/1289 1288/1288 194/194
f 194/194 1830/1830 1289/1289
f 1148/1148 1465/1465 1468/1468
f 1468/1468 813/813 1148/1148
f 453/453 1106/1106 1105/1105
f 1105/1105 1831/1831 453/453
f 723/723 722/722 587/587
f 587/587 586/586 723/723
f 1703/1703 62/62 887/887
f 887/887 1832/1832 1703/1703
f 1091/1091 1614/1614 1833/1833
f 1833/1833 336/336 1091/1091
f 717/717 1834/1834 1835/1835
f 1835/1835 635/635 717/717
f 211/211 210/210 225/225
f 225/225 224/224 211/211
f 1836/1836 1837/1837 1838/1838
f 1838/1838 1839/1839 1836/1836
f 1840/1840 928/928 931/931
f 931/931 1841/1841 1840/1840
f 244/244 405/405 1842/1842
f 1842/1842 245/245 244/244
f 1843/1843 1844/1844 1845/1845
f 1845/1845 1846/1846 1843/1843
f 1847/1847 1848/1848 1849/1849
f 1849/1849 1850/1850 1847/1847
f 1796/1796 1851/1851 382/382
f 382/382 381/381 1796/1796
f 678/678 1671/1671 1139/1139
f 1139/1139 679/679 678/678
f 562/562 1444/1444 497/497
f 497/497 496/496 562/562
f 519/519 67/67 18/18
f 18/18 17/17 519/519
f 1661/1661 1852/1852 1853/1853
f 1853/1853 1854/1854 1661/1661
f 1460/1460 1459/1459 1668/1668
f 1668/1668 1667/1667 1460/1460
f 1855/1855 1856/1856 1857/1857
f 1857/1857 1858/1858 1855/1855
f 1644/1644 1196/1196 1199/1199
f 1199/1199 1859/1859 1644/1644
f 1506/1506 1787/1787 1735/1735
f 1735/1735 1734/1734 1506/1506
f 1799/1799 427/427 430/430
f 430/430 1834/1834 1799/1799
f 139/139 138/138 113/113
f 113/113 112/112 139/139
f 1057/1057 1560/1560 333/333
f 333/333 332/332 1057/1057
f 1860/1860 1861/1861 1175/1175
f 1175/1175 1174/1174 1860/1860
f 1862/1862 1863/1863 1563/1563
f 1563/1563 1864/1864 1862/1862
f 365/365 1427/1427 1334/1334
f 1334/1334 1538/1538 365/365
f 1865/1865 1866/1866 1867/1867
f 1867/1867 1868/1868 1865/1865
f 1869/1869 1870/1870 1871/1871
f 1871/1871 1872/1872 1869/1869
f 1873/1873 1874/1874 1875/1875
f 1876/1876 1877/1877 1878/1878
f 1879/1879 586/586 589/589
f 589/589 1880/1880 1879/1879
f 463/463 1881/1881 1882/1882
f 1882/1882 375/375 463/463
f 1883/1883 1884/1884 988/988
f 988/988 987/987 1883/1883
f 1885/1885 1886/1886 420/420
f 420/420 419/419 1885/1885
f 1309/1309 1887/1887 1888/1888
f 1888/1888 1310/1310 1309/1309
f 1889/1889 1890/1890 181/181
f 181/181 1891/1891 1889/1889
f 1892/1892 1893/1893 1894/1894
f 1894/1894 1895/1895 1892/1892
f 197/197 196/196 1896/1896
f 1896/1896 1897/1897 197/197
f 1898/1898 1883/1883 987/987
f 987/987 1899/1899 1898/1898
f 1900/1900 192/192 108/108
f 108/108 1779/1779 1900/1900
f 1901/1901 45/45 48/48
f 1902/1902 1903/1903 1904/1904
f 364/364 1087/1087 1427/1427
f 1427/1427 365/365 364/364
f 1097/1097 1130/1130 1905/1905
f 1905/1905 470/470 1097/1097
f 83/83 82/82 1906/1906
f 1906/1906 1907/1907 83/83
f 1908/1908 1445/1445 966/966
f 966/966 965/965 1908/1908
f 1909/1909 1910/1910 921/921
f 921/921 1911/1911 1909/1909
f 1912/1912 1658/1658 1913/1913
f 1913/1913 1914/1914 1912/1912
f 1915/1915 1916/1916 1917/1917
f 1917/1917 1918/1918 1915/1915
f 46/46 1899/1899 987/987
f 987/987 986/986 46/46
f 1919/1919 1920/1920 1386/1386
f 1386/1386 1921/1921 1919/1919
f 111/111 110/110 1922/1922
f 1922/1922 1432/1432 111/111
f 1923/1923 1924/1924 1925/1925
f 1925/1925 1926/1926 1923/1923
f 1085/1085 1927/1927 465/465
f 465/465 468/468 1085/1085
f 1928/1928 1929/1929 1930/1930
f 1930/1930 1931/1931 1928/1928
f 1932/1932 1933/1933 851/851
f 851/851 1934/1934 1932/1932
f 1935/1935 1936/1936 1643/1643
f 1643/1643 1642/1642 1935/1935
f 214/214 363/363 366/366
f 366/366 215/215 214/214
f 1937/1937 1938/1938 1522/1522
f 1522/1522 922/922 1937/1937
f 1270/1270 1269/1269 1939/1939
f 1939/1939 1940/1940 1270/1270
f 1371/1371 383/383 386/386
f 386/386 1372/1372 1371/1371
f 1941/1941 1617/1617 1618/1618
f 1618/1618 1942/1942 1941/1941
f 1943/1943 794/794 797/797
f 797/797 1705/1705 1943/1943
f 898/898 1409/1409 1944/1944
f 1944/1944 899/899 898/898
f 592/592 591/591 1945/1945
f 222/222 1946/1946 1947/1947
f 1119/1119 96/96 99/99
f 99/99 1948/1948 1119/1119
f 1884/1884 1949/1949 713/713
f 713/713 988/988 1884/1884
f 482/482 534/534 1950/1950
f 1950/1950 483/483 482/482
f 1951/1951 1952/1952 1953/1953
f 1953/1953 1954/1954 1951/1951
f 1955/1955 1885/1885 419/419
f 419/419 1956/1956 1955/1955
f 1956/1956 419/419 422/422
f 422/422 1769/1769 1956/1956
f 1957/1957 1666/1666 1958/1958
f 1959/1959 1960/1960 1961/1961
f 1962/1962 1633/1633 1963/1963
f 1963/1963 1964/1964 1962/1962
f 802/802 1282/1282 1837/1837
f 1837/1837 1836/1836 802/802
f 125/125 1965/1965 1966/1966
f 1966/1966 126/126 125/125
f 1158/1158 1157/1157 1178/1178
f 1178/1178 1181/1181 1158/1158
f 974/974 973/973 253/253
f 253/253 1967/1967 974/974
f 1968/1968 665/665 1969/1969
f 1969/1969 1970/1970 1968/1968
f 1971/1971 1253/1253 1256/1256
f 1256/1256 1972/1972 1971/1971
f 1973/1973 1974/1974 1975/1975
f 1975/1975 1976/1976 1973/1973
f 1691/1691 1977/1977 1978/1978
f 1978/1978 1692/1692 1691/1691
f 1979/1979 1980/1980 1120/1120
f 1120/1120 1134/1134 1979/1979
f 1981/1981 1982/1982 1983/1983
f 1984/1984 631/631 1985/1985
f 1986/1986 1903/1903 1902/1902
f 1902/1902 1987/1987 1986/1986
f 1890/1890 563/563 1988/1988
f 1988/1988 1480/1480 1890/1890
f 1989/1989 1990/1990 481/481
f 481/481 1387/1387 1989/1989
f 771/771 770/770 1916/1916
f 1916/1916 1915/1915 771/771
f 1991/1991 1992/1992 1993/1993
f 1993/1993 1994/1994 1991/1991
f 709/709 953/953 1995/1995
f 1995/1995 655/655 709/709
f 1996/1996 1997/1997 333/333
f 333/333 1560/1560 1996/1996
f 715/715 714/714 617/617
f 617/617 616/616 715/715
f 1810/1810 1998/1998 1999/1999
f 1999/1999 2000/2000 1810/1810
f 2001/2001 123/123 1912/1912
f 1912/1912 2002/2002 2001/2001
f 1339/1339 2003/2003 2004/2004
f 2004/2004 388/388 1339/1339
f 844/844 843/843 1027/1027
f 1027/1027 2005/2005 844/844
f 1866/1866 1068/1068 279/279
f 279/279 1867/1867 1866/1866
f 1626/1626 1625/1625 2006/2006
f 2006/2006 2007/2007 1626/1626
f 270/270 269/269 1009/1009
f 1009/1009 2008/2008 270/270
f 945/945 1195/1195 1006/1006
f 1006/1006 946/946 945/945
f 362/362 361/361 1666/1666
f 1666/1666 1957/1957 362/362
f 1130/1130 1129/1129 2009/2009
f 2009/2009 1905/1905 1130/1130
f 1614/1614 1235/1235 1472/1472
f 1472/1472 1833/1833 1614/1614
f 2010/2010 1093/1093 1096/1096
f 1096/1096 1242/1242 2010/2010
f 368/368 456/456 2011/2011
f 2011/2011 369/369 368/368
f 2012/2012 2013/2013 970/970
f 970/970 2014/2014 2012/2012
f 2015/2015 2016/2016 2017/2017
f 2017/2017 446/446 2015/2015
f 2018/2018 2019/2019 1379/1379
f 1379/1379 1378/1378 2018/2018
f 201/201 200/200 2020/2020
f 2020/2020 2021/2021 201/201
f 285/285 231/231 1528/1528
f 1528/1528 1025/1025 285/285
f 456/456 2022/2022 2023/2023
f 2023/2023 2011/2011 456/456
f 639/639 175/175 798/798
f 798/798 2024/2024 639/639
f 765/765 451/451 619/619
f 619/619 766/766 765/765
f 2025/2025 2026/2026 1920/1920
f 1920/1920 1919/1919 2025/2025
f 1676/1676 100/100 1822/1822
f 1822/1822 2027/2027 1676/1676
f 2028/2028 278/278 77/77
f 77/77 2029/2029 2028/2028
f 2030/2030 1734/1734 1737/1737
f 1737/1737 2031/2031 2030/2030
f 918/918 1657/1657 504/504
f 504/504 919/919 918/918
f 1047/1047 1046/1046 2032/2032
f 2032/2032 2033/2033 1047/1047
f 2034/2034 2035/2035 2036/2036
f 2036/2036 2037/2037 2034/2034
f 1795/1795 1794/1794 363/363
f 363/363 214/214 1795/1795
f 2038/2038 2039/2039 2040/2040
f 2040/2040 2041/2041 2038/2038
f 1108/1108 2042/2042 2043/2043
f 2043/2043 1109/1109 1108/1108
f 354/354 353/353 1395/1395
f 1395/1395 1394/1394 354/354
f 1377/1377 1128/1128 1127/1127
f 1127/1127 1102/1102 1377/1377
f 2044/2044 1686/1686 1689/1689
f 1689/1689 2045/2045 2044/2044
f 581/581 2046/2046 2047/2047
f 2047/2047 2048/2048 581/581
f 1033/1033 57/57 60/60
f 60/60 2049/2049 1033/1033
f 26/26 2050/2050 1111/1111
f 1111/1111 27/27 26/26
f 2051/2051 2052/2052 699/699
f 699/699 698/698 2051/2051
f 671/671 2053/2053 2054/2054
f 2054/2054 2055/2055 671/671
f 2056/2056 2057/2057 2058/2058
f 2058/2058 2059/2059 2056/2056
f 490/490 1954/1954 2060/2060
f 2060/2060 491/491 490/490
f 324/324 1150/1150 2061/2061
f 2061/2061 2062/2062 324/324
f 1954/1954 490/490 2063/2063
f 2063/2063 1951/1951 1954/1954
f 213/213 212/212 2064/2064
f 2064/2064 2065/2065 213/213
f 2066/2066 2067/2067 2068/2068
f 2068/2068 2069/2069 2066/2066
f 2070/2070 2071/2071 793/793
f 793/793 2072/2072 2070/2070
f 2073/2073 1674/1674 1210/1210
f 1210/1210 1694/1694 2073/2073
f 792/792 791/791 2074/2074
f 2074/2074 2075/2075 792/792
f 2076/2076 649/649 2077/2077
f 2077/2077 2078/2078 2076/2076
f 458/458 581/581 2048/2048
f 2048/2048 459/459 458/458
f 1244/1244 1243/1243 779/779
f 779/779 778/778 1244/1244
f 2079/2079 2080/2080 2081/2081
f 2081/2081 1687/1687 2079/2079
f 2082/2082 1900/1900 1779/1779
f 1779/1779 2083/2083 2082/2082
f 2084/2084 2085/2085 2086/2086
f 2086/2086 2087/2087 2084/2084
f 2088/2088 2089/2089 2090/2090
f 2090/2090 2091/2091 2088/2088
f 418/418 1539/1539 2092/2092
f 2092/2092 2093/2093 418/418
f 1995/1995 2094/2094 2095/2095
f 2095/2095 2096/2096 1995/1995
f 1478/1478 1820/1820 2097/2097
f 2097/2097 1479/1479 1478/1478
f 2098/2098 2099/2099 2100/2100
f 2100/2100 2101/2101 2098/2098
f 1613/1613 1232/1232 1235/1235
f 1235/1235 1614/1614 1613/1613
f 2102/2102 2103/2103 869/869
f 869/869 868/868 2102/2102
f 2104/2104 776/776 485/485
f 485/485 2105/2105 2104/2104
f 2106/2106 1703/1703 1832/1832
f 1832/1832 2107/2107 2106/2106
f 1711/1711 676/676 771/771
f 771/771 1915/1915 1711/1711
f 2108/2108 1290/1290 1293/1293
f 2109/2109 1975/1975 1974/1974
f 728/728 2110/2110 2111/2111
f 2111/2111 2112/2112 728/728
f 2113/2113 2114/2114 722/722
f 722/722 721/721 2113/2113
f 1627/1627 349/349 352/352
f 352/352 2115/2115 1627/1627
f 1451/1451 2116/2116 2117/2117
f 2117/2117 2118/2118 1451/1451
f 1277/1277 2119/2119 1718/1718
f 1718/1718 979/979 1277/1277
f 2120/2120 2121/2121 678/678
f 678/678 677/677 2120/2120
f 810/810 448/448 447/447
f 447/447 2122/2122 810/810
f 430/430 429/429 2123/2123
f 2123/2123 2124/2124 430/430
f 1911/1911 921/921 924/924
f 924/924 2125/2125 1911/1911
f 2126/2126 2127/2127 2128/2128
f 2129/2129 2130/2130 2131/2131
f 2132/2132 2133/2133 644/644
f 644/644 1556/1556 2132/2132
f 319/319 2134/2134 2135/2135
f 2135/2135 320/320 319/319
f 1456/1456 1455/1455 1470/1470
f 1470/1470 1469/1469 1456/1456
f 1807/1807 1511/1511 87/87
f 87/87 86/86 1807/1807
f 1823/1823 2136/2136 2137/2137
f 2137/2137 2016/2016 1823/1823
f 803/803 802/802 1836/1836
f 1836/1836 2138/2138 803/803
f 2139/2139 2140/2140 2141/2141
f 2141/2141 2142/2142 2139/2139
f 1768/1768 1767/1767 1994/1994
f 1994/1994 1993/1993 1768/1768
f 2000/2000 1999/1999 2143/2143
f 2143/2143 2144/2144 2000/2000
f 1258/1258 1257/1257 2145/2145
f 2145/2145 2146/2146 1258/1258
f 407/407 2147/2147 1788/1788
f 1788/1788 408/408 407/407
f 2148/2148 1743/1743 518/518
f 518/518 517/517 2148/2148
f 2149/2149 2150/2150 2151/2151
f 2151/2151 869/869 2149/2149
f 405/405 1594/1594 1366/1366
f 1366/1366 1842/1842 405/405
f 2152/2152 2153/2153 2154/2154
f 2154/2154 2155/2155 2152/2152
f 938/938 1483/1483 2104/2104
f 2104/2104 2156/2156 938/938
f 1546/1546 1545/1545 2157/2157
f 2157/2157 1229/1229 1546/1546
f 290/290 289/289 2087/2087
f 2087/2087 2086/2086 290/290
f 1181/1181 1180/1180 2158/2158
f 2158/2158 1870/1870 1181/1181
f 680/680 679/679 1141/1141
f 1141/1141 2159/2159 680/680
f 2160/2160 2161/2161 2162/2162
f 1801/1801 943/943 942/942
f 2163/2163 2164/2164 2165/2165
f 2165/2165 2166/2166 2163/2163
f 386/386 385/385 1241/1241
f 1241/1241 396/396 386/386
f 317/317 316/316 2167/2167
f 2167/2167 2168/2168 317/317
f 88/88 2169/2169 2170/2170
f 2170/2170 2171/2171 88/88
f 2011/2011 2023/2023 2172/2172
f 2172/2172 1936/1936 2011/2011
f 2173/2173 2174/2174 2175/2175
f 2176/2176 2177/2177 2178/2178
f 1231/1231 1230/1230 2179/2179
f 2179/2179 2180/2180 1231/1231
f 2156/2156 2104/2104 2105/2105
f 2105/2105 2181/2181 2156/2156
f 1199/1199 1198/1198 2182/2182
f 2182/2182 2183/2183 1199/1199
f 2184/2184 908/908 907/907
f 907/907 2185/2185 2184/2184
f 2186/2186 1738/1738 1739/1739
f 1739/1739 2187/2187 2186/2186
f 459/459 2048/2048 2188/2188
f 2188/2188 1637/1637 459/459
f 2189/2189 2190/2190 682/682
f 682/682 681/681 2189/2189
f 296/296 295/295 2191/2191
f 2191/2191 2192/2192 296/296
f 2193/2193 1597/1597 1600/1600
f 1600/1600 2194/2194 2193/2193
f 1907/1907 1248/1248 951/951
f 951/951 83/83 1907/1907
f 1238/1238 661/661 961/961
f 961/961 2195/2195 1238/1238
f 1693/1693 1692/1692 2196/2196
f 2196/2196 2197/2197 1693/1693
f 775/775 774/774 2198/2198
f 2198/2198 2199/2199 775/775
f 289/289 819/819 881/881
f 881/881 2087/2087 289/289
f 735/735 734/734 2200/2200
f 2200/2200 1774/1774 735/735
f 1831/1831 1105/1105 2201/2201
f 2201/2201 2202/2202 1831/1831
f 522/522 479/479 220/220
f 220/220 1765/1765 522/522
f 2147/2147 2203/2203 1789/1789
f 1789/1789 1788/1788 2147/2147
f 1471/1471 1764/1764 2153/2153
f 2153/2153 1730/1730 1471/1471
f 1863/1863 2204/2204 1564/1564
f 1564/1564 1563/1563 1863/1863
f 2205/2205 136/136 139/139
f 139/139 2133/2133 2205/2205
f 1323/1323 116/116 119/119
f 119/119 1029/1029 1323/1323
f 1548/1548 264/264 2206/2206
f 2206/2206 1778/1778 1548/1548
f 1751/1751 2207/2207 2139/2139
f 2139/2139 1752/1752 1751/1751
f 2208/2208 2209/2209 2210/2210
f 2210/2210 1376/1376 2208/2208
f 2211/2211 2212/2212 2213/2213
f 2213/2213 1263/1263 2211/2211
f 2214/2214 2215/2215 2216/2216
f 2216/2216 2217/2217 2214/2214
f 1354/1354 2218/2218 2067/2067
f 2067/2067 2066/2066 1354/1354
f 2219/2219 508/508 2220/2220
f 2220/2220 2221/2221 2219/2219
f 87/87 1513/1513 2169/2169
f 2169/2169 88/88 87/87
f 2222/2222 1642/1642 1645/1645
f 1049/1049 1048/1048 2223/2223
f 2224/2224 739/739 2225/2225
f 2225/2225 2226/2226 2224/2224
f 235/235 234/234 1886/1886
f 1886/1886 1885/1885 235/235
f 2227/2227 2228/2228 136/136
f 2229/2229 2230/2230 1435/1435
f 1867/1867 279/279 282/282
f 1279/1279 1278/1278 1744/1744
f 2231/2231 359/359 362/362
f 362/362 2232/2232 2231/2231
f 2233/2233 2234/2234 2235/2235
f 2235/2235 2236/2236 2233/2233
f 2237/2237 2238/2238 1301/1301
f 1301/1301 1300/1300 2237/2237
f 1439/1439 1422/1422 1638/1638
f 1638/1638 1440/1440 1439/1439
f 2239/2239 2240/2240 588/588
f 588/588 587/587 2239/2239
f 1934/1934 851/851 854/854
f 1179/1179 1178/1178 1717/1717
f 1645/1645 1644/1644 1859/1859
f 1338/1338 1050/1050 1049/1049
f 1627/1627 2241/2241 2242/2242
f 2242/2242 1625/1625 1627/1627
f 996/996 2243/2243 2244/2244
f 2244/2244 1257/1257 996/996
f 1720/1720 2245/2245 2246/2246
f 2246/2246 1665/1665 1720/1720
f 1834/1834 430/430 2124/2124
f 2124/2124 1835/1835 1834/1834
f 1503/1503 310/310 309/309
f 309/309 2247/2247 1503/1503
f 2248/2248 2249/2249 2250/2250
f 2251/2251 2252/2252 2253/2253
f 2254/2254 2255/2255 2256/2256
f 2256/2256 2257/2257 2254/2254
f 597/597 1271/1271 2258/2258
f 2258/2258 598/598 597/597
f 154/154 2259/2259 1795/1795
f 1795/1795 214/214 154/154
f 2260/2260 1092/1092 335/335
f 335/335 2261/2261 2260/2260
f 2133/2133 139/139 112/112
f 112/112 644/644 2133/2133
f 773/773 2262/2262 2263/2263
f 2263/2263 623/623 773/773
f 2264/2264 1112/1112 1443/1443
f 1443/1443 561/561 2264/2264
f 2265/2265 2266/2266 2267/2267
f 2267/2267 2268/2268 2265/2265
f 1346/1346 1263/1263 1266/1266
f 1266/1266 1347/1347 1346/1346
f 2269/2269 662/662 665/665
f 665/665 1968/1968 2269/2269
f 2270/2270 2271/2271 2272/2272
f 2272/2272 2273/2273 2270/2270
f 2195/2195 961/961 781/781
f 781/781 2274/2274 2195/2195
f 2275/2275 2276/2276 2277/2277
f 2277/2277 2278/2278 2275/2275
f 1369/1369 1368/1368 2279/2279
f 2279/2279 2280/2280 1369/1369
f 2281/2281 2282/2282 1893/1893
f 1893/1893 1892/1892 2281/2281
f 649/649 648/648 2283/2283
f 2283/2283 2077/2077 649/649
f 1193/1193 2284/2284 2285/2285
f 2285/2285 1194/1194 1193/1193
f 1422/1422 1421/1421 2286/2286
f 2286/2286 1638/1638 1422/1422
f 2287/2287 2288/2288 2289/2289
f 718/718 843/843 2290/2290
f 1723/1723 1681/1681 1806/1806
f 1806/1806 1320/1320 1723/1723
f 2291/2291 2292/2292 2114/2114
f 2114/2114 2113/2113 2291/2291
f 2293/2293 2294/2294 948/948
f 948/948 947/947 2293/2293
f 2295/2295 256/256 2296/2296
f 2296/2296 2297/2297 2295/2295
f 118/118 1205/1205 2298/2298
f 2298/2298 330/330 118/118
f 232/232 2299/2299 999/999
f 999/999 815/815 232/232
f 2232/2232 362/362 1957/1957
f 1961/1961 55/55 54/54
f 2300/2300 2091/2091 2085/2085
f 2085/2085 1040/1040 2300/2300
f 2301/2301 2010/2010 1242/1242
f 1242/1242 2302/2302 2301/2301
f 2303/2303 1847/1847 1850/1850
f 1850/1850 1662/1662 2303/2303
f 2304/2304 2305/2305 2207/2207
f 2207/2207 1751/1751 2304/2304
f 1924/1924 1803/1803 2306/2306
f 2306/2306 1925/1925 1924/1924
f 2307/2307 2308/2308 601/601
f 601/601 600/600 2307/2307
f 1904/1904 2309/2309 2310/2310
f 2310/2310 2311/2311 1904/1904
f 1324/1324 785/785 2312/2312
f 2312/2312 2313/2313 1324/1324
f 554/554 1677/1677 1536/1536
f 1536/1536 2314/2314 554/554
f 2081/2081 1973/1973 1976/1976
f 1976/1976 2315/2315 2081/2081
f 2316/2316 2317/2317 1331/1331
f 1331/1331 1330/1330 2316/2316
f 603/603 602/602 2318/2318
f 2318/2318 2319/2319 603/603
f 2320/2320 2321/2321 2009/2009
f 2009/2009 1129/1129 2320/2320
f 2322/2322 2323/2323 1647/1647
f 1647/1647 1646/1646 2322/2322
f 256/256 255/255 2324/2324
f 2324/2324 2296/2296 256/256
f 1806/1806 1805/1805 206/206
f 206/206 1745/1745 1806/1806
f 276/276 2325/2325 13/13
f 13/13 277/277 276/276
f 1936/1936 2172/2172 1747/1747
f 1747/1747 1643/1643 1936/1936
f 149/149 1272/1272 597/597
f 597/597 150/150 149/149
f 1791/1791 2326/2326 2327/2327
f 2327/2327 2310/2310 1791/1791
f 2328/2328 242/242 241/241
f 241/241 1793/1793 2328/2328
f 1804/1804 1156/1156 1113/1113
f 1113/1113 327/327 1804/1804
f 886/886 49/49 52/52
f 52/52 1654/1654 886/886
f 1712/1712 1711/1711 1915/1915
f 1915/1915 1918/1918 1712/1712
f 109/109 2329/2329 2330/2330
f 2330/2330 110/110 109/109
f 2331/2331 2055/2055 1256/1256
f 1256/1256 1255/1255 2331/2331
f 1864/1864 1563/1563 1566/1566
f 527/527 526/526 2332/2332
f 2333/2333 442/442 1448/1448
f 1448/1448 1447/1447 2333/2333
f 1658/1658 1203/1203 1151/1151
f 1151/1151 1913/1913 1658/1658
f 2334/2334 2335/2335 2163/2163
f 2163/2163 2336/2336 2334/2334
f 2337/2337 2338/2338 2339/2339
f 2339/2339 2340/2340 2337/2337
f 2326/2326 1791/1791 1792/1792
f 1792/1792 2341/2341 2326/2326
f 1756/1756 2342/2342 1359/1359
f 1359/1359 1757/1757 1756/1756
f 2343/2343 2344/2344 218/218
f 218/218 2345/2345 2343/2343
f 1502/1502 2346/2346 311/311
f 311/311 310/310 1502/1502
f 1350/1350 1349/1349 2347/2347
f 2347/2347 2348/2348 1350/1350
f 1237/1237 658/658 661/661
f 661/661 1238/1238 1237/1237
f 2349/2349 857/857 738/738
f 738/738 2350/2350 2349/2349
f 2351/2351 2352/2352 2353/2353
f 2353/2353 2354/2354 2351/2351
f 1271/1271 2355/2355 2356/2356
f 2356/2356 2258/2258 1271/1271
f 1630/1630 1438/1438 2014/2014
f 2014/2014 1063/1063 1630/1630
f 2357/2357 1038/1038 2358/2358
f 2358/2358 1268/1268 2357/2357
f 2359/2359 2360/2360 809/809
f 809/809 808/808 2359/2359
f 1248/1248 1907/1907 1071/1071
f 1071/1071 1070/1070 1248/1248
f 1291/1291 1464/1464 2361/2361
f 2361/2361 1292/1292 1291/1291
f 2362/2362 2363/2363 2357/2357
f 2357/2357 2364/2364 2362/2362
f 2365/2365 2366/2366 2079/2079
f 2079/2079 2367/2367 2365/2365
f 2368/2368 2091/2091 2300/2300
f 2300/2300 2276/2276 2368/2368
f 2122/2122 447/447 143/143
f 143/143 142/142 2122/2122
f 2369/2369 1369/1369 2280/2280
f 2370/2370 2371/2371 2372/2372
f 1794/1794 2373/2373 364/364
f 364/364 363/363 1794/1794
f 2374/2374 2375/2375 1997/1997
f 1997/1997 1996/1996 2374/2374
f 858/858 89/89 2376/2376
f 2376/2376 2377/2377 858/858
f 1065/1065 1064/1064 1094/1094
f 1094/1094 1093/1093 1065/1065
f 2378/2378 512/512 243/243
f 243/243 2379/2379 2378/2378
f 2380/2380 36/36 35/35
f 35/35 287/287 2380/2380
f 2381/2381 2382/2382 2383/2383
f 2383/2383 2384/2384 2381/2381
f 2385/2385 1547/1547 1548/1548
f 1548/1548 1053/1053 2385/2385
f 2386/2386 2387/2387 2388/2388
f 2388/2388 573/573 2386/2386
f 957/957 2389/2389 2390/2390
f 2390/2390 958/958 957/957
f 2391/2391 6/6 5/5
f 5/5 2392/2392 2391/2391
f 893/893 892/892 1741/1741
f 1741/1741 2393/2393 893/893
f 1578/1578 2394/2394 1012/1012
f 1012/1012 266/266 1578/1578
f 1039/1039 2395/2395 2396/2396
f 2396/2396 1615/1615 1039/1039
f 986/986 989/989 1075/1075
f 1075/1075 1074/1074 986/986
f 2397/2397 2398/2398 2399/2399
f 2399/2399 2400/2400 2397/2397
f 291/291 2401/2401 2402/2402
f 2402/2402 2403/2403 291/291
f 2105/2105 485/485 488/488
f 488/488 1017/1017 2105/2105
f 2404/2404 2405/2405 2406/2406
f 2406/2406 2407/2407 2404/2404
f 160/160 163/163 2408/2408
f 2408/2408 2409/2409 160/160
f 2410/2410 792/792 2075/2075
f 2075/2075 2411/2411 2410/2410
f 2403/2403 2402/2402 2057/2057
f 2057/2057 2056/2056 2403/2403
f 2412/2412 2413/2413 2127/2127
f 2127/2127 2126/2126 2412/2412
f 2414/2414 2415/2415 2416/2416
f 972/972 971/971 2417/2417
f 1764/1764 1599/1599 2154/2154
f 2154/2154 2153/2153 1764/1764
f 964/964 1131/1131 400/400
f 400/400 399/399 964/964
f 1038/1038 1037/1037 2418/2418
f 2418/2418 2358/2358 1038/1038
f 2419/2419 2420/2420 1309/1309
f 1309/1309 1308/1308 2419/2419
f 2421/2421 2422/2422 2202/2202
f 2202/2202 2201/2201 2421/2421
f 2049/2049 60/60 2423/2423
f 2424/2424 2402/2402 2401/2401
f 1918/1918 1917/1917 2425/2425
f 2425/2425 2426/2426 1918/1918
f 598/598 2258/2258 383/383
f 383/383 1371/1371 598/598
f 2427/2427 944/944 1924/1924
f 1924/1924 1923/1923 2427/2427
f 2428/2428 1897/1897 2238/2238
f 2238/2238 2237/2237 2428/2428
f 876/876 2429/2429 1307/1307
f 1307/1307 185/185 876/876
f 2430/2430 2431/2431 2432/2432
f 2432/2432 2433/2433 2430/2430
f 916/916 2400/2400 2434/2434
f 2434/2434 1656/1656 916/916
f 1077/1077 2435/2435 2436/2436
f 2436/2436 1636/1636 1077/1077
f 2004/2004 2437/2437 2438/2438
f 2438/2438 2439/2439 2004/2004
f 1229/1229 2157/2157 2440/2440
f 2440/2440 1230/1230 1229/1229
f 2441/2441 1634/1634 360/360
f 360/360 359/359 2441/2441
f 2442/2442 1576/1576 1579/1579
f 1579/1579 1415/1415 2442/2442
f 1491/1491 2443/2443 2444/2444
f 2444/2444 1492/1492 1491/1491
f 2445/2445 1928/1928 1931/1931
f 1931/1931 2446/2446 2445/2445
f 953/953 2447/2447 2094/2094
f 2094/2094 1995/1995 953/953
f 1452/1452 1451/1451 2118/2118
f 2118/2118 2448/2448 1452/1452
f 2449/2449 41/41 2450/2450
f 2450/2450 2451/2451 2449/2449
f 2452/2452 1154/1154 2453/2453
f 2454/2454 221/221 480/480
f 2455/2455 2456/2456 2457/2457
f 2457/2457 2458/2458 2455/2455
f 2459/2459 1407/1407 2460/2460
f 2460/2460 2461/2461 2459/2459
f 2462/2462 1598/1598 2463/2463
f 2463/2463 2464/2464 2462/2462
f 2465/2465 2466/2466 1217/1217
f 1217/1217 1216/1216 2465/2465
f 91/91 1731/1731 1826/1826
f 1826/1826 92/92 91/91
f 1663/1663 879/879 1768/1768
f 1768/1768 1664/1664 1663/1663
f 1568/1568 1249/1249 1252/1252
f 1252/1252 787/787 1568/1568
f 2467/2467 2468/2468 2469/2469
f 2469/2469 2470/2470 2467/2467
f 1214/1214 568/568 571/571
f 571/571 2471/2471 1214/1214
f 2472/2472 2473/2473 2474/2474
f 2474/2474 1200/1200 2472/2472
f 2475/2475 2476/2476 2324/2324
f 2324/2324 255/255 2475/2475
f 2415/2415 1073/1073 2477/2477
f 2477/2477 2416/2416 2415/2415
f 2/2 2478/2478 1567/1567
f 1567/1567 3/3 2/2
f 2479/2479 443/443 2478/2478
f 2478/2478 2/2 2479/2479
f 2207/2207 2480/2480 2140/2140
f 2140/2140 2139/2139 2207/2207
f 4/4 3/3 1568/1568
f 1568/1568 237/237 4/4
f 2481/2481 1935/1935 1642/1642
f 1642/1642 2222/2222 2481/2481
f 452/452 1103/1103 1106/1106
f 2482/2482 2483/2483 2484/2484
f 2485/2485 2486/2486 1729/1729
f 1729/1729 1728/1728 2485/2485
f 1710/1710 673/673 676/676
f 676/676 1711/1711 1710/1710
f 2487/2487 2488/2488 2489/2489
f 2489/2489 2490/2490 2487/2487
f 2491/2491 247/247 250/250
f 288/288 35/35 34/34
f 2492/2492 2493/2493 2494/2494
f 2494/2494 2495/2495 2492/2492
f 2496/2496 2497/2497 16/16
f 16/16 15/15 2496/2496
f 2498/2498 2499/2499 2500/2500
f 2500/2500 2501/2501 2498/2498
f 1034/1034 706/706 57/57
f 57/57 1033/1033 1034/1034
f 857/857 856/856 2502/2502
f 2502/2502 738/738 857/857
f 484/484 483/483 1691/1691
f 1691/1691 1690/1690 484/484
f 2503/2503 2504/2504 627/627
f 627/627 626/626 2503/2503
f 1889/1889 1891/1891 2264/2264
f 2264/2264 561/561 1889/1889
f 2505/2505 1678/1678 1681/1681
f 1681/1681 1723/1723 2505/2505
f 2506/2506 2507/2507 2508/2508
f 2508/2508 2509/2509 2506/2506
f 1156/1156 1155/1155 1114/1114
f 1114/1114 1113/1113 1156/1156
f 1470/1470 7/7 2510/2510
f 2510/2510 821/821 1470/1470
f 11/11 2511/2511 50/50
f 50/50 49/49 11/11
f 1137/1137 2512/2512 2513/2513
f 2513/2513 1138/1138 1137/1137
f 51/51 1819/1819 1820/1820
f 1820/1820 1478/1478 51/51
f 2514/2514 1601/1601 1604/1604
f 583/583 582/582 2515/2515
f 635/635 1835/1835 2516/2516
f 2516/2516 636/636 635/635
f 1814/1814 1824/1824 2015/2015
f 2015/2015 1815/1815 1814/1814
f 2517/2517 2448/2448 1982/1982
f 1982/1982 1981/1981 2517/2517
f 2518/2518 2519/2519 2520/2520
f 2521/2521 2522/2522 2523/2523
f 591/591 925/925 2524/2524
f 2524/2524 1945/1945 591/591
f 2525/2525 753/753 71/71
f 71/71 70/70 2525/2525
f 203/203 1855/1855 1858/1858
f 1858/1858 204/204 203/203
f 473/473 2526/2526 1393/1393
f 1393/1393 304/304 473/473
f 499/499 498/498 2527/2527
f 2527/2527 976/976 499/499
f 1539/1539 1538/1538 2528/2528
f 2528/2528 2092/2092 1539/1539
f 937/937 940/940 2503/2503
f 2503/2503 626/626 937/937
f 402/402 401/401 2529/2529
f 2529/2529 550/550 402/402
f 1625/1625 2530/2530 2531/2531
f 2531/2531 2006/2006 1625/1625
f 1567/1567 1447/1447 1250/1250
f 1250/1250 1249/1249 1567/1567
f 2532/2532 2099/2099 2533/2533
f 2533/2533 2534/2534 2532/2532
f 665/665 664/664 2535/2535
f 2535/2535 1969/1969 665/665
f 1833/1833 1472/1472 1731/1731
f 1731/1731 91/91 1833/1833
f 372/372 2509/2509 2536/2536
f 2536/2536 373/373 372/372
f 2356/2356 2537/2537 984/984
f 984/984 384/384 2356/2356
f 1982/1982 1080/1080 1083/1083
f 1083/1083 1983/1983 1982/1982
f 565/565 1719/1719 2538/2538
f 2538/2538 566/566 565/565
f 2539/2539 2540/2540 2541/2541
f 2541/2541 2542/2542 2539/2539
f 1055/1055 1054/1054 1446/1446
f 1446/1446 1445/1445 1055/1055
f 563/563 562/562 496/496
f 496/496 1988/1988 563/563
f 1933/1933 2543/2543 852/852
f 852/852 851/851 1933/1933
f 1772/1772 1771/1771 521/521
f 521/521 520/520 1772/1772
f 754/754 2487/2487 2490/2490
f 2490/2490 755/755 754/754
f 2166/2166 2165/2165 625/625
f 625/625 934/934 2166/2166
f 2544/2544 2545/2545 2546/2546
f 2546/2546 2547/2547 2544/2544
f 2547/2547 2546/2546 838/838
f 838/838 837/837 2547/2547
f 2352/2352 630/630 633/633
f 633/633 2353/2353 2352/2352
f 233/233 416/416 2548/2548
f 2548/2548 234/234 233/233
f 2549/2549 2550/2550 1818/1818
f 1818/1818 1817/1817 2549/2549
f 2551/2551 1817/1817 928/928
f 928/928 1840/1840 2551/2551
f 18/18 69/69 2552/2552
f 2552/2552 19/19 18/18
f 2553/2553 2554/2554 2555/2555
f 2555/2555 2556/2556 2553/2553
f 2364/2364 2357/2357 1268/1268
f 1268/1268 1267/1267 2364/2364
f 2557/2557 2558/2558 2559/2559
f 2559/2559 873/873 2557/2557
f 2560/2560 188/188 191/191
f 191/191 2561/2561 2560/2560
f 464/464 463/463 375/375
f 375/375 22/22 464/464
f 404/404 2562/2562 1595/1595
f 1595/1595 405/405 404/404
f 2563/2563 1063/1063 1065/1065
f 1065/1065 2564/2564 2563/2563
f 2565/2565 1213/1213 1813/1813
f 1813/1813 1812/1812 2565/2565
f 1735/1735 2038/2038 2041/2041
f 2041/2041 1736/1736 1735/1735
f 2566/2566 2141/2141 2567/2567
f 2567/2567 1648/1648 2566/2566
f 2568/2568 2565/2565 1812/1812
f 1812/1812 1358/1358 2568/2568
f 2569/2569 510/510 512/512
f 512/512 2378/2378 2569/2569
f 654/654 2570/2570 176/176
f 176/176 708/708 654/654
f 69/69 1299/1299 2571/2571
f 2571/2571 2552/2552 69/69
f 2572/2572 2573/2573 1721/1721
f 1721/1721 2574/2574 2572/2572
f 1016/1016 2051/2051 698/698
f 698/698 1014/1014 1016/1016
f 1562/1562 2575/2575 254/254
f 254/254 1319/1319 1562/1562
f 2576/2576 2451/2451 2450/2450
f 2450/2450 2577/2577 2576/2576
f 1745/1745 206/206 209/209
f 209/209 1746/1746 1745/1745
f 647/647 2578/2578 2579/2579
f 2579/2579 648/648 647/647
f 2580/2580 2581/2581 2582/2582
f 2582/2582 2583/2583 2580/2580
f 369/369 2011/2011 1936/1936
f 1936/1936 1935/1935 369/369
f 1913/1913 1151/1151 1154/1154
f 1154/1154 2452/2452 1913/1913
f 1274/1274 1273/1273 2584/2584
f 2584/2584 2585/2585 1274/1274
f 2586/2586 2587/2587 1597/1597
f 1597/1597 2193/2193 2586/2586
f 1631/1631 2564/2564 2010/2010
f 2010/2010 2301/2301 1631/1631
f 2588/2588 1293/1293 609/609
f 652/652 2202/2202 2422/2422
f 2589/2589 2590/2590 577/577
f 577/577 576/576 2589/2589
f 2591/2591 1728/1728 260/260
f 260/260 259/259 2591/2591
f 1677/1677 2592/2592 1537/1537
f 1537/1537 1536/1536 1677/1677
f 2593/2593 2314/2314 1738/1738
f 1738/1738 2186/2186 2593/2593
f 1340/1340 1339/1339 388/388
f 388/388 387/387 1340/1340
f 1388/1388 484/484 1690/1690
f 1690/1690 2594/2594 1388/1388
f 2411/2411 2075/2075 198/198
f 198/198 2595/2595 2411/2411
f 2596/2596 2597/2597 2598/2598
f 2598/2598 2599/2599 2596/2596
f 2600/2600 2601/2601 2602/2602
f 2603/2603 217/217 2604/2604
f 326/326 2605/2605 1525/1525
f 1525/1525 1524/1524 326/326
f 2606/2606 2501/2501 432/432
f 432/432 431/431 2606/2606
f 1590/1590 2485/2485 1728/1728
f 1728/1728 2591/2591 1590/1590
f 2183/2183 2182/2182 2607/2607
f 2607/2607 2608/2608 2183/2183
f 2117/2117 2544/2544 2547/2547
f 2547/2547 1081/1081 2117/2117
f 2609/2609 2610/2610 920/920
f 920/920 935/935 2609/2609
f 2611/2611 2166/2166 934/934
f 934/934 1408/1408 2611/2611
f 2612/2612 2440/2440 2493/2493
f 2493/2493 2613/2613 2612/2612
f 1387/1387 481/481 484/484
f 484/484 1388/1388 1387/1387
f 1322/1322 2614/2614 2615/2615
f 2615/2615 1585/1585 1322/1322
f 1500/1500 1499/1499 809/809
f 809/809 2360/2360 1500/1500
f 1739/1739 1500/1500 2360/2360
f 2360/2360 1222/1222 1739/1739
f 1811/1811 1810/1810 2000/2000
f 2000/2000 2616/2616 1811/1811
f 877/877 1656/1656 2434/2434
f 2434/2434 878/878 877/877
f 1998/1998 2617/2617 2618/2618
f 2618/2618 1999/1999 1998/1998
f 40/40 39/39 2317/2317
f 2317/2317 2316/2316 40/40
f 859/859 858/858 2377/2377
f 2377/2377 1495/1495 859/859
f 200/200 1170/1170 1173/1173
f 1173/1173 2020/2020 200/200
f 1626/1626 2619/2619 350/350
f 350/350 349/349 1626/1626
f 2448/2448 2118/2118 1080/1080
f 1080/1080 1982/1982 2448/2448
f 2620/2620 2194/2194 1232/1232
f 1232/1232 1613/1613 2620/2620
f 1687/1687 2081/2081 2315/2315
f 2315/2315 1688/1688 1687/1687
f 1450/1450 2621/2621 2116/2116
f 2116/2116 1451/1451 1450/1450
f 2622/2622 1437/1437 1236/1236
f 1236/1236 2623/2623 2622/2622
f 1483/1483 629/629 776/776
f 776/776 2104/2104 1483/1483
f 1692/1692 1978/1978 2624/2624
f 2624/2624 2196/2196 1692/1692
f 2625/2625 2626/2626 2627/2627
f 2627/2627 2531/2531 2625/2625
f 910/910 2628/2628 2629/2629
f 2630/2630 2631/2631 2632/2632
f 2236/2236 2235/2235 2562/2562
f 2562/2562 404/404 2236/2236
f 280/280 2633/2633 2634/2634
f 2634/2634 281/281 280/280
f 2574/2574 1721/1721 160/160
f 160/160 2409/2409 2574/2574
f 1804/1804 1524/1524 1527/1527
f 1527/1527 1715/1715 1804/1804
f 2635/2635 2636/2636 1246/1246
f 1246/1246 1763/1763 2635/2635
f 1414/1414 2512/2512 1137/1137
f 1137/1137 1404/1404 1414/1414
f 12/12 11/11 49/49
f 49/49 886/886 12/12
f 451/451 33/33 36/36
f 36/36 619/619 451/451
f 2009/2009 2321/2321 2637/2637
f 2637/2637 1905/1905 2009/2009
f 2027/2027 1822/1822 1824/1824
f 1824/1824 1814/1814 2027/2027
f 2638/2638 395/395 398/398
f 398/398 2639/2639 2638/2638
f 1320/1320 1806/1806 1745/1745
f 1745/1745 1204/1204 1320/1320
f 2640/2640 2208/2208 1376/1376
f 1376/1376 1375/1375 2640/2640
f 2042/2042 318/318 321/321
f 321/321 2043/2043 2042/2042
f 2641/2641 2034/2034 2037/2037
f 2037/2037 2080/2080 2641/2641
f 605/605 2642/2642 2609/2609
f 2609/2609 606/606 605/605
f 2643/2643 2644/2644 529/529
f 529/529 528/528 2643/2643
f 951/951 828/828 2600/2600
f 2600/2600 952/952 951/951
f 2114/2114 2239/2239 587/587
f 587/587 722/722 2114/2114
f 667/667 2645/2645 2646/2646
f 2646/2646 752/752 667/667
f 1211/1211 2647/2647 2182/2182
f 2182/2182 1198/1198 1211/1211
f 2648/2648 1519/1519 2649/2649
f 2649/2649 2650/2650 2648/2648
f 1455/1455 8/8 7/7
f 7/7 1470/1470 1455/1455
f 1664/1664 1768/1768 1993/1993
f 1993/1993 2651/2651 1664/1664
f 375/375 1882/1882 2652/2652
f 2652/2652 376/376 375/375
f 1725/1725 1761/1761 1569/1569
f 1569/1569 1412/1412 1725/1725
f 2653/2653 464/464 22/22
f 22/22 21/21 2653/2653
f 2654/2654 1/1 4/4
f 4/4 236/236 2654/2654
f 2258/2258 2356/2356 384/384
f 384/384 383/383 2258/2258
f 2130/2130 2129/2129 272/272
f 272/272 271/271 2130/2130
f 1820/1820 865/865 2655/2655
f 2655/2655 2097/2097 1820/1820
f 1624/1624 2084/2084 2087/2087
f 2087/2087 2656/2656 1624/1624
f 2657/2657 1089/1089 1092/1092
f 1092/1092 2260/2260 2657/2657
f 904/904 903/903 1510/1510
f 1510/1510 2658/2658 904/904
f 2659/2659 2660/2660 2426/2426
f 2426/2426 2661/2661 2659/2659
f 2662/2662 164/164 167/167
f 167/167 1809/1809 2662/2662
f 581/581 580/580 2663/2663
f 2664/2664 2665/2665 2666/2666
f 2628/2628 900/900 2667/2667
f 1996/1996 2630/2630 2668/2668
f 2669/2669 2670/2670 2671/2671
f 2671/2671 2672/2672 2669/2669
f 2673/2673 2441/2441 359/359
f 359/359 2231/2231 2673/2673
f 1880/1880 589/589 773/773
f 773/773 772/772 1880/1880
f 2674/2674 2675/2675 896/896
f 896/896 663/663 2674/2674
f 2429/2429 2156/2156 2181/2181
f 2181/2181 1307/1307 2429/2429
f 615/615 614/614 900/900
f 900/900 2628/2628 615/615
f 2676/2676 2677/2677 2678/2678
f 2679/2679 1523/1523 1522/1522
f 2336/2336 2163/2163 2166/2166
f 2166/2166 2611/2611 2336/2336
f 2680/2680 2044/2044 2045/2045
f 2045/2045 2681/2681 2680/2680
f 629/629 628/628 777/777
f 777/777 776/776 629/629
f 2682/2682 867/867 866/866
f 866/866 2683/2683 2682/2682
f 2069/2069 2068/2068 2684/2684
f 2684/2684 2685/2685 2069/2069
f 729/729 728/728 2112/2112
f 2112/2112 2686/2686 729/729
f 1569/1569 1763/1763 1246/1246
f 1246/1246 1245/1245 1569/1569
f 1684/1684 1683/1683 2687/2687
f 2687/2687 2688/2688 1684/1684
f 1704/1704 939/939 2429/2429
f 2429/2429 876/876 1704/1704
f 1014/1014 698/698 701/701
f 701/701 783/783 1014/1014
f 947/947 2689/2689 2690/2690
f 2690/2690 2293/2293 947/947
f 1462/1462 2691/2691 2692/2692
f 2692/2692 1463/1463 1462/1462
f 2693/2693 2694/2694 1005/1005
f 1005/1005 1004/1004 2693/2693
f 1881/1881 2695/2695 2696/2696
f 2696/2696 1882/1882 1881/1881
f 2194/2194 1600/1600 1233/1233
f 1233/1233 1232/1232 2194/2194
f 2697/2697 431/431 434/434
f 434/434 2698/2698 2697/2697
f 2699/2699 1992/1992 1991/1991
f 1991/1991 2700/2700 2699/2699
f 1946/1946 222/222 221/221
f 221/221 2454/2454 1946/1946
f 2701/2701 2702/2702 10/10
f 10/10 2703/2703 2701/2701
f 960/960 2302/2302 1244/1244
f 1244/1244 778/778 960/960
f 2616/2616 2000/2000 2144/2144
f 2144/2144 2704/2704 2616/2616
f 2705/2705 956/956 959/959
f 959/959 2706/2706 2705/2705
f 645/645 115/115 2707/2707
f 2707/2707 2708/2708 645/645
f 1025/1025 1528/1528 1531/1531
f 1531/1531 1541/1541 1025/1025
f 2002/2002 1912/1912 1914/1914
f 1914/1914 2709/2709 2002/2002
f 1262/1262 2710/2710 1171/1171
f 1171/1171 1170/1170 1262/1262
f 2595/2595 198/198 201/201
f 201/201 2711/2711 2595/2595
f 2712/2712 1985/1985 631/631
f 631/631 630/630 2712/2712
f 1654/1654 52/52 31/31
f 31/31 30/30 1654/1654
f 2502/2502 856/856 2713/2713
f 2713/2713 2714/2714 2502/2502
f 1247/1247 1070/1070 1073/1073
f 1073/1073 2415/2415 1247/1247
f 231/231 230/230 1529/1529
f 1529/1529 1528/1528 231/231
f 1436/1436 1435/1435 2230/2230
f 2230/2230 2715/2715 1436/1436
f 2716/2716 2674/2674 663/663
f 663/663 662/662 2716/2716
f 1145/1145 1144/1144 2044/2044
f 2044/2044 2680/2680 1145/1145
f 672/672 671/671 2055/2055
f 2055/2055 2331/2331 672/672
f 1505/1505 1551/1551 1787/1787
f 1787/1787 1506/1506 1505/1505
f 2717/2717 2718/2718 1060/1060
f 1060/1060 1059/1059 2717/2717
f 896/896 2719/2719 1295/1295
f 1295/1295 897/897 896/896
f 2720/2720 2721/2721 2722/2722
f 2722/2722 2723/2723 2720/2720
f 891/891 890/890 769/769
f 769/769 768/768 891/891
f 1288/1288 2724/2724 195/195
f 195/195 194/194 1288/1288
f 1292/1292 2361/2361 2522/2522
f 2522/2522 2725/2725 1292/1292
f 2309/2309 1136/1136 323/323
f 323/323 322/322 2309/2309
f 2297/2297 2296/2296 2726/2726
f 2726/2726 2727/2727 2297/2297
f 1407/1407 2459/2459 1169/1169
f 1169/1169 262/262 1407/1407
f 2728/2728 2729/2729 2730/2730
f 2730/2730 2731/2731 2728/2728
f 818/818 817/817 1571/1571
f 1571/1571 1015/1015 818/818
f 241/241 240/240 2373/2373
f 2373/2373 1794/1794 241/241
f 2732/2732 2024/2024 2590/2590
f 2590/2590 2733/2733 2732/2732
f 2259/2259 2734/2734 1793/1793
f 1793/1793 1795/1795 2259/2259
f 2735/2735 2558/2558 2557/2557
f 2557/2557 2736/2736 2735/2735
f 2737/2737 2506/2506 2509/2509
f 2509/2509 372/372 2737/2737
f 2738/2738 2739/2739 2740/2740
f 2740/2740 2741/2741 2738/2738
f 2742/2742 2743/2743 1303/1303
f 1303/1303 1302/1302 2742/2742
f 1987/1987 1079/1079 1078/1078
f 1078/1078 1986/1986 1987/1987
f 799/799 1624/1624 2656/2656
f 2656/2656 578/578 799/799
f 861/861 86/86 89/89
f 89/89 858/858 861/861
f 1415/1415 1579/1579 265/265
f 265/265 1315/1315 1415/1415
f 1081/1081 2547/2547 837/837
f 837/837 1082/1082 1081/1081
f 1666/1666 1423/1423 1426/1426
f 1426/1426 1958/1958 1666/1666
f 2345/2345 218/218 217/217
f 217/217 2603/2603 2345/2345
f 2744/2744 2712/2712 630/630
f 630/630 2352/2352 2744/2744
f 2745/2745 2392/2392 5/5
f 5/5 251/251 2745/2745
f 1636/1636 2436/2436 2746/2746
f 2746/2746 2394/2394 1636/1636
f 2747/2747 2445/2445 2446/2446
f 2446/2446 2748/2748 2747/2747
f 2749/2749 2750/2750 2751/2751
f 2752/2752 1748/1748 1542/1542
f 1444/1444 735/735 1774/1774
f 1774/1774 497/497 1444/1444
f 2753/2753 2390/2390 2389/2389
f 2389/2389 2754/2754 2753/2753
f 46/46 986/986 1074/1074
f 1074/1074 47/47 46/46
f 2548/2548 2755/2755 830/830
f 830/830 829/829 2548/2548
f 446/446 2017/2017 143/143
f 143/143 447/447 446/446
f 1824/1824 1823/1823 2016/2016
f 2016/2016 2015/2015 1824/1824
f 2756/2756 2757/2757 2758/2758
f 2758/2758 2759/2759 2756/2756
f 2210/2210 2320/2320 1129/1129
f 1129/1129 1128/1128 2210/2210
f 103/103 102/102 2136/2136
f 2136/2136 1823/1823 103/103
f 2760/2760 925/925 204/204
f 204/204 1858/1858 2760/2760
f 325/325 324/324 2062/2062
f 2062/2062 2761/2761 325/325
f 105/105 2762/2762 2763/2763
f 2763/2763 106/106 105/105
f 455/455 2764/2764 2022/2022
f 2022/2022 456/456 455/455
f 1832/1832 887/887 1399/1399
f 1399/1399 1398/1398 1832/1832
f 1825/1825 2153/2153 2152/2152
f 2558/2558 2735/2735 2765/2765
f 897/897 1295/1295 1298/1298
f 1298/1298 2766/2766 897/897
f 292/292 2767/2767 2768/2768
f 2768/2768 293/293 292/292
f 1612/1612 2233/2233 2236/2236
f 2236/2236 511/511 1612/1612
f 1511/1511 1807/1807 981/981
f 981/981 980/980 1511/1511
f 1519/1519 259/259 258/258
f 258/258 1520/1520 1519/1519
f 1972/1972 1256/1256 2055/2055
f 2055/2055 2054/2054 1972/1972
f 166/166 440/440 2617/2617
f 2617/2617 1998/1998 166/166
f 1903/1903 1986/1986 1576/1576
f 1576/1576 2442/2442 1903/1903
f 1653/1653 1652/1652 2769/2769
f 2769/2769 2770/2770 1653/1653
f 762/762 1206/1206 1209/1209
f 1209/1209 892/892 762/762
f 50/50 2683/2683 1819/1819
f 1819/1819 51/51 50/50
f 550/550 2529/2529 2486/2486
f 2486/2486 2485/2485 550/550
f 2771/2771 2717/2717 1059/1059
f 1059/1059 2772/2772 2771/2771
f 2398/2398 1994/1994 1767/1767
f 1767/1767 2399/2399 2398/2398
f 2773/2773 2774/2774 2775/2775
f 2775/2775 2776/2776 2773/2773
f 2777/2777 2083/2083 1182/1182
f 1182/1182 2778/2778 2777/2777
f 1480/1480 1988/1988 975/975
f 975/975 1481/1481 1480/1480
f 1008/1008 1007/1007 2779/2779
f 2779/2779 1010/1010 1008/1008
f 2780/2780 2113/2113 721/721
f 721/721 2781/2781 2780/2780
f 2342/2342 2782/2782 1360/1360
f 1360/1360 1359/1359 2342/2342
f 871/871 870/870 2266/2266
f 2266/2266 2265/2265 871/871
f 2783/2783 1187/1187 1186/1186
f 1186/1186 1798/1798 2783/2783
f 2675/2675 2784/2784 2719/2719
f 2719/2719 896/896 2675/2675
f 2420/2420 2785/2785 1887/1887
f 1887/1887 1309/1309 2420/2420
f 1143/1143 2365/2365 2367/2367
f 2367/2367 1144/1144 1143/1143
f 1842/1842 1366/1366 1369/1369
f 1369/1369 2369/2369 1842/1842
f 135/135 134/134 1084/1084
f 1088/1088 2373/2373 240/240
f 227/227 226/226 1708/1708
f 2786/2786 2095/2095 2094/2094
f 2787/2787 1742/1742 1327/1327
f 1327/1327 2788/2788 2787/2787
f 2501/2501 2500/2500 2789/2789
f 2789/2789 432/432 2501/2501
f 2790/2790 2593/2593 2186/2186
f 2186/2186 2791/2791 2790/2790
f 993/993 992/992 1701/1701
f 1701/1701 1417/1417 993/993
f 2741/2741 2740/2740 2792/2792
f 2792/2792 2793/2793 2741/2741
f 579/579 578/578 2677/2677
f 2677/2677 2676/2676 579/579
f 1696/1696 1312/1312 1207/1207
f 1207/1207 1206/1206 1696/1696
f 787/787 1252/1252 1621/1621
f 1621/1621 788/788 787/787
f 1069/1069 1790/1790 2633/2633
f 2633/2633 280/280 1069/1069
f 2794/2794 2795/2795 2796/2796
f 2796/2796 2797/2797 2794/2794
f 2798/2798 2799/2799 2800/2800
f 2801/2801 2802/2802 2803/2803
f 2804/2804 2805/2805 1391/1391
f 1391/1391 1390/1390 2804/2804
f 2171/2171 2170/2170 2806/2806
f 2806/2806 2807/2807 2171/2171
f 2808/2808 2809/2809 2712/2712
f 2712/2712 2744/2744 2808/2808
f 2199/2199 2198/2198 2810/2810
f 2811/2811 838/838 2546/2546
f 269/269 946/946 1008/1008
f 1008/1008 1009/1009 269/269
f 13/13 16/16 2812/2812
f 2812/2812 277/277 13/13
f 1404/1404 1405/1405 2442/2442
f 2442/2442 1415/1415 1404/1404
f 2813/2813 2275/2275 2278/2278
f 2278/2278 2814/2814 2813/2813
f 1757/1757 1359/1359 1358/1358
f 1358/1358 1812/1812 1757/1757
f 2815/2815 2816/2816 2817/2817
f 2817/2817 2818/2818 2815/2815
f 327/327 1113/1113 1116/1116
f 1116/1116 328/328 327/327
f 2519/2519 2819/2819 2439/2439
f 2439/2439 2520/2520 2519/2519
f 620/620 619/619 36/36
f 36/36 2380/2380 620/620
f 2083/2083 1779/1779 1183/1183
f 1183/1183 1182/1182 2083/2083
f 2014/2014 970/970 969/969
f 969/969 1063/1063 2014/2014
f 1871/1871 2820/2820 2821/2821
f 2821/2821 2822/2822 1871/1871
f 1092/1092 1091/1091 336/336
f 336/336 335/335 1092/1092
f 2823/2823 514/514 2824/2824
f 2824/2824 2825/2825 2823/2823
f 2826/2826 2827/2827 2828/2828
f 2828/2828 2829/2829 2826/2826
f 2140/2140 2830/2830 2567/2567
f 2567/2567 2141/2141 2140/2140
f 2277/2277 2300/2300 1040/1040
f 1040/1040 795/795 2277/2277
f 2080/2080 2037/2037 1973/1973
f 1973/1973 2081/2081 2080/2080
f 2831/2831 2832/2832 189/189
f 189/189 188/188 2831/2831
f 2833/2833 2834/2834 2835/2835
f 2835/2835 2836/2836 2833/2833
f 158/158 453/453 1831/1831
f 1831/1831 651/651 158/158
f 1747/1747 1695/1695 1197/1197
f 1197/1197 1196/1196 1747/1747
f 6/6 2391/2391 2837/2837
f 2837/2837 2510/2510 6/6
f 1225/1225 1557/1557 2838/2838
f 2838/2838 1226/1226 1225/1225
f 1321/1321 2839/2839 2614/2614
f 2614/2614 1322/1322 1321/1321
f 915/915 2397/2397 2400/2400
f 2400/2400 916/916 915/915
f 1507/1507 1506/1506 1734/1734
f 1734/1734 2030/2030 1507/1507
f 557/557 2840/2840 2841/2841
f 2841/2841 558/558 557/557
f 2478/2478 2333/2333 1447/1447
f 1447/1447 1567/1567 2478/2478
f 2842/2842 2843/2843 2844/2844
f 2844/2844 2178/2178 2842/2842
f 2845/2845 2846/2846 2847/2847
f 2847/2847 2848/2848 2845/2845
f 761/761 760/760 2849/2849
f 2849/2849 1697/1697 761/761
f 1257/1257 2244/2244 2850/2850
f 2850/2850 2145/2145 1257/1257
f 2851/2851 2852/2852 1928/1928
f 1928/1928 2445/2445 2851/2851
f 567/567 2853/2853 2854/2854
f 2854/2854 564/564 567/567
f 1468/1468 1467/1467 2855/2855
f 2855/2855 2856/2856 1468/1468
f 599/599 598/598 1371/1371
f 1371/1371 1370/1370 599/599
f 2857/2857 872/872 875/875
f 875/875 2280/2280 2857/2857
f 1147/1147 2858/2858 1465/1465
f 1465/1465 1148/1148 1147/1147
f 2859/2859 917/917 920/920
f 920/920 2610/2610 2859/2859
f 2860/2860 2861/2861 2862/2862
f 2862/2862 2863/2863 2860/2860
f 1609/1609 1608/1608 2864/2864
f 2864/2864 2865/2865 1609/1609
f 2866/2866 2867/2867 2822/2822
f 2822/2822 2868/2868 2866/2866
f 2583/2583 2582/2582 2869/2869
f 2869/2869 1296/1296 2583/2583
f 396/396 1241/1241 2870/2870
f 2870/2870 397/397 396/396
f 52/52 51/51 1478/1478
f 1478/1478 31/31 52/52
f 1706/1706 723/723 586/586
f 586/586 1879/1879 1706/1706
f 2630/2630 1996/1996 1560/1560
f 1560/1560 1559/1559 2630/2630
f 606/606 2609/2609 935/935
f 935/935 998/998 606/606
f 731/731 2871/2871 2110/2110
f 2110/2110 728/728 731/731
f 2160/2160 2872/2872 2873/2873
f 2873/2873 2161/2161 2160/2160
f 2871/2871 731/731 1193/1193
f 1193/1193 1192/1192 2871/2871
f 2103/2103 2874/2874 2149/2149
f 2149/2149 869/869 2103/2103
f 2875/2875 650/650 1554/1554
f 2607/2607 2182/2182 2647/2647
f 1185/1185 2876/2876 428/428
f 428/428 427/427 1185/1185
f 2691/2691 2877/2877 2878/2878
f 2878/2878 2692/2692 2691/2691
f 2022/2022 2879/2879 2880/2880
f 2880/2880 2023/2023 2022/2022
f 660/660 2301/2301 2302/2302
f 2302/2302 960/960 660/660
f 1381/1381 1380/1380 1580/1580
f 1580/1580 1583/1583 1381/1381
f 1268/1268 2358/2358 2881/2881
f 2881/2881 1269/1269 1268/1268
f 1186/1186 1185/1185 427/427
f 427/427 1799/1799 1186/1186
f 1307/1307 2181/2181 1017/1017
f 1017/1017 1019/1019 1307/1307
f 490/490 489/489 764/764
f 764/764 2063/2063 490/490
f 1437/1437 2622/2622 2013/2013
f 2013/2013 2012/2012 1437/1437
f 731/731 730/730 2284/2284
f 2284/2284 1193/1193 731/731
f 2344/2344 2882/2882 219/219
f 219/219 218/218 2344/2344
f 2455/2455 2883/2883 2884/2884
f 2884/2884 2456/2456 2455/2455
f 1273/1273 1345/1345 1348/1348
f 1348/1348 2584/2584 1273/1273
f 71/71 755/755 1501/1501
f 1501/1501 72/72 71/71
f 552/552 2885/2885 2886/2886
f 2886/2886 2887/2887 552/552
f 2888/2888 2889/2889 2890/2890
f 2890/2890 2891/2891 2888/2888
f 86/86 861/861 1606/1606
f 1606/1606 1807/1807 86/86
f 1046/1046 2685/2685 2892/2892
f 2892/2892 2032/2032 1046/1046
f 1138/1138 2513/2513 2893/2893
f 2893/2893 1150/1150 1138/1138
f 2894/2894 509/509 508/508
f 508/508 2219/2219 2894/2894
f 2895/2895 2896/2896 2851/2851
f 2851/2851 2897/2897 2895/2895
f 2898/2898 1813/1813 1213/1213
f 1213/1213 694/694 2898/2898
f 1160/1160 2899/2899 2900/2900
f 2900/2900 1161/1161 1160/1160
f 1698/1698 1313/1313 1312/1312
f 1312/1312 1696/1696 1698/1698
f 1045/1045 2069/2069 2685/2685
f 2685/2685 1046/1046 1045/1045
f 2901/2901 1880/1880 772/772
f 772/772 2164/2164 2901/2901
f 2509/2509 2508/2508 2211/2211
f 2211/2211 2536/2536 2509/2509
f 2814/2814 2278/2278 794/794
f 794/794 1943/1943 2814/2814
f 2902/2902 476/476 2695/2695
f 2695/2695 1881/1881 2902/2902
f 2852/2852 2594/2594 1929/1929
f 1929/1929 1928/1928 2852/2852
f 2660/2660 1712/1712 1918/1918
f 1918/1918 2426/2426 2660/2660
f 2903/2903 2620/2620 1613/1613
f 1613/1613 1090/1090 2903/2903
f 991/991 2904/2904 1699/1699
f 1699/1699 992/992 991/991
f 759/759 758/758 2308/2308
f 2308/2308 2307/2307 759/759
f 2905/2905 2906/2906 2907/2907
f 2463/2463 2587/2587 2908/2908
f 869/869 2151/2151 2909/2909
f 2909/2909 870/870 869/869
f 2234/2234 2765/2765 2735/2735
f 2735/2735 2235/2235 2234/2234
f 2871/2871 2910/2910 2911/2911
f 2911/2911 2110/2110 2871/2871
f 2891/2891 2890/2890 2912/2912
f 2912/2912 2913/2913 2891/2891
f 1104/1104 2421/2421 2201/2201
f 2201/2201 1105/1105 1104/1104
f 2455/2455 509/509 2914/2914
f 2914/2914 2915/2915 2455/2455
f 2916/2916 2917/2917 54/54
f 54/54 53/53 2916/2916
f 2731/2731 2730/2730 1251/1251
f 1251/1251 1121/1121 2731/2731
f 1927/1927 1127/1127 1130/1130
f 1130/1130 1097/1097 1927/1927
f 2159/2159 1141/1141 2918/2918
f 2918/2918 2919/2919 2159/2159
f 2887/2887 2886/2886 2920/2920
f 2920/2920 101/101 2887/2887
f 432/432 2789/2789 540/540
f 540/540 433/433 432/432
f 1967/1967 253/253 256/256
f 256/256 2295/2295 1967/1967
f 2426/2426 2425/2425 2921/2921
f 2921/2921 2661/2661 2426/2426
f 1189/1189 2922/2922 2923/2923
f 2923/2923 1190/1190 1189/1189
f 2074/2074 1259/1259 1262/1262
f 1262/1262 199/199 2074/2074
f 2924/2924 2925/2925 2073/2073
f 2073/2073 2879/2879 2924/2924
f 2926/2926 2781/2781 721/721
f 721/721 720/720 2926/2926
f 936/936 919/919 504/504
f 504/504 411/411 936/936
f 2927/2927 76/76 2928/2928
f 2929/2929 2930/2930 2931/2931
f 2146/2146 2145/2145 2932/2932
f 2932/2932 2933/2933 2146/2146
f 2934/2934 2935/2935 2052/2052
f 2052/2052 2051/2051 2934/2934
f 2119/2119 1277/1277 2936/2936
f 2936/2936 2937/2937 2119/2119
f 1557/1557 645/645 2708/2708
f 2708/2708 2838/2838 1557/1557
f 2938/2938 2939/2939 2940/2940
f 2940/2940 2941/2941 2938/2938
f 1800/1800 1799/1799 1834/1834
f 1834/1834 717/717 1800/1800
f 659/659 1631/1631 2301/2301
f 2301/2301 660/660 659/659
f 2413/2413 2412/2412 2255/2255
f 2255/2255 2254/2254 2413/2413
f 2942/2942 1549/1549 1505/1505
f 1505/1505 1504/1504 2942/2942
f 234/234 2548/2548 829/829
f 829/829 1886/1886 234/234
f 1392/1392 1800/1800 717/717
f 717/717 716/716 1392/1392
f 818/818 1014/1014 783/783
f 783/783 782/782 818/818
f 2943/2943 2205/2205 2133/2133
f 2133/2133 2132/2132 2943/2943
f 967/967 1440/1440 1640/1640
f 1640/1640 2944/2944 967/967
f 2656/2656 2087/2087 881/881
f 881/881 880/880 2656/2656
f 2945/2945 2946/2946 705/705
f 705/705 704/704 2945/2945
f 785/785 784/784 2947/2947
f 2947/2947 2312/2312 785/785
f 452/452 157/157 2948/2948
f 2948/2948 2949/2949 452/452
f 2187/2187 1739/1739 1222/1222
f 1222/1222 1221/1221 2187/2187
f 1620/1620 912/912 1629/1629
f 2950/2950 1343/1343 1342/1342
f 2536/2536 2211/2211 1263/1263
f 1263/1263 1346/1346 2536/2536
f 2951/2951 2952/2952 2953/2953
f 2953/2953 2954/2954 2951/2951
f 631/631 1984/1984 2955/2955
f 2955/2955 632/632 631/631
f 1453/1453 477/477 462/462
f 462/462 461/461 1453/1453
f 2956/2956 2957/2957 2958/2958
f 2958/2958 2959/2959 2956/2956
f 578/578 2656/2656 880/880
f 880/880 2677/2677 578/578
f 676/676 675/675 768/768
f 768/768 771/771 676/676
f 2879/2879 2073/2073 1694/1694
f 1694/1694 2880/2880 2879/2879
f 1209/1209 1208/1208 2960/2960
f 2960/2960 1740/1740 1209/1209
f 2961/2961 1921/1921 2896/2896
f 2896/2896 2895/2895 2961/2961
f 2858/2858 2962/2962 1466/1466
f 1466/1466 1465/1465 2858/2858
f 2963/2963 1239/1239 2964/2964
f 1215/1215 675/675 674/674
f 1123/1123 1122/1122 1448/1448
f 1448/1448 696/696 1123/1123
f 2965/2965 983/983 2966/2966
f 1287/1287 1286/1286 2967/2967
f 2968/2968 2533/2533 2099/2099
f 2099/2099 2098/2098 2968/2968
f 2969/2969 2970/2970 202/202
f 202/202 2971/2971 2969/2969
f 2115/2115 352/352 2553/2553
f 2553/2553 2294/2294 2115/2115
f 2116/2116 2972/2972 2544/2544
f 2544/2544 2117/2117 2116/2116
f 2973/2973 2974/2974 2975/2975
f 2975/2975 2976/2976 2973/2973
f 72/72 1501/1501 1503/1503
f 1503/1503 1587/1587 72/72
f 1778/1778 2206/2206 1420/1420
f 1420/1420 1419/1419 1778/1778
f 2977/2977 1005/1005 2694/2694
f 2694/2694 2978/2978 2977/2977
f 2020/2020 1173/1173 2979/2979
f 2979/2979 2204/2204 2020/2020
f 298/298 1481/1481 977/977
f 977/977 299/299 298/298
f 2980/2980 2981/2981 991/991
f 991/991 990/990 2980/2980
f 1191/1191 1190/1190 2982/2982
f 2982/2982 2983/2983 1191/1191
f 2075/2075 2074/2074 199/199
f 199/199 198/198 2075/2075
f 171/171 170/170 1221/1221
f 1221/1221 1220/1220 171/171
f 607/607 606/606 998/998
f 998/998 2984/2984 607/607
f 2985/2985 156/156 159/159
f 159/159 2986/2986 2985/2985
f 2394/2394 2746/2746 2987/2987
f 2987/2987 1012/1012 2394/2394
f 1874/1874 2988/2988 2989/2989
f 2989/2989 1875/1875 1874/1874
f 989/989 988/988 713/713
f 713/713 712/712 989/989
f 1230/1230 2440/2440 2612/2612
f 2612/2612 2179/2179 1230/1230
f 1910/1910 2990/2990 1938/1938
f 1938/1938 1937/1937 1910/1910
f 284/284 228/228 231/231
f 231/231 285/285 284/284
f 213/213 940/940 1067/1067
f 1067/1067 210/210 213/213
f 1599/1599 1598/1598 2462/2462
f 2462/2462 2154/2154 1599/1599
f 2991/2991 2992/2992 2688/2688
f 2688/2688 2687/2687 2991/2991
f 494/494 936/936 411/411
f 411/411 410/410 494/494
f 2310/2310 2309/2309 322/322
f 322/322 1791/1791 2310/2310
f 1207/1207 1684/1684 2688/2688
f 2688/2688 1208/1208 1207/1207
f 1208/1208 2688/2688 2992/2992
f 2992/2992 2960/2960 1208/1208
f 1921/1921 1386/1386 1389/1389
f 1389/1389 2896/2896 1921/1921
f 2155/2155 2154/2154 2462/2462
f 2462/2462 2993/2993 2155/2155
f 238/238 237/237 786/786
f 786/786 1783/1783 238/238
f 2005/2005 1027/1027 2344/2344
f 2344/2344 2343/2343 2005/2005
f 409/409 408/408 1068/1068
f 1068/1068 1866/1866 409/409
f 2994/2994 1853/1853 1852/1852
f 1852/1852 1992/1992 2994/2994
f 2204/2204 2979/2979 2995/2995
f 2995/2995 1564/1564 2204/2204
f 2023/2023 2880/2880 1695/1695
f 1695/1695 2172/2172 2023/2023
f 1133/1133 1132/1132 2996/2996
f 2996/2996 2997/2997 1133/1133
f 2998/2998 2703/2703 10/10
f 10/10 9/9 2998/2998
f 1556/1556 644/644 645/645
f 645/645 1557/1557 1556/1556
f 1034/1034 127/127 1036/1036
f 1036/1036 1035/1035 1034/1034
f 2447/2447 953/953 955/955
f 955/955 2999/2999 2447/2447
f 2759/2759 2758/2758 3000/3000
f 3000/3000 3001/3001 2759/2759
f 2325/2325 3002/3002 14/14
f 14/14 13/13 2325/2325
f 3003/3003 3004/3004 3005/3005
f 3005/3005 3006/3006 3003/3003
f 2573/2573 3007/3007 1722/1722
f 1722/1722 1721/1721 2573/2573
f 3008/3008 1709/1709 1712/1712
f 1712/1712 2660/2660 3008/3008
f 2767/2767 292/292 2019/2019
f 2019/2019 2018/2018 2767/2767
f 1926/1926 1925/1925 931/931
f 931/931 930/930 1926/1926
f 1144/1144 2367/2367 1686/1686
f 1686/1686 2044/2044 1144/1144
f 1312/1312 1311/1311 1684/1684
f 1684/1684 1207/1207 1312/1312
f 2725/2725 2522/2522 2521/2521
f 2521/2521 610/610 2725/2725
f 1837/1837 219/219 2882/2882
f 2882/2882 1838/1838 1837/1837
f 1552/1552 1754/1754 449/449
f 449/449 1294/1294 1552/1552
f 370/370 369/369 1935/1935
f 1935/1935 2481/2481 370/370
f 2764/2764 2924/2924 2879/2879
f 2879/2879 2022/2022 2764/2764
f 2311/2311 2310/2310 2327/2327
f 1899/1899 46/46 45/45
f 1816/1816 2409/2409 3009/3009
f 3009/3009 97/97 1816/1816
f 574/574 3010/3010 3011/3011
f 3011/3011 575/575 574/574
f 2235/2235 2735/2735 2736/2736
f 2736/2736 2562/2562 2235/2235
f 878/878 2434/2434 2399/2399
f 2399/2399 1767/1767 878/878
f 2016/2016 2137/2137 3012/3012
f 3012/3012 2017/2017 2016/2016
f 1463/1463 2692/2692 2522/2522
f 2522/2522 2361/2361 1463/1463
f 2216/2216 2404/2404 2407/2407
f 2407/2407 3013/3013 2216/2216
f 2543/2543 2566/2566 1648/1648
f 1648/1648 852/852 2543/2543
f 3014/3014 2705/2705 2706/2706
f 2706/2706 3015/3015 3014/3014
f 752/752 2646/2646 547/547
f 547/547 501/501 752/752
f 3016/3016 2635/2635 1763/1763
f 1763/1763 1762/1762 3016/3016
f 2887/2887 100/100 1676/1676
f 1676/1676 553/553 2887/2887
f 2570/2570 654/654 657/657
f 657/657 3017/3017 2570/2570
f 706/706 1034/1034 1035/1035
f 1035/1035 2363/2363 706/706
f 2570/2570 3018/3018 177/177
f 177/177 176/176 2570/2570
f 2008/2008 1009/1009 1011/1011
f 2739/2739 2738/2738 3019/3019
f 3020/3020 2903/2903 1090/1090
f 1090/1090 1089/1089 3020/3020
f 1389/1389 1388/1388 2594/2594
f 2594/2594 2852/2852 1389/1389
f 1281/1281 3021/3021 216/216
f 216/216 1282/1282 1281/1281
f 193/193 3022/3022 2329/2329
f 2329/2329 109/109 193/193
f 2294/2294 2553/2553 2556/2556
f 2556/2556 948/948 2294/2294
f 1803/1803 1802/1802 3023/3023
f 3023/3023 2306/2306 1803/1803
f 3024/3024 3025/3025 3026/3026
f 3026/3026 3027/3027 3024/3024
f 715/715 616/616 3028/3028
f 3028/3028 2834/2834 715/715
f 3029/3029 1879/1879 1880/1880
f 1880/1880 2901/2901 3029/3029
f 3030/3030 2943/2943 2132/2132
f 2132/2132 1781/1781 3030/3030
f 483/483 1950/1950 1977/1977
f 1977/1977 1691/1691 483/483
f 3031/3031 2498/2498 2501/2501
f 2501/2501 2606/2606 3031/3031
f 2919/2919 2918/2918 2898/2898
f 2898/2898 3032/3032 2919/2919
f 2065/2065 2064/2064 2504/2504
f 2504/2504 2503/2503 2065/2065
f 3033/3033 2142/2142 2566/2566
f 2566/2566 2543/2543 3033/3033
f 3034/3034 1403/1403 2906/2906
f 2906/2906 2905/2905 3034/3034
f 733/733 3035/3035 3036/3036
f 3036/3036 734/734 733/733
f 1679/1679 1678/1678 1283/1283
f 1283/1283 3037/3037 1679/1679
f 2897/2897 2851/2851 2445/2445
f 2445/2445 2747/2747 2897/2897
f 1648/1648 2567/2567 3038/3038
f 3038/3038 1649/1649 1648/1648
f 2272/2272 3039/3039 847/847
f 847/847 2215/2215 2272/2272
f 1280/1280 3040/3040 3041/3041
f 3041/3041 1299/1299 1280/1280
f 1662/1662 1661/1661 1854/1854
f 1854/1854 2303/2303 1662/1662
f 2918/2918 1758/1758 1813/1813
f 1813/1813 2898/2898 2918/2918
f 3042/3042 897/897 2766/2766
f 2766/2766 3043/3043 3042/3042
f 2906/2906 926/926 3044/3044
f 3044/3044 2907/2907 2906/2906
f 3021/3021 2604/2604 217/217
f 217/217 216/216 3021/3021
f 3045/3045 82/82 85/85
f 85/85 3046/3046 3045/3045
f 352/352 351/351 2554/2554
f 2554/2554 2553/2553 352/352
f 1679/1679 3047/3047 3048/3048
f 3048/3048 1680/1680 1679/1679
f 1027/1027 438/438 2882/2882
f 2882/2882 2344/2344 1027/1027
f 1815/1815 2015/2015 446/446
f 446/446 445/445 1815/1815
f 1352/1352 1361/1361 2653/2653
f 2653/2653 1349/1349 1352/1352
f 3049/3049 1942/1942 909/909
f 909/909 1619/1619 3049/3049
f 2899/2899 747/747 750/750
f 750/750 2900/2900 2899/2899
f 623/623 2263/2263 741/741
f 741/741 624/624 623/623
f 755/755 2490/2490 1502/1502
f 1502/1502 1501/1501 755/755
f 2556/2556 2555/2555 703/703
f 703/703 702/702 2556/2556
f 651/651 1831/1831 2202/2202
f 2202/2202 652/652 651/651
f 2363/2363 1035/1035 1038/1038
f 1038/1038 2357/2357 2363/2363
f 1527/1527 1526/1526 3050/3050
f 3050/3050 1716/1716 1527/1527
f 551/551 550/550 2485/2485
f 2485/2485 1590/1590 551/551
f 3051/3051 197/197 1897/1897
f 1897/1897 2428/2428 3051/3051
f 3052/3052 235/235 1885/1885
f 1885/1885 1955/1955 3052/3052
f 1248/1248 825/825 828/828
f 828/828 951/951 1248/1248
f 1618/1618 615/615 2628/2628
f 2628/2628 910/910 1618/1618
f 2471/2471 1146/1146 1149/1149
f 1149/1149 1214/1214 2471/2471
f 3053/3053 904/904 2658/2658
f 2658/2658 3054/3054 3053/3053
f 3055/3055 3056/3056 1604/1604
f 1604/1604 1603/1603 3055/3055
f 3057/3057 3058/3058 612/612
f 612/612 1617/1617 3057/3057
f 1897/1897 1896/1896 3059/3059
f 3059/3059 2238/2238 1897/1897
f 1194/1194 2285/2285 525/525
f 525/525 524/524 1194/1194
f 1012/1012 2987/2987 3060/3060
f 3060/3060 1013/1013 1012/1012
f 3061/3061 871/871 2265/2265
f 2265/2265 545/545 3061/3061
f 378/378 881/881 819/819
f 819/819 744/744 378/378
f 1530/1530 1529/1529 1714/1714
f 1714/1714 3062/3062 1530/1530
f 3063/3063 1061/1061 1442/1442
f 1442/1442 3064/3064 3063/3063
f 1223/1223 1222/1222 2360/2360
f 2360/2360 2359/2359 1223/1223
f 856/856 855/855 3065/3065
f 3065/3065 2713/2713 856/856
f 2623/2623 3066/3066 3067/3067
f 3067/3067 2622/2622 2623/2623
f 1054/1054 1778/1778 1419/1419
f 1419/1419 1446/1446 1054/1054
f 3068/3068 2728/2728 2731/2731
f 2731/2731 1980/1980 3068/3068
f 489/489 1294/1294 765/765
f 765/765 764/764 489/489
f 1723/1723 1394/1394 1397/1397
f 1397/1397 2505/2505 1723/1723
f 2439/2439 2438/2438 3069/3069
f 3069/3069 2520/2520 2439/2439
f 1980/1980 2731/2731 1121/1121
f 1121/1121 1120/1120 1980/1980
f 408/408 1788/1788 1069/1069
f 1069/1069 1068/1068 408/408
f 2949/2949 2948/2948 3070/3070
f 3070/3070 2422/2422 2949/2949
f 521/521 3071/3071 479/479
f 479/479 522/522 521/521
f 2590/2590 2589/2589 1651/1651
f 1651/1651 1650/1650 2590/2590
f 1124/1124 3072/3072 3073/3073
f 3073/3073 1125/1125 1124/1124
f 2192/2192 2191/2191 3074/3074
f 3074/3074 3075/3075 2192/2192
f 2209/2209 3076/3076 2320/2320
f 2320/2320 2210/2210 2209/2209
f 3077/3077 3065/3065 855/855
f 855/855 3078/3078 3077/3077
f 1685/1685 980/980 983/983
f 983/983 2965/2965 1685/1685
f 175/175 174/174 799/799
f 799/799 798/798 175/175
f 3079/3079 868/868 871/871
f 871/871 3061/3061 3079/3079
f 2512/2512 1317/1317 3080/3080
f 3080/3080 2513/2513 2512/2512
f 2772/2772 1059/1059 1062/1062
f 1062/1062 3081/3081 2772/2772
f 2415/2415 2414/2414 1777/1777
f 1777/1777 1247/1247 2415/2415
f 235/235 3052/3052 2299/2299
f 2299/2299 232/232 235/235
f 2926/2926 720/720 1707/1707
f 1707/1707 3082/3082 2926/2926
f 3083/3083 2980/2980 990/990
f 990/990 3084/3084 3083/3083
f 2797/2797 2796/2796 1045/1045
f 1045/1045 1044/1044 2797/2797
f 1446/1446 1419/1419 1422/1422
f 1422/1422 1439/1439 1446/1446
f 3085/3085 151/151 3086/3086
f 3086/3086 3087/3087 3085/3085
f 3071/3071 3088/3088 480/480
f 480/480 479/479 3071/3071
f 3089/3089 3090/3090 3091/3091
f 3091/3091 3092/3092 3089/3089
f 2648/2648 2591/2591 259/259
f 259/259 1519/1519 2648/2648
f 492/492 1552/1552 1294/1294
f 1294/1294 489/489 492/492
f 2622/2622 3067/3067 3093/3093
f 3093/3093 2013/2013 2622/2622
f 264/264 263/263 1126/1126
f 1126/1126 2206/2206 264/264
f 3094/3094 2827/2827 2826/2826
f 2826/2826 3095/3095 3094/3094
f 3096/3096 2368/2368 2276/2276
f 2276/2276 2275/2275 3096/3096
f 2744/2744 2352/2352 3097/3097
f 3097/3097 3098/3098 2744/2744
f 1909/1909 3099/3099 2990/2990
f 2990/2990 1910/1910 1909/1909
f 895/895 3100/3100 1933/1933
f 1933/1933 1932/1932 895/895
f 73/73 72/72 1587/1587
f 1587/1587 1586/1586 73/73
f 3101/3101 1750/1750 1753/1753
f 1753/1753 300/300 3101/3101
f 3102/3102 515/515 3078/3078
f 3078/3078 855/855 3102/3102
f 3103/3103 1452/1452 2448/2448
f 2448/2448 2517/2517 3103/3103
f 3104/3104 1546/1546 1229/1229
f 1229/1229 1228/1228 3104/3104
f 372/372 371/371 3105/3105
f 3105/3105 2737/2737 372/372
f 336/336 1833/1833 91/91
f 91/91 90/90 336/336
f 1391/1391 1798/1798 1800/1800
f 1800/1800 1392/1392 1391/1391
f 1282/1282 216/216 219/219
f 219/219 1837/1837 1282/1282
f 215/215 366/366 1539/1539
f 1539/1539 418/418 215/215
f 1062/1062 1061/1061 3106/3106
f 3106/3106 3107/3107 1062/1062
f 1075/1075 2833/2833 2836/2836
f 2836/2836 1076/1076 1075/1075
f 1405/1405 1136/1136 2309/2309
f 2309/2309 1904/1904 1405/1405
f 2637/2637 2321/2321 3108/3108
f 3108/3108 1796/1796 2637/2637
f 887/887 886/886 1654/1654
f 1654/1654 1399/1399 887/887
f 1830/1830 194/194 197/197
f 197/197 3051/3051 1830/1830
f 3109/3109 3110/3110 3111/3111
f 3111/3111 3112/3112 3109/3109
f 3113/3113 148/148 151/151
f 3114/3114 2695/2695 476/476
f 25/25 1891/1891 1477/1477
f 1477/1477 329/329 25/25
f 127/127 126/126 3115/3115
f 3115/3115 1036/1036 127/127
f 3116/3116 2220/2220 672/672
f 672/672 3117/3117 3116/3116
f 3118/3118 2316/2316 1330/1330
f 1330/1330 2721/2721 3118/3118
f 2164/2164 772/772 622/622
f 622/622 2165/2165 2164/2164
f 3119/3119 2007/2007 2174/2174
f 2174/2174 2173/2173 3119/3119
f 1633/1633 1962/1962 2245/2245
f 2245/2245 1720/1720 1633/1633
f 1852/1852 1661/1661 1664/1664
f 1664/1664 2651/2651 1852/1852
f 121/121 2472/2472 1200/1200
f 1200/1200 122/122 121/121
f 1250/1250 1122/1122 1121/1121
f 1121/1121 1251/1251 1250/1250
f 555/555 554/554 2314/2314
f 2314/2314 2593/2593 555/555
f 2138/2138 1836/1836 1839/1839
f 1839/1839 3120/3120 2138/2138
f 2692/2692 2878/2878 2523/2523
f 2523/2523 2522/2522 2692/2692
f 950/950 949/949 3121/3121
f 2325/2325 3122/3122 3123/3123
f 416/416 3124/3124 2755/2755
f 2755/2755 2548/2548 416/416
f 2587/2587 2463/2463 1598/1598
f 1598/1598 1597/1597 2587/2587
f 516/516 3102/3102 537/537
f 537/537 536/536 516/516
f 567/567 566/566 1491/1491
f 1491/1491 1490/1490 567/567
f 2048/2048 2047/2047 3125/3125
f 3125/3125 2188/2188 2048/2048
f 1577/1577 1636/1636 2394/2394
f 2394/2394 1578/1578 1577/1577
f 2278/2278 2277/2277 795/795
f 795/795 794/794 2278/2278
f 2623/2623 1236/1236 1239/1239
f 1239/1239 2963/2963 2623/2623
f 708/708 176/176 179/179
f 179/179 3126/3126 708/708
f 3127/3127 3057/3057 1617/1617
f 1617/1617 1941/1941 3127/3127
f 3066/3066 2623/2623 2963/2963
f 2963/2963 3128/3128 3066/3066
f 3129/3129 1461/1461 1464/1464
f 1464/1464 3130/3130 3129/3129
f 2373/2373 1088/1088 1087/1087
f 1087/1087 364/364 2373/2373
f 3131/3131 1752/1752 3033/3033
f 3033/3033 3100/3100 3131/3131
f 2349/2349 538/538 537/537
f 537/537 857/857 2349/2349
f 3013/3013 2407/2407 3132/3132
f 3132/3132 3133/3133 3013/3013
f 828/828 827/827 2601/2601
f 2601/2601 2600/2600 828/828
f 126/126 1966/1966 3134/3134
f 3134/3134 3115/3115 126/126
f 2698/2698 434/434 312/312
f 312/312 3135/3135 2698/2698
f 3136/3136 3084/3084 1416/1416
f 1416/1416 3137/3137 3136/3136
f 2100/2100 2099/2099 3138/3138
f 3138/3138 3139/3139 2100/2100
f 2407/2407 2406/2406 3140/3140
f 3140/3140 3132/3132 2407/2407
f 2984/2984 998/998 494/494
f 494/494 493/493 2984/2984
f 3141/3141 3016/3016 1762/1762
f 1762/1762 3142/3142 3141/3141
f 807/807 806/806 879/879
f 879/879 1663/1663 807/807
f 2719/2719 2583/2583 1296/1296
f 1296/1296 1295/1295 2719/2719
f 2420/2420 2419/2419 1816/1816
f 1816/1816 1118/1118 2420/2420
f 1349/1349 2653/2653 21/21
f 21/21 2347/2347 1349/1349
f 2791/2791 2186/2186 2187/2187
f 207/207 206/206 1805/1805
f 2037/2037 2036/2036 1974/1974
f 1974/1974 1973/1973 2037/2037
f 1293/1293 1292/1292 2725/2725
f 2725/2725 609/609 1293/1293
f 438/438 437/437 1838/1838
f 1838/1838 2882/2882 438/438
f 1538/1538 1334/1334 1337/1337
f 1337/1337 2528/2528 1538/1538
f 373/373 2536/2536 1346/1346
f 1346/1346 1345/1345 373/373
f 2348/2348 2347/2347 3143/3143
f 3143/3143 3144/3144 2348/2348
f 3145/3145 2793/2793 3146/3146
f 3146/3146 3147/3147 3145/3145
f 1988/1988 496/496 499/499
f 499/499 975/975 1988/1988
f 151/151 150/150 599/599
f 599/599 3086/3086 151/151
f 3032/3032 2898/2898 694/694
f 694/694 693/693 3032/3032
f 1118/1118 1117/1117 2785/2785
f 2785/2785 2420/2420 1118/1118
f 503/503 502/502 775/775
f 2545/2545 2544/2544 2972/2972
f 1905/1905 2637/2637 1796/1796
f 1796/1796 470/470 1905/1905
f 2594/2594 1690/1690 1693/1693
f 1693/1693 1929/1929 2594/2594
f 28/28 27/27 1112/1112
f 1112/1112 2264/2264 28/28
f 2757/2757 223/223 3148/3148
f 3148/3148 2758/2758 2757/2757
f 3149/3149 2995/2995 2979/2979
f 2979/2979 3150/3150 3149/3149
f 304/304 716/716 634/634
f 634/634 305/305 304/304
f 2366/2366 2641/2641 2080/2080
f 2080/2080 2079/2079 2366/2366
f 964/964 963/963 3151/3151
f 3151/3151 1132/1132 964/964
f 3152/3152 3153/3153 2717/2717
f 2717/2717 2771/2771 3152/3152
f 2449/2449 1024/1024 42/42
f 42/42 41/41 2449/2449
f 1910/1910 1937/1937 922/922
f 922/922 921/921 1910/1910
f 3154/3154 3155/3155 469/469
f 3156/3156 1713/1713 230/230
f 1279/1279 3157/3157 3040/3040
f 3040/3040 1280/1280 1279/1279
f 2063/2063 764/764 767/767
f 767/767 3158/3158 2063/2063
f 2470/2470 2469/2469 2917/2917
f 2917/2917 2916/2916 2470/2470
f 2217/2217 2216/2216 3013/3013
f 2121/2121 2120/2120 3159/3159
f 1766/1766 1765/1765 2757/2757
f 2757/2757 2756/2756 1766/1766
f 2021/2021 2020/2020 2204/2204
f 2204/2204 1863/1863 2021/2021
f 1156/1156 1804/1804 1715/1715
f 1715/1715 1157/1157 1156/1156
f 1112/1112 932/932 732/732
f 732/732 1443/1443 1112/1112
f 989/989 712/712 2833/2833
f 2833/2833 1075/1075 989/989
f 3137/3137 1416/1416 1418/1418
f 2724/2724 1288/1288 1287/1287
f 1324/1324 2313/2313 3160/3160
f 3160/3160 3161/3161 1324/1324
f 2490/2490 2489/2489 2346/2346
f 2346/2346 1502/1502 2490/2490
f 709/709 708/708 3126/3126
f 3126/3126 954/954 709/709
f 2017/2017 3012/3012 140/140
f 140/140 143/143 2017/2017
f 3162/3162 3163/3163 757/757
f 757/757 756/756 3162/3162
f 2959/2959 2958/2958 3129/3129
f 3129/3129 3164/3164 2959/2959
f 3165/3165 2386/2386 573/573
f 573/573 572/572 3165/3165
f 3166/3166 500/500 503/503
f 2972/2972 2116/2116 2621/2621
f 511/511 2236/2236 404/404
f 404/404 403/403 511/511
f 1587/1587 1503/1503 2247/2247
f 2247/2247 1588/1588 1587/1587
f 3167/3167 3068/3068 1980/1980
f 1980/1980 1979/1979 3167/3167
f 2896/2896 1389/1389 2852/2852
f 2852/2852 2851/2851 2896/2896
f 860/860 1827/1827 3168/3168
f 3168/3168 1605/1605 860/860
f 1610/1610 1609/1609 3169/3169
f 3169/3169 3170/3170 1610/1610
f 1041/1041 1040/1040 2085/2085
f 2085/2085 2084/2084 1041/1041
f 3171/3171 3172/3172 3173/3173
f 3173/3173 2981/2981 3171/3171
f 2314/2314 1536/1536 1497/1497
f 1497/1497 1738/1738 2314/2314
f 2562/2562 2736/2736 872/872
f 872/872 1595/1595 2562/2562
f 1997/1997 251/251 252/252
f 252/252 333/333 1997/1997
f 2796/2796 2066/2066 2069/2069
f 2069/2069 1045/1045 2796/2796
f 167/167 166/166 1998/1998
f 1998/1998 1810/1810 167/167
f 3100/3100 3033/3033 2543/2543
f 2543/2543 1933/1933 3100/3100
f 2072/2072 793/793 792/792
f 792/792 2410/2410 2072/2072
f 2784/2784 2580/2580 2583/2583
f 2583/2583 2719/2719 2784/2784
f 1616/1616 1041/1041 2084/2084
f 2084/2084 1624/1624 1616/1616
f 2273/2273 2272/2272 2215/2215
f 2215/2215 2214/2214 2273/2273
f 1492/1492 2444/2444 585/585
f 585/585 584/584 1492/1492
f 1986/1986 1078/1078 1577/1577
f 1577/1577 1576/1576 1986/1986
f 944/944 943/943 1803/1803
f 1803/1803 1924/1924 944/944
f 2029/2029 77/77 76/76
f 76/76 2927/2927 2029/2029
f 450/450 1540/1540 34/34
f 34/34 33/33 450/450
f 838/838 2811/2811 3174/3174
f 3174/3174 839/839 838/838
f 237/237 1568/1568 787/787
f 787/787 786/786 237/237
f 1920/1920 1989/1989 1387/1387
f 1387/1387 1386/1386 1920/1920
f 3175/3175 3176/3176 2939/2939
f 2939/2939 2938/2938 3175/3175
f 56/56 55/55 3177/3177
f 3177/3177 3178/3178 56/56
f 3164/3164 3129/3129 3130/3130
f 3130/3130 3179/3179 3164/3164
f 1373/1373 1372/1372 395/395
f 395/395 2638/2638 1373/1373
f 3084/3084 990/990 993/993
f 993/993 1416/1416 3084/3084
f 1886/1886 829/829 832/832
f 832/832 420/420 1886/1886
f 3087/3087 3086/3086 1370/1370
f 1370/1370 1373/1373 3087/3087
f 1621/1621 2730/2730 2729/2729
f 2729/2729 1622/1622 1621/1621
f 727/727 726/726 2861/2861
f 2861/2861 2860/2860 727/727
f 1149/1149 1148/1148 813/813
f 813/813 812/812 1149/1149
f 566/566 2538/2538 2443/2443
f 2443/2443 1491/1491 566/566
f 1323/1323 1322/1322 1585/1585
f 1585/1585 1584/1584 1323/1323
f 2809/2809 3180/3180 1985/1985
f 1985/1985 2712/2712 2809/2809
f 3181/3181 3082/3082 1707/1707
f 1707/1707 3182/3182 3181/3181
f 2401/2401 291/291 294/294
f 124/124 1033/1033 2049/2049
f 842/842 3183/3183 2290/2290
f 2290/2290 843/843 842/842
f 2375/2375 2745/2745 251/251
f 251/251 1997/1997 2375/2375
f 2206/2206 1126/1126 2430/2430
f 2430/2430 1420/1420 2206/2206
f 462/462 2902/2902 1881/1881
f 1881/1881 463/463 462/462
f 589/589 588/588 2262/2262
f 2262/2262 773/773 589/589
f 2531/2531 2627/2627 3184/3184
f 3184/3184 3185/3185 2531/2531
f 3186/3186 1603/1603 1602/1602
f 1602/1602 3187/3187 3186/3186
f 1239/1239 1238/1238 2195/2195
f 2195/2195 2964/2964 1239/1239
f 3188/3188 941/941 944/944
f 944/944 2427/2427 3188/3188
f 2736/2736 2557/2557 873/873
f 873/873 872/872 2736/2736
f 761/761 1696/1696 1206/1206
f 1206/1206 762/762 761/761
f 1343/1343 2950/2950 1558/1558
f 1558/1558 1797/1797 1343/1343
f 3189/3189 1374/1374 78/78
f 78/78 790/790 3189/3189
f 1942/1942 1618/1618 910/910
f 910/910 909/909 1942/1942
f 1383/1383 1382/1382 2974/2974
f 2974/2974 2973/2973 1383/1383
f 3190/3190 3087/3087 1373/1373
f 1373/1373 2638/2638 3190/3190
f 3191/3191 3192/3192 2499/2499
f 2499/2499 2498/2498 3191/3191
f 1058/1058 332/332 334/334
f 334/334 1454/1454 1058/1058
f 1870/1870 2158/2158 2820/2820
f 2820/2820 1871/1871 1870/1870
f 2347/2347 21/21 24/24
f 24/24 3143/3143 2347/2347
f 2118/2118 2117/2117 1081/1081
f 1081/1081 1080/1080 2118/2118
f 1781/1781 2132/2132 1556/1556
f 1556/1556 1555/1555 1781/1781
f 1413/1413 1402/1402 1403/1403
f 1403/1403 3034/3034 1413/1413
f 3193/3193 3194/3194 3029/3029
f 3029/3029 2901/2901 3193/3193
f 3195/3195 3196/3196 3163/3163
f 3163/3163 3162/3162 3195/3195
f 3197/3197 3198/3198 3199/3199
f 3199/3199 2954/2954 3197/3197
f 961/961 960/960 778/778
f 778/778 781/781 961/961
f 1752/1752 2139/2139 2142/2142
f 2142/2142 3033/3033 1752/1752
f 1252/1252 1251/1251 2730/2730
f 2730/2730 1621/1621 1252/1252
f 181/181 1890/1890 1480/1480
f 1480/1480 182/182 181/181
f 569/569 3014/3014 3015/3015
f 3015/3015 570/570 569/569
f 1493/1493 1492/1492 584/584
f 584/584 3200/3200 1493/1493
f 3130/3130 1464/1464 1291/1291
f 1291/1291 1290/1290 3130/3130
f 712/712 715/715 2834/2834
f 2834/2834 2833/2833 712/712
f 1585/1585 2615/2615 1655/1655
f 1655/1655 641/641 1585/1585
f 465/465 1927/1927 1097/1097
f 1097/1097 466/466 465/465
f 3135/3135 312/312 315/315
f 315/315 3201/3201 3135/3135
f 2006/2006 2531/2531 3202/3202
f 3203/3203 3204/3204 3205/3205
f 55/55 1961/1961 1960/1960
f 1960/1960 3177/3177 55/55
f 3179/3179 3130/3130 1290/1290
f 1290/1290 2108/2108 3179/3179
f 573/573 2388/2388 3206/3206
f 3206/3206 574/574 573/573
f 3207/3207 2385/2385 1053/1053
f 1053/1053 1052/1052 3207/3207
f 1499/1499 445/445 448/448
f 448/448 809/809 1499/1499
f 1308/1308 2572/2572 2574/2574
f 2574/2574 2419/2419 1308/1308
f 1203/1203 3208/3208 1152/1152
f 1152/1152 1151/1151 1203/1203
f 939/939 938/938 2156/2156
f 2156/2156 2429/2429 939/939
f 1787/1787 1786/1786 2038/2038
f 2038/2038 1735/1735 1787/1787
f 2419/2419 2574/2574 2409/2409
f 2409/2409 1816/1816 2419/2419
f 1361/1361 461/461 464/464
f 464/464 2653/2653 1361/1361
f 1157/1157 1715/1715 1717/1717
f 1717/1717 1178/1178 1157/1157
f 655/655 1995/1995 2096/2096
f 2096/2096 656/656 655/655
f 1850/1850 1849/1849 804/804
f 804/804 807/807 1850/1850
f 2805/2805 2783/2783 1798/1798
f 1798/1798 1391/1391 2805/2805
f 1984/1984 1098/1098 1101/1101
f 1101/1101 2955/2955 1984/1984
f 1665/1665 2246/2246 1424/1424
f 1424/1424 1423/1423 1665/1665
f 1591/1591 1590/1590 2591/2591
f 2591/2591 2648/2648 1591/1591
f 3209/3209 995/995 994/994
f 994/994 3210/3210 3209/3209
f 123/123 122/122 1658/1658
f 1658/1658 1912/1912 123/123
f 3211/3211 3212/3212 3166/3166
f 3166/3166 3213/3213 3211/3211
f 466/466 469/469 3155/3155
f 3155/3155 467/467 466/466
f 2711/2711 201/201 2021/2021
f 2021/2021 3214/3214 2711/2711
f 1126/1126 1125/1125 2431/2431
f 2431/2431 2430/2430 1126/1126
f 1215/1215 3215/3215 888/888
f 888/888 891/891 1215/1215
f 2226/2226 2225/2225 3216/3216
f 3216/3216 3217/3217 2226/2226
f 1135/1135 1123/1123 696/696
f 696/696 695/695 1135/1135
f 3214/3214 2021/2021 1863/1863
f 1863/1863 1862/1862 3214/3214
f 2215/2215 847/847 2404/2404
f 2404/2404 2216/2216 2215/2215
f 89/89 88/88 2171/2171
f 2171/2171 2376/2376 89/89
f 1662/1662 1850/1850 807/807
f 807/807 1663/1663 1662/1662
f 1190/1190 2923/2923 3218/3218
f 3218/3218 2982/2982 1190/1190
f 3219/3219 3220/3220 3221/3221
f 3221/3221 3222/3222 3219/3219
f 1379/1379 2056/2056 2059/2059
f 2059/2059 1380/1380 1379/1379
f 1102/1102 1127/1127 1927/1927
f 1927/1927 1085/1085 1102/1102
f 371/371 686/686 3223/3223
f 3223/3223 3105/3105 371/371
f 1173/1173 1172/1172 3150/3150
f 3150/3150 2979/2979 1173/1173
f 2089/2089 290/290 2086/2086
f 2086/2086 2090/2090 2089/2089
f 1929/1929 1693/1693 2197/2197
f 2197/2197 1930/1930 1929/1929
f 2367/2367 2079/2079 1687/1687
f 1687/1687 1686/1686 2367/2367
f 2564/2564 1065/1065 1093/1093
f 1093/1093 2010/2010 2564/2564
f 7/7 6/6 2510/2510
f 2976/2976 2975/2975 3192/3192
f 3192/3192 3191/3191 2976/2976
f 3224/3224 1749/1749 666/666
f 666/666 3225/3225 3224/3224
f 334/334 252/252 8/8
f 8/8 1455/1455 334/334
f 973/973 1319/1319 254/254
f 254/254 253/253 973/973
f 1859/1859 1199/1199 2183/2183
f 2183/2183 3226/3226 1859/1859
f 2007/2007 3119/3119 2619/2619
f 2619/2619 1626/1626 2007/2007
f 1051/1051 1050/1050 1340/1340
f 1340/1340 1726/1726 1051/1051
f 434/434 433/433 313/313
f 313/313 312/312 434/434
f 3227/3227 3228/3228 3118/3118
f 3118/3118 2721/2721 3227/3227
f 374/374 373/373 1345/1345
f 1345/1345 1273/1273 374/374
f 783/783 701/701 1593/1593
f 1593/1593 784/784 783/783
f 158/158 651/651 2875/2875
f 2647/2647 1211/1211 1675/1675
f 3153/3153 3229/3229 2718/2718
f 2718/2718 2717/2717 3153/3153
f 3230/3230 2143/2143 1999/1999
f 1999/1999 2618/2618 3230/3230
f 2363/2363 2362/2362 707/707
f 707/707 706/706 2363/2363
f 2019/2019 2403/2403 2056/2056
f 2056/2056 1379/1379 2019/2019
f 2592/2592 2027/2027 1814/1814
f 1814/1814 1537/1537 2592/2592
f 292/292 291/291 2403/2403
f 2403/2403 2019/2019 292/292
f 2024/2024 798/798 577/577
f 577/577 2590/2590 2024/2024
f 664/664 897/897 3042/3042
f 3042/3042 3231/3231 664/664
f 2981/2981 3173/3173 2904/2904
f 2904/2904 991/991 2981/2981
f 107/107 106/106 3232/3232
f 3232/3232 3233/3233 107/107
f 147/147 146/146 2645/2645
f 2645/2645 667/667 147/147
f 1765/1765 220/220 223/223
f 223/223 2757/2757 1765/1765
f 3196/3196 3195/3195 2644/2644
f 2644/2644 2643/2643 3196/3196
f 1925/1925 2306/2306 1841/1841
f 1841/1841 931/931 1925/1925
f 750/750 749/749 2101/2101
f 2101/2101 2100/2100 750/750
f 3234/3234 2088/2088 2091/2091
f 2091/2091 2368/2368 3234/3234
f 1141/1141 1140/1140 1758/1758
f 1758/1758 2918/2918 1141/1141
f 1001/1001 1000/1000 2395/2395
f 2395/2395 1039/1039 1001/1001
f 1782/1782 1555/1555 1225/1225
f 1225/1225 1224/1224 1782/1782
f 1432/1432 3235/3235 3236/3236
f 3236/3236 3237/3237 1432/1432
f 2612/2612 2613/2613 3238/3238
f 3238/3238 2179/2179 2612/2612
f 1468/1468 2856/2856 3239/3239
f 3239/3239 813/813 1468/1468
f 2228/2228 3240/3240 137/137
f 137/137 136/136 2228/2228
f 3241/3241 2726/2726 2296/2296
f 2296/2296 3242/3242 3241/3241
f 1262/1262 1261/1261 3243/3243
f 3243/3243 2710/2710 1262/1262
f 2062/2062 2061/2061 3244/3244
f 3245/3245 242/242 2328/2328
f 3246/3246 2962/2962 3247/3247
f 2941/2941 2940/2940 3248/3248
f 3249/3249 3250/3250 3251/3251
f 3251/3251 3252/3252 3249/3249
f 3253/3253 3131/3131 3100/3100
f 3100/3100 895/895 3253/3253
f 3254/3254 1727/1727 387/387
f 387/387 3255/3255 3254/3254
f 3256/3256 582/582 585/585
f 585/585 2444/2444 3256/3256
f 668/668 751/751 3257/3257
f 3257/3257 3258/3258 668/668
f 3259/3259 2396/2396 2395/2395
f 2395/2395 1000/1000 3259/3259
f 3260/3260 1158/1158 1181/1181
f 1181/1181 3261/3261 3260/3260
f 1989/1989 1920/1920 2026/2026
f 2026/2026 3262/3262 1989/1989
f 394/394 393/393 507/507
f 507/507 506/506 394/394
f 2645/2645 146/146 3263/3263
f 3263/3263 2646/2646 2645/2645
f 2430/2430 2433/2433 3264/3264
f 3264/3264 1420/1420 2430/2430
f 2940/2940 2939/2939 3265/3265
f 3265/3265 3266/3266 2940/2940
f 3267/3267 3184/3184 2627/2627
f 3268/3268 3269/3269 3270/3270
f 2762/2762 3271/3271 3272/3272
f 3272/3272 2763/2763 2762/2762
f 3273/3273 1782/1782 1224/1224
f 1224/1224 1227/1227 3273/3273
f 702/702 3121/3121 949/949
f 949/949 3274/3274 702/702
f 3275/3275 3276/3276 2844/2844
f 2844/2844 2843/2843 3275/3275
f 415/415 1484/1484 3124/3124
f 3124/3124 416/416 415/415
f 2306/2306 3023/3023 3277/3277
f 3277/3277 1841/1841 2306/2306
f 3278/3278 2331/2331 1574/1574
f 1574/1574 2456/2456 3278/3278
f 3279/3279 1462/1462 3280/3280
f 3280/3280 3281/3281 3279/3279
f 549/549 1043/1043 3282/3282
f 3282/3282 962/962 549/549
f 3283/3283 2706/2706 959/959
f 959/959 958/958 3283/3283
f 3284/3284 2718/2718 3285/3285
f 3286/3286 3287/3287 3288/3288
f 2449/2449 2451/2451 3289/3289
f 3289/3289 1024/1024 2449/2449
f 80/80 79/79 3290/3290
f 3290/3290 3291/3291 80/80
f 3058/3058 3292/3292 613/613
f 613/613 612/612 3058/3058
f 509/509 2455/2455 2458/2458
f 2458/2458 506/506 509/509
f 1150/1150 2893/2893 3293/3293
f 3293/3293 2061/2061 1150/1150
f 3294/3294 2707/2707 115/115
f 115/115 114/114 3294/3294
f 3295/3295 3296/3296 3297/3297
f 3298/3298 3299/3299 3300/3300
f 1003/1003 1002/1002 3301/3301
f 3301/3301 3302/3302 1003/1003
f 2847/2847 3303/3303 3304/3304
f 3304/3304 668/668 2847/2847
f 3305/3305 3306/3306 3307/3307
f 3307/3307 3159/3159 3305/3305
f 3308/3308 2458/2458 1434/1434
f 1434/1434 3309/3309 3308/3308
f 1872/1872 1871/1871 2822/2822
f 2822/2822 2867/2867 1872/1872
f 3310/3310 3311/3311 3312/3312
f 3313/3313 3243/3243 1261/1261
f 680/680 2159/2159 3305/3305
f 3305/3305 677/677 680/680
f 2441/2441 3314/3314 1635/1635
f 1635/1635 1634/1634 2441/2441
f 3315/3315 350/350 2619/2619
f 2619/2619 3119/3119 3315/3315
f 3316/3316 3317/3317 1461/1461
f 1461/1461 2958/2958 3316/3316
f 3318/3318 2353/2353 633/633
f 633/633 632/632 3318/3318
f 3220/3220 3319/3319 3320/3320
f 3320/3320 3321/3321 3220/3220
f 1571/1571 1570/1570 3322/3322
f 3322/3322 3323/3323 1571/1571
f 254/254 1562/1562 3324/3324
f 3324/3324 2575/2575 254/254
f 830/830 2755/2755 3325/3325
f 3325/3325 3326/3326 830/830
f 3327/3327 2672/2672 683/683
f 683/683 3328/3328 3327/3327
f 2602/2602 2601/2601 3329/3329
f 3330/3330 2345/2345 2603/2603
f 816/816 3331/3331 1572/1572
f 1572/1572 817/817 816/816
f 3079/3079 2989/2989 3332/3332
f 3332/3332 3333/3333 3079/3079
f 3334/3334 3335/3335 2640/2640
f 2640/2640 1375/1375 3334/3334
f 3336/3336 575/575 3337/3337
f 3337/3337 3338/3338 3336/3336
f 3339/3339 3340/3340 2748/2748
f 2748/2748 2446/2446 3339/3339
f 3341/3341 1729/1729 2486/2486
f 2486/2486 2529/2529 3341/3341
f 3342/3342 1818/1818 2550/2550
f 59/59 58/58 3343/3343
f 178/178 177/177 3344/3344
f 3344/3344 3345/3345 178/178
f 668/668 3304/3304 3346/3346
f 3346/3346 666/666 668/668
f 2220/2220 3347/3347 3348/3348
f 3348/3348 669/669 2220/2220
f 392/392 3349/3349 3350/3350
f 3350/3350 393/393 392/392
f 1706/1706 3029/3029 3351/3351
f 3351/3351 1707/1707 1706/1706
f 3352/3352 1959/1959 3353/3353
f 3353/3353 3354/3354 3352/3352
f 482/482 481/481 1990/1990
f 1990/1990 532/532 482/482
f 3355/3355 3356/3356 3357/3357
f 3357/3357 3358/3358 3355/3355
f 672/672 2331/2331 3359/3359
f 3359/3359 3117/3117 672/672
f 3175/3175 3360/3360 2823/2823
f 2823/2823 3361/3361 3175/3175
f 2744/2744 3362/3362 3363/3363
f 3363/3363 2808/2808 2744/2744
f 3364/3364 3365/3365 2620/2620
f 2620/2620 2903/2903 3364/3364
f 544/544 3366/3366 3061/3061
f 3061/3061 545/545 544/544
f 3367/3367 2243/2243 996/996
f 996/996 995/995 3367/3367
f 3368/3368 3369/3369 1161/1161
f 1161/1161 2900/2900 3368/3368
f 1421/1421 3370/3370 3371/3371
f 3371/3371 2286/2286 1421/1421
f 2592/2592 1677/1677 1676/1676
f 1676/1676 2027/2027 2592/2592
f 3372/3372 3373/3373 3279/3279
f 3279/3279 3281/3281 3372/3372
f 1926/1926 930/930 3342/3342
f 3342/3342 1923/1923 1926/1926
f 3374/3374 3025/3025 3081/3081
f 3081/3081 1062/1062 3374/3374
f 3375/3375 3376/3376 1162/1162
f 1162/1162 1161/1161 3375/3375
f 424/424 3377/3377 3378/3378
f 3378/3378 3379/3379 424/424
f 1125/1125 3073/3073 3380/3380
f 3380/3380 2431/2431 1125/1125
f 2994/2994 1992/1992 3381/3381
f 3381/3381 3382/3382 2994/2994
f 3204/3204 3383/3383 3384/3384
f 3384/3384 3385/3385 3204/3204
f 3386/3386 3387/3387 3388/3388
f 3388/3388 3389/3389 3386/3386
f 1486/1486 3390/3390 3391/3391
f 3391/3391 3124/3124 1486/1486
f 3138/3138 3355/3355 3358/3358
f 3358/3358 3139/3139 3138/3138
f 3392/3392 3393/3393 3109/3109
f 3394/3394 2848/2848 3395/3395
f 3396/3396 2398/2398 864/864
f 864/864 3397/3397 3396/3396
f 3398/3398 2134/2134 319/319
f 319/319 3399/3399 3398/3398
f 1353/1353 3400/3400 3401/3401
f 3401/3401 2218/2218 1353/1353
f 3017/3017 3402/3402 3018/3018
f 3018/3018 2570/2570 3017/3017
f 3265/3265 2825/2825 2824/2824
f 2824/2824 513/513 3265/3265
f 2497/2497 3403/3403 3404/3404
f 3404/3404 16/16 2497/2497
f 2180/2180 2179/2179 3238/3238
f 3238/3238 3405/3405 2180/2180
f 3406/3406 2441/2441 2673/2673
f 2673/2673 3407/3407 3406/3406
f 3408/3408 3010/3010 574/574
f 574/574 3206/3206 3408/3408
f 1462/1462 1461/1461 3409/3409
f 3409/3409 3410/3410 1462/1462
f 205/205 590/590 3411/3411
f 3411/3411 2971/2971 205/205
f 2702/2702 3412/3412 11/11
f 11/11 10/10 2702/2702
f 3413/3413 2866/2866 2868/2868
f 2193/2193 2194/2194 3414/3414
f 1073/1073 1072/1072 3415/3415
f 3415/3415 2477/2477 1073/1073
f 3416/3416 1887/1887 2785/2785
f 2785/2785 1117/1117 3416/3416
f 2335/2335 2901/2901 2164/2164
f 2164/2164 2163/2163 2335/2335
f 3417/3417 3418/3418 2066/2066
f 2066/2066 2796/2796 3417/3417
f 3094/3094 3095/3095 1023/1023
f 2853/2853 567/567 1490/1490
f 3419/3419 3420/3420 3421/3421
f 3421/3421 3422/3422 3419/3419
f 1429/1429 3423/3423 3424/3424
f 3424/3424 1430/1430 1429/1429
f 3425/3425 2226/2226 3217/3217
f 1466/1466 2962/2962 3426/3426
f 3349/3349 3427/3427 508/508
f 508/508 3350/3350 3349/3349
f 2100/2100 3139/3139 2900/2900
f 2900/2900 750/750 2100/2100
f 2994/2994 3382/3382 3428/3428
f 3428/3428 1853/1853 2994/2994
f 3429/3429 1755/1755 133/133
f 133/133 132/132 3429/3429
f 388/388 2004/2004 2439/2439
f 2439/2439 3430/3430 388/388
f 3180/3180 3431/3431 3432/3432
f 3432/3432 3433/3433 3180/3180
f 1786/1786 3434/3434 2039/2039
f 2039/2039 2038/2038 1786/1786
f 1321/1321 1028/1028 3435/3435
f 3435/3435 2839/2839 1321/1321
f 3373/3373 3436/3436 1462/1462
f 1462/1462 3279/3279 3373/3373
f 2110/2110 3437/3437 2951/2951
f 2951/2951 2111/2111 2110/2110
f 1638/1638 3438/3438 3439/3439
f 3439/3439 1639/1639 1638/1638
f 169/169 168/168 3440/3440
f 2298/2298 1205/1205 1746/1746
f 2755/2755 3124/3124 3391/3391
f 3391/3391 3325/3325 2755/2755
f 3441/3441 3442/3442 3443/3443
f 3443/3443 3444/3444 3441/3441
f 3445/3445 596/596 3446/3446
f 3446/3446 2815/2815 3445/3445
f 2530/2530 131/131 3447/3447
f 3447/3447 2531/2531 2530/2530
f 3315/3315 684/684 2945/2945
f 2945/2945 704/704 3315/3315
f 3109/3109 3448/3448 546/546
f 546/546 3449/3449 3109/3109
f 3450/3450 3451/3451 2268/2268
f 2268/2268 546/546 3450/3450
f 3452/3452 526/526 525/525
f 525/525 2285/2285 3452/3452
f 1431/1431 3453/3453 3454/3454
f 3454/3454 1786/1786 1431/1431
f 2068/2068 2067/2067 3407/3407
f 3455/3455 3097/3097 2351/2351
f 3456/3456 3457/3457 2497/2497
f 2497/2497 2496/2496 3456/3456
f 500/500 3166/3166 3212/3212
f 3212/3212 751/751 500/500
f 80/80 3458/3458 3459/3459
f 3459/3459 710/710 80/80
f 1561/1561 3460/3460 3461/3461
f 3461/3461 3462/3462 1561/1561
f 3463/3463 3464/3464 2257/2257
f 2257/2257 2256/2256 3463/3463
f 3465/3465 3466/3466 1602/1602
f 1602/1602 1601/1601 3465/3465
f 3344/3344 3467/3467 3468/3468
f 3468/3468 3469/3469 3344/3344
f 2809/2809 3470/3470 3431/3431
f 3431/3431 3180/3180 2809/2809
f 2427/2427 1923/1923 3342/3342
f 3342/3342 3188/3188 2427/2427
f 1519/1519 3471/3471 3472/3472
f 3472/3472 2649/2649 1519/1519
f 3018/3018 3473/3473 3344/3344
f 3344/3344 177/177 3018/3018
f 3474/3474 3475/3475 3476/3476
f 3477/3477 3400/3400 3478/3478
f 1994/1994 2398/2398 3396/3396
f 3396/3396 1991/1991 1994/1994
f 1473/1473 945/945 3479/3479
f 3479/3479 3480/3480 1473/1473
f 3481/3481 3247/3247 3283/3283
f 3283/3283 3482/3482 3481/3481
f 3416/3416 3483/3483 1888/1888
f 1888/1888 1887/1887 3416/3416
f 3484/3484 2928/2928 76/76
f 76/76 75/75 3484/3484
f 3343/3343 2364/2364 1267/1267
f 1267/1267 1270/1270 3343/3343
f 2576/2576 1485/1485 3485/3485
f 3485/3485 2451/2451 2576/2576
f 1192/1192 3486/3486 3487/3487
f 3487/3487 2871/2871 1192/1192
f 1002/1002 2816/2816 3488/3488
f 3488/3488 3301/3301 1002/1002
f 3489/3489 1990/1990 1989/1989
f 1989/1989 3262/3262 3489/3489
f 1591/1591 2648/2648 3490/3490
f 3490/3490 3491/3491 1591/1591
f 141/141 140/140 2930/2930
f 2930/2930 2929/2929 141/141
f 3492/3492 3493/3493 3494/3494
f 3495/3495 3496/3496 3497/3497
f 3377/3377 3498/3498 3499/3499
f 3499/3499 3378/3378 3377/3377
f 2613/2613 2493/2493 2492/2492
f 2492/2492 3238/3238 2613/2613
f 2865/2865 3500/3500 3501/3501
f 3501/3501 2872/2872 2865/2865
f 1005/1005 2817/2817 2816/2816
f 2816/2816 1002/1002 1005/1005
f 348/348 347/347 3502/3502
f 3503/3503 3090/3090 3504/3504
f 2160/2160 3169/3169 1609/1609
f 1609/1609 2865/2865 2160/2160
f 3505/3505 3506/3506 316/316
f 316/316 19/19 3505/3505
f 3507/3507 3508/3508 3509/3509
f 3509/3509 3510/3510 3507/3507
f 1024/1024 3289/3289 415/415
f 415/415 414/414 1024/1024
f 1410/1410 613/613 3292/3292
f 3292/3292 3511/3511 1410/1410
f 3512/3512 3476/3476 3513/3513
f 2721/2721 2720/2720 3514/3514
f 1896/1896 3515/3515 3496/3496
f 3496/3496 3516/3516 1896/1896
f 2404/2404 846/846 3517/3517
f 3517/3517 2405/2405 2404/2404
f 2532/2532 3518/3518 3355/3355
f 3355/3355 2099/2099 2532/2532
f 3519/3519 3520/3520 3521/3521
f 3521/3521 3277/3277 3519/3519
f 3369/3369 3522/3522 3375/3375
f 3375/3375 1161/1161 3369/3369
f 3518/3518 3523/3523 3507/3507
f 3507/3507 3524/3524 3518/3518
f 3261/3261 1181/1181 1870/1870
f 1870/1870 1869/1869 3261/3261
f 3525/3525 2293/2293 2690/2690
f 2243/2243 3526/3526 3527/3527
f 1420/1420 3264/3264 3370/3370
f 3370/3370 1421/1421 1420/1420
f 428/428 3528/3528 3529/3529
f 3529/3529 429/429 428/428
f 2134/2134 345/345 344/344
f 344/344 2135/2135 2134/2134
f 128/128 3530/3530 3531/3531
f 3531/3531 3532/3532 128/128
f 3533/3533 1154/1154 1153/1153
f 1153/1153 3534/3534 3533/3533
f 1155/1155 3535/3535 3536/3536
f 3536/3536 1114/1114 1155/1155
f 2793/2793 3145/3145 3537/3537
f 2707/2707 3294/3294 3538/3538
f 3539/3539 3338/3338 2248/2248
f 2248/2248 3540/3540 3539/3539
f 3541/3541 3053/3053 3054/3054
f 3542/3542 3543/3543 3416/3416
f 1627/1627 2115/2115 3544/3544
f 3544/3544 2241/2241 1627/1627
f 3545/3545 3546/3546 3547/3547
f 3547/3547 3548/3548 3545/3545
f 3549/3549 3550/3550 3499/3499
f 3499/3499 3551/3551 3549/3549
f 2115/2115 2294/2294 3530/3530
f 3530/3530 3544/3544 2115/2115
f 3479/3479 945/945 63/63
f 63/63 66/66 3479/3479
f 3552/3552 2721/2721 1330/1330
f 1330/1330 1333/1333 3552/3552
f 3024/3024 3027/3027 904/904
f 904/904 3053/3053 3024/3024
f 2683/2683 50/50 3553/3553
f 3553/3553 2682/2682 2683/2683
f 3554/3554 3555/3555 2441/2441
f 2441/2441 3406/3406 3554/3554
f 1960/1960 1959/1959 3352/3352
f 3352/3352 3177/3177 1960/1960
f 3365/3365 3414/3414 2194/2194
f 2194/2194 2620/2620 3365/3365
f 1772/1772 520/520 3556/3556
f 3556/3556 1773/1773 1772/1772
f 300/300 1753/1753 3131/3131
f 3131/3131 3557/3557 300/300
f 1992/1992 3558/3558 3381/3381
f 3559/3559 3560/3560 3561/3561
f 3316/3316 2958/2958 2957/2957
f 1704/1704 940/940 939/939
f 3398/3398 3562/3562 2134/2134
f 3563/3563 3395/3395 2848/2848
f 3564/3564 3089/3089 3092/3092
f 3086/3086 599/599 1370/1370
f 2586/2586 2908/2908 2587/2587
f 517/517 3565/3565 2148/2148
f 2331/2331 1255/1255 1574/1574
f 821/821 2510/2510 822/822
f 3566/3566 3567/3567 3568/3568
f 2956/2956 2959/2959 3569/3569
f 1060/1060 2718/2718 3284/3284
f 3214/3214 1862/1862 3570/3570
f 2809/2809 3571/3571 3470/3470
f 3572/3572 3573/3573 2497/2497
f 532/532 1990/1990 3574/3574
f 393/393 3350/3350 507/507
f 2240/2240 2262/2262 588/588
f 3575/3575 2956/2956 3569/3569
f 3576/3576 3577/3577 3578/3578
f 1904/1904 1903/1903 1405/1405
f 3351/3351 3029/3029 3194/3194
f 3452/3452 2332/2332 526/526
f 3338/3338 3579/3579 2249/2249
f 2302/2302 1242/1242 1244/1244
f 100/100 2887/2887 101/101
f 3250/3250 3580/3580 3251/3251
f 2458/2458 2457/2457 1435/1435
f 3581/3581 3582/3582 3423/3423
f 816/816 3583/3583 3331/3331
f 1630/1630 1063/1063 2563/2563
f 2477/2477 3415/3415 3584/3584
f 3585/3585 1967/1967 2295/2295
f 710/710 3459/3459 3300/3300
f 1283/1283 1678/1678 2505/2505
f 2249/2249 3579/3579 3337/3337
f 3574/3574 1990/1990 3586/3586
f 128/128 3532/3532 129/129
f 1305/1305 1306/1306 3341/3341
f 3452/3452 2285/2285 2284/2284
f 3587/3587 3588/3588 3589/3589
f 2648/2648 3590/3590 3490/3490
f 1237/1237 1438/1438 658/658
f 1147/1147 1146/1146 3283/3283
f 1852/1852 2651/2651 1992/1992
f 3591/3591 3535/3535 1155/1155
f 2431/2431 3380/3380 3592/3592
f 3593/3593 3594/3594 3595/3595
f 1553/1553 653/653 3596/3596
f 1632/1632 1963/1963 1633/1633
f 3258/3258 3597/3597 2847/2847
f 3387/3387 3564/3564 3388/3388
f 3361/3361 2823/2823 2825/2825
f 3598/3598 3187/3187 1602/1602
f 3259/3259 2299/2299 3052/3052
f 3503/3503 3599/3599 3600/3600
f 473/473 304/304 303/303
f 2181/2181 2105/2105 1017/1017
f 3507/3507 3510/3510 3524/3524
f 1484/1484 3601/3601 3124/3124
f 868/868 3602/3602 3603/3603
f 2249/2249 3011/3011 3604/3604
f 2648/2648 2650/2650 3590/3590
f 3605/3605 3484/3484 3606/3606
f 2331/2331 3607/3607 3359/3359
f 2989/2989 3608/3608 3332/3332
f 3609/3609 3610/3610 3611/3611
f 1354/1354 1353/1353 2218/2218
f 3089/3089 3504/3504 3090/3090
f 3612/3612 2511/2511 3412/3412
f 3613/3613 3614/3614 3615/3615
f 3122/3122 3616/3616 276/276
f 3205/3205 3204/3204 3385/3385
f 16/16 3404/3404 2812/2812
f 3585/3585 2295/2295 2297/2297
f 3540/3540 2248/2248 3617/3617
f 519/519 3565/3565 517/517
f 3496/3496 3495/3495 3618/3618
f 3073/3073 3619/3619 3380/3380
f 2039/2039 3620/3620 2040/2040
f 3621/3621 3622/3622 683/683
f 3343/3343 1270/1270 1940/1940
f 3043/3043 2766/2766 3623/3623
f 3534/3534 1153/1153 3624/3624
f 2759/2759 3001/3001 3556/3556
f 816/816 1326/1326 3625/3625
f 3626/3626 3452/3452 2686/2686
f 2744/2744 3627/3627 3362/3362
f 2858/2858 1147/1147 3283/3283
f 20/20 317/317 3565/3565
f 3628/3628 1303/1303 2743/2743
f 816/816 3625/3625 3583/3583
f 2384/2384 2383/2383 3629/3629
f 301/301 300/300 3557/3557
f 3630/3630 77/77 307/307
f 3102/3102 855/855 537/537
f 1477/1477 1891/1891 180/180
f 205/205 2971/2971 202/202
f 3193/3193 2901/2901 3631/3631
f 1919/1919 1921/1921 3632/3632
f 1853/1853 3428/3428 3633/3633
f 3634/3634 3635/3635 3636/3636
f 3637/3637 3638/3638 3639/3639
f 3305/3305 3640/3640 3641/3641
f 3642/3642 3643/3643 3644/3644
f 3328/3328 683/683 682/682
f 3358/3358 3357/3357 3645/3645
f 3112/3112 3111/3111 3646/3646
f 3326/3326 3325/3325 3647/3647
f 2508/2508 3648/3648 2211/2211
f 317/317 2168/2168 3565/3565
f 180/180 1891/1891 181/181
f 3253/3253 3557/3557 3131/3131
f 2455/2455 2915/2915 2883/2883
f 3649/3649 3650/3650 3651/3651
f 3628/3628 1300/1300 1303/1303
f 1357/1357 3652/3652 2568/2568
f 2595/2595 2711/2711 3570/3570
f 2221/2221 2220/2220 3116/3116
f 1358/1358 1357/1357 2568/2568
f 2698/2698 3135/3135 3653/3653
f 2428/2428 2237/2237 3628/3628
f 3103/3103 3654/3654 3655/3655
f 812/812 811/811 1031/1031
f 1890/1890 560/560 563/563
f 3656/3656 3657/3657 3658/3658
f 866/866 1819/1819 2683/2683
f 3659/3659 3660/3660 2774/2774
f 3661/3661 2989/2989 3079/3079
f 1152/1152 3208/3208 3662/3662
f 3367/3367 995/995 3209/3209
f 710/710 3300/3300 3299/3299
f 3663/3663 3409/3409 3317/3317
f 3637/3637 3664/3664 3638/3638
f 3022/3022 3665/3665 2329/2329
f 1283/1283 1396/1396 643/643
f 3338/3338 3337/3337 3579/3579
f 3666/3666 3025/3025 3374/3374
f 2800/2800 2799/2799 3667/3667
f 1784/1784 789/789 1623/1623
f 2864/2864 3668/3668 3669/3669
f 2243/2243 3367/3367 3670/3670
f 3660/3660 3270/3270 3269/3269
f 1234/1234 1764/1764 1471/1471
f 3671/3671 3672/3672 3673/3673
f 2345/2345 3330/3330 2343/2343
f 2160/2160 2865/2865 2872/2872
f 3466/3466 3674/3674 1602/1602
f 3273/3273 1780/1780 1782/1782
f 3675/3675 3676/3676 3677/3677
f 739/739 738/738 3678/3678
f 1562/1562 1561/1561 3462/3462
f 3283/3283 3015/3015 2706/2706
f 1992/1992 2699/2699 3558/3558
f 2756/2756 2759/2759 3556/3556
f 542/542 3429/3429 132/132
f 3679/3679 3549/3549 3551/3551
f 3018/3018 3402/3402 3473/3473
f 79/79 348/348 3290/3290
f 3412/3412 2511/2511 11/11
f 3475/3475 3513/3513 3476/3476
f 2856/2856 3680/3680 3681/3681
f 2763/2763 3682/3682 3683/3683
f 937/937 1482/1482 938/938
f 2276/2276 2300/2300 2277/2277
f 2526/2526 1390/1390 1393/1393
f 3009/3009 2408/2408 3684/3684
f 2744/2744 3098/3098 3685/3685
f 2329/2329 3686/3686 3687/3687
f 2091/2091 2090/2090 2085/2085
f 2874/2874 3688/3688 2149/2149
f 3247/3247 2962/2962 3283/3283
f 3689/3689 2382/2382 3690/3690
f 3691/3691 3692/3692 3693/3693
f 3660/3660 3269/3269 2774/2774
f 3329/3329 1777/1777 2414/2414
f 1434/1434 2458/2458 1435/1435
f 3694/3694 3695/3695 3696/3696
f 2061/2061 3697/3697 3244/3244
f 3698/3698 3442/3442 3441/3441
f 3051/3051 2428/2428 3628/3628
f 3410/3410 3409/3409 3663/3663
f 3699/3699 3368/3368 2900/2900
f 2431/2431 3592/3592 3700/3700
f 1707/1707 3351/3351 3701/3701
f 3363/3363 3702/3702 2808/2808
f 1431/1431 1430/1430 3453/3453
f 1481/1481 975/975 977/977
f 737/737 2350/2350 738/738
f 3372/3372 3281/3281 3703/3703
f 110/110 2330/2330 3704/3704
f 2856/2856 3681/3681 3239/3239
f 3146/3146 2793/2793 2792/2792
f 3705/3705 3456/3456 2496/2496
f 2293/2293 3706/3706 3530/3530
f 3341/3341 1131/1131 1133/1133
f 3707/3707 1990/1990 3489/3489
f 3708/3708 1535/1535 3709/3709
f 3668/3668 3710/3710 3669/3669
f 3305/3305 692/692 3640/3640
f 1766/1766 2756/2756 3556/3556
f 880/880 377/377 2677/2677
f 3711/3711 3712/3712 3713/3713
f 3714/3714 901/901 904/904
f 3139/3139 3358/3358 3715/3715
f 509/509 2894/2894 3716/3716
f 739/739 3717/3717 736/736
f 3175/3175 3361/3361 3176/3176
f 1153/1153 1152/1152 3624/3624
f 3305/3305 3718/3718 3719/3719
f 2313/2313 3720/3720 3160/3160
f 3628/3628 2743/2743 3721/3721
f 1707/1707 3701/3701 3182/3182
f 3722/3722 3723/3723 3005/3005
f 3724/3724 3620/3620 2039/2039
f 693/693 692/692 3305/3305
f 2405/2405 3517/3517 3725/3725
f 424/424 3379/3379 425/425
f 1200/1200 2474/2474 1201/1201
f 3460/3460 3726/3726 3461/3461
f 3585/3585 974/974 1967/1967
f 2090/2090 2086/2086 2085/2085
f 1896/1896 3516/3516 3059/3059
f 3727/3727 3503/3503 3600/3600
f 3728/3728 3729/3729 3730/3730
f 850/850 849/849 3731/3731
f 1519/1519 1518/1518 3471/3471
f 3713/3713 3712/3712 3732/3732
f 2173/2173 3315/3315 3119/3119
f 3452/3452 729/729 2686/2686
f 2902/2902 477/477 476/476
f 3024/3024 3053/3053 3541/3541
f 3555/3555 3314/3314 2441/2441
f 3733/3733 3734/3734 2965/2965
f 3735/3735 949/949 948/948
f 1060/1060 3284/3284 3736/3736
f 3710/3710 3737/3737 3669/3669
f 3738/3738 3739/3739 3498/3498
f 1283/1283 643/643 642/642
f 3315/3315 704/704 703/703
f 3409/3409 1461/1461 3317/3317
f 3295/3295 3740/3740 3296/3296
f 2451/2451 3485/3485 3289/3289
f 3688/3688 3741/3741 2149/2149
f 3309/3309 506/506 3308/3308
f 3139/3139 3699/3699 2900/2900
f 2497/2497 3573/3573 3403/3403
f 2901/2901 2335/2335 3631/3631
f 2120/2120 3305/3305 3159/3159
f 2218/2218 3401/3401 3742/3742
f 3315/3315 2554/2554 351/351
f 3341/3341 401/401 400/400
f 3676/3676 3743/3743 3677/3677
f 3515/3515 3744/3744 3496/3496
f 2577/2577 3745/3745 2576/2576
f 1796/1796 3108/3108 1851/1851
f 3318/3318 632/632 2955/2955
f 3746/3746 3747/3747 3748/3748
f 3749/3749 1921/1921 2961/2961
f 2552/2552 2571/2571 3750/3750
f 3751/3751 3752/3752 3615/3615
f 1667/1667 3273/3273 1460/1460
f 3315/3315 703/703 2555/2555
f 110/110 3753/3753 1922/1922
f 3246/3246 3426/3426 2962/2962
f 1889/1889 561/561 560/560
f 3249/3249 3754/3754 3250/3250
f 2818/2818 3755/3755 3445/3445
f 1437/1437 2012/2012 1438/1438
f 2521/2521 611/611 610/610
f 1353/1353 3756/3756 3478/3478
f 3757/3757 1919/1919 3632/3632
f 2556/2556 3274/3274 948/948
f 940/940 2065/2065 2503/2503
f 3698/3698 3758/3758 3442/3442
f 3473/3473 3467/3467 3344/3344
f 2411/2411 3570/3570 2410/2410
f 2178/2178 2177/2177 2842/2842
f 3759/3759 3760/3760 593/593
f 1306/1306 1729/1729 3341/3341
f 1438/1438 2012/2012 2014/2014
f 1314/1314 1317/1317 2512/2512
f 2337/2337 3761/3761 3762/3762
f 3204/3204 3203/3203 3383/3383
f 668/668 3258/3258 2847/2847
f 3674/3674 3598/3598 1602/1602
f 3222/3222 3763/3763 3219/3219
f 2818/2818 3445/3445 2815/2815
f 3764/3764 3594/3594 3593/3593
f 927/927 2636/2636 690/690
f 1414/1414 1315/1315 1314/1314
f 3765/3765 3555/3555 3766/3766
f 789/789 788/788 1623/1623
f 3278/3278 3607/3607 2331/2331
f 831/831 1760/1760 3767/3767
f 2067/2067 2218/2218 3765/3765
f 2288/2288 2287/2287 3768/3768
f 536/536 535/535 3769/3769
f 2243/2243 3670/3670 3526/3526
f 2220/2220 3427/3427 3347/3347
f 25/25 28/28 1891/1891
f 1706/1706 1879/1879 3029/3029
f 3446/3446 595/595 3770/3770
f 3575/3575 3569/3569 3771/3771
f 3436/3436 2877/2877 2691/2691
f 1991/1991 3396/3396 2700/2700
f 3452/3452 730/730 729/729
f 3274/3274 949/949 3735/3735
f 595/595 594/594 3770/3770
f 3772/3772 3773/3773 3774/3774
f 523/523 1766/1766 3556/3556
f 443/443 2333/2333 2478/2478
f 3032/3032 693/693 3305/3305
f 2884/2884 3278/3278 2456/2456
f 3691/3691 3441/3441 3775/3775
f 2225/2225 3776/3776 3216/3216
f 1324/1324 3161/3161 1325/1325
f 3777/3777 3464/3464 3778/3778
f 3591/3591 1155/1155 1158/1158
f 2153/2153 1825/1825 1730/1730
f 3341/3341 2529/2529 401/401
f 3518/3518 3524/3524 3355/3355
f 553/553 552/552 2887/2887
f 3779/3779 2763/2763 3683/3683
f 2957/2957 2956/2956 3575/3575
f 1667/1667 1670/1670 3273/3273
f 1203/1203 1202/1202 3208/3208
f 3058/3058 3780/3780 3292/3292
f 1630/1630 2563/2563 1631/1631
f 213/213 2065/2065 940/940
f 3691/3691 3775/3775 3692/3692
f 1353/1353 3478/3478 3400/3400
f 2753/2753 3283/3283 2390/2390
f 1/1 2479/2479 2/2
f 3259/3259 1956/1956 1769/1769
f 650/650 2875/2875 651/651
f 596/596 595/595 3446/3446
f 3781/3781 543/543 546/546
f 3782/3782 2288/2288 3768/3768
f 3492/3492 3783/3783 3493/3493
f 3393/3393 3784/3784 3109/3109
f 19/19 2552/2552 3505/3505
f 2870/2870 1241/1241 1240/1240
f 106/106 2763/2763 3779/3779
f 3690/3690 2382/2382 2381/2381
f 3785/3785 3786/3786 2775/2775
f 2329/2329 3687/3687 2330/2330
f 3787/3787 3756/3756 1353/1353
f 3377/3377 3738/3738 3498/3498
f 3788/3788 3708/3708 3789/3789
f 3639/3639 3790/3790 3572/3572
f 3791/3791 3117/3117 3359/3359
f 3337/3337 575/575 3011/3011
f 2727/2727 3585/3585 2297/2297
f 3318/3318 2955/2955 1101/1101
f 1289/1289 3628/3628 1286/1286
f 3371/3371 3792/3792 2286/2286
f 3109/3109 3449/3449 3110/3110
f 610/610 609/609 2725/2725
f 3793/3793 3794/3794 2496/2496
f 3124/3124 3601/3601 1486/1486
f 3356/3356 3510/3510 3357/3357
f 2568/2568 3795/3795 3796/3796
f 2434/2434 2400/2400 2399/2399
f 3239/3239 814/814 813/813
f 2226/2226 3266/3266 2224/2224
f 2453/2453 1154/1154 3533/3533
f 3666/3666 3026/3026 3025/3025
f 3283/3283 2471/2471 571/571
f 1128/1128 1376/1376 2210/2210
f 3433/3433 3797/3797 3798/3798
f 1756/1756 1673/1673 2342/2342
f 3564/3564 3092/3092 3799/3799
f 3259/3259 1955/1955 1956/1956
f 1603/1603 3186/3186 3800/3800
f 3418/3418 3801/3801 1354/1354
f 2847/2847 3597/3597 2848/2848
f 3334/3334 1375/1375 1755/1755
f 2744/2744 3685/3685 3627/3627
f 2711/2711 3214/3214 3570/3570
f 2293/2293 3525/3525 3706/3706
f 3103/3103 2517/2517 3654/3654
f 255/255 2575/2575 3802/3802
f 2218/2218 3742/3742 3803/3803
f 2824/2824 514/514 513/513
f 3759/3759 593/593 596/596
f 3663/3663 3317/3317 3575/3575
f 3551/3551 3498/3498 3739/3739
f 389/389 388/388 3804/3804
f 3638/3638 3664/3664 3790/3790
f 2721/2721 3552/3552 2722/2722
f 1631/1631 2563/2563 2564/2564
f 2535/2535 664/664 3231/3231
f 3221/3221 3220/3220 3321/3321
f 895/895 301/301 3253/3253
f 2410/2410 3570/3570 2072/2072
f 519/519 17/17 3565/3565
f 3805/3805 3806/3806 3807/3807
f 3017/3017 3808/3808 3402/3402
f 1449/1449 1452/1452 3809/3809
f 3131/3131 1753/1753 1752/1752
f 2198/2198 3263/3263 2810/2810
f 3256/3256 2444/2444 2443/2443
f 3682/3682 3272/3272 3672/3672
f 1903/1903 2442/2442 1405/1405
f 1233/1233 1764/1764 1234/1234
f 3490/3490 3810/3810 3491/3491
f 523/523 3556/3556 520/520
f 3811/3811 3705/3705 2496/2496
f 3283/3283 1146/1146 2471/2471
f 2464/2464 2993/2993 2462/2462
f 3794/3794 3811/3811 2496/2496
f 1457/1457 3273/3273 1227/1227
f 2552/2552 3750/3750 3505/3505
f 927/927 1246/1246 2636/2636
f 3343/3343 2362/2362 2364/2364
f 622/622 625/625 2165/2165
f 3441/3441 3444/3444 3775/3775
f 3812/3812 3003/3003 3813/3813
f 2325/2325 3616/3616 3122/3122
f 3256/3256 1719/1719 1718/1718
f 3308/3308 506/506 2458/2458
f 1891/1891 28/28 2264/2264
f 3079/3079 3333/3333 3602/3602
f 2654/2654 2479/2479 1/1
f 536/536 513/513 516/516
f 2431/2431 3700/3700 2432/2432
f 3556/3556 3001/3001 3814/3814
f 3801/3801 1355/1355 1354/1354
f 3256/3256 2538/2538 1719/1719
f 415/415 3485/3485 1484/1484
f 1414/1414 1314/1314 2512/2512
f 3591/3591 1158/1158 3815/3815
f 2595/2595 3570/3570 2411/2411
f 345/345 3816/3816 3562/3562
f 3817/3817 1219/1219 1218/1218
f 2703/2703 3818/3818 2701/2701
f 3679/3679 3819/3819 3549/3549
f 3820/3820 3777/3777 3778/3778
f 1460/1460 3273/3273 1457/1457
f 3821/3821 3822/3822 3823/3823
f 1029/1029 1028/1028 1321/1321
f 658/658 1438/1438 659/659
f 2609/2609 2642/2642 2610/2610
f 3416/3416 1117/1117 1119/1119
f 548/548 3263/3263 774/774
f 3824/3824 3515/3515 1896/1896
f 2457/2457 2456/2456 1574/1574
f 3786/3786 3825/3825 2775/2775
f 2951/2951 3437/3437 2952/2952
f 2865/2865 2864/2864 3669/3669
f 2809/2809 2808/2808 3571/3571
f 3283/3283 571/571 570/570
f 666/666 3346/3346 3225/3225
f 2343/2343 3330/3330 2005/2005
f 3553/3553 2511/2511 3612/3612
f 3652/3652 3795/3795 2568/2568
f 509/509 3716/3716 2914/2914
f 444/444 697/697 441/441
f 3109/3109 3784/3784 3448/3448
f 3826/3826 3785/3785 2775/2775
f 3385/3385 3384/3384 3827/3827
f 3828/3828 534/534 533/533
f 2329/2329 3665/3665 3686/3686
f 547/547 3263/3263 548/548
f 3790/3790 3403/3403 3573/3573
f 3825/3825 2776/2776 2775/2775
f 3734/3734 2169/2169 1513/1513
f 1747/1747 2172/2172 1695/1695
f 1603/1603 3829/3829 3055/3055
f 2865/2865 3669/3669 3500/3500
f 2937/2937 3256/3256 2119/2119
f 3830/3830 3831/3831 3832/3832
f 2649/2649 3472/3472 3833/3833
f 3329/3329 827/827 826/826
f 1432/1432 1922/1922 3235/3235
f 3834/3834 1580/1580 1380/1380
f 3315/3315 2555/2555 2554/2554
f 3025/3025 3024/3024 3541/3541
f 3256/3256 2443/2443 2538/2538
f 3486/3486 1473/1473 3480/3480
f 3564/3564 3799/3799 3388/3388
f 2601/2601 827/827 3329/3329
f 2196/2196 2624/2624 3339/3339
f 930/930 929/929 3342/3342
f 3434/3434 3724/3724 2039/2039
f 819/819 745/745 744/744
f 3508/3508 3835/3835 3509/3509
f 1732/1732 745/745 248/248
f 2404/2404 847/847 846/846
f 3836/3836 1020/1020 1023/1023
f 1283/1283 2505/2505 1397/1397
f 3591/3591 3837/3837 3535/3535
f 3274/3274 3735/3735 948/948
f 2802/2802 3690/3690 3838/3838
f 2531/2531 3447/3447 3839/3839
f 774/774 3263/3263 2198/2198
f 3484/3484 75/75 3606/3606
f 2067/2067 3554/3554 3406/3406
f 3315/3315 351/351 350/350
f 2772/2772 3541/3541 2771/2771
f 3283/3283 570/570 3015/3015
f 2939/2939 3176/3176 3265/3265
f 3305/3305 3719/3719 3306/3306
f 3632/3632 1921/1921 3749/3749
f 2977/2977 2817/2817 1005/1005
f 3840/3840 3841/3841 3842/3842
f 3843/3843 3844/3844 3845/3845
f 2771/2771 3541/3541 3152/3152
f 677/677 3305/3305 2120/2120
f 3790/3790 3573/3573 3572/3572
f 1830/1830 3051/3051 3628/3628
f 683/683 3622/3622 1517/1517
f 2159/2159 2919/2919 3305/3305
f 3551/3551 3499/3499 3498/3498
f 3698/3698 3441/3441 3691/3691
f 1749/1749 3224/3224 3846/3846
f 2940/2940 3266/3266 2226/2226
f 508/508 3427/3427 2220/2220
f 1318/1318 3847/3847 1561/1561
f 1889/1889 560/560 1890/1890
f 1463/1463 2361/2361 1464/1464
f 3433/3433 3432/3432 3797/3797
f 1608/1608 3668/3668 2864/2864
f 3329/3329 826/826 1777/1777
f 2149/2149 3741/3741 2150/2150
f 3027/3027 3714/3714 904/904
f 3397/3397 864/864 863/863
f 3510/3510 3509/3509 3357/3357
f 2945/2945 1515/1515 2946/2946
f 2110/2110 2911/2911 3437/3437
f 2962/2962 2858/2858 3283/3283
f 3756/3756 3848/3848 3478/3478
f 388/388 3430/3430 3804/3804
f 3849/3849 2671/2671 2670/2670
f 3485/3485 1485/1485 1484/1484
f 3061/3061 3850/3850 3079/3079
f 3851/3851 3852/3852 3853/3853
f 3355/3355 3524/3524 3356/3356
f 3854/3854 3855/3855 2244/2244
f 3259/3259 1000/1000 999/999
f 2752/2752 1530/1530 3062/3062
f 2651/2651 1993/1993 1992/1992
f 929/929 1818/1818 3342/3342
f 1429/1429 3581/3581 3423/3423
f 3583/3583 3856/3856 3331/3331
f 3311/3311 3857/3857 3312/3312
f 3499/3499 3550/3550 3858/3858
f 3614/3614 3751/3751 3615/3615
f 1638/1638 2286/2286 3438/3438
f 3343/3343 1940/1940 3859/3859
f 3860/3860 3861/3861 3862/3862
f 131/131 130/130 3863/3863
f 3585/3585 2417/2417 971/971
f 3280/3280 1462/1462 3410/3410
f 1158/1158 3260/3260 3815/3815
f 3436/3436 2691/2691 1462/1462
f 3037/3037 3047/3047 1679/1679
f 3095/3095 3836/3836 1023/1023
f 1486/1486 3864/3864 3390/3390
f 3684/3684 2408/2408 3865/3865
f 3493/3493 3703/3703 3494/3494
f 3081/3081 3025/3025 3541/3541
f 1948/1948 3416/3416 1119/1119
f 2892/2892 2685/2685 2684/2684
f 1067/1067 940/940 1704/1704
f 1516/1516 1515/1515 2945/2945
f 3866/3866 3867/3867 3868/3868
f 255/255 3802/3802 2475/2475
f 1427/1427 1087/1087 1086/1086
f 3449/3449 546/546 3869/3869
f 1786/1786 3454/3454 3434/3434
f 2531/2531 3839/3839 2625/2625
f 516/516 515/515 3102/3102
f 3708/3708 3709/3709 3789/3789
f 1862/1862 1864/1864 3570/3570
f 131/131 3863/3863 3447/3447
f 3870/3870 3871/3871 3408/3408
f 3872/3872 2575/2575 3802/3802
f 2763/2763 3272/3272 3682/3682
f 3873/3873 3874/3874 3875/3875
f 17/17 20/20 3565/3565
f 428/428 3876/3876 3528/3528
f 3318/3318 2354/2354 2353/2353
f 3877/3877 3408/3408 3871/3871
f 3809/3809 3103/3103 3655/3655
f 684/684 1516/1516 2945/2945
f 3878/3878 3879/3879 3880/3880
f 3248/3248 2226/2226 3425/3425
f 3723/3723 3006/3006 3005/3005
f 2965/2965 3734/3734 1685/1685
f 2847/2847 2846/2846 3303/3303
f 3090/3090 3503/3503 3727/3727
f 3430/3430 2439/2439 2819/2819
f 255/255 254/254 2575/2575
f 702/702 3274/3274 2556/2556
f 3315/3315 681/681 684/684
f 3361/3361 2825/2825 3265/3265
f 2067/2067 3765/3765 3766/3766
f 3725/3725 3517/3517 3881/3881
f 3820/3820 3463/3463 3882/3882
f 3452/3452 2284/2284 730/730
f 3276/3276 3883/3883 2844/2844
f 74/74 77/77 3630/3630
f 3662/3662 3208/3208 3884/3884
f 3339/3339 2446/2446 1931/1931
f 345/345 2134/2134 3816/3816
f 3010/3010 3408/3408 3877/3877
f 3768/3768 3683/3683 3682/3682
f 2287/2287 3885/3885 3768/3768
f 3624/3624 1152/1152 3662/3662
f 3886/3886 1573/1573 1575/1575
f 2185/2185 907/907 3887/3887
f 2796/2796 2795/2795 3417/3417
f 2218/2218 3803/3803 3765/3765
f 3644/3644 3643/3643 3888/3888
f 1169/1169 3072/3072 1124/1124
f 2871/2871 3487/3487 2910/2910
f 2250/2250 2249/2249 3604/3604
f 3703/3703 3281/3281 3280/3280
f 3433/3433 3798/3798 3889/3889
f 3586/3586 1990/1990 3707/3707
f 830/830 3326/3326 1759/1759
f 3416/3416 3543/3543 3483/3483
f 2225/2225 739/739 3890/3890
f 2213/2213 1264/1264 1263/1263
f 3554/3554 3766/3766 3555/3555
f 2575/2575 3324/3324 3891/3891
f 2906/2906 1403/1403 926/926
f 3482/3482 3283/3283 2753/2753
f 3283/3283 958/958 2390/2390
f 743/743 3892/3892 379/379
f 2408/2408 3893/3893 3865/3865
f 1283/1283 1397/1397 1396/1396
f 3528/3528 3894/3894 3529/3529
f 1822/1822 100/100 103/103
f 3429/3429 3895/3895 1755/1755
f 3341/3341 1133/1133 2997/2997
f 795/795 1040/1040 796/796
f 1192/1192 1473/1473 3486/3486
f 3768/3768 3885/3885 3683/3683
f 3176/3176 3361/3361 3265/3265
f 3896/3896 2184/2184 2185/2185
f 3259/3259 999/999 2299/2299
f 2294/2294 2293/2293 3530/3530
f 3734/3734 1513/1513 1512/1512
f 3178/3178 3177/3177 3352/3352
f 739/739 3678/3678 3890/3890
f 1061/1061 3063/3063 3106/3106
f 3897/3897 3385/3385 3827/3827
f 2249/2249 3337/3337 3011/3011
f 3146/3146 3898/3898 3147/3147
f 3553/3553 50/50 2511/2511
f 3343/3343 707/707 2362/2362
f 3639/3639 3572/3572 2497/2497
f 2099/2099 3355/3355 3138/3138
f 3289/3289 3899/3899 415/415
f 2919/2919 3032/3032 3305/3305
f 2408/2408 163/163 3893/3893
f 3900/3900 2579/2579 2578/2578
f 2669/2669 2672/2672 3327/3327
f 2802/2802 3689/3689 3690/3690
f 3787/3787 1353/1353 1356/1356
f 2575/2575 3891/3891 3802/3802
f 1562/1562 3462/3462 3324/3324
f 3061/3061 3366/3366 3850/3850
f 3448/3448 3781/3781 546/546
f 683/683 1516/1516 684/684
f 3744/3744 3497/3497 3496/3496
f 3778/3778 3464/3464 3463/3463
f 1535/1535 1534/1534 3709/3709
f 3494/3494 3703/3703 3280/3280
f 3753/3753 3235/3235 1922/1922
f 2773/2773 3659/3659 2774/2774
f 1930/1930 3339/3339 1931/1931
f 2268/2268 3451/3451 3901/3901
f 3902/3902 3903/3903 3904/3904
f 2989/2989 2988/2988 3608/3608
f 2804/2804 1390/1390 2526/2526
f 2005/2005 3330/3330 844/844
f 1558/1558 2950/2950 1559/1559
f 3545/3545 3548/3548 3905/3905
f 2237/2237 1300/1300 3628/3628
f 3317/3317 3316/3316 3575/3575
f 2352/2352 2351/2351 3097/3097
f 3009/3009 2409/2409 2408/2408
f 3562/3562 3816/3816 2134/2134
f 2289/2289 2288/2288 3782/3782
f 98/98 97/97 3906/3906
f 3493/3493 3372/3372 3703/3703
f 1026/1026 1025/1025 1541/1541
f 394/394 506/506 3309/3309
f 3597/3597 3563/3563 2848/2848
f 3305/3305 3641/3641 3718/3718
f 2197/2197 3339/3339 1930/1930
f 926/926 689/689 3044/3044
f 868/868 3907/3907 2102/2102
f 3254/3254 3255/3255 3908/3908
f 1430/1430 3424/3424 3453/3453
f 3256/3256 2515/2515 582/582
f 3418/3418 1354/1354 2066/2066
f 868/868 3603/3603 3907/3907
f 3639/3639 3638/3638 3790/3790
f 2067/2067 3406/3406 3407/3407
f 3909/3909 3910/3910 3911/3911
f 3343/3343 58/58 707/707
f 3820/3820 3778/3778 3463/3463
f 3081/3081 3541/3541 2772/2772
f 937/937 626/626 1482/1482
f 3507/3507 3912/3912 3508/3508
f 3023/3023 3519/3519 3277/3277
f 2954/2954 2953/2953 3197/3197
f 3913/3913 3914/3914 3915/3915
f 2265/2265 2268/2268 3901/3901
f 3202/3202 2531/2531 3185/3185
f 746/746 3892/3892 743/743
f 3642/3642 3644/3644 3916/3916
f 80/80 3291/3291 3458/3458
f 2802/2802 3838/3838 2803/2803
f 3318/3318 1101/1101 1100/1100
f 2161/2161 2873/2873 3917/3917
f 3672/3672 3272/3272 3673/3673
f 2384/2384 3629/3629 3752/3752
f 3918/3918 3919/3919 277/277
f 3920/3920 3419/3419 3422/3422
f 2067/2067 3766/3766 3554/3554
f 3552/3552 1333/1333 3921/3921
f 3232/3232 106/106 3779/3779
f 313/313 539/539 314/314
f 3112/3112 3646/3646 3922/3922
f 1486/1486 1485/1485 3864/3864
f 3265/3265 536/536 3769/3769
f 507/507 3350/3350 508/508
f 2325/2325 276/276 3616/3616
f 3254/3254 3908/3908 3923/3923
f 474/474 303/303 306/306
f 3924/3924 2698/2698 3653/3653
f 2196/2196 3339/3339 2197/2197
f 1828/1828 914/914 913/913
f 3919/3919 307/307 277/277
f 3334/3334 1755/1755 3895/3895
f 1559/1559 2631/2631 2630/2630
f 739/739 2224/2224 3717/3717
f 2286/2286 3792/3792 3438/3438
f 3256/3256 1718/1718 2119/2119
f 547/547 2646/2646 3263/3263
f 415/415 3899/3899 3485/3485
f 3259/3259 3052/3052 1955/1955
f 3925/3925 3926/3926 3927/3927
f 938/938 1482/1482 1483/1483
f 1830/1830 3628/3628 1289/1289
f 449/449 1754/1754 450/450
f 3734/3734 2170/2170 2169/2169
f 3834/3834 1581/1581 1580/1580
f 3344/3344 3469/3469 3345/3345
f 3263/3263 146/146 145/145
f 3734/3734 1512/1512 1685/1685
f 3928/3928 3343/3343 3859/3859
f 3502/3502 347/347 3929/3929
f 3752/3752 3629/3629 3615/3615
f 3289/3289 3485/3485 3899/3899
f 1062/1062 3107/3107 3374/3374
f 2566/2566 2142/2142 2141/2141
f 3316/3316 2957/2957 3575/3575
f 3255/3255 387/387 390/390
f 3091/3091 3090/3090 3727/3727
f 3869/3869 546/546 3930/3930
f 3248/3248 2940/2940 2226/2226
f 3931/3931 3932/3932 3933/3933
f 3793/3793 2496/2496 15/15
f 2025/2025 1919/1919 3757/3757
f 3516/3516 3496/3496 3618/3618
f 473/473 303/303 474/474
f 1452/1452 3103/3103 3809/3809
f 3934/3934 3674/3674 3466/3466
f 242/242 3245/3245 3935/3935
f 1695/1695 2880/2880 1694/1694
f 3523/3523 3518/3518 2532/2532
f 751/751 3212/3212 3257/3257
f 2220/2220 669/669 672/672
f 110/110 3704/3704 3753/3753
f 2337/2337 3762/3762 3936/3936
f 3265/3265 513/513 536/536
f 2337/2337 3936/3936 2338/2338
f 462/462 477/477 2902/2902
f 545/545 3450/3450 546/546
f 2061/2061 3293/3293 3697/3697
f 1461/1461 3129/3129 2958/2958
f 3341/3341 400/400 1131/1131
f 844/844 3330/3330 841/841
f 3594/3594 3937/3937 3595/3595
f 1060/1060 3736/3736 1441/1441
f 3004/3004 3003/3003 3812/3812
f 3079/3079 3602/3602 868/868
f 3855/3855 2850/2850 2244/2244
f 3457/3457 3639/3639 2497/2497
f 2248/2248 3338/3338 2249/2249
f 3585/3585 971/971 974/974
f 202/202 2970/2970 3938/3938
f 1441/1441 3736/3736 3939/3939
f 2812/2812 3918/3918 277/277
f 443/443 442/442 2333/2333
f 3940/3940 3941/3941 3942/3942
f 3942/3942 3943/3943 3940/3940
f 3944/3944 3945/3945 3946/3946
f 3946/3946 3947/3947 3944/3944
f 3948/3948 3949/3949 3950/3950
f 3950/3950 3951/3951 3948/3948
f 3952/3952 3953/3953 3954/3954
f 3954/3954 3955/3955 3952/3952
f 3956/3956 3957/3957 3958/3958
f 3958/3958 3959/3959 3956/3956
f 3960/3960 3961/3961 3962/3962
f 3962/3962 3963/3963 3960/3960
f 3964/3964 3965/3965 3966/3966
f 3966/3966 3967/3967 3964/3964
f 3968/3968 3969/3969 3970/3970
f 3970/3970 3971/3971 3968/3968
f 3972/3972 3973/3973 3974/3974
f 3974/3974 3975/3975 3972/3972
f 3976/3976 3977/3977 3978/3978
f 3978/3978 3979/3979 3976/3976
f 3980/3980 3981/3981 3982/3982
f 3982/3982 3983/3983 3980/3980
f 3984/3984 3985/3985 3986/3986
f 3986/3986 3987/3987 3984/3984
f 3988/3988 3989/3989 3990/3990
f 3990/3990 3991/3991 3988/3988
f 3992/3992 3993/3993 3994/3994
f 3994/3994 3995/3995 3992/3992
f 3996/3996 3997/3997 3998/3998
f 3998/3998 3999/3999 3996/3996
f 4000/4000 4001/4001 4002/4002
f 4002/4002 4003/4003 4000/4000
f 4004/4004 4005/4005 4006/4006
f 4006/4006 4007/4007 4004/4004
f 4008/4008 4009/4009 4010/4010
f 4010/4010 4011/4011 4008/4008
f 4012/4012 4013/4013 4014/4014
f 4014/4014 4015/4015 4012/4012
f 4016/4016 4017/4017 4018/4018
f 4018/4018 4019/4019 4016/4016
f 4020/4020 4021/4021 4022/4022
f 4022/4022 4023/4023 4020/4020
f 4024/4024 4025/4025 4026/4026
f 4026/4026 4027/4027 4024/4024
f 4028/4028 4029/4029 4030/4030
f 4030/4030 4031/4031 4028/4028
f 4032/4032 4000/4000 4003/4003
f 4003/4003 4033/4033 4032/4032
f 4034/4034 4035/4035 4036/4036
f 4036/4036 4037/4037 4034/4034
f 4038/4038 4039/4039 4040/4040
f 4040/4040 4041/4041 4038/4038
f 4042/4042 4043/4043 4044/4044
f 4044/4044 4045/4045 4042/4042
f 4046/4046 4047/4047 4048/4048
f 4048/4048 4049/4049 4046/4046
f 4050/4050 4051/4051 4052/4052
f 4052/4052 4053/4053 4050/4050
f 4054/4054 4055/4055 4056/4056
f 4056/4056 4057/4057 4054/4054
f 4058/4058 4059/4059 4060/4060
f 4060/4060 4061/4061 4058/4058
f 4062/4062 4063/4063 4064/4064
f 4064/4064 4065/4065 4062/4062
f 3992/3992 4036/4036 4066/4066
f 4066/4066 3993/3993 3992/3992
f 4067/4067 4068/4068 4069/4069
f 4069/4069 4070/4070 4067/4067
f 4014/4014 4071/4071 4072/4072
f 4072/4072 4073/4073 4014/4014
f 4074/4074 4075/4075 4076/4076
f 4076/4076 4077/4077 4074/4074
f 4078/4078 4079/4079 4080/4080
f 4080/4080 4081/4081 4078/4078
f 4082/4082 4083/4083 3977/3977
f 3977/3977 3976/3976 4082/4082
f 4084/4084 4085/4085 4086/4086
f 4086/4086 4087/4087 4084/4084
f 4088/4088 4012/4012 4089/4089
f 4089/4089 4090/4090 4088/4088
f 4091/4091 4092/4092 3940/3940
f 3940/3940 4093/4093 4091/4091
f 4094/4094 4095/4095 4096/4096
f 4096/4096 4097/4097 4094/4094
f 3958/3958 4098/4098 4099/4099
f 4099/4099 4100/4100 3958/3958
f 4101/4101 4102/4102 4103/4103
f 4103/4103 4104/4104 4101/4101
f 4105/4105 4106/4106 4107/4107
f 4107/4107 4108/4108 4105/4105
f 4109/4109 4110/4110 4111/4111
f 4111/4111 4112/4112 4109/4109
f 4113/4113 4114/4114 4115/4115
f 4115/4115 4116/4116 4113/4113
f 4117/4117 4118/4118 4119/4119
f 4120/4120 4121/4121 4122/4122
f 4123/4123 4124/4124 4125/4125
f 4125/4125 4126/4126 4123/4123
f 4127/4127 4128/4128 4129/4129
f 4129/4129 4130/4130 4127/4127
f 4131/4131 4132/4132 4133/4133
f 4133/4133 4134/4134 4131/4131
f 4135/4135 4136/4136 4137/4137
f 4137/4137 4138/4138 4135/4135
f 4139/4139 4140/4140 4141/4141
f 4141/4141 4060/4060 4139/4139
f 4142/4142 4143/4143 4144/4144
f 4144/4144 4145/4145 4142/4142
f 4146/4146 4147/4147 4148/4148
f 4148/4148 4149/4149 4146/4146
f 4150/4150 4151/4151 4152/4152
f 4152/4152 4153/4153 4150/4150
f 4154/4154 4155/4155 4156/4156
f 4156/4156 4157/4157 4154/4154
f 4158/4158 4159/4159 4160/4160
f 4160/4160 4161/4161 4158/4158
f 4162/4162 4163/4163 4164/4164
f 4164/4164 4165/4165 4162/4162
f 4124/4124 4166/4166 4167/4167
f 4167/4167 4125/4125 4124/4124
f 4168/4168 4169/4169 4063/4063
f 4063/4063 4062/4062 4168/4168
f 4170/4170 4135/4135 4138/4138
f 4138/4138 4171/4171 4170/4170
f 4172/4172 4173/4173 4174/4174
f 4174/4174 4175/4175 4172/4172
f 4176/4176 4177/4177 4178/4178
f 4178/4178 4179/4179 4176/4176
f 4180/4180 4181/4181 4182/4182
f 4182/4182 4183/4183 4180/4180
f 4184/4184 4185/4185 4186/4186
f 4186/4186 4187/4187 4184/4184
f 4188/4188 4189/4189 4190/4190
f 4190/4190 4191/4191 4188/4188
f 4088/4088 4058/4058 4061/4061
f 4061/4061 4192/4192 4088/4088
f 4193/4193 4194/4194 4195/4195
f 4195/4195 4196/4196 4193/4193
f 4197/4197 4198/4198 4199/4199
f 4199/4199 4200/4200 4197/4197
f 4201/4201 4202/4202 4203/4203
f 4203/4203 4160/4160 4201/4201
f 4204/4204 4205/4205 3962/3962
f 3962/3962 3961/3961 4204/4204
f 4194/4194 4206/4206 4207/4207
f 4207/4207 4195/4195 4194/4194
f 4208/4208 3980/3980 3983/3983
f 3983/3983 4209/4209 4208/4208
f 4210/4210 4211/4211 3955/3955
f 3955/3955 4212/4212 4210/4210
f 4213/4213 4214/4214 4215/4215
f 4215/4215 4216/4216 4213/4213
f 4217/4217 4218/4218 4110/4110
f 4110/4110 4109/4109 4217/4217
f 4219/4219 4220/4220 4221/4221
f 4221/4221 4222/4222 4219/4219
f 4223/4223 4181/4181 4224/4224
f 4224/4224 4225/4225 4223/4223
f 4226/4226 4227/4227 4228/4228
f 4228/4228 4229/4229 4226/4226
f 3945/3945 4230/4230 4231/4231
f 4231/4231 3946/3946 3945/3945
f 4232/4232 4233/4233 4234/4234
f 4234/4234 4235/4235 4232/4232
f 4224/4224 4236/4236 4237/4237
f 4237/4237 4238/4238 4224/4224
f 4239/4239 4240/4240 4241/4241
f 4241/4241 4242/4242 4239/4239
f 3965/3965 4243/4243 4222/4222
f 4222/4222 4244/4244 3965/3965
f 4245/4245 4246/4246 4247/4247
f 4247/4247 4248/4248 4245/4245
f 4249/4249 4250/4250 4251/4251
f 4251/4251 4076/4076 4249/4249
f 4252/4252 4253/4253 4039/4039
f 4039/4039 4038/4038 4252/4252
f 4254/4254 4057/4057 4255/4255
f 4255/4255 4256/4256 4254/4254
f 4257/4257 4258/4258 4259/4259
f 4260/4260 4261/4261 4262/4262
f 4263/4263 4264/4264 3985/3985
f 3985/3985 3947/3947 4263/4263
f 4265/4265 4266/4266 4102/4102
f 4102/4102 4101/4101 4265/4265
f 3947/3947 3946/3946 4267/4267
f 4267/4267 4263/4263 3947/3947
f 4268/4268 4269/4269 4270/4270
f 4270/4270 4271/4271 4268/4268
f 4272/4272 4273/4273 4274/4274
f 4274/4274 4275/4275 4272/4272
f 4276/4276 4227/4227 4226/4226
f 4226/4226 4205/4205 4276/4276
f 4164/4164 4197/4197 4200/4200
f 4200/4200 4277/4277 4164/4164
f 4278/4278 4279/4279 4280/4280
f 4280/4280 4281/4281 4278/4278
f 3973/3973 4282/4282 4283/4283
f 4283/4283 3974/3974 3973/3973
f 4284/4284 4285/4285 4286/4286
f 4286/4286 4287/4287 4284/4284
f 4288/4288 4289/4289 4281/4281
f 4281/4281 4280/4280 4288/4288
f 4053/4053 4052/4052 4290/4290
f 4290/4290 4291/4291 4053/4053
f 4292/4292 4293/4293 4058/4058
f 4058/4058 4090/4090 4292/4292
f 4294/4294 4295/4295 4296/4296
f 4296/4296 4297/4297 4294/4294
f 4007/4007 4006/4006 4298/4298
f 4298/4298 4299/4299 4007/4007
f 4300/4300 4301/4301 4302/4302
f 4302/4302 4303/4303 4300/4300
f 4304/4304 4305/4305 4003/4003
f 4003/4003 4002/4002 4304/4304
f 4306/4306 4307/4307 4308/4308
f 4308/4308 4309/4309 4306/4306
f 4013/4013 4310/4310 4311/4311
f 4311/4311 4312/4312 4013/4013
f 3986/3986 4313/4313 4314/4314
f 4314/4314 3987/3987 3986/3986
f 4315/4315 4316/4316 4317/4317
f 4317/4317 4318/4318 4315/4315
f 3959/3959 3958/3958 4100/4100
f 4100/4100 4319/4319 3959/3959
f 3988/3988 4320/4320 3953/3953
f 3953/3953 3952/3952 3988/3988
f 4118/4118 4117/4117 4321/4321
f 4321/4321 4322/4322 4118/4118
f 4267/4267 3946/3946 4231/4231
f 4231/4231 4323/4323 4267/4267
f 4324/4324 4325/4325 4326/4326
f 4326/4326 4327/4327 4324/4324
f 3981/3981 4328/4328 4329/4329
f 4329/4329 3982/3982 3981/3981
f 4330/4330 4331/4331 4261/4261
f 4261/4261 4332/4332 4330/4330
f 4230/4230 4333/4333 4334/4334
f 4334/4334 4231/4231 4230/4230
f 4335/4335 4336/4336 4337/4337
f 4337/4337 4338/4338 4335/4335
f 4191/4191 4339/4339 4340/4340
f 4340/4340 4188/4188 4191/4191
f 4341/4341 3959/3959 4319/4319
f 4319/4319 4342/4342 4341/4341
f 4343/4343 4344/4344 4345/4345
f 4345/4345 4346/4346 4343/4343
f 4347/4347 4268/4268 4271/4271
f 4271/4271 4348/4348 4347/4347
f 4165/4165 4164/4164 4277/4277
f 4277/4277 4349/4349 4165/4165
f 4048/4048 4350/4350 4351/4351
f 4351/4351 4352/4352 4048/4048
f 4039/4039 4353/4353 4354/4354
f 4354/4354 4040/4040 4039/4039
f 4355/4355 4176/4176 4179/4179
f 4179/4179 4356/4356 4355/4355
f 4173/4173 4042/4042 4045/4045
f 4045/4045 4174/4174 4173/4173
f 4357/4357 4358/4358 4359/4359
f 4359/4359 4360/4360 4357/4357
f 4361/4361 4362/4362 4363/4363
f 4363/4363 4364/4364 4361/4361
f 4307/4307 4365/4365 4366/4366
f 4366/4366 4308/4308 4307/4307
f 4351/4351 4367/4367 4368/4368
f 4368/4368 4369/4369 4351/4351
f 4112/4112 4111/4111 4370/4370
f 4370/4370 4371/4371 4112/4112
f 4117/4117 4372/4372 4373/4373
f 4373/4373 4321/4321 4117/4117
f 4374/4374 4375/4375 4011/4011
f 4011/4011 3970/3970 4374/4374
f 4376/4376 4377/4377 4083/4083
f 4083/4083 4082/4082 4376/4376
f 4378/4378 4379/4379 4128/4128
f 4128/4128 4127/4127 4378/4378
f 4380/4380 4381/4381 4379/4379
f 4379/4379 4378/4378 4380/4380
f 4181/4181 4223/4223 4382/4382
f 4382/4382 4182/4182 4181/4181
f 4383/4383 4028/4028 4031/4031
f 4031/4031 4384/4384 4383/4383
f 4151/4151 4208/4208 4209/4209
f 4209/4209 4152/4152 4151/4151
f 4181/4181 4180/4180 4236/4236
f 4236/4236 4224/4224 4181/4181
f 4027/4027 4026/4026 4385/4385
f 4385/4385 4386/4386 4027/4027
f 4387/4387 4084/4084 4087/4087
f 4087/4087 4344/4344 4387/4387
f 4113/4113 4388/4388 4389/4389
f 4389/4389 4114/4114 4113/4113
f 4390/4390 4391/4391 4392/4392
f 4392/4392 4393/4393 4390/4390
f 4226/4226 4229/4229 4239/4239
f 4239/4239 4394/4394 4226/4226
f 4233/4233 4395/4395 4396/4396
f 4396/4396 4234/4234 4233/4233
f 4305/4305 4397/4397 4033/4033
f 4033/4033 4003/4003 4305/4305
f 4398/4398 4399/4399 4369/4369
f 4369/4369 4400/4400 4398/4398
f 4375/4375 4401/4401 4402/4402
f 4402/4402 4008/4008 4375/4375
f 3962/3962 4394/4394 4403/4403
f 4403/4403 3963/3963 3962/3962
f 4404/4404 4405/4405 4406/4406
f 4406/4406 4407/4407 4404/4404
f 4408/4408 4409/4409 4284/4284
f 4284/4284 4410/4410 4408/4408
f 4302/4302 4287/4287 4411/4411
f 4411/4411 4303/4303 4302/4302
f 4316/4316 4412/4412 4413/4413
f 4413/4413 4317/4317 4316/4316
f 4414/4414 4415/4415 4341/4341
f 4341/4341 4017/4017 4414/4414
f 4416/4416 4417/4417 4134/4134
f 4134/4134 4418/4418 4416/4416
f 4419/4419 4420/4420 4025/4025
f 4025/4025 4024/4024 4419/4419
f 4301/4301 4300/4300 4421/4421
f 4421/4421 4422/4422 4301/4301
f 4423/4423 4424/4424 4204/4204
f 4204/4204 4169/4169 4423/4423
f 4102/4102 4425/4425 4426/4426
f 4426/4426 4103/4103 4102/4102
f 4266/4266 4427/4427 4425/4425
f 4425/4425 4102/4102 4266/4266
f 4394/4394 4239/4239 4242/4242
f 4242/4242 4428/4428 4394/4394
f 4429/4429 4430/4430 4431/4431
f 4431/4431 4432/4432 4429/4429
f 4433/4433 4434/4434 4435/4435
f 4435/4435 4436/4436 4433/4433
f 4437/4437 4438/4438 4210/4210
f 4210/4210 4439/4439 4437/4437
f 4440/4440 4441/4441 4442/4442
f 4442/4442 4443/4443 4440/4440
f 4444/4444 4315/4315 4318/4318
f 4318/4318 4445/4445 4444/4444
f 4017/4017 4341/4341 4342/4342
f 4342/4342 4018/4018 4017/4017
f 4405/4405 4446/4446 4447/4447
f 4447/4447 4406/4406 4405/4405
f 4448/4448 4252/4252 4038/4038
f 4038/4038 4449/4449 4448/4448
f 4450/4450 4387/4387 4344/4344
f 4344/4344 4343/4343 4450/4450
f 4451/4451 4416/4416 4418/4418
f 4418/4418 4452/4452 4451/4451
f 4453/4453 4171/4171 4138/4138
f 4138/4138 4454/4454 4453/4453
f 4368/4368 4455/4455 4456/4456
f 4456/4456 4457/4457 4368/4368
f 4282/4282 4458/4458 4459/4459
f 4459/4459 4283/4283 4282/4282
f 4328/4328 4433/4433 4436/4436
f 4436/4436 4329/4329 4328/4328
f 4299/4299 4298/4298 4460/4460
f 4460/4460 4461/4461 4299/4299
f 4462/4462 4463/4463 4198/4198
f 4198/4198 4197/4197 4462/4462
f 4464/4464 4140/4140 4465/4465
f 4465/4465 4466/4466 4464/4464
f 4467/4467 4468/4468 4469/4469
f 4469/4469 4470/4470 4467/4467
f 4169/4169 4204/4204 3961/3961
f 3961/3961 4063/4063 4169/4169
f 4085/4085 4437/4437 4439/4439
f 4439/4439 4086/4086 4085/4085
f 4471/4471 4016/4016 4019/4019
f 4019/4019 4472/4472 4471/4471
f 4473/4473 4474/4474 4475/4475
f 4475/4475 4476/4476 4473/4473
f 3957/3957 4477/4477 4098/4098
f 4098/4098 3958/3958 3957/3957
f 4478/4478 4479/4479 4139/4139
f 4139/4139 4480/4480 4478/4478
f 4481/4481 4482/4482 4483/4483
f 4483/4483 4484/4484 4481/4481
f 3953/3953 4485/4485 4238/4238
f 4238/4238 3954/3954 3953/3953
f 4486/4486 4487/4487 4488/4488
f 4489/4489 4490/4490 4491/4491
f 4289/4289 4304/4304 4002/4002
f 4002/4002 4281/4281 4289/4289
f 4492/4492 4493/4493 4494/4494
f 4494/4494 4495/4495 4492/4492
f 4496/4496 4015/4015 4497/4497
f 4497/4497 4498/4498 4496/4496
f 4499/4499 4500/4500 4501/4501
f 4501/4501 4502/4502 4499/4499
f 4503/4503 4504/4504 4381/4381
f 4381/4381 4380/4380 4503/4503
f 4505/4505 4249/4249 4076/4076
f 4076/4076 4075/4075 4505/4505
f 4106/4106 3949/3949 4484/4484
f 4484/4484 4107/4107 4106/4106
f 4506/4506 4507/4507 4508/4508
f 4508/4508 4509/4509 4506/4506
f 4510/4510 4511/4511 4512/4512
f 4512/4512 4513/4513 4510/4510
f 4408/4408 4301/4301 4422/4422
f 4514/4514 4148/4148 4147/4147
f 4515/4515 4516/4516 4517/4517
f 4517/4517 4518/4518 4515/4515
f 4519/4519 3996/3996 3999/3999
f 3999/3999 4259/4259 4519/4519
f 4452/4452 4133/4133 4286/4286
f 4286/4286 4285/4285 4452/4452
f 4520/4520 4521/4521 4522/4522
f 4522/4522 4523/4523 4520/4520
f 4524/4524 4525/4525 4243/4243
f 4243/4243 4526/4526 4524/4524
f 4509/4509 4170/4170 4171/4171
f 4171/4171 4506/4506 4509/4509
f 4397/4397 4527/4527 4528/4528
f 4528/4528 4033/4033 4397/4397
f 4118/4118 3948/3948 3951/3951
f 4529/4529 4120/4120 4530/4530
f 4229/4229 4531/4531 4240/4240
f 4240/4240 4239/4239 4229/4229
f 4059/4059 4091/4091 4093/4093
f 4093/4093 4532/4532 4059/4059
f 4125/4125 4346/4346 4533/4533
f 4533/4533 4126/4126 4125/4125
f 4009/4009 4008/4008 4402/4402
f 4534/4534 4221/4221 4220/4220
f 3989/3989 3988/3988 3952/3952
f 3952/3952 4535/4535 3989/3989
f 4373/4373 4126/4126 4533/4533
f 4533/4533 4536/4536 4373/4373
f 4537/4537 4223/4223 4225/4225
f 4225/4225 4485/4485 4537/4537
f 4070/4070 4069/4069 4350/4350
f 4350/4350 4048/4048 4070/4070
f 4538/4538 4473/4473 4476/4476
f 4476/4476 4539/4539 4538/4538
f 4456/4456 4455/4455 4078/4078
f 4078/4078 4081/4081 4456/4456
f 4386/4386 4385/4385 4540/4540
f 4540/4540 4541/4541 4386/4386
f 4248/4248 4247/4247 4218/4218
f 4218/4218 4217/4217 4248/4248
f 4073/4073 4072/4072 4293/4293
f 4293/4293 4292/4292 4073/4073
f 4478/4478 3943/3943 3942/3942
f 3942/3942 4479/4479 4478/4478
f 4425/4425 4449/4449 4542/4542
f 4542/4542 4426/4426 4425/4425
f 4291/4291 4290/4290 4420/4420
f 4420/4420 4419/4419 4291/4291
f 4205/4205 4226/4226 4394/4394
f 4394/4394 3962/3962 4205/4205
f 4071/4071 4092/4092 4543/4543
f 4543/4543 4072/4072 4071/4071
f 3948/3948 4118/4118 4322/4322
f 4322/4322 4481/4481 3948/3948
f 4544/4544 4545/4545 4159/4159
f 4159/4159 4158/4158 4544/4544
f 4546/4546 4330/4330 4332/4332
f 4547/4547 4337/4337 4336/4336
f 4333/4333 3968/3968 3971/3971
f 3971/3971 4314/4314 4333/4333
f 4372/4372 4123/4123 4126/4126
f 4126/4126 4373/4373 4372/4372
f 4198/4198 4347/4347 4348/4348
f 4348/4348 4548/4548 4198/4198
f 4549/4549 4122/4122 4121/4121
f 4121/4121 4550/4550 4549/4549
f 4551/4551 4552/4552 4553/4553
f 4553/4553 4554/4554 4551/4551
f 4077/4077 4076/4076 4251/4251
f 4251/4251 4555/4555 4077/4077
f 4497/4497 4015/4015 4014/4014
f 4014/4014 4073/4073 4497/4497
f 4071/4071 4556/4556 4141/4141
f 4141/4141 4092/4092 4071/4071
f 4250/4250 4549/4549 4550/4550
f 4550/4550 4251/4251 4250/4250
f 3941/3941 4464/4464 4466/4466
f 4466/4466 3942/3942 3941/3941
f 4430/4430 4230/4230 4557/4557
f 4557/4557 4431/4431 4430/4430
f 3949/3949 4106/4106 4558/4558
f 4558/4558 3950/3950 3949/3949
f 4494/4494 4493/4493 4559/4559
f 4559/4559 4560/4560 4494/4494
f 4561/4561 4505/4505 4075/4075
f 4075/4075 4562/4562 4561/4561
f 4127/4127 3979/3979 4541/4541
f 4541/4541 4112/4112 4127/4127
f 4060/4060 4141/4141 4035/4035
f 4035/4035 4563/4563 4060/4060
f 4564/4564 4565/4565 4566/4566
f 4566/4566 4567/4567 4564/4564
f 4532/4532 4093/4093 4568/4568
f 4568/4568 4569/4569 4532/4532
f 3949/3949 3948/3948 4481/4481
f 4481/4481 4484/4484 3949/3949
f 4569/4569 4478/4478 4480/4480
f 4480/4480 4532/4532 4569/4569
f 4570/4570 4571/4571 4572/4572
f 4572/4572 4573/4573 4570/4570
f 4180/4180 4300/4300 4303/4303
f 4303/4303 4236/4236 4180/4180
f 4438/4438 4574/4574 4211/4211
f 4211/4211 4210/4210 4438/4438
f 4575/4575 4088/4088 4192/4192
f 4192/4192 4576/4576 4575/4575
f 4577/4577 4578/4578 4579/4579
f 4579/4579 4441/4441 4577/4577
f 4580/4580 4520/4520 4581/4581
f 4581/4581 4582/4582 4580/4580
f 4468/4468 4583/4583 4584/4584
f 4584/4584 4469/4469 4468/4468
f 4107/4107 4484/4484 4483/4483
f 4483/4483 4131/4131 4107/4107
f 4585/4585 4586/4586 4268/4268
f 4268/4268 4347/4347 4585/4585
f 4206/4206 4172/4172 4175/4175
f 4175/4175 4207/4207 4206/4206
f 4587/4587 4588/4588 4589/4589
f 4589/4589 4590/4590 4587/4587
f 4449/4449 4038/4038 4041/4041
f 4041/4041 4542/4542 4449/4449
f 4591/4591 4592/4592 4593/4593
f 4593/4593 4594/4594 4591/4591
f 4595/4595 4451/4451 4452/4452
f 4452/4452 4285/4285 4595/4595
f 4596/4596 4338/4338 4597/4597
f 4597/4597 4598/4598 4596/4596
f 4352/4352 4351/4351 4369/4369
f 4369/4369 4399/4399 4352/4352
f 4371/4371 4370/4370 4599/4599
f 4599/4599 4600/4600 4371/4371
f 4601/4601 4602/4602 4603/4603
f 3986/3986 3985/3985 4264/4264
f 4516/4516 4232/4232 4235/4235
f 4235/4235 4517/4517 4516/4516
f 4395/4395 4604/4604 4605/4605
f 4605/4605 4396/4396 4395/4395
f 4458/4458 4606/4606 4607/4607
f 4607/4607 4459/4459 4458/4458
f 4157/4157 4156/4156 4377/4377
f 4377/4377 4376/4376 4157/4157
f 4608/4608 4526/4526 3964/3964
f 3964/3964 3967/3967 4608/4608
f 4537/4537 4320/4320 4609/4609
f 4609/4609 4610/4610 4537/4537
f 4525/4525 4219/4219 4222/4222
f 4222/4222 4243/4243 4525/4525
f 4577/4577 4611/4611 4094/4094
f 4094/4094 4612/4612 4577/4577
f 4604/4604 3972/3972 3975/3975
f 3975/3975 4605/4605 4604/4604
f 4187/4187 4186/4186 4504/4504
f 4504/4504 4503/4503 4187/4187
f 4613/4613 4614/4614 4615/4615
f 4615/4615 4616/4616 4613/4613
f 3979/3979 3978/3978 4051/4051
f 4051/4051 4050/4050 3979/3979
f 4415/4415 3956/3956 3959/3959
f 3959/3959 4341/4341 4415/4415
f 4056/4056 4617/4617 4618/4618
f 4618/4618 4619/4619 4056/4056
f 4620/4620 4621/4621 4545/4545
f 4545/4545 4622/4622 4620/4620
f 4623/4623 4414/4414 4017/4017
f 4017/4017 4016/4016 4623/4623
f 4527/4527 4624/4624 4625/4625
f 4625/4625 4528/4528 4527/4527
f 4457/4457 4626/4626 4627/4627
f 4627/4627 4628/4628 4457/4457
f 4043/4043 4357/4357 4360/4360
f 4360/4360 4044/4044 4043/4043
f 4236/4236 4303/4303 4411/4411
f 4411/4411 4237/4237 4236/4236
f 4058/4058 4293/4293 4629/4629
f 4629/4629 4059/4059 4058/4058
f 4320/4320 3988/3988 3991/3991
f 3991/3991 4609/4609 4320/4320
f 4166/4166 4450/4450 4343/4343
f 4343/4343 4167/4167 4166/4166
f 4320/4320 4537/4537 4485/4485
f 4485/4485 3953/3953 4320/4320
f 4630/4630 4054/4054 4057/4057
f 4057/4057 4254/4254 4630/4630
f 4223/4223 4537/4537 4610/4610
f 4610/4610 4382/4382 4223/4223
f 4427/4427 4448/4448 4449/4449
f 4449/4449 4425/4425 4427/4427
f 4093/4093 3940/3940 3943/3943
f 3943/3943 4568/4568 4093/4093
f 4321/4321 4373/4373 4536/4536
f 4536/4536 4482/4482 4321/4321
f 4087/4087 4631/4631 4345/4345
f 4345/4345 4344/4344 4087/4087
f 4600/4600 4599/4599 4185/4185
f 4185/4185 4184/4184 4600/4600
f 3965/3965 4244/4244 4632/4632
f 4374/4374 4633/4633 4634/4634
f 4635/4635 4512/4512 4511/4511
f 4511/4511 4313/4313 4635/4635
f 4295/4295 4515/4515 4636/4636
f 4636/4636 4296/4296 4295/4295
f 4417/4417 4105/4105 4108/4108
f 4108/4108 4134/4134 4417/4417
f 4163/4163 4462/4462 4197/4197
f 4197/4197 4164/4164 4163/4163
f 4253/4253 4637/4637 4353/4353
f 4353/4353 4039/4039 4253/4253
f 4029/4029 4499/4499 4502/4502
f 4502/4502 4030/4030 4029/4029
f 4638/4638 4555/4555 4251/4251
f 4251/4251 4550/4550 4638/4638
f 4639/4639 4551/4551 4554/4554
f 4554/4554 4640/4640 4639/4639
f 4272/4272 4275/4275 4641/4641
f 4641/4641 4642/4642 4272/4272
f 4629/4629 4543/4543 4091/4091
f 4091/4091 4059/4059 4629/4629
f 4643/4643 4032/4032 4033/4033
f 4033/4033 4528/4528 4643/4643
f 4500/4500 4613/4613 4616/4616
f 4616/4616 4501/4501 4500/4500
f 4644/4644 4361/4361 4364/4364
f 4364/4364 4645/4645 4644/4644
f 4617/4617 4646/4646 4647/4647
f 4647/4647 4618/4618 4617/4617
f 4648/4648 4080/4080 4335/4335
f 4335/4335 4596/4596 4648/4648
f 4649/4649 4201/4201 4160/4160
f 4160/4160 4159/4159 4649/4649
f 4023/4023 4067/4067 4650/4650
f 4650/4650 4651/4651 4023/4023
f 4612/4612 4094/4094 4097/4097
f 4097/4097 4652/4652 4612/4612
f 4368/4368 4457/4457 4400/4400
f 4400/4400 4369/4369 4368/4368
f 3997/3997 4538/4538 4539/4539
f 4539/4539 3998/3998 3997/3997
f 4067/4067 4023/4023 4022/4022
f 4022/4022 4068/4068 4067/4067
f 4541/4541 4540/4540 4005/4005
f 4005/4005 4004/4004 4541/4541
f 4602/4602 4653/4653 4654/4654
f 4654/4654 4603/4603 4602/4602
f 4655/4655 4564/4564 4567/4567
f 4656/4656 4413/4413 4412/4412
f 4136/4136 4657/4657 4658/4658
f 4658/4658 4137/4137 4136/4136
f 4479/4479 4465/4465 4140/4140
f 4140/4140 4139/4139 4479/4479
f 4047/4047 4650/4650 4070/4070
f 4070/4070 4048/4048 4047/4047
f 4409/4409 4595/4595 4285/4285
f 4285/4285 4284/4284 4409/4409
f 4614/4614 4193/4193 4196/4196
f 4196/4196 4615/4615 4614/4614
f 4592/4592 4213/4213 4216/4216
f 4216/4216 4593/4593 4592/4592
f 4334/4334 4510/4510 4513/4513
f 4513/4513 4323/4323 4334/4334
f 4659/4659 4494/4494 4660/4660
f 4660/4660 4661/4661 4659/4659
f 4439/4439 4210/4210 4212/4212
f 4212/4212 4631/4631 4439/4439
f 4626/4626 4456/4456 4081/4081
f 4081/4081 4648/4648 4626/4626
f 4624/4624 4561/4561 4562/4562
f 4562/4562 4625/4625 4624/4624
f 4204/4204 4424/4424 4276/4276
f 4276/4276 4205/4205 4204/4204
f 4579/4579 4578/4578 4652/4652
f 4423/4423 4662/4662 4663/4663
f 4498/4498 4292/4292 4090/4090
f 4090/4090 4089/4089 4498/4498
f 4362/4362 4306/4306 4309/4309
f 4309/4309 4363/4363 4362/4362
f 4358/4358 4644/4644 4645/4645
f 4645/4645 4359/4359 4358/4358
f 4583/4583 4146/4146 4149/4149
f 4149/4149 4584/4584 4583/4583
f 4463/4463 4585/4585 4347/4347
f 4347/4347 4198/4198 4463/4463
f 4574/4574 3989/3989 4535/4535
f 4535/4535 4211/4211 4574/4574
f 4664/4664 4665/4665 4666/4666
f 4666/4666 4667/4667 4664/4664
f 4130/4130 4129/4129 4571/4571
f 4571/4571 4570/4570 4130/4130
f 4611/4611 4519/4519 4668/4668
f 4668/4668 4669/4669 4611/4611
f 4588/4588 4467/4467 4470/4470
f 4470/4470 4589/4589 4588/4588
f 4455/4455 4670/4670 4671/4671
f 4671/4671 4078/4078 4455/4455
f 4365/4365 4383/4383 4384/4384
f 4384/4384 4366/4366 4365/4365
f 4552/4552 4664/4664 4667/4667
f 4667/4667 4553/4553 4552/4552
f 4095/4095 4023/4023 4651/4651
f 4651/4651 4096/4096 4095/4095
f 4621/4621 4649/4649 4159/4159
f 4159/4159 4545/4545 4621/4621
f 4023/4023 4095/4095 4672/4672
f 4672/4672 4673/4673 4023/4023
f 4586/4586 4674/4674 4269/4269
f 4269/4269 4268/4268 4586/4586
f 4106/4106 4105/4105 4675/4675
f 4675/4675 4558/4558 4106/4106
f 4202/4202 4144/4144 4143/4143
f 4143/4143 4203/4203 4202/4202
f 4676/4676 4677/4677 4646/4646
f 4646/4646 4617/4617 4676/4676
f 3944/3944 3947/3947 3985/3985
f 3985/3985 3984/3984 3944/3944
f 4461/4461 4460/4460 4246/4246
f 4246/4246 4245/4245 4461/4461
f 4300/4300 4180/4180 4183/4183
f 4183/4183 4421/4421 4300/4300
f 4301/4301 4408/4408 4410/4410
f 4410/4410 4302/4302 4301/4301
f 4001/4001 4278/4278 4281/4281
f 4281/4281 4002/4002 4001/4001
f 4573/4573 4572/4572 4155/4155
f 4155/4155 4154/4154 4573/4573
f 4057/4057 4056/4056 4619/4619
f 4619/4619 4255/4255 4057/4057
f 4678/4678 4638/4638 4550/4550
f 4550/4550 4121/4121 4678/4678
f 4679/4679 4262/4262 4680/4680
f 4680/4680 4681/4681 4679/4679
f 4682/4682 4623/4623 4016/4016
f 4016/4016 4471/4471 4682/4682
f 4055/4055 4676/4676 4617/4617
f 4617/4617 4056/4056 4055/4055
f 4063/4063 3961/3961 4683/4683
f 4683/4683 4064/4064 4063/4063
f 4244/4244 4222/4222 4221/4221
f 4221/4221 4534/4534 4244/4244
f 4326/4326 4325/4325 4684/4684
f 4684/4684 4685/4685 4326/4326
f 4686/4686 4590/4590 4589/4589
f 4589/4589 4687/4687 4686/4686
f 4367/4367 4670/4670 4455/4455
f 4455/4455 4368/4368 4367/4367
f 4143/4143 4142/4142 4161/4161
f 4161/4161 4203/4203 4143/4143
f 4121/4121 4120/4120 4688/4688
f 4688/4688 4678/4678 4121/4121
f 3970/3970 3969/3969 4580/4580
f 4580/4580 4633/4633 3970/3970
f 4293/4293 4072/4072 4543/4543
f 4543/4543 4629/4629 4293/4293
f 4689/4689 4690/4690 4691/4691
f 4691/4691 4692/4692 4689/4689
f 4062/4062 4065/4065 4662/4662
f 4662/4662 4168/4168 4062/4062
f 4454/4454 4138/4138 4137/4137
f 4137/4137 4658/4658 4454/4454
f 4693/4693 4487/4487 4694/4694
f 4694/4694 4695/4695 4693/4693
f 4611/4611 4669/4669 4672/4672
f 4672/4672 4095/4095 4611/4611
f 4696/4696 4689/4689 4692/4692
f 4692/4692 4697/4697 4696/4696
f 4642/4642 4698/4698 4699/4699
f 4699/4699 4272/4272 4642/4642
f 4700/4700 4079/4079 4078/4078
f 4078/4078 4671/4671 4700/4700
f 4075/4075 4074/4074 4701/4701
f 4701/4701 4562/4562 4075/4075
f 4702/4702 4703/4703 4590/4590
f 4590/4590 4686/4686 4702/4702
f 4569/4569 4568/4568 3943/3943
f 3943/3943 4478/4478 4569/4569
f 4704/4704 4705/4705 4691/4691
f 4691/4691 4706/4706 4704/4704
f 3954/3954 4237/4237 4287/4287
f 4287/4287 4645/4645 3954/3954
f 4264/4264 4263/4263 4267/4267
f 4707/4707 4324/4324 4327/4327
f 4479/4479 3942/3942 4466/4466
f 4466/4466 4465/4465 4479/4479
f 4498/4498 4497/4497 4073/4073
f 4073/4073 4292/4292 4498/4498
f 4345/4345 4212/4212 3954/3954
f 3954/3954 4384/4384 4345/4345
f 4648/4648 4081/4081 4080/4080
f 4708/4708 4709/4709 4710/4710
f 4577/4577 4612/4612 4578/4578
f 4012/4012 4015/4015 4496/4496
f 4245/4245 4299/4299 4461/4461
f 4355/4355 4356/4356 4429/4429
f 4711/4711 4639/4639 4640/4640
f 4680/4680 4261/4261 4712/4712
f 4012/4012 4496/4496 4089/4089
f 4611/4611 4095/4095 4094/4094
f 3979/3979 4053/4053 4541/4541
f 4598/4598 4648/4648 4596/4596
f 4352/4352 4049/4049 4048/4048
f 4713/4713 4703/4703 4702/4702
f 4112/4112 4217/4217 4109/4109
f 4688/4688 4120/4120 4714/4714
f 4715/4715 4716/4716 4717/4717
f 4112/4112 4245/4245 4248/4248
f 4432/4432 4355/4355 4429/4429
f 4053/4053 4419/4419 4541/4541
f 4375/4375 4008/4008 4011/4011
f 4419/4419 4024/4024 4541/4541
f 4482/4482 4207/4207 4175/4175
f 4718/4718 4719/4719 4720/4720
f 4440/4440 4443/4443 4721/4721
f 4480/4480 4059/4059 4532/4532
f 4519/4519 4722/4722 4723/4723
f 3970/3970 4633/4633 4374/4374
f 4112/4112 4299/4299 4245/4245
f 4591/4591 4724/4724 4592/4592
f 4725/4725 4628/4628 4627/4627
f 4482/4482 4615/4615 4196/4196
f 4726/4726 4727/4727 4625/4625
f 4345/4345 4384/4384 4031/4031
f 4728/4728 4190/4190 4189/4189
f 4021/4021 4729/4729 4022/4022
f 4308/4308 3954/3954 4309/4309
f 4313/4313 4511/4511 4314/4314
f 4730/4730 4340/4340 4339/4339
f 4321/4321 4482/4482 4322/4322
f 4487/4487 4693/4693 4488/4488
f 4287/4287 4302/4302 4410/4410
f 4704/4704 4731/4731 4732/4732
f 4112/4112 4541/4541 4299/4299
f 4556/4556 4733/4733 4734/4734
f 4140/4140 4464/4464 4141/4141
f 4088/4088 4090/4090 4058/4058
f 4238/4238 4485/4485 4225/4225
f 4127/4127 4157/4157 3979/3979
f 4533/4533 4345/4345 4482/4482
f 4578/4578 4612/4612 4652/4652
f 4345/4345 4030/4030 4502/4502
f 4706/4706 4691/4691 4690/4690
f 4053/4053 4291/4291 4419/4419
f 4659/4659 4495/4495 4494/4494
f 4060/4060 4059/4059 4480/4480
f 4592/4592 4735/4735 4213/4213
f 4044/4044 4360/4360 4287/4287
f 4736/4736 4737/4737 3987/3987
f 4738/4738 4715/4715 4717/4717
f 4112/4112 4248/4248 4217/4217
f 4160/4160 4203/4203 4161/4161
f 4380/4380 4112/4112 4187/4187
f 4507/4507 4506/4506 4171/4171
f 4692/4692 4691/4691 4739/4739
f 4014/4014 4013/4013 4071/4071
f 4740/4740 4609/4609 3991/3991
f 4725/4725 4400/4400 4628/4628
f 4009/4009 4741/4741 4010/4010
f 4559/4559 4493/4493 4742/4742
f 4556/4556 4312/4312 4733/4733
f 4743/4743 4744/4744 4745/4745
f 4704/4704 4732/4732 4705/4705
f 4287/4287 4410/4410 4284/4284
f 4541/4541 4004/4004 4007/4007
f 4746/4746 4694/4694 4747/4747
f 4035/4035 4141/4141 4556/4556
f 4714/4714 4529/4529 4748/4748
f 4120/4120 4529/4529 4714/4714
f 4683/4683 3961/3961 3960/3960
f 4748/4748 4749/4749 4713/4713
f 4750/4750 4740/4740 3991/3991
f 4697/4697 4692/4692 4751/4751
f 4086/4086 4439/4439 4631/4631
f 4666/4666 4752/4752 4667/4667
f 4345/4345 4631/4631 4212/4212
f 4734/4734 4733/4733 4753/4753
f 4457/4457 4456/4456 4626/4626
f 4533/4533 4346/4346 4345/4345
f 4754/4754 4755/4755 4756/4756
f 4757/4757 4758/4758 4759/4759
f 4760/4760 4594/4594 4593/4593
f 4314/4314 4510/4510 4333/4333
f 3979/3979 4050/4050 4053/4053
f 4238/4238 4225/4225 4224/4224
f 4704/4704 4761/4761 4762/4762
f 4763/4763 4764/4764 4765/4765
f 4345/4345 4031/4031 4030/4030
f 4024/4024 4027/4027 4541/4541
f 4376/4376 4082/4082 3979/3979
f 4133/4133 4452/4452 4418/4418
f 4725/4725 4488/4488 4693/4693
f 4722/4722 4259/4259 4258/4258
f 4071/4071 4013/4013 4556/4556
f 4704/4704 4766/4766 4761/4761
f 4174/4174 4045/4045 4287/4287
f 4767/4767 4768/4768 4769/4769
f 4482/4482 4175/4175 4174/4174
f 4364/4364 3954/3954 4645/4645
f 4127/4127 4112/4112 4380/4380
f 4314/4314 4511/4511 4510/4510
f 4023/4023 4673/4673 4020/4020
f 4740/4740 4770/4770 4609/4609
f 4689/4689 4696/4696 4771/4771
f 4557/4557 4230/4230 3945/3945
f 4168/4168 4662/4662 4423/4423
f 4715/4715 4772/4772 4716/4716
f 4773/4773 4774/4774 4775/4775
f 4184/4184 4112/4112 4600/4600
f 4013/4013 4312/4312 4556/4556
f 4453/4453 4507/4507 4171/4171
f 4776/4776 4777/4777 4778/4778
f 4750/4750 3991/3991 3990/3990
f 3964/3964 4526/4526 4243/4243
f 4596/4596 4335/4335 4338/4338
f 4533/4533 4482/4482 4536/4536
f 4779/4779 4780/4780 4781/4781
f 4037/4037 4036/4036 3992/3992
f 4130/4130 4570/4570 4573/4573
f 4696/4696 4697/4697 4782/4782
f 4065/4065 4663/4663 4662/4662
f 4782/4782 4697/4697 4783/4783
f 4134/4134 4133/4133 4418/4418
f 3955/3955 4535/4535 3952/3952
f 4374/4374 4401/4401 4375/4375
f 4784/4784 4785/4785 4786/4786
f 4625/4625 4727/4727 4528/4528
f 4704/4704 4787/4787 4788/4788
f 4351/4351 4350/4350 4367/4367
f 4789/4789 4790/4790 4791/4791
f 4482/4482 4287/4287 4131/4131
f 4660/4660 4494/4494 4560/4560
f 4622/4622 4545/4545 4792/4792
f 4127/4127 4573/4573 4157/4157
f 4035/4035 4734/4734 4036/4036
f 4036/4036 4753/4753 4066/4066
f 4345/4345 4502/4502 4501/4501
f 4793/4793 4398/4398 4400/4400
f 3954/3954 4238/4238 4237/4237
f 4366/4366 3954/3954 4308/4308
f 4089/4089 4496/4496 4498/4498
f 4687/4687 4589/4589 4794/4794
f 4749/4749 4703/4703 4713/4713
f 4482/4482 4195/4195 4207/4207
f 4167/4167 4343/4343 4346/4346
f 4157/4157 4376/4376 3979/3979
f 4548/4548 4199/4199 4198/4198
f 4133/4133 4287/4287 4286/4286
f 4482/4482 4131/4131 4483/4483
f 4187/4187 4112/4112 4184/4184
f 4736/4736 4355/4355 4432/4432
f 4795/4795 4796/4796 4797/4797
f 4212/4212 3955/3955 3954/3954
f 4299/4299 4541/4541 4007/4007
f 4529/4529 4749/4749 4748/4748
f 4384/4384 3954/3954 4366/4366
f 4725/4725 4627/4627 4488/4488
f 4125/4125 4167/4167 4346/4346
f 4798/4798 4799/4799 4800/4800
f 4801/4801 4802/4802 4803/4803
f 4804/4804 4805/4805 4806/4806
f 4464/4464 3941/3941 4141/4141
f 4518/4518 4636/4636 4515/4515
f 4363/4363 3954/3954 4364/4364
f 4108/4108 4131/4131 4134/4134
f 4334/4334 4333/4333 4510/4510
f 4519/4519 4723/4723 4668/4668
f 4724/4724 4807/4807 4592/4592
f 4169/4169 4168/4168 4423/4423
f 4628/4628 4400/4400 4457/4457
f 4808/4808 4809/4809 4810/4810
f 4131/4131 4287/4287 4132/4132
f 4482/4482 4174/4174 4287/4287
f 4082/4082 3976/3976 3979/3979
f 4704/4704 4762/4762 4731/4731
f 4766/4766 4811/4811 4761/4761
f 4725/4725 4693/4693 4695/4695
f 4441/4441 4579/4579 4442/4442
f 4035/4035 4556/4556 4734/4734
f 4060/4060 4480/4480 4139/4139
f 4272/4272 4699/4699 4273/4273
f 4812/4812 4813/4813 4814/4814
f 4608/4608 4524/4524 4526/4526
f 4815/4815 4816/4816 4817/4817
f 4287/4287 4237/4237 4411/4411
f 4737/4737 3984/3984 3987/3987
f 4403/4403 4394/4394 4428/4428
f 4573/4573 4154/4154 4157/4157
f 4482/4482 4616/4616 4615/4615
f 4091/4091 4543/4543 4092/4092
f 4229/4229 4228/4228 4818/4818
f 3965/3965 3964/3964 4243/4243
f 4704/4704 4788/4788 4766/4766
f 4322/4322 4482/4482 4481/4481
f 4087/4087 4086/4086 4631/4631
f 4819/4819 4820/4820 4821/4821
f 4701/4701 4726/4726 4562/4562
f 4727/4727 4643/4643 4528/4528
f 4309/4309 3954/3954 4363/4363
f 4822/4822 4823/4823 4824/4824
f 4345/4345 4501/4501 4616/4616
f 4825/4825 4826/4826 4827/4827
f 4360/4360 4359/4359 4287/4287
f 4545/4545 4544/4544 4792/4792
f 4130/4130 4573/4573 4127/4127
f 4380/4380 4187/4187 4503/4503
f 4045/4045 4044/4044 4287/4287
f 4036/4036 4734/4734 4753/4753
f 4828/4828 4829/4829 4830/4830
f 4027/4027 4386/4386 4541/4541
f 4712/4712 4261/4261 4331/4331
f 4107/4107 4131/4131 4108/4108
f 4231/4231 4334/4334 4323/4323
f 4600/4600 4112/4112 4371/4371
f 4359/4359 4645/4645 4287/4287
f 4831/4831 4832/4832 4833/4833
f 4834/4834 4835/4835 4836/4836
f 4127/4127 4380/4380 4378/4378
f 4067/4067 4070/4070 4650/4650
f 4580/4580 4582/4582 4633/4633
f 4229/4229 4818/4818 4531/4531
f 4061/4061 4060/4060 4563/4563
f 4092/4092 3941/3941 3940/3940
f 4837/4837 4838/4838 4839/4839
f 4840/4840 4841/4841 4842/4842
f 4520/4520 4523/4523 4581/4581
f 4747/4747 4694/4694 4487/4487
f 4519/4519 4259/4259 4722/4722
f 4133/4133 4132/4132 4287/4287
f 4692/4692 4739/4739 4843/4843
f 4482/4482 4345/4345 4616/4616
f 4262/4262 4261/4261 4680/4680
f 4844/4844 4845/4845 4846/4846
f 4562/4562 4726/4726 4625/4625
f 4211/4211 4535/4535 3955/3955
f 4482/4482 4196/4196 4195/4195
f 4847/4847 4848/4848 4849/4849
f 4849/4849 4850/4850 4847/4847
f 4851/4851 4852/4852 4853/4853
f 4853/4853 4854/4854 4851/4851
f 4855/4855 4856/4856 4857/4857
f 4857/4857 4858/4858 4855/4855
f 4859/4859 4860/4860 4861/4861
f 4861/4861 4862/4862 4859/4859
f 4863/4863 4864/4864 4865/4865
f 4865/4865 4866/4866 4863/4863
f 4867/4867 4868/4868 4869/4869
f 4869/4869 4870/4870 4867/4867
f 4871/4871 4872/4872 4873/4873
f 4873/4873 4874/4874 4871/4871
f 4875/4875 4876/4876 4877/4877
f 4877/4877 4878/4878 4875/4875
f 4879/4879 4880/4880 4881/4881
f 4881/4881 4882/4882 4879/4879
f 4883/4883 4884/4884 4885/4885
f 4885/4885 4876/4876 4883/4883
f 4886/4886 4887/4887 4888/4888
f 4888/4888 4889/4889 4886/4886
f 4853/4853 4890/4890 4891/4891
f 4891/4891 4892/4892 4853/4853
f 4893/4893 4894/4894 4895/4895
f 4895/4895 4896/4896 4893/4893
f 4897/4897 4898/4898 4899/4899
f 4900/4900 4901/4901 4881/4881
f 4902/4902 4860/4860 4903/4903
f 4903/4903 4904/4904 4902/4902
f 4901/4901 4900/4900 4905/4905
f 4905/4905 4906/4906 4901/4901
f 4907/4907 4908/4908 4909/4909
f 4909/4909 4910/4910 4907/4907
f 4911/4911 4912/4912 4913/4913
f 4913/4913 4914/4914 4911/4911
f 4915/4915 4916/4916 4917/4917
f 4917/4917 4918/4918 4915/4915
f 4891/4891 4919/4919 4920/4920
f 4920/4920 4921/4921 4891/4891
f 4890/4890 4922/4922 4919/4919
f 4919/4919 4891/4891 4890/4890
f 4910/4910 4909/4909 4923/4923
f 4923/4923 4924/4924 4910/4910
f 4856/4856 4875/4875 4878/4878
f 4878/4878 4857/4857 4856/4856
f 4925/4925 4926/4926 4927/4927
f 4927/4927 4928/4928 4925/4925
f 4929/4929 4930/4930 4931/4931
f 4931/4931 4932/4932 4929/4929
f 4933/4933 4934/4934 4935/4935
f 4935/4935 4936/4936 4933/4933
f 4937/4937 4938/4938 4939/4939
f 4939/4939 4940/4940 4937/4937
f 4849/4849 4941/4941 4863/4863
f 4863/4863 4942/4942 4849/4849
f 4943/4943 4944/4944 4855/4855
f 4855/4855 4945/4945 4943/4943
f 4921/4921 4920/4920 4946/4946
f 4946/4946 4947/4947 4921/4921
f 4948/4948 4949/4949 4950/4950
f 4950/4950 4951/4951 4948/4948
f 4952/4952 4953/4953 4954/4954
f 4954/4954 4955/4955 4952/4952
f 4941/4941 4956/4956 4864/4864
f 4864/4864 4863/4863 4941/4941
f 4926/4926 4957/4957 4958/4958
f 4958/4958 4927/4927 4926/4926
f 4898/4898 4959/4959 4960/4960
f 4960/4960 4899/4899 4898/4898
f 4961/4961 4962/4962 4852/4852
f 4852/4852 4851/4851 4961/4961
f 4963/4963 4964/4964 4965/4965
f 4965/4965 4966/4966 4963/4963
f 4852/4852 4967/4967 4890/4890
f 4890/4890 4853/4853 4852/4852
f 4895/4895 4968/4968 4969/4969
f 4969/4969 4912/4912 4895/4895
f 4919/4919 4970/4970 4971/4971
f 4971/4971 4920/4920 4919/4919
f 4972/4972 4902/4902 4904/4904
f 4904/4904 4973/4973 4972/4972
f 4939/4939 4974/4974 4975/4975
f 4975/4975 4976/4976 4939/4939
f 4977/4977 4883/4883 4876/4876
f 4876/4876 4875/4875 4977/4977
f 4885/4885 4978/4978 4979/4979
f 4979/4979 4877/4877 4885/4885
f 4980/4980 4981/4981 4930/4930
f 4930/4930 4929/4929 4980/4980
f 4982/4982 4983/4983 4984/4984
f 4985/4985 4986/4986 4987/4987
f 4909/4909 4988/4988 4989/4989
f 4989/4989 4923/4923 4909/4909
f 4990/4990 4991/4991 4992/4992
f 4992/4992 4993/4993 4990/4990
f 4904/4904 4994/4994 4995/4995
f 4995/4995 4973/4973 4904/4904
f 4996/4996 4997/4997 4945/4945
f 4945/4945 4998/4998 4996/4996
f 4999/4999 5000/5000 5001/5001
f 5001/5001 4988/4988 4999/4999
f 4944/4944 5002/5002 4856/4856
f 4856/4856 4855/4855 4944/4944
f 5003/5003 5004/5004 5005/5005
f 5006/5006 5007/5007 5008/5008
f 5009/5009 5010/5010 4937/4937
f 4937/4937 4934/4934 5009/5009
f 5011/5011 5012/5012 5002/5002
f 5002/5002 4944/4944 5011/5011
f 4892/4892 4891/4891 4921/4921
f 4921/4921 5013/5013 4892/4892
f 4864/4864 5014/5014 4986/4986
f 4986/4986 4865/4865 4864/4864
f 5015/5015 5016/5016 5017/5017
f 5017/5017 4903/4903 5015/5015
f 4927/4927 4958/4958 5018/5018
f 5018/5018 5019/5019 4927/4927
f 4965/4965 4914/4914 5020/5020
f 5020/5020 4868/4868 4965/4965
f 4981/4981 5021/5021 5022/5022
f 5022/5022 4930/4930 4981/4981
f 5023/5023 5024/5024 4983/4983
f 4983/4983 4982/4982 5023/5023
f 4956/4956 5025/5025 5014/5014
f 5014/5014 4864/4864 4956/4956
f 4894/4894 5026/5026 4968/4968
f 4968/4968 4895/4895 4894/4894
f 5027/5027 5028/5028 5021/5021
f 5021/5021 5029/5029 5027/5027
f 4957/4957 5030/5030 5031/5031
f 5031/5031 4958/4958 4957/4957
f 4887/4887 5032/5032 5033/5033
f 5033/5033 4888/4888 4887/4887
f 5031/5031 4966/4966 4867/4867
f 4867/4867 5034/5034 5031/5031
f 5035/5035 4850/4850 5036/5036
f 5036/5036 5037/5037 5035/5035
f 5038/5038 5039/5039 4883/4883
f 4883/4883 4977/4977 5038/5038
f 5040/5040 5041/5041 4953/4953
f 4953/4953 4952/4952 5040/5040
f 5030/5030 4963/4963 4966/4966
f 4966/4966 5031/5031 5030/5030
f 4882/4882 4881/4881 4901/4901
f 4901/4901 5042/5042 4882/4882
f 5039/5039 5043/5043 4884/4884
f 4884/4884 4883/4883 5039/5039
f 5044/5044 4996/4996 4998/4998
f 4998/4998 5045/5045 5044/5044
f 5046/5046 5047/5047 5048/5048
f 5048/5048 5049/5049 5046/5046
f 4860/4860 4859/4859 5015/5015
f 5015/5015 4903/4903 4860/4860
f 5050/5050 5029/5029 5021/5021
f 5021/5021 4981/4981 5050/5050
f 4992/4992 4991/4991 5051/5051
f 5051/5051 4987/4987 4992/4992
f 5052/5052 4993/4993 5025/5025
f 5025/5025 4916/4916 5052/5052
f 5033/5033 4928/4928 5053/5053
f 5053/5053 5054/5054 5033/5033
f 5055/5055 5056/5056 5028/5028
f 5028/5028 5057/5057 5055/5055
f 4935/4935 4940/4940 5058/5058
f 5039/5039 5038/5038 5059/5059
f 5060/5060 5061/5061 4915/4915
f 4915/4915 5062/5062 5060/5060
f 4942/4942 4863/4863 4866/4866
f 4866/4866 5063/5063 4942/4942
f 4976/4976 4975/4975 5064/5064
f 5064/5064 5065/5065 4976/4976
f 4848/4848 5066/5066 4941/4941
f 4941/4941 4849/4849 4848/4848
f 4862/4862 4861/4861 5067/5067
f 5067/5067 4959/4959 4862/4862
f 4953/4953 5068/5068 5069/5069
f 5069/5069 4954/4954 4953/4953
f 5070/5070 5071/5071 4984/4984
f 4984/4984 5072/5072 5070/5070
f 4983/4983 5024/5024 5027/5027
f 5027/5027 5029/5029 4983/4983
f 4994/4994 5073/5073 5074/5074
f 5074/5074 4995/4995 4994/4994
f 4998/4998 4858/4858 5075/5075
f 5075/5075 5045/5045 4998/4998
f 5012/5012 5038/5038 4977/4977
f 4977/4977 5002/5002 5012/5012
f 5076/5076 5077/5077 4894/4894
f 4894/4894 4893/4893 5076/5076
f 5078/5078 5079/5079 5080/5080
f 5080/5080 5041/5041 5078/5078
f 5017/5017 5081/5081 5073/5073
f 5073/5073 4994/4994 5017/5017
f 5082/5082 4896/4896 4911/4911
f 4911/4911 4964/4964 5082/5082
f 5083/5083 5084/5084 4963/4963
f 4963/4963 5030/5030 5083/5083
f 4850/4850 4849/4849 4942/4942
f 4942/4942 5036/5036 4850/4850
f 4888/4888 5033/5033 5054/5054
f 5054/5054 5085/5085 4888/4888
f 5086/5086 5087/5087 5088/5088
f 5088/5088 5089/5089 5086/5086
f 5090/5090 5091/5091 5092/5092
f 5092/5092 5093/5093 5090/5090
f 5094/5094 4893/4893 4896/4896
f 4896/4896 5082/5082 5094/5094
f 4918/4918 4917/4917 5066/5066
f 5066/5066 4848/4848 4918/4918
f 5095/5095 5008/5008 5096/5096
f 5096/5096 5097/5097 5095/5095
f 4874/4874 4873/4873 5098/5098
f 5098/5098 4922/4922 4874/4874
f 5099/5099 4984/4984 4983/4983
f 4983/4983 5029/5029 5099/5099
f 4908/4908 4999/4999 4988/4988
f 4988/4988 4909/4909 4908/4908
f 5100/5100 5101/5101 5102/5102
f 5102/5102 5103/5103 5100/5100
f 4910/4910 4859/4859 4862/4862
f 4862/4862 4907/4907 4910/4910
f 5061/5061 5052/5052 4916/4916
f 4916/4916 4915/4915 5061/5061
f 4962/4962 5104/5104 4967/4967
f 4967/4967 4852/4852 4962/4962
f 5105/5105 5011/5011 4944/4944
f 4944/4944 4943/4943 5105/5105
f 4908/4908 4907/4907 4898/4898
f 4898/4898 4897/4897 4908/4908
f 4903/4903 5017/5017 4994/4994
f 4994/4994 4904/4904 4903/4903
f 5106/5106 4847/4847 4850/4850
f 4850/4850 5035/5035 5106/5106
f 5107/5107 5108/5108 5109/5109
f 5109/5109 5092/5092 5107/5107
f 4902/4902 4972/4972 5101/5101
f 5101/5101 5100/5100 4902/4902
f 5110/5110 5111/5111 5004/5004
f 5004/5004 5003/5003 5110/5110
f 5111/5111 5110/5110 5112/5112
f 5112/5112 5113/5113 5111/5111
f 5014/5014 4992/4992 4987/4987
f 4987/4987 4986/4986 5014/5014
f 4959/4959 5067/5067 5114/5114
f 5114/5114 4960/4960 4959/4959
f 5005/5005 5069/5069 4980/4980
f 4980/4980 5115/5115 5005/5005
f 5116/5116 5059/5059 5038/5038
f 5038/5038 5012/5012 5116/5116
f 5117/5117 4957/4957 4926/4926
f 4926/4926 5090/5090 5117/5117
f 5034/5034 4867/4867 4870/4870
f 4870/4870 5118/5118 5034/5034
f 4930/4930 5022/5022 5119/5119
f 5119/5119 4931/4931 4930/4930
f 5069/5069 5120/5120 5050/5050
f 5050/5050 4980/4980 5069/5069
f 4882/4882 4886/4886 4889/4889
f 4889/4889 4879/4879 4882/4882
f 5121/5121 4929/4929 4932/4932
f 5098/5098 4873/4873 5122/5122
f 4889/4889 4888/4888 5085/5085
f 5085/5085 5123/5123 4889/4889
f 5080/5080 5070/5070 5072/5072
f 5072/5072 5068/5068 5080/5080
f 4955/4955 5111/5111 5113/5113
f 5113/5113 5124/5124 4955/4955
f 5111/5111 4955/4955 4954/4954
f 4954/4954 5004/5004 5111/5111
f 4917/4917 4916/4916 5025/5025
f 5025/5025 4956/4956 4917/4917
f 5065/5065 5064/5064 5125/5125
f 4978/4978 4885/4885 4884/4884
f 4905/4905 5126/5126 5127/5127
f 5127/5127 5077/5077 4905/4905
f 5104/5104 4871/4871 4874/4874
f 4874/4874 4967/4967 5104/5104
f 5072/5072 4984/4984 5099/5099
f 5099/5099 5120/5120 5072/5072
f 5092/5092 5109/5109 5094/5094
f 5094/5094 5093/5093 5092/5092
f 5042/5042 4901/4901 4906/4906
f 4906/4906 5108/5108 5042/5042
f 5128/5128 5129/5129 5130/5130
f 5130/5130 5131/5131 5128/5128
f 4907/4907 4862/4862 4959/4959
f 4959/4959 4898/4898 4907/4907
f 5056/5056 5119/5119 5022/5022
f 5022/5022 5021/5021 5056/5056
f 5132/5132 5133/5133 4847/4847
f 4847/4847 5106/5106 5132/5132
f 5134/5134 5135/5135 5136/5136
f 5136/5136 5010/5010 5134/5134
f 4900/4900 5137/5137 5126/5126
f 5126/5126 4905/4905 4900/4900
f 4922/4922 5098/5098 4970/4970
f 4970/4970 4919/4919 4922/4922
f 4938/4938 5049/5049 4974/4974
f 4974/4974 4939/4939 4938/4938
f 4860/4860 4902/4902 5100/5100
f 5100/5100 4861/4861 4860/4860
f 5138/5138 5139/5139 5061/5061
f 5061/5061 5060/5060 5138/5138
f 5140/5140 5028/5028 5027/5027
f 5027/5027 5024/5024 5140/5140
f 5004/5004 4954/4954 5069/5069
f 5069/5069 5005/5005 5004/5004
f 5079/5079 5141/5141 5070/5070
f 5070/5070 5080/5080 5079/5079
f 5010/5010 5136/5136 4938/4938
f 4938/4938 4937/4937 5010/5010
f 5068/5068 5072/5072 5120/5120
f 5120/5120 5069/5069 5068/5068
f 5142/5142 5119/5119 5056/5056
f 5056/5056 5055/5055 5142/5142
f 4854/4854 4853/4853 4892/4892
f 4892/4892 5143/5143 4854/4854
f 5053/5053 5019/5019 5144/5144
f 5144/5144 5145/5145 5053/5053
f 4886/4886 4882/4882 5042/5042
f 5042/5042 5146/5146 4886/4886
f 5146/5146 5042/5042 5108/5108
f 5108/5108 5107/5107 5146/5146
f 4858/4858 4857/4857 5147/5147
f 5147/5147 5075/5075 4858/4858
f 4934/4934 4937/4937 4940/4940
f 4940/4940 4935/4935 4934/4934
f 5133/5133 4918/4918 4848/4848
f 4848/4848 4847/4847 5133/5133
f 4861/4861 5100/5100 5103/5103
f 5103/5103 5067/5067 4861/4861
f 4940/4940 4939/4939 4976/4976
f 4976/4976 5058/5058 4940/4940
f 5115/5115 4980/4980 4929/4929
f 5148/5148 5149/5149 5150/5150
f 5124/5124 5113/5113 5151/5151
f 5152/5152 5125/5125 5064/5064
f 4988/4988 5001/5001 5153/5153
f 5153/5153 4989/4989 4988/4988
f 5118/5118 4870/4870 5154/5154
f 5154/5154 5144/5144 5118/5118
f 5025/5025 4993/4993 4992/4992
f 4992/4992 5014/5014 5025/5025
f 5002/5002 4977/4977 4875/4875
f 4875/4875 4856/4856 5002/5002
f 5155/5155 5060/5060 5062/5062
f 5062/5062 5156/5156 5155/5155
f 5081/5081 5157/5157 5158/5158
f 5158/5158 5073/5073 5081/5081
f 4945/4945 4855/4855 4858/4858
f 4858/4858 4998/4998 4945/4945
f 5013/5013 4921/4921 4947/4947
f 4947/4947 5159/5159 5013/5013
f 5101/5101 5160/5160 5161/5161
f 5161/5161 5102/5102 5101/5101
f 4958/4958 5031/5031 5034/5034
f 5034/5034 5018/5018 4958/4958
f 5108/5108 4906/4906 5076/5076
f 5076/5076 5109/5109 5108/5108
f 4964/4964 4911/4911 4914/4914
f 4914/4914 4965/4965 4964/4964
f 5019/5019 5018/5018 5118/5118
f 5118/5118 5144/5144 5019/5019
f 5054/5054 5053/5053 5145/5145
f 5145/5145 5162/5162 5054/5054
f 5139/5139 5163/5163 5052/5052
f 5052/5052 5061/5061 5139/5139
f 4995/4995 5074/5074 5130/5130
f 5130/5130 5160/5160 4995/4995
f 4896/4896 4895/4895 4912/4912
f 4912/4912 4911/4911 4896/4896
f 5125/5125 5152/5152 4948/4948
f 4948/4948 5164/5164 5125/5125
f 5062/5062 4915/4915 4918/4918
f 4918/4918 5133/5133 5062/5062
f 5165/5165 5116/5116 5012/5012
f 5012/5012 5011/5011 5165/5165
f 4857/4857 4878/4878 5166/5166
f 5166/5166 5147/5147 4857/4857
f 5113/5113 5112/5112 5167/5167
f 5167/5167 5151/5151 5113/5113
f 4859/4859 4910/4910 4924/4924
f 4924/4924 5015/5015 4859/4859
f 5163/5163 4990/4990 4993/4993
f 4993/4993 5052/5052 5163/5163
f 5008/5008 5007/5007 5168/5168
f 5168/5168 5096/5096 5008/5008
f 5084/5084 5082/5082 4964/4964
f 4964/4964 4963/4963 5084/5084
f 5164/5164 4948/4948 4951/4951
f 4951/4951 5169/5169 5164/5164
f 5073/5073 5158/5158 5170/5170
f 5170/5170 5074/5074 5073/5073
f 5117/5117 5090/5090 5093/5093
f 5093/5093 5084/5084 5117/5117
f 5041/5041 5080/5080 5068/5068
f 5068/5068 4953/4953 5041/5041
f 5032/5032 4925/4925 4928/4928
f 4928/4928 5033/5033 5032/5032
f 5090/5090 4926/4926 4925/4925
f 4925/4925 5091/5091 5090/5090
f 5109/5109 5076/5076 4893/4893
f 4893/4893 5094/5094 5109/5109
f 5152/5152 5171/5171 4949/4949
f 4949/4949 4948/4948 5152/5152
f 4924/4924 5172/5172 5016/5016
f 5016/5016 5015/5015 4924/4924
f 5036/5036 4942/4942 5063/5063
f 5063/5063 5173/5173 5036/5036
f 5077/5077 5127/5127 5026/5026
f 5026/5026 4894/4894 5077/5077
f 4906/4906 4905/4905 5077/5077
f 5077/5077 5076/5076 4906/4906
f 5089/5089 5088/5088 5174/5174
f 5174/5174 5175/5175 5089/5089
f 5097/5097 5096/5096 5176/5176
f 5176/5176 5177/5177 5097/5097
f 5037/5037 5036/5036 5173/5173
f 5173/5173 5178/5178 5037/5037
f 5074/5074 5170/5170 5131/5131
f 5131/5131 5130/5130 5074/5074
f 5096/5096 5168/5168 5179/5179
f 5179/5179 5176/5176 5096/5096
f 4878/4878 4877/4877 4979/4979
f 4979/4979 5166/5166 4878/4878
f 5120/5120 5099/5099 5029/5029
f 5029/5029 5050/5050 5120/5120
f 4967/4967 4874/4874 4922/4922
f 4922/4922 4890/4890 4967/4967
f 4966/4966 4965/4965 4868/4868
f 4868/4868 4867/4867 4966/4966
f 5180/5180 5122/5122 4873/4873
f 4873/4873 4872/4872 5180/5180
f 5146/5146 5091/5091 4887/4887
f 4887/4887 4886/4886 5146/5146
f 5160/5160 5130/5130 5129/5129
f 5129/5129 5161/5161 5160/5160
f 5093/5093 5094/5094 5082/5082
f 5082/5082 5084/5084 5093/5093
f 5136/5136 5046/5046 5049/5049
f 5049/5049 4938/4938 5136/5136
f 5156/5156 5062/5062 5133/5133
f 5133/5133 5132/5132 5156/5156
f 4928/4928 4927/4927 5019/5019
f 5019/5019 5053/5053 4928/4928
f 4972/4972 4973/4973 5160/5160
f 5160/5160 5101/5101 4972/4972
f 4973/4973 4995/4995 5160/5160
f 4957/4957 5083/5083 5030/5030
f 5071/5071 5070/5070 5141/5141
f 5146/5146 5107/5107 5091/5091
f 5032/5032 5091/5091 4925/4925
f 5057/5057 5028/5028 5140/5140
f 4981/4981 4980/4980 5050/5050
f 5028/5028 5056/5056 5021/5021
f 5107/5107 5092/5092 5091/5091
f 4917/4917 4956/4956 5066/5066
f 4887/4887 5091/5091 5032/5032
f 5018/5018 5034/5034 5118/5118
f 5066/5066 4956/4956 4941/4941
f 5117/5117 5083/5083 4957/4957
f 4877/4877 4876/4876 4885/4885
f 5117/5117 5084/5084 5083/5083
f 5181/5181 5182/5182 5183/5183
f 5183/5183 5184/5184 5181/5181
f 5185/5185 5186/5186 5187/5187
f 5187/5187 5188/5188 5185/5185
f 5189/5189 5190/5190 5191/5191
f 5191/5191 5192/5192 5189/5189
f 5193/5193 5194/5194 5195/5195
f 5195/5195 5196/5196 5193/5193
f 5195/5195 5194/5194 5197/5197
f 5197/5197 5198/5198 5195/5195
f 5199/5199 5200/5200 5201/5201
f 5202/5202 5203/5203 5204/5204
f 5205/5205 5206/5206 5207/5207
f 5207/5207 5208/5208 5205/5205
f 5209/5209 5210/5210 5211/5211
f 5211/5211 5212/5212 5209/5209
f 5213/5213 5214/5214 5215/5215
f 5215/5215 5216/5216 5213/5213
f 5217/5217 5218/5218 5219/5219
f 5219/5219 5220/5220 5217/5217
f 5221/5221 5222/5222 5223/5223
f 5223/5223 5224/5224 5221/5221
f 5225/5225 5214/5214 5226/5226
f 5226/5226 5227/5227 5225/5225
f 5228/5228 5229/5229 5230/5230
f 5231/5231 5232/5232 5233/5233
f 5234/5234 5195/5195 5198/5198
f 5198/5198 5235/5235 5234/5234
f 5236/5236 5237/5237 5238/5238
f 5238/5238 5239/5239 5236/5236
f 5240/5240 5241/5241 5242/5242
f 5242/5242 5243/5243 5240/5240
f 5203/5203 5202/5202 5244/5244
f 5244/5244 5245/5245 5203/5203
f 5246/5246 5185/5185 5188/5188
f 5188/5188 5231/5231 5246/5246
f 5247/5247 5248/5248 5249/5249
f 5249/5249 5250/5250 5247/5247
f 5251/5251 5252/5252 5253/5253
f 5253/5253 5254/5254 5251/5251
f 5255/5255 5256/5256 5257/5257
f 5257/5257 5258/5258 5255/5255
f 5259/5259 5260/5260 5261/5261
f 5220/5220 5219/5219 5262/5262
f 5263/5263 5264/5264 5252/5252
f 5252/5252 5251/5251 5263/5263
f 5240/5240 5265/5265 5266/5266
f 5266/5266 5267/5267 5240/5240
f 5268/5268 5269/5269 5270/5270
f 5270/5270 5208/5208 5268/5268
f 5271/5271 5272/5272 5273/5273
f 5273/5273 5274/5274 5271/5271
f 5237/5237 5275/5275 5276/5276
f 5276/5276 5238/5238 5237/5237
f 5277/5277 5278/5278 5279/5279
f 5279/5279 5280/5280 5277/5277
f 5281/5281 5282/5282 5243/5243
f 5243/5243 5242/5242 5281/5281
f 5272/5272 5283/5283 5284/5284
f 5284/5284 5273/5273 5272/5272
f 5285/5285 5286/5286 5287/5287
f 5287/5287 5288/5288 5285/5285
f 5289/5289 5290/5290 5291/5291
f 5291/5291 5292/5292 5289/5289
f 5293/5293 5294/5294 5295/5295
f 5295/5295 5296/5296 5293/5293
f 5297/5297 5298/5298 5299/5299
f 5300/5300 5301/5301 5302/5302
f 5303/5303 5304/5304 5305/5305
f 5305/5305 5306/5306 5303/5303
f 5250/5250 5249/5249 5262/5262
f 5262/5262 5307/5307 5250/5250
f 5308/5308 5309/5309 5310/5310
f 5311/5311 5197/5197 5194/5194
f 5312/5312 5313/5313 5314/5314
f 5314/5314 5315/5315 5312/5312
f 5316/5316 5317/5317 5318/5318
f 5318/5318 5319/5319 5316/5316
f 5320/5320 5321/5321 5322/5322
f 5322/5322 5323/5323 5320/5320
f 5324/5324 5325/5325 5326/5326
f 5326/5326 5327/5327 5324/5324
f 5328/5328 5329/5329 5330/5330
f 5330/5330 5310/5310 5328/5328
f 5331/5331 5332/5332 5333/5333
f 5333/5333 5317/5317 5331/5331
f 5334/5334 5335/5335 5280/5280
f 5280/5280 5283/5283 5334/5334
f 5336/5336 5337/5337 5338/5338
f 5339/5339 5340/5340 5341/5341
f 5342/5342 5343/5343 5344/5344
f 5344/5344 5345/5345 5342/5342
f 5346/5346 5347/5347 5348/5348
f 5348/5348 5349/5349 5346/5346
f 5350/5350 5351/5351 5352/5352
f 5352/5352 5320/5320 5350/5350
f 5353/5353 5354/5354 5355/5355
f 5355/5355 5356/5356 5353/5353
f 5223/5223 5357/5357 5316/5316
f 5316/5316 5358/5358 5223/5223
f 5359/5359 5319/5319 5360/5360
f 5360/5360 5361/5361 5359/5359
f 5362/5362 5363/5363 5364/5364
f 5364/5364 5356/5356 5362/5362
f 5365/5365 5366/5366 5367/5367
f 5367/5367 5368/5368 5365/5365
f 5369/5369 5370/5370 5371/5371
f 5371/5371 5372/5372 5369/5369
f 5373/5373 5374/5374 5375/5375
f 5375/5375 5376/5376 5373/5373
f 5377/5377 5378/5378 5379/5379
f 5379/5379 5380/5380 5377/5377
f 5290/5290 5381/5381 5382/5382
f 5382/5382 5291/5291 5290/5290
f 5383/5383 5384/5384 5272/5272
f 5272/5272 5271/5271 5383/5383
f 5385/5385 5386/5386 5294/5294
f 5294/5294 5387/5387 5385/5385
f 5187/5187 5388/5388 5217/5217
f 5217/5217 5389/5389 5187/5187
f 5390/5390 5391/5391 5392/5392
f 5392/5392 5298/5298 5390/5390
f 5393/5393 5394/5394 5395/5395
f 5395/5395 5278/5278 5393/5393
f 5378/5378 5396/5396 5397/5397
f 5397/5397 5379/5379 5378/5378
f 5398/5398 5207/5207 5206/5206
f 5206/5206 5399/5399 5398/5398
f 5400/5400 5401/5401 5402/5402
f 5402/5402 5403/5403 5400/5400
f 5404/5404 5405/5405 5384/5384
f 5384/5384 5383/5383 5404/5404
f 5406/5406 5407/5407 5270/5270
f 5270/5270 5269/5269 5406/5406
f 5408/5408 5409/5409 5410/5410
f 5410/5410 5411/5411 5408/5408
f 5412/5412 5389/5389 5413/5413
f 5413/5413 5414/5414 5412/5412
f 5415/5415 5301/5301 5416/5416
f 5416/5416 5386/5386 5415/5415
f 5208/5208 5207/5207 5417/5417
f 5417/5417 5268/5268 5208/5208
f 5227/5227 5226/5226 5369/5369
f 5369/5369 5343/5343 5227/5227
f 5418/5418 5419/5419 5420/5420
f 5420/5420 5421/5421 5418/5418
f 5422/5422 5423/5423 5263/5263
f 5263/5263 5424/5424 5422/5422
f 5188/5188 5187/5187 5389/5389
f 5389/5389 5412/5412 5188/5188
f 5317/5317 5333/5333 5425/5425
f 5425/5425 5318/5318 5317/5317
f 5426/5426 5427/5427 5417/5417
f 5417/5417 5428/5428 5426/5426
f 5429/5429 5430/5430 5431/5431
f 5431/5431 5432/5432 5429/5429
f 5433/5433 5434/5434 5381/5381
f 5381/5381 5290/5290 5433/5433
f 5191/5191 5435/5435 5436/5436
f 5436/5436 5437/5437 5191/5191
f 5438/5438 5400/5400 5403/5403
f 5403/5403 5439/5439 5438/5438
f 5366/5366 5440/5440 5441/5441
f 5441/5441 5367/5367 5366/5366
f 5231/5231 5188/5188 5412/5412
f 5412/5412 5442/5442 5231/5231
f 5443/5443 5377/5377 5380/5380
f 5380/5380 5444/5444 5443/5443
f 5445/5445 5446/5446 5447/5447
f 5447/5447 5448/5448 5445/5445
f 5216/5216 5215/5215 5449/5449
f 5449/5449 5450/5450 5216/5216
f 5332/5332 5274/5274 5451/5451
f 5451/5451 5333/5333 5332/5332
f 5452/5452 5453/5453 5245/5245
f 5245/5245 5244/5244 5452/5452
f 5384/5384 5334/5334 5283/5283
f 5283/5283 5272/5272 5384/5384
f 5454/5454 5346/5346 5349/5349
f 5349/5349 5455/5455 5454/5454
f 5357/5357 5331/5331 5317/5317
f 5317/5317 5316/5316 5357/5357
f 5196/5196 5195/5195 5234/5234
f 5234/5234 5456/5456 5196/5196
f 5457/5457 5458/5458 5459/5459
f 5459/5459 5460/5460 5457/5457
f 5368/5368 5367/5367 5325/5325
f 5325/5325 5324/5324 5368/5368
f 5306/5306 5305/5305 5461/5461
f 5462/5462 5463/5463 5321/5321
f 5201/5201 5464/5464 5465/5465
f 5465/5465 5466/5466 5201/5201
f 5444/5444 5380/5380 5467/5467
f 5467/5467 5468/5468 5444/5444
f 5386/5386 5416/5416 5295/5295
f 5295/5295 5294/5294 5386/5386
f 5288/5288 5287/5287 5391/5391
f 5391/5391 5469/5469 5288/5288
f 5274/5274 5273/5273 5470/5470
f 5470/5470 5451/5451 5274/5274
f 5471/5471 5472/5472 5473/5473
f 5473/5473 5474/5474 5471/5471
f 5475/5475 5476/5476 5477/5477
f 5477/5477 5478/5478 5475/5475
f 5479/5479 5241/5241 5480/5480
f 5480/5480 5481/5481 5479/5479
f 5389/5389 5217/5217 5220/5220
f 5220/5220 5413/5413 5389/5389
f 5482/5482 5483/5483 5484/5484
f 5484/5484 5485/5485 5482/5482
f 5486/5486 5487/5487 5488/5488
f 5488/5488 5313/5313 5486/5486
f 5267/5267 5266/5266 5489/5489
f 5489/5489 5490/5490 5267/5267
f 5491/5491 5492/5492 5440/5440
f 5440/5440 5366/5366 5491/5491
f 5211/5211 5302/5302 5301/5301
f 5301/5301 5415/5415 5211/5211
f 5210/5210 5493/5493 5302/5302
f 5302/5302 5211/5211 5210/5210
f 5494/5494 5393/5393 5278/5278
f 5278/5278 5277/5277 5494/5494
f 5495/5495 5496/5496 5497/5497
f 5497/5497 5498/5498 5495/5495
f 5499/5499 5232/5232 5351/5351
f 5351/5351 5350/5350 5499/5499
f 5343/5343 5369/5369 5372/5372
f 5372/5372 5344/5344 5343/5343
f 5500/5500 5387/5387 5294/5294
f 5294/5294 5293/5293 5500/5500
f 5501/5501 5502/5502 5503/5503
f 5503/5503 5504/5504 5501/5501
f 5256/5256 5505/5505 5506/5506
f 5506/5506 5257/5257 5256/5256
f 5507/5507 5508/5508 5483/5483
f 5483/5483 5482/5482 5507/5507
f 5509/5509 5510/5510 5511/5511
f 5511/5511 5512/5512 5509/5509
f 5391/5391 5287/5287 5513/5513
f 5513/5513 5392/5392 5391/5391
f 5392/5392 5513/5513 5459/5459
f 5459/5459 5407/5407 5392/5392
f 5514/5514 5515/5515 5476/5476
f 5476/5476 5475/5475 5514/5514
f 5516/5516 5517/5517 5314/5314
f 5314/5314 5518/5518 5516/5516
f 5519/5519 5520/5520 5521/5521
f 5521/5521 5347/5347 5519/5519
f 5522/5522 5355/5355 5354/5354
f 5354/5354 5523/5523 5522/5522
f 5304/5304 5524/5524 5525/5525
f 5525/5525 5305/5305 5304/5304
f 5258/5258 5257/5257 5419/5419
f 5419/5419 5418/5418 5258/5258
f 5526/5526 5491/5491 5366/5366
f 5366/5366 5365/5365 5526/5526
f 5527/5527 5528/5528 5529/5529
f 5529/5529 5530/5530 5527/5527
f 5425/5425 5531/5531 5532/5532
f 5532/5532 5533/5533 5425/5425
f 5534/5534 5535/5535 5229/5229
f 5229/5229 5228/5228 5534/5534
f 5536/5536 5537/5537 5538/5538
f 5538/5538 5539/5539 5536/5536
f 5287/5287 5286/5286 5540/5540
f 5540/5540 5513/5513 5287/5287
f 5222/5222 5541/5541 5357/5357
f 5357/5357 5223/5223 5222/5222
f 5542/5542 5281/5281 5543/5543
f 5543/5543 5544/5544 5542/5542
f 5545/5545 5546/5546 5547/5547
f 5547/5547 5548/5548 5545/5545
f 5190/5190 5549/5549 5435/5435
f 5435/5435 5191/5191 5190/5190
f 5550/5550 5551/5551 5537/5537
f 5537/5537 5536/5536 5550/5550
f 5184/5184 5183/5183 5256/5256
f 5256/5256 5255/5255 5184/5184
f 5552/5552 5553/5553 5453/5453
f 5453/5453 5452/5452 5552/5552
f 5554/5554 5555/5555 5190/5190
f 5190/5190 5189/5189 5554/5554
f 5537/5537 5556/5556 5557/5557
f 5557/5557 5538/5538 5537/5537
f 5442/5442 5412/5412 5414/5414
f 5414/5414 5558/5558 5442/5442
f 5481/5481 5559/5559 5328/5328
f 5328/5328 5479/5479 5481/5481
f 5214/5214 5213/5213 5560/5560
f 5560/5560 5226/5226 5214/5214
f 5561/5561 5448/5448 5551/5551
f 5551/5551 5550/5550 5561/5561
f 5562/5562 5309/5309 5308/5308
f 5563/5563 5564/5564 5565/5565
f 5566/5566 5567/5567 5396/5396
f 5396/5396 5378/5378 5566/5566
f 5428/5428 5417/5417 5207/5207
f 5207/5207 5398/5398 5428/5428
f 5367/5367 5441/5441 5568/5568
f 5568/5568 5325/5325 5367/5367
f 5321/5321 5463/5463 5569/5569
f 5569/5569 5322/5322 5321/5321
f 5570/5570 5571/5571 5387/5387
f 5387/5387 5500/5500 5570/5570
f 5572/5572 5570/5570 5500/5500
f 5500/5500 5573/5573 5572/5572
f 5405/5405 5574/5574 5334/5334
f 5334/5334 5384/5384 5405/5405
f 5214/5214 5225/5225 5565/5565
f 5565/5565 5215/5215 5214/5214
f 5575/5575 5576/5576 5577/5577
f 5577/5577 5578/5578 5575/5575
f 5579/5579 5580/5580 5364/5364
f 5364/5364 5581/5581 5579/5579
f 5313/5313 5488/5488 5518/5518
f 5518/5518 5314/5314 5313/5313
f 5399/5399 5206/5206 5582/5582
f 5582/5582 5583/5583 5399/5399
f 5577/5577 5250/5250 5307/5307
f 5307/5307 5200/5200 5577/5577
f 5394/5394 5584/5584 5385/5385
f 5385/5385 5395/5395 5394/5394
f 5278/5278 5395/5395 5571/5571
f 5571/5571 5279/5279 5278/5278
f 5585/5585 5586/5586 5587/5587
f 5587/5587 5588/5588 5585/5585
f 5182/5182 5589/5589 5590/5590
f 5590/5590 5183/5183 5182/5182
f 5591/5591 5445/5445 5448/5448
f 5448/5448 5561/5561 5591/5591
f 5592/5592 5503/5503 5502/5502
f 5502/5502 5593/5593 5592/5592
f 5594/5594 5595/5595 5596/5596
f 5596/5596 5597/5597 5594/5594
f 5327/5327 5326/5326 5517/5517
f 5517/5517 5516/5516 5327/5327
f 5396/5396 5591/5591 5561/5561
f 5561/5561 5397/5397 5396/5396
f 5598/5598 5373/5373 5376/5376
f 5376/5376 5599/5599 5598/5598
f 5600/5600 5601/5601 5602/5602
f 5602/5602 5603/5603 5600/5600
f 5212/5212 5211/5211 5415/5415
f 5415/5415 5584/5584 5212/5212
f 5604/5604 5271/5271 5274/5274
f 5274/5274 5332/5332 5604/5604
f 5605/5605 5409/5409 5408/5408
f 5408/5408 5606/5606 5605/5605
f 5446/5446 5607/5607 5608/5608
f 5608/5608 5447/5447 5446/5446
f 5609/5609 5610/5610 5611/5611
f 5611/5611 5209/5209 5609/5609
f 5309/5309 5543/5543 5612/5612
f 5612/5612 5310/5310 5309/5309
f 5345/5345 5344/5344 5429/5429
f 5613/5613 5472/5472 5471/5471
f 5431/5431 5614/5614 5615/5615
f 5615/5615 5616/5616 5431/5431
f 5475/5475 5593/5593 5617/5617
f 5617/5617 5514/5514 5475/5475
f 5464/5464 5219/5219 5218/5218
f 5218/5218 5465/5465 5464/5464
f 5567/5567 5239/5239 5591/5591
f 5591/5591 5396/5396 5567/5567
f 5618/5618 5619/5619 5355/5355
f 5355/5355 5522/5522 5618/5618
f 5358/5358 5316/5316 5319/5319
f 5319/5319 5359/5359 5358/5358
f 5480/5480 5267/5267 5490/5490
f 5620/5620 5596/5596 5595/5595
f 5495/5495 5621/5621 5622/5622
f 5622/5622 5601/5601 5495/5495
f 5307/5307 5262/5262 5219/5219
f 5219/5219 5464/5464 5307/5307
f 5578/5578 5577/5577 5200/5200
f 5200/5200 5199/5199 5578/5578
f 5623/5623 5624/5624 5312/5312
f 5312/5312 5625/5625 5623/5623
f 5574/5574 5626/5626 5335/5335
f 5335/5335 5334/5334 5574/5574
f 5599/5599 5376/5376 5433/5433
f 5433/5433 5627/5627 5599/5599
f 5628/5628 5604/5604 5332/5332
f 5332/5332 5331/5331 5628/5628
f 5517/5517 5629/5629 5315/5315
f 5315/5315 5314/5314 5517/5517
f 5226/5226 5560/5560 5370/5370
f 5370/5370 5369/5369 5226/5226
f 5478/5478 5477/5477 5630/5630
f 5630/5630 5631/5631 5478/5478
f 5326/5326 5632/5632 5629/5629
f 5629/5629 5517/5517 5326/5326
f 5467/5467 5519/5519 5347/5347
f 5347/5347 5346/5346 5467/5467
f 5503/5503 5592/5592 5633/5633
f 5633/5633 5634/5634 5503/5503
f 5512/5512 5511/5511 5423/5423
f 5423/5423 5422/5422 5512/5512
f 5593/5593 5475/5475 5478/5478
f 5478/5478 5592/5592 5593/5593
f 5208/5208 5270/5270 5458/5458
f 5458/5458 5205/5205 5208/5208
f 5238/5238 5276/5276 5446/5446
f 5446/5446 5445/5445 5238/5238
f 5379/5379 5397/5397 5520/5520
f 5520/5520 5519/5519 5379/5379
f 5555/5555 5635/5635 5549/5549
f 5549/5549 5190/5190 5555/5555
f 5636/5636 5637/5637 5638/5638
f 5353/5353 5580/5580 5558/5558
f 5469/5469 5391/5391 5390/5390
f 5639/5639 5315/5315 5629/5629
f 5576/5576 5247/5247 5250/5250
f 5250/5250 5577/5577 5576/5576
f 5511/5511 5640/5640 5641/5641
f 5641/5641 5423/5423 5511/5511
f 5403/5403 5402/5402 5642/5642
f 5642/5642 5643/5643 5403/5403
f 5283/5283 5280/5280 5644/5644
f 5644/5644 5284/5284 5283/5283
f 5468/5468 5467/5467 5346/5346
f 5346/5346 5454/5454 5468/5468
f 5224/5224 5223/5223 5358/5358
f 5358/5358 5645/5645 5224/5224
f 5430/5430 5646/5646 5614/5614
f 5614/5614 5431/5431 5430/5430
f 5376/5376 5375/5375 5434/5434
f 5434/5434 5433/5433 5376/5376
f 5645/5645 5358/5358 5359/5359
f 5359/5359 5647/5647 5645/5645
f 5248/5248 5618/5618 5522/5522
f 5522/5522 5249/5249 5248/5248
f 5325/5325 5568/5568 5632/5632
f 5632/5632 5326/5326 5325/5325
f 5232/5232 5231/5231 5442/5442
f 5442/5442 5351/5351 5232/5232
f 5528/5528 5527/5527 5648/5648
f 5648/5648 5649/5649 5528/5528
f 5548/5548 5547/5547 5508/5508
f 5508/5508 5507/5507 5548/5548
f 5273/5273 5284/5284 5572/5572
f 5572/5572 5470/5470 5273/5273
f 5551/5551 5650/5650 5556/5556
f 5556/5556 5537/5537 5551/5551
f 5510/5510 5651/5651 5640/5640
f 5640/5640 5511/5511 5510/5510
f 5530/5530 5529/5529 5553/5553
f 5553/5553 5552/5552 5530/5530
f 5414/5414 5413/5413 5354/5354
f 5652/5652 5638/5638 5637/5637
f 5625/5625 5312/5312 5315/5315
f 5315/5315 5639/5639 5625/5625
f 5413/5413 5220/5220 5523/5523
f 5653/5653 5654/5654 5655/5655
f 5339/5339 5656/5656 5235/5235
f 5235/5235 5198/5198 5339/5339
f 5657/5657 5212/5212 5584/5584
f 5584/5584 5394/5394 5657/5657
f 5473/5473 5657/5657 5394/5394
f 5394/5394 5393/5393 5473/5473
f 5520/5520 5550/5550 5536/5536
f 5536/5536 5521/5521 5520/5520
f 5458/5458 5270/5270 5407/5407
f 5407/5407 5459/5459 5458/5458
f 5633/5633 5631/5631 5658/5658
f 5658/5658 5659/5659 5633/5633
f 5498/5498 5497/5497 5401/5401
f 5401/5401 5400/5400 5498/5498
f 5472/5472 5613/5613 5610/5610
f 5610/5610 5609/5609 5472/5472
f 5241/5241 5479/5479 5612/5612
f 5612/5612 5242/5242 5241/5241
f 5660/5660 5474/5474 5494/5494
f 5494/5494 5661/5661 5660/5660
f 5347/5347 5521/5521 5662/5662
f 5662/5662 5348/5348 5347/5347
f 5340/5340 5339/5339 5198/5198
f 5198/5198 5197/5197 5340/5340
f 5409/5409 5234/5234 5235/5235
f 5235/5235 5410/5410 5409/5409
f 5663/5663 5664/5664 5665/5665
f 5665/5665 5437/5437 5663/5663
f 5268/5268 5417/5417 5427/5427
f 5427/5427 5666/5666 5268/5268
f 5465/5465 5218/5218 5667/5667
f 5667/5667 5588/5588 5465/5465
f 5299/5299 5406/5406 5269/5269
f 5269/5269 5668/5668 5299/5299
f 5183/5183 5590/5590 5505/5505
f 5505/5505 5256/5256 5183/5183
f 5669/5669 5670/5670 5566/5566
f 5566/5566 5671/5671 5669/5669
f 5350/5350 5320/5320 5323/5323
f 5323/5323 5656/5656 5350/5350
f 5423/5423 5641/5641 5264/5264
f 5264/5264 5263/5263 5423/5423
f 5474/5474 5473/5473 5393/5393
f 5393/5393 5494/5494 5474/5474
f 5472/5472 5609/5609 5657/5657
f 5657/5657 5473/5473 5472/5472
f 5318/5318 5425/5425 5533/5533
f 5567/5567 5566/5566 5670/5670
f 5200/5200 5307/5307 5464/5464
f 5464/5464 5201/5201 5200/5200
f 5672/5672 5498/5498 5400/5400
f 5400/5400 5438/5438 5672/5672
f 5624/5624 5486/5486 5313/5313
f 5313/5313 5312/5312 5624/5624
f 5388/5388 5667/5667 5218/5218
f 5218/5218 5217/5217 5388/5388
f 5673/5673 5582/5582 5206/5206
f 5206/5206 5205/5205 5673/5673
f 5448/5448 5447/5447 5650/5650
f 5650/5650 5551/5551 5448/5448
f 5419/5419 5674/5674 5675/5675
f 5675/5675 5420/5420 5419/5419
f 5284/5284 5644/5644 5570/5570
f 5570/5570 5572/5572 5284/5284
f 5479/5479 5328/5328 5310/5310
f 5310/5310 5612/5612 5479/5479
f 5215/5215 5565/5565 5564/5564
f 5564/5564 5449/5449 5215/5215
f 5676/5676 5251/5251 5254/5254
f 5254/5254 5677/5677 5676/5676
f 5621/5621 5495/5495 5498/5498
f 5498/5498 5672/5672 5621/5621
f 5323/5323 5322/5322 5411/5411
f 5411/5411 5410/5410 5323/5323
f 5644/5644 5279/5279 5571/5571
f 5571/5571 5570/5570 5644/5644
f 5678/5678 5390/5390 5298/5298
f 5298/5298 5297/5297 5678/5678
f 5257/5257 5506/5506 5674/5674
f 5674/5674 5419/5419 5257/5257
f 5679/5679 5680/5680 5681/5681
f 5580/5580 5579/5579 5682/5682
f 5683/5683 5684/5684 5685/5685
f 5685/5685 5686/5686 5683/5683
f 5631/5631 5630/5630 5687/5687
f 5687/5687 5658/5658 5631/5631
f 5688/5688 5663/5663 5437/5437
f 5437/5437 5436/5436 5688/5688
f 5666/5666 5668/5668 5269/5269
f 5269/5269 5268/5268 5666/5666
f 5689/5689 5690/5690 5666/5666
f 5666/5666 5427/5427 5689/5689
f 5647/5647 5359/5359 5361/5361
f 5361/5361 5691/5691 5647/5647
f 5671/5671 5566/5566 5378/5378
f 5378/5378 5377/5377 5671/5671
f 5397/5397 5561/5561 5550/5550
f 5550/5550 5520/5520 5397/5397
f 5456/5456 5234/5234 5409/5409
f 5409/5409 5605/5605 5456/5456
f 5205/5205 5458/5458 5457/5457
f 5457/5457 5673/5673 5205/5205
f 5649/5649 5648/5648 5692/5692
f 5692/5692 5693/5693 5649/5649
f 5627/5627 5433/5433 5290/5290
f 5290/5290 5289/5289 5627/5627
f 5305/5305 5525/5525 5694/5694
f 5582/5582 5673/5673 5695/5695
f 5372/5372 5371/5371 5646/5646
f 5646/5646 5430/5430 5372/5372
f 5424/5424 5263/5263 5251/5251
f 5251/5251 5676/5676 5424/5424
f 5544/5544 5543/5543 5309/5309
f 5309/5309 5562/5562 5544/5544
f 5656/5656 5323/5323 5410/5410
f 5410/5410 5235/5235 5656/5656
f 5344/5344 5372/5372 5430/5430
f 5430/5430 5429/5429 5344/5344
f 5559/5559 5696/5696 5329/5329
f 5329/5329 5328/5328 5559/5559
f 5437/5437 5665/5665 5192/5192
f 5192/5192 5191/5191 5437/5437
f 5333/5333 5451/5451 5531/5531
f 5531/5531 5425/5425 5333/5333
f 5592/5592 5478/5478 5631/5631
f 5631/5631 5633/5633 5592/5592
f 5298/5298 5392/5392 5407/5407
f 5407/5407 5406/5406 5298/5298
f 5543/5543 5281/5281 5242/5242
f 5242/5242 5612/5612 5543/5543
f 5395/5395 5385/5385 5387/5387
f 5387/5387 5571/5571 5395/5395
f 5356/5356 5364/5364 5580/5580
f 5580/5580 5353/5353 5356/5356
f 5697/5697 5698/5698 5546/5546
f 5546/5546 5545/5545 5697/5697
f 5584/5584 5415/5415 5386/5386
f 5386/5386 5385/5385 5584/5584
f 5699/5699 5700/5700 5535/5535
f 5535/5535 5534/5534 5699/5699
f 5701/5701 5616/5616 5486/5486
f 5486/5486 5624/5624 5701/5701
f 5276/5276 5702/5702 5607/5607
f 5607/5607 5446/5446 5276/5276
f 5209/5209 5611/5611 5703/5703
f 5703/5703 5210/5210 5209/5209
f 5704/5704 5668/5668 5666/5666
f 5666/5666 5690/5690 5704/5704
f 5616/5616 5615/5615 5487/5487
f 5487/5487 5486/5486 5616/5616
f 5281/5281 5542/5542 5705/5705
f 5705/5705 5282/5282 5281/5281
f 5380/5380 5379/5379 5519/5519
f 5519/5519 5467/5467 5380/5380
f 5609/5609 5209/5209 5212/5212
f 5212/5212 5657/5657 5609/5609
f 5601/5601 5600/5600 5496/5496
f 5496/5496 5495/5495 5601/5601
f 5588/5588 5587/5587 5466/5466
f 5466/5466 5465/5465 5588/5588
f 5521/5521 5536/5536 5539/5539
f 5539/5539 5662/5662 5521/5521
f 5449/5449 5564/5564 5492/5492
f 5492/5492 5491/5491 5449/5449
f 5249/5249 5522/5522 5523/5523
f 5523/5523 5262/5262 5249/5249
f 5450/5450 5449/5449 5491/5491
f 5491/5491 5526/5526 5450/5450
f 5351/5351 5442/5442 5558/5558
f 5680/5680 5679/5679 5706/5706
f 5707/5707 5383/5383 5271/5271
f 5271/5271 5604/5604 5707/5707
f 5239/5239 5238/5238 5445/5445
f 5445/5445 5591/5591 5239/5239
f 5301/5301 5300/5300 5708/5708
f 5708/5708 5416/5416 5301/5301
f 5451/5451 5470/5470 5709/5709
f 5709/5709 5531/5531 5451/5451
f 5515/5515 5514/5514 5710/5710
f 5710/5710 5711/5711 5515/5515
f 5619/5619 5362/5362 5356/5356
f 5356/5356 5355/5355 5619/5619
f 5712/5712 5471/5471 5474/5474
f 5474/5474 5660/5660 5712/5712
f 5275/5275 5713/5713 5702/5702
f 5702/5702 5276/5276 5275/5275
f 5499/5499 5350/5350 5656/5656
f 5656/5656 5339/5339 5499/5499
f 5432/5432 5431/5431 5616/5616
f 5616/5616 5701/5701 5432/5432
f 5714/5714 5671/5671 5377/5377
f 5377/5377 5443/5443 5714/5714
f 5715/5715 5460/5460 5513/5513
f 5513/5513 5540/5540 5715/5715
f 5470/5470 5572/5572 5573/5573
f 5573/5573 5709/5709 5470/5470
f 5241/5241 5240/5240 5267/5267
f 5267/5267 5480/5480 5241/5241
f 5716/5716 5485/5485 5717/5717
f 5717/5717 5718/5718 5716/5716
f 5697/5697 5482/5482 5485/5485
f 5485/5485 5716/5716 5697/5697
f 5719/5719 5720/5720 5721/5721
f 5721/5721 5722/5722 5719/5719
f 5718/5718 5717/5717 5204/5204
f 5204/5204 5723/5723 5718/5718
f 5453/5453 5553/5553 5204/5204
f 5204/5204 5203/5203 5453/5453
f 5644/5644 5280/5280 5279/5279
f 5724/5724 5721/5721 5725/5725
f 5721/5721 5726/5726 5727/5727
f 5697/5697 5545/5545 5548/5548
f 5723/5723 5204/5204 5693/5693
f 5594/5594 5597/5597 5728/5728
f 5697/5697 5548/5548 5507/5507
f 5697/5697 5507/5507 5482/5482
f 5453/5453 5203/5203 5245/5245
f 5721/5721 5729/5729 5726/5726
f 5529/5529 5204/5204 5553/5553
f 5693/5693 5204/5204 5649/5649
f 5730/5730 5731/5731 5721/5721
f 5725/5725 5721/5721 5732/5732
f 5721/5721 5733/5733 5722/5722
f 5734/5734 5735/5735 5696/5696
f 5559/5559 5734/5734 5696/5696
f 5352/5352 5351/5351 5682/5682
f 5736/5736 5730/5730 5721/5721
f 5336/5336 5737/5737 5337/5337
f 5731/5731 5738/5738 5721/5721
f 5721/5721 5739/5739 5729/5729
f 5299/5299 5298/5298 5406/5406
f 5597/5597 5740/5740 5728/5728
f 5732/5732 5721/5721 5720/5720
f 5741/5741 5736/5736 5721/5721
f 5513/5513 5460/5460 5459/5459
f 5741/5741 5721/5721 5724/5724
f 5721/5721 5727/5727 5733/5733
f 5649/5649 5204/5204 5528/5528
f 5721/5721 5742/5742 5739/5739
f 5528/5528 5204/5204 5529/5529
f 5743/5743 5744/5744 5745/5745
f 5746/5746 5747/5747 5748/5748
